Date/Time,Environment:Site Outdoor Air Drybulb Temperature,SWHSYS1 HPWH DXCOIL:Cooling Coil Total Water Heating Rate,SWHSYS1 HPWH TANK:Water Heater Heater 1 Heating Rate,SWHSYS1 HPWH TANK:Water Heater Heater 2 Heating Rate,SWHSYS1 HPWH TANK:Water Heater Use Side Outlet Temperature
 01/01  01:00:00,-0.391666667,1504.245872,0,0,59.97356754
 01/01  02:00:00,-1.1,1081.458,0,0,59.96394257
 01/01  03:00:00,-1.1,811.4879968,0,0,59.95619532
 01/01  04:00:00,-1.1,366.2585859,0,0,59.96043372
 01/01  05:00:00,-1.1,1397.767234,0,0,59.96006556
 01/01  06:00:00,-1.1,5726.79028,0,0,59.96316657
 01/01  07:00:00,-1.1,9744.284773,246.8335725,0,59.8717413
 01/01  08:00:00,-0.808333333,11739.87404,4292.633323,0,59.59355562
 01/01  09:00:00,-0.25,11830.36647,8398.024343,0,59.58007911
 01/01  10:00:00,0.35,11929.2048,10194.34804,0,59.56688357
 01/01  11:00:00,0.6,11970.81347,9832.770148,0,59.5697459
 01/01  12:00:00,0.891666667,12019.85016,8360.331107,0,59.58242766
 01/01  13:00:00,1.45,12114.75383,6258.196206,0,59.59129823
 01/01  14:00:00,1.35,12097.65336,4246.834494,0,59.59645123
 01/01  15:00:00,1.1,12055.03774,2443.271554,0,59.58579645
 01/01  16:00:00,1.1,12055.03774,1430.567672,0,59.54094583
 01/01  17:00:00,1.1,12055.03774,966.0861855,0,59.51092907
 01/01  18:00:00,1.1,12055.03774,1220.994347,0,59.53229793
 01/01  19:00:00,1.1,12055.03774,2884.043974,0,59.58224946
 01/01  20:00:00,0.808333333,12005.81278,4983.567884,0,59.59569038
 01/01  21:00:00,0.6,11970.81347,6718.465151,0,59.58994943
 01/01  22:00:00,0.6,11970.81347,6564.284802,0,59.58831322
 01/01  23:00:00,0.6,11970.81347,5173.277324,0,59.59621007
 01/01  24:00:00,0.6,11970.81347,2851.359498,0,59.58940942
 01/02  01:00:00,0.6,5883.254867,243.9503416,0,59.7726389
 01/02  02:00:00,-0.1,2204.423165,0,0,59.95818927
 01/02  03:00:00,-0.6,378.1004459,0,0,59.95950935
 01/02  04:00:00,-0.6,365.7994988,0,0,59.96037092
 01/02  05:00:00,-0.25,912.0209736,0,0,59.96592455
 01/02  06:00:00,0,7063.922224,0,0,59.95061093
 01/02  07:00:00,0,7914.185336,246.6955227,0,59.91028423
 01/02  08:00:00,0.35,11929.2048,4258.653388,0,59.60295996
 01/02  09:00:00,0.6,11970.81347,8347.393984,0,59.57479977
 01/02  10:00:00,0.891666667,12019.85016,10189.50741,0,59.56803764
 01/02  11:00:00,1.1,12055.03774,9798.820806,0,59.57062812
 01/02  12:00:00,1.45,12114.75383,8406.81823,0,59.58316077
 01/02  13:00:00,1.991666667,12208.16831,6137.396544,0,59.59211245
 01/02  14:00:00,2.2,12244.42095,4119.971299,0,59.59689623
 01/02  15:00:00,2.2,12244.42095,2570.671221,0,59.58915801
 01/02  16:00:00,2.2,12244.42095,1180.465888,0,59.52943132
 01/02  17:00:00,1.908333333,12193.70491,720.1760759,0,59.49726541
 01/02  18:00:00,1.7,12157.64055,1214.634479,0,59.51737855
 01/02  19:00:00,1.991666667,12208.16831,2539.818495,0,59.57105056
 01/02  20:00:00,1.908333333,12193.70491,5111.805042,0,59.59697825
 01/02  21:00:00,1.991666667,12208.16831,6649.925277,0,59.5902398
 01/02  22:00:00,2.55,12305.92631,6382.050624,0,59.59188369
 01/02  23:00:00,2.8,12350.0911,4877.187819,0,59.59921576
 01/02  24:00:00,3.091666667,12402.10993,2590.489972,0,59.59191174
 01/03  01:00:00,2.366666667,4907.144007,236.2382119,0,59.81286046
 01/03  02:00:00,1.991666667,2203.434357,0,0,59.95835689
 01/03  03:00:00,2.2,378.0633353,0,0,59.9595641
 01/03  04:00:00,3.191666667,365.7126875,0,0,59.96044636
 01/03  05:00:00,3.55,914.1268211,0,0,59.96617214
 01/03  06:00:00,3.65,5931.353666,0,0,59.95178924
 01/03  07:00:00,4.191666667,10507.77503,246.0450285,0,59.87346367
 01/03  08:00:00,4.108333333,12586.35957,4199.614923,0,59.59221207
 01/03  09:00:00,3.9,12548.16511,7836.70164,0,59.57947738
 01/03  10:00:00,3.9,12548.16511,9607.415978,0,59.57238648
 01/03  11:00:00,3.9,12548.16511,9174.56908,0,59.57549166
 01/03  12:00:00,3.9,12548.16511,7761.520095,0,59.58566573
 01/03  13:00:00,3.9,12548.16511,5684.013691,0,59.59193969
 01/03  14:00:00,3.9,12548.16511,3766.09837,0,59.59652094
 01/03  15:00:00,4.191666667,12601.67501,2022.05195,0,59.58259884
 01/03  16:00:00,4.4,12640.05774,719.1660393,0,59.51205964
 01/03  17:00:00,3.466666667,12469.94661,601.6957567,0,59.42399011
 01/03  18:00:00,2.158333333,12237.37267,723.0368572,0,59.50179141
 01/03  19:00:00,1.35,12097.65336,2327.164371,0,59.57070195
 01/03  20:00:00,1.1,12055.03774,4949.250987,0,59.59700725
 01/03  21:00:00,1.1,12055.03774,6698.456194,0,59.58810919
 01/03  22:00:00,1.1,12055.03774,6542.93844,0,59.59107369
 01/03  23:00:00,1.45,12114.75383,5206.405046,0,59.59869504
 01/03  24:00:00,1.35,12097.65336,2616.773772,0,59.59437848
 01/04  01:00:00,1.1,5662.348007,243.6728193,0,59.77680418
 01/04  02:00:00,1.1,2207.113819,0,0,59.95852682
 01/04  03:00:00,0.808333333,377.648106,0,0,59.9597584
 01/04  04:00:00,0.25,365.3343771,0,0,59.96061943
 01/04  05:00:00,0,914.4388558,0,0,59.966293
 01/04  06:00:00,0,7075.058344,0,0,59.95084798
 01/04  07:00:00,-0.641666667,7824.830817,246.4173134,0,59.91033209
 01/04  08:00:00,-1.1,11693.14173,4175.951044,0,59.60080009
 01/04  09:00:00,0.183333333,11902.42532,8566.874842,0,59.57672955
 01/04  10:00:00,2.091666667,12226.06402,10474.37137,0,59.56598243
 01/04  11:00:00,2.8,12350.0911,9839.101749,0,59.57014228
 01/04  12:00:00,3.091666667,12402.10993,8101.380843,0,59.57766725
 01/04  13:00:00,3.65,12502.72226,6107.085444,0,59.5926064
 01/04  14:00:00,4.191666667,12601.67501,4079.002861,0,59.59609009
 01/04  15:00:00,4.4,12640.05774,2278.923553,0,59.58453286
 01/04  16:00:00,3.758333333,12522.5679,722.9888427,0,59.52593575
 01/04  17:00:00,1.725,12163.32444,626.4158675,0,59.43533731
 01/04  18:00:00,0.25,11912.61556,1098.324448,0,59.51830425
 01/04  19:00:00,0,11871.278,2606.560338,0,59.58099865
 01/04  20:00:00,-1.283333333,11664.91028,5198.425865,0,59.59469562
 01/04  21:00:00,-2.55,11466.98555,7138.044699,0,59.58809848
 01/04  22:00:00,-3.091666667,11384.96279,6826.497637,0,59.59078699
 01/04  23:00:00,-3.008333333,11397.48974,5693.216474,0,59.59456197
 01/04  24:00:00,-2.8,11428.90124,3481.048029,0,59.59519117
 01/05  01:00:00,-3.091666667,7371.212846,490.9021344,0,59.72715911
 01/05  02:00:00,-2.366666667,1090.613526,0,0,59.96402253
 01/05  03:00:00,-1.35,814.2471253,0,0,59.95651206
 01/05  04:00:00,-1.45,366.1067577,0,0,59.96074212
 01/05  05:00:00,-1.7,1400.693353,0,0,59.96036347
 01/05  06:00:00,-1.7,5752.682264,0,0,59.9624559
 01/05  07:00:00,-1.991666667,9622.031685,247.392122,0,59.87155336
 01/05  08:00:00,-1.908333333,11565.87016,4375.237034,0,59.59917758
 01/05  09:00:00,-1.35,11653.50825,8543.39365,0,59.57898335
 01/05  10:00:00,-1.1,11693.14173,10460.10618,0,59.56508009
 01/05  11:00:00,-0.808333333,11739.87404,10257.06478,0,59.56693242
 01/05  12:00:00,-0.25,11830.36647,8465.694801,0,59.58044315
 01/05  13:00:00,0,11871.278,6458.140705,0,59.59101867
 01/05  14:00:00,0,11871.278,4790.101351,0,59.59670073
 01/05  15:00:00,0.35,11929.2048,2806.529267,0,59.58700507
 01/05  16:00:00,0.25,11912.61556,1474.512495,0,59.56569
 01/05  17:00:00,-0.641666667,11766.90957,1219.478541,0,59.53664954
 01/05  18:00:00,-1.45,11637.70908,1458.682601,0,59.54642517
 01/05  19:00:00,-1.7,11598.34671,3134.046232,0,59.57920111
 01/05  20:00:00,-2.341666667,11499.04791,5676.63104,0,59.59400626
 01/05  21:00:00,-3.441666667,11332.88279,7258.085644,0,59.58512648
 01/05  22:00:00,-3.9,11265.07923,7215.865543,0,59.58749287
 01/05  23:00:00,-4.891666667,11122.7553,5720.163217,0,59.59396841
 01/05  24:00:00,-5.6,11022.96079,3809.177031,0,59.59948196
 01/06  01:00:00,-4.9,8177.686425,734.9684296,0,59.68343929
 01/06  02:00:00,-4.108333333,928.019971,0,0,59.96844037
 01/06  03:00:00,-3.55,671.5017086,0,0,59.96073957
 01/06  04:00:00,-3.008333333,365.5763034,0,0,59.96077949
 01/06  05:00:00,-3.091666667,626.0650739,0,0,59.95480671
 01/06  06:00:00,-3.008333333,7484.771362,0,0,59.95082346
 01/06  07:00:00,-2.8,11428.90124,243.817356,0,59.81579524
 01/06  08:00:00,-2.8,11428.90124,3495.51064,0,59.58024953
 01/06  09:00:00,-2.8,11428.90124,7891.551918,0,59.58429555
 01/06  10:00:00,-2.8,11428.90124,10183.68001,0,59.56599477
 01/06  11:00:00,-2.45,11482.2735,10359.72783,0,59.56700137
 01/06  12:00:00,-2.2,11520.62891,8777.662158,0,59.57762751
 01/06  13:00:00,-1.908333333,11565.87016,6675.495831,0,59.58800789
 01/06  14:00:00,-1.7,11598.34671,4853.642201,0,59.59970287
 01/06  15:00:00,-1.7,11598.34671,3129.846977,0,59.59458959
 01/06  16:00:00,-1.991666667,11552.91719,1744.173963,0,59.57482773
 01/06  17:00:00,-2.2,11520.62891,1479.272924,0,59.55556364
 01/06  18:00:00,-2.2,11520.62891,1964.514552,0,59.55867518
 01/06  19:00:00,-2.2,11520.62891,3215.090264,0,59.59302463
 01/06  20:00:00,-2.2,11520.62891,5769.15751,0,59.59578029
 01/06  21:00:00,-2.2,11520.62891,7340.632434,0,59.58691733
 01/06  22:00:00,-2.2,11520.62891,7161.498332,0,59.58774063
 01/06  23:00:00,-2.2,11520.62891,5698.272014,0,59.59693868
 01/06  24:00:00,-2.55,11466.98555,3481.448765,0,59.59966873
 01/07  01:00:00,-2.8,7506.461265,494.648788,0,59.70948858
 01/07  02:00:00,-2.8,1091.618061,0,0,59.96399149
 01/07  03:00:00,-2.8,815.8657474,0,0,59.9564146
 01/07  04:00:00,-3.091666667,367.0284535,0,0,59.96061366
 01/07  05:00:00,-3.008333333,1404.028207,0,0,59.96025588
 01/07  06:00:00,-2.8,6896.057608,0,0,59.96067759
 01/07  07:00:00,-3.091666667,7581.627485,245.9385956,0,59.90990094
 01/07  08:00:00,-3.3,11353.73956,4320.099422,0,59.6042382
 01/07  09:00:00,-3.3,11353.73956,8719.398198,0,59.5750488
 01/07  10:00:00,-3.008333333,11397.48974,11017.22293,0,59.56243473
 01/07  11:00:00,-2.45,11482.2735,10399.98521,0,59.56501618
 01/07  12:00:00,-2.2,11520.62891,8823.280293,0,59.57858121
 01/07  13:00:00,-1.908333333,11565.87016,7081.487209,0,59.59099496
 01/07  14:00:00,-1.7,11598.34671,4852.647297,0,59.59944155
 01/07  15:00:00,-1.7,11598.34671,3139.709871,0,59.59390424
 01/07  16:00:00,-1.7,11598.34671,1747.262882,0,59.57437586
 01/07  17:00:00,-1.7,11598.34671,1662.714124,0,59.55326878
 01/07  18:00:00,-1.7,11598.34671,1806.862261,0,59.56712692
 01/07  19:00:00,-1.991666667,11552.91719,3375.924168,0,59.57599973
 01/07  20:00:00,-2.2,11520.62891,5585.376219,0,59.59606076
 01/07  21:00:00,-2.2,11520.62891,7401.572459,0,59.5848327
 01/07  22:00:00,-2.2,11520.62891,7179.542965,0,59.58770756
 01/07  23:00:00,-2.2,11520.62891,5706.287525,0,59.59614847
 01/07  24:00:00,-2.2,11520.62891,3450.388575,0,59.59426588
 01/08  01:00:00,-2.2,7419.739281,494.8594378,0,59.72081033
 01/08  02:00:00,-2.2,1093.818496,0,0,59.9636356
 01/08  03:00:00,-2.55,817.1401304,0,0,59.95624666
 01/08  04:00:00,-2.8,367.9757025,0,0,59.96043757
 01/08  05:00:00,-2.8,1406.43074,0,0,59.96010778
 01/08  06:00:00,-2.8,6902.877331,0,0,59.960153
 01/08  07:00:00,-2.8,7619.267491,246.0273157,0,59.9095788
 01/08  08:00:00,-2.8,11428.90124,4260.310658,0,59.60421772
 01/08  09:00:00,-2.8,11428.90124,8779.001547,0,59.57593543
 01/08  10:00:00,-2.45,11482.2735,10885.11411,0,59.56198245
 01/08  11:00:00,-1.908333333,11565.87016,10338.89316,0,59.56668411
 01/08  12:00:00,-1.35,11653.50825,8951.207742,0,59.57621448
 01/08  13:00:00,-1.1,11693.14173,6758.207658,0,59.58767282
 01/08  14:00:00,-1.1,11693.14173,4865.672624,0,59.59942496
 01/08  15:00:00,-1.1,11693.14173,3148.599483,0,59.59624299
 01/08  16:00:00,-1.1,11693.14173,1742.831715,0,59.5738095
 01/08  17:00:00,-1.1,11693.14173,1475.892535,0,59.55193165
 01/08  18:00:00,-1.45,11637.70908,1674.282521,0,59.53209366
 01/08  19:00:00,-1.7,11598.34671,3202.578829,0,59.58136622
 01/08  20:00:00,-1.991666667,11552.91719,5757.707025,0,59.59422901
 01/08  21:00:00,-2.2,11520.62891,7318.651343,0,59.58830692
 01/08  22:00:00,-2.2,11520.62891,7177.543482,0,59.58934614
 01/08  23:00:00,-2.55,11466.98555,5711.438815,0,59.59413827
 01/08  24:00:00,-2.8,11428.90124,3482.381591,0,59.59792081
 01/09  01:00:00,-2.8,7583.777752,492.3187899,0,59.7257306
 01/09  02:00:00,-2.8,1097.319011,0,0,59.96358587
 01/09  03:00:00,-3.091666667,818.3958888,0,0,59.95613979
 01/09  04:00:00,-3.3,368.7044078,0,0,59.96031991
 01/09  05:00:00,-3.3,1408.48523,0,0,59.96001664
 01/09  06:00:00,-3.3,6904.846897,0,0,59.95746725
 01/09  07:00:00,-3.65,7524.744338,245.819193,0,59.90951465
 01/09  08:00:00,-3.55,11316.66221,4302.697077,0,59.60365266
 01/09  09:00:00,-3.3,11353.73956,8806.129448,0,59.57617658
 01/09  10:00:00,-2.658333333,11450.63608,11036.1022,0,59.56245636
 01/09  11:00:00,-2.2,11520.62891,10480.16568,0,59.56616436
 01/09  12:00:00,-2.2,11520.62891,9061.340107,0,59.57628457
 01/09  13:00:00,-2.2,11520.62891,6712.577647,0,59.58659724
 01/09  14:00:00,-2.2,11520.62891,5120.212204,0,59.59307997
 01/09  15:00:00,-1.908333333,11565.87016,3111.559732,0,59.59238422
 01/09  16:00:00,-2.341666667,11499.04791,1986.64215,0,59.57098906
 01/09  17:00:00,-3.441666667,11332.88279,1716.586638,0,59.55788849
 01/09  18:00:00,-4.891666667,11122.7553,2010.635049,0,59.57234368
 01/09  19:00:00,-4.9,11121.3011,3484.48045,0,59.59029131
 01/09  20:00:00,-5.391666667,11052.45412,6203.360421,0,59.59194879
 01/09  21:00:00,-6.45,10907.00607,7828.509894,0,59.58387626
 01/09  22:00:00,-6.991666667,10834.80114,7741.701269,0,59.58103335
 01/09  23:00:00,-7.841666667,10724.45696,6199.995768,0,59.59173579
 01/09  24:00:00,-8.008333333,10702.99842,4157.110488,0,59.60095107
 01/10  01:00:00,-7.158333333,9619.547503,1013.485472,0,59.62360592
 01/10  02:00:00,-6.35,946.6619881,0,0,59.96587978
 01/10  03:00:00,-6.1,432.2465464,0,0,59.9666519
 01/10  04:00:00,-6.45,368.9817423,0,0,59.96010196
 01/10  05:00:00,-6.991666667,872.493544,0,0,59.95500875
 01/10  06:00:00,-7.55,4944.084904,0,0,59.95780101
 01/10  07:00:00,-7.158333333,10813.04567,496.2292287,0,59.83255798
 01/10  08:00:00,-6.35,10920.48149,4313.879985,0,59.59319671
 01/10  09:00:00,-5.808333333,10994.26033,8716.846672,0,59.57496054
 01/10  10:00:00,-4.9,11121.3011,11133.63557,0,59.56100879
 01/10  11:00:00,-3.758333333,11286.08984,10813.90624,0,59.56203132
 01/10  12:00:00,-3.008333333,11397.48974,9144.545534,0,59.57496293
 01/10  13:00:00,-2.158333333,11527.28882,7178.654602,0,59.58753424
 01/10  14:00:00,-1.35,11653.50825,5085.608887,0,59.59897447
 01/10  15:00:00,-1.45,11637.70908,3125.263382,0,59.57771167
 01/10  16:00:00,-1.7,11598.34671,2001.200238,0,59.57605618
 01/10  17:00:00,-2.983333333,11402.11826,1726.454455,0,59.55886083
 01/10  18:00:00,-4.191666667,11222.63186,1951.55058,0,59.56599754
 01/10  19:00:00,-4.108333333,11234.73278,3467.618835,0,59.59422266
 01/10  20:00:00,-3.9,11265.07923,6002.79995,0,59.59258149
 01/10  21:00:00,-3.9,11265.07923,7703.094611,0,59.5848332
 01/10  22:00:00,-4.191666667,11222.63186,7525.06678,0,59.58568517
 01/10  23:00:00,-4.75,11142.40888,5947.497308,0,59.59046694
 01/10  24:00:00,-5,11106.88069,4054.073417,0,59.5998666
 01/11  01:00:00,-5.35,8441.384912,738.3530529,0,59.67519871
 01/11  02:00:00,-5.891666667,933.7208102,0,0,59.96852783
 01/11  03:00:00,-5.808333333,675.9182975,0,0,59.9602791
 01/11  04:00:00,-5.891666667,368.7413022,0,0,59.96031816
 01/11  05:00:00,-6.45,629.7897291,0,0,59.95446523
 01/11  06:00:00,-6.7,7221.592203,0,0,59.94941223
 01/11  07:00:00,-6.991666667,10834.80114,242.8231561,0,59.74689226
 01/11  08:00:00,-6.558333333,10892.62016,3916.056742,0,59.58987857
 01/11  09:00:00,-5.458333333,11042.85213,8343.942475,0,59.58120716
 01/11  10:00:00,-3.716666667,11292.90359,10811.13014,0,59.56199672
 01/11  11:00:00,-1.808333333,11581.95334,10668.77975,0,59.56336574
 01/11  12:00:00,-0.458333333,11796.59895,9010.615769,0,59.57608861
 01/11  13:00:00,0.991666667,12037.23464,6733.280009,0,59.58944008
 01/11  14:00:00,2.341666667,12269.44776,4840.612901,0,59.59978241
 01/11  15:00:00,2.158333333,12237.37267,2852.782022,0,59.59411662
 01/11  16:00:00,1.35,12097.65336,1471.533371,0,59.563561
 01/11  17:00:00,-0.183333333,11842.10932,971.117537,0,59.53341107
 01/11  18:00:00,-1.1,11693.14173,1725.568637,0,59.54873943
 01/11  19:00:00,-1.45,11637.70908,2929.63204,0,59.59044646
 01/11  20:00:00,-1.991666667,11552.91719,5713.390737,0,59.59563842
 01/11  21:00:00,-2.55,11466.98555,7273.760569,0,59.58579569
 01/11  22:00:00,-3.441666667,11332.88279,7221.671003,0,59.58740108
 01/11  23:00:00,-3.9,11265.07923,6017.053498,0,59.59376145
 01/11  24:00:00,-3.9,11265.07923,3522.350432,0,59.59990994
 01/12  01:00:00,-4.191666667,8211.535081,692.2365597,0,59.67554076
 01/12  02:00:00,-3.758333333,932.6779595,0,0,59.96846494
 01/12  03:00:00,-3.65,676.0036116,0,0,59.96047428
 01/12  04:00:00,-3.9,368.1937295,0,0,59.96051958
 01/12  05:00:00,-4.541666667,629.6057197,0,0,59.95464593
 01/12  06:00:00,-4.65,7375.853337,0,0,59.95008145
 01/12  07:00:00,-3.758333333,11286.08984,242.8469436,0,59.76656296
 01/12  08:00:00,-3.3,11353.73956,3588.769949,0,59.58975912
 01/12  09:00:00,-3.008333333,11397.48974,8048.541233,0,59.58367142
 01/12  10:00:00,-0.525,11788.42047,10654.12675,0,59.56520517
 01/12  11:00:00,1.741666667,12165.05567,10047.18856,0,59.56551041
 01/12  12:00:00,2.841666667,12357.71923,8590.446307,0,59.58108545
 01/12  13:00:00,2.366666667,12274.0879,6247.637774,0,59.5904114
 01/12  14:00:00,0.708333333,11989.50755,4524.981122,0,59.5994347
 01/12  15:00:00,0.35,11929.2048,2599.699793,0,59.59276659
 01/12  16:00:00,0.6,11970.81347,1477.167484,0,59.56172639
 01/12  17:00:00,0.6,11970.81347,1217.583493,0,59.53402352
 01/12  18:00:00,0.891666667,12019.85016,1423.52771,0,59.54818392
 01/12  19:00:00,1.1,12055.03774,3096.714902,0,59.58750267
 01/12  20:00:00,0.808333333,12005.81278,5339.690611,0,59.59666443
 01/12  21:00:00,0.6,11970.81347,7067.778687,0,59.58643689
 01/12  22:00:00,0.6,11970.81347,6697.626346,0,59.5899973
 01/12  23:00:00,0.891666667,12019.85016,5242.494669,0,59.59797481
 01/12  24:00:00,0.808333333,12005.81278,3180.642724,0,59.59106654
 01/13  01:00:00,0.6,6480.979754,243.8512388,0,59.78405522
 01/13  02:00:00,0.6,1094.977027,0,0,59.96388373
 01/13  03:00:00,0.25,820.0131008,0,0,59.9564557
 01/13  04:00:00,0,368.8316265,0,0,59.96052959
 01/13  05:00:00,-0.35,1411.393194,0,0,59.96020722
 01/13  06:00:00,-1.241666667,5801.511848,0,0,59.96250914
 01/13  07:00:00,-1.991666667,9622.031685,244.4722689,0,59.87148214
 01/13  08:00:00,-2.2,11520.62891,4581.414046,0,59.5993559
 01/13  09:00:00,-2.2,11520.62891,8573.024379,0,59.58006416
 01/13  10:00:00,-1.908333333,11565.87016,10604.04795,0,59.56195733
 01/13  11:00:00,-0.708333333,11756.46845,10499.36915,0,59.56546848
 01/13  12:00:00,0.35,11929.2048,8725.663971,0,59.57889668
 01/13  13:00:00,0.891666667,12019.85016,6763.294009,0,59.58912049
 01/13  14:00:00,1.1,12055.03774,4545.759655,0,59.59923957
 01/13  15:00:00,1.1,12055.03774,2765.846381,0,59.58092352
 01/13  16:00:00,0.808333333,12005.81278,1728.882778,0,59.56453781
 01/13  17:00:00,-0.391666667,11807.7501,1219.832837,0,59.53889482
 01/13  18:00:00,-1.741666667,11592.05365,1408.526234,0,59.53187111
 01/13  19:00:00,-2.2,11520.62891,3400.277703,0,59.58193957
 01/13  20:00:00,-2.2,11520.62891,5620.913055,0,59.59482987
 01/13  21:00:00,-2.55,11466.98555,7450.47057,0,59.584758
 01/13  22:00:00,-2.45,11482.2735,7235.612443,0,59.58567209
 01/13  23:00:00,-2.2,11520.62891,5979.277391,0,59.59083274
 01/13  24:00:00,-1.908333333,11565.87016,3468.743911,0,59.59468356
 01/14  01:00:00,-1.991666667,7645.094397,494.8471584,0,59.71403792
 01/14  02:00:00,-2.2,1101.114634,0,0,59.9635783
 01/14  03:00:00,-2.2,820.5804616,0,0,59.95655871
 01/14  04:00:00,-2.2,368.3645236,0,0,59.96069601
 01/14  05:00:00,-2.55,1411.174212,0,0,59.96036125
 01/14  06:00:00,-3.091666667,6935.277072,0,0,59.95683809
 01/14  07:00:00,-3.3,7569.159709,245.8591775,0,59.91040172
 01/14  08:00:00,-3.008333333,11397.48974,4329.411171,0,59.60467534
 01/14  09:00:00,-2.8,11428.90124,8812.247707,0,59.57693419
 01/14  10:00:00,-2.8,11428.90124,11196.77328,0,59.56240734
 01/14  11:00:00,-2.45,11482.2735,10441.71303,0,59.56544036
 01/14  12:00:00,-2.2,11520.62891,9122.38279,0,59.57391576
 01/14  13:00:00,-2.841666667,11422.82119,6843.652027,0,59.58811284
 01/14  14:00:00,-3.3,11353.73956,5223.93642,0,59.59890804
 01/14  15:00:00,-3.3,11353.73956,3404.933174,0,59.5940699
 01/14  16:00:00,-3.3,11353.73956,2016.998419,0,59.58211961
 01/14  17:00:00,-3.008333333,11397.48974,1745.930988,0,59.56774533
 01/14  18:00:00,-2.8,11428.90124,2266.111691,0,59.57726991
 01/14  19:00:00,-3.091666667,11384.96279,3474.826764,0,59.58891433
 01/14  20:00:00,-3.941666667,11259.21219,6173.405211,0,59.59420819
 01/14  21:00:00,-5.1,11093.04895,7627.94556,0,59.58292425
 01/14  22:00:00,-5.891666667,10982.8178,7561.015932,0,59.58669148
 01/14  23:00:00,-6.741666667,10868.12823,6176.882501,0,59.58990321
 01/14  24:00:00,-7.55,10761.84374,4127.434919,0,59.6011512
 01/15  01:00:00,-8.441666667,9409.748006,1006.698658,0,59.63901193
 01/15  02:00:00,-9.191666667,948.549652,0,0,59.96639794
 01/15  03:00:00,-9.75,433.6078468,0,0,59.96664478
 01/15  04:00:00,-10.35,369.7760443,0,0,59.96019726
 01/15  05:00:00,-11.53333333,875.4533162,0,0,59.95505242
 01/15  06:00:00,-11.55833333,4967.106536,0,0,59.95418903
 01/15  07:00:00,-10.10833333,10446.45614,496.0290362,0,59.83211193
 01/15  08:00:00,-11.03333333,10340.67049,4608.013896,0,59.58757178
 01/15  09:00:00,-11.55833333,10280.6218,8995.802228,0,59.57171153
 01/15  10:00:00,-10.10833333,10446.45614,11680.3838,0,59.55516566
 01/15  11:00:00,-8.466666667,10645.58501,11562.10253,0,59.55624797
 01/15  12:00:00,-6.166666667,10946.71538,9842.263925,0,59.56913828
 01/15  13:00:00,-5.35,11057.79186,7831.893272,0,59.58370848
 01/15  14:00:00,-6.241666667,10935.29234,5734.891792,0,59.59601701
 01/15  15:00:00,-7.341666667,10789.06496,3954.0352,0,59.59681661
 01/15  16:00:00,-8.091666667,10692.40793,2647.836171,0,59.58628039
 01/15  17:00:00,-9.933333333,10468.02518,2571.980276,0,59.5847781
 01/15  18:00:00,-12.38333333,10191.49253,2774.993849,0,59.57736184
 01/15  19:00:00,-13.94166667,10029.7934,4513.764008,0,59.59129252
 01/15  20:00:00,-15.1,9917.463588,7083.094433,0,59.5890466
 01/15  21:00:00,-13.96666667,10028.55044,9066.422921,0,59.57820441
 01/15  22:00:00,-14.725,9954.939889,8795.609611,0,59.57711234
 01/15  23:00:00,-16.45,9794.161821,7271.989582,0,59.58315908
 01/15  24:00:00,-16.35,9802.989756,5225.844853,0,59.59768859
 01/16  01:00:00,-16.1,9825.195145,2039.072619,0,59.58011375
 01/16  02:00:00,-15.80833333,1981.915682,0,0,59.90336772
 01/16  03:00:00,-15.6,823.9795991,0,0,59.95598036
 01/16  04:00:00,-15.89166667,371.1811836,0,0,59.96012556
 01/16  05:00:00,-15.45833333,1417.595669,0,0,59.95987616
 01/16  06:00:00,-15.35,6589.66254,0,0,59.93971583
 01/16  07:00:00,-14.60833333,9964.672841,244.4843037,0,59.73490274
 01/16  08:00:00,-13.55,10069.04074,4283.85566,0,59.58860356
 01/16  09:00:00,-13.3,10094.49937,8705.110609,0,59.56818732
 01/16  10:00:00,-12.36666667,10192.84637,11732.36636,0,59.55340999
 01/16  11:00:00,-10.70833333,10376.7808,11826.1484,0,59.5545933
 01/16  12:00:00,-9.358333333,10535.58681,10007.67526,0,59.56747999
 01/16  13:00:00,-8.258333333,10671.50451,8035.984718,0,59.58368189
 01/16  14:00:00,-7.8,10729.56878,6135.283798,0,59.5923004
 01/16  15:00:00,-7.45,10774.80794,4152.051638,0,59.60030964
 01/16  16:00:00,-7.55,10761.84374,2894.075851,0,59.59282238
 01/16  17:00:00,-9.083333333,10569.72244,2586.388812,0,59.58729116
 01/16  18:00:00,-12.275,10205.05802,3018.911874,0,59.57261594
 01/16  19:00:00,-13.9,10033.72398,4458.078776,0,59.58721908
 01/16  20:00:00,-13.9,10033.72398,7249.310776,0,59.58949972
 01/16  21:00:00,-11.975,10236.68892,8847.429828,0,59.57608718
 01/16  22:00:00,-10.6,10388.69321,8717.440129,0,59.57958545
 01/16  23:00:00,-10.89166667,10355.32781,7127.729153,0,59.58674392
 01/16  24:00:00,-11.74166667,10260.39006,4862.920333,0,59.60042898
 01/17  01:00:00,-11.90833333,10241.95239,1531.334431,0,59.56639557
 01/17  02:00:00,-11.7,1769.281655,0,0,59.93779951
 01/17  03:00:00,-11.7,384.1101567,0,0,59.95950482
 01/17  04:00:00,-11.35,369.7512414,0,0,59.96065729
 01/17  05:00:00,-10.45833333,926.7308876,0,0,59.96596184
 01/17  06:00:00,-9.65,7008.187142,0,0,59.92518062
 01/17  07:00:00,-9.4,10530.32115,245.3152542,0,59.82374804
 01/17  08:00:00,-10.39166667,10413.3454,3936.851449,0,59.59366376
 01/17  09:00:00,-11.1,10331.65675,8601.137147,0,59.57934558
 01/17  10:00:00,-10.45833333,10405.29257,11290.96051,0,59.55660598
 01/17  11:00:00,-8.075,10696.5266,11416.55543,0,59.5559465
 01/17  12:00:00,-6.058333333,10960.2103,9776.144097,0,59.5699124
 01/17  13:00:00,-5.6,11022.96079,7802.710425,0,59.58397754
 01/17  14:00:00,-4.608333333,11163.10837,5732.35648,0,59.59632239
 01/17  15:00:00,-4.191666667,11222.63186,3817.80197,0,59.59976005
 01/17  16:00:00,-4.75,11142.40888,2582.216307,0,59.58882544
 01/17  17:00:00,-6.283333333,10930.33436,2284.723541,0,59.57934629
 01/17  18:00:00,-8.483333333,10643.92908,2489.428933,0,59.56969941
 01/17  19:00:00,-9.108333333,10565.80266,4143.502719,0,59.5885972
 01/17  20:00:00,-9.541666667,10513.48059,6744.363102,0,59.59189761
 01/17  21:00:00,-9.358333333,10535.58681,8465.723282,0,59.57457661
 01/17  22:00:00,-8.258333333,10671.50451,8128.793136,0,59.58238788
 01/17  23:00:00,-6.808333333,10859.57708,6788.210957,0,59.59173908
 01/17  24:00:00,-5.808333333,10994.26033,4439.262593,0,59.60101709
 01/18  01:00:00,-5.891666667,9842.37154,1253.082866,0,59.63074345
 01/18  02:00:00,-6.1,951.6349202,0,0,59.96647618
 01/18  03:00:00,-6.45,434.5087182,0,0,59.96663497
 01/18  04:00:00,-6.991666667,371.0884787,0,0,59.96001651
 01/18  05:00:00,-7.55,877.8261757,0,0,59.95486104
 01/18  06:00:00,-7.8,4974.335825,0,0,59.95773308
 01/18  07:00:00,-8.733333333,10612.37707,495.4123288,0,59.83209395
 01/18  08:00:00,-9.4,10530.32115,4584.984554,0,59.58757176
 01/18  09:00:00,-9.108333333,10565.80266,8967.023755,0,59.57645439
 01/18  10:00:00,-7.908333333,10716.24664,11592.86408,0,59.55634627
 01/18  11:00:00,-6.558333333,10892.62016,11189.23086,0,59.55749225
 01/18  12:00:00,-5.108333333,11092.1488,9642.936675,0,59.57094004
 01/18  13:00:00,-4.4,11192.47368,7692.637868,0,59.58694456
 01/18  14:00:00,-4.108333333,11234.73278,5672.282513,0,59.59696337
 01/18  15:00:00,-3.9,11265.07923,3731.14772,0,59.59488215
 01/18  16:00:00,-4.891666667,11122.7553,2316.749717,0,59.58768921
 01/18  17:00:00,-6.533333333,10896.22623,2278.538084,0,59.57810944
 01/18  18:00:00,-8.191666667,10680.23897,2463.166324,0,59.57548299
 01/18  19:00:00,-8.55,10634.75784,4165.082272,0,59.58556539
 01/18  20:00:00,-8.941666667,10586.40917,6514.775099,0,59.59103261
 01/18  21:00:00,-10.39166667,10413.3454,8436.206261,0,59.58206596
 01/18  22:00:00,-12.73333333,10154.91062,8461.735172,0,59.58236951
 01/18  23:00:00,-13.25833333,10099.00982,7127.892329,0,59.58811283
 01/18  24:00:00,-12.8,10146.42359,4785.541096,0,59.59733524
 01/19  01:00:00,-12.8,10146.42359,1525.850034,0,59.55951987
 01/19  02:00:00,-12.45,1911.66373,0,0,59.93119484
 01/19  03:00:00,-11.26666667,383.8537915,0,0,59.95965618
 01/19  04:00:00,-10.25,369.3223815,0,0,59.96085662
 01/19  05:00:00,-9.65,927.6314416,0,0,59.9661491
 01/19  06:00:00,-9.4,7020.214099,0,0,59.92574717
 01/19  07:00:00,-9.108333333,10565.80266,245.3892128,0,59.82538866
 01/19  08:00:00,-8.9,10591.30798,3936.90843,0,59.59348806
 01/19  09:00:00,-8.55,10634.75784,8465.105119,0,59.56894891
 01/19  10:00:00,-7.658333333,10748.01166,11303.76935,0,59.56004511
 01/19  11:00:00,-7.2,10807.35399,11198.48566,0,59.55687866
 01/19  12:00:00,-6.908333333,10845.81765,9639.563045,0,59.57108218
 01/19  13:00:00,-6.7,10873.45306,7656.121279,0,59.58404738
 01/19  14:00:00,-6.7,10873.45306,5983.789796,0,59.59626799
 01/19  15:00:00,-6.35,10920.48149,3826.712771,0,59.59229979
 01/19  16:00:00,-6.1,10954.30561,2859.491639,0,59.59072568
 01/19  17:00:00,-6.1,10954.30561,2305.662178,0,59.58385229
 01/19  18:00:00,-6.1,10954.30561,2485.365528,0,59.58236974
 01/19  19:00:00,-6.1,10954.30561,4249.890075,0,59.58916519
 01/19  20:00:00,-7.383333333,10784.31999,6432.556882,0,59.59257548
 01/19  21:00:00,-8.941666667,10586.40917,8398.806556,0,59.58169254
 01/19  22:00:00,-9.4,10530.32115,7988.572933,0,59.58342027
 01/19  23:00:00,-9.75,10488.38946,6916.478293,0,59.58559608
 01/19  24:00:00,-10.35,10417.71491,4486.597788,0,59.6001547
 01/20  01:00:00,-9.9,10470.7673,1253.266955,0,59.5928234
 01/20  02:00:00,-9.75,1187.076201,0,0,59.96612823
 01/20  03:00:00,-10.35,383.9681696,0,0,59.96641873
 01/20  04:00:00,-9.258333333,369.7330992,0,0,59.95996632
 01/20  05:00:00,-8.65,928.4936321,0,0,59.95478548
 01/20  06:00:00,-8.9,7060.871984,0,0,59.95707824
 01/20  07:00:00,-9.541666667,10513.48059,244.9686454,0,59.83162055
 01/20  08:00:00,-10,10458.67063,3936.131222,0,59.58630645
 01/20  09:00:00,-9.358333333,10535.58681,8627.384746,0,59.57279669
 01/20  10:00:00,-8.258333333,10671.50451,11255.19949,0,59.55414347
 01/20  11:00:00,-6.516666667,10898.8917,11293.7233,0,59.55775381
 01/20  12:00:00,-4.608333333,11163.10837,9652.703912,0,59.57033694
 01/20  13:00:00,-2.616666667,11457.66284,7692.464983,0,59.58475609
 01/20  14:00:00,-1.7,11598.34671,5407.852328,0,59.59736287
 01/20  15:00:00,-1.991666667,11552.91719,3614.020372,0,59.59071621
 01/20  16:00:00,-2.55,11466.98555,2284.400268,0,59.5767996
 01/20  17:00:00,-4.433333333,11189.15063,1751.136274,0,59.5728215
 01/20  18:00:00,-8.516666667,10643.55805,2286.762656,0,59.56878136
 01/20  19:00:00,-9.9,10470.7673,3937.349437,0,59.5946282
 01/20  20:00:00,-9.4,10530.32115,6673.72703,0,59.58842821
 01/20  21:00:00,-10.39166667,10413.3454,8470.442634,0,59.58173126
 01/20  22:00:00,-12.09166667,10222.51589,8463.984639,0,59.58164409
 01/20  23:00:00,-12.15833333,10214.98978,7081.097197,0,59.58998748
 01/20  24:00:00,-12.63333333,10164.47182,4845.666958,0,59.59903778
 01/21  01:00:00,-13.65,10058.91151,1529.216133,0,59.56812646
 01/21  02:00:00,-13.25833333,2061.384955,0,0,59.93279382
 01/21  03:00:00,-12.45,384.2047249,0,0,59.9596576
 01/21  04:00:00,-14.18333333,369.7227239,0,0,59.96083839
 01/21  05:00:00,-15.25,927.8498494,0,0,59.96603192
 01/21  06:00:00,-15,6617.76522,0,0,59.92220664
 01/21  07:00:00,-14.35833333,9988.653313,243.1348976,0,59.67974861
 01/21  08:00:00,-13.55,10069.04074,4252.174637,0,59.58929898
 01/21  09:00:00,-11.725,10263.36752,9109.574944,0,59.57309241
 01/21  10:00:00,-9.258333333,10548.47872,11648.61487,0,59.55430369
 01/21  11:00:00,-7.658333333,10748.01166,11493.80203,0,59.55552697
 01/21  12:00:00,-5.916666667,10980.25548,9897.006843,0,59.56924729
 01/21  13:00:00,-4.358333333,11198.70757,7788.702792,0,59.58399548
 01/21  14:00:00,-3.55,11316.66221,5773.406182,0,59.59276284
 01/21  15:00:00,-3.3,11353.73956,3753.060165,0,59.59876774
 01/21  16:00:00,-3.941666667,11259.21219,2540.139342,0,59.58777748
 01/21  17:00:00,-5.1,11093.04895,2024.262461,0,59.56692949
 01/21  18:00:00,-5.6,11022.96079,2490.784068,0,59.57424049
 01/21  19:00:00,-6.533333333,10896.22623,3908.409589,0,59.58565789
 01/21  20:00:00,-6.908333333,10845.81765,6527.70112,0,59.5907137
 01/21  21:00:00,-6.7,10873.45306,8314.473051,0,59.58186175
 01/21  22:00:00,-6.7,10873.45306,7970.588735,0,59.58423521
 01/21  23:00:00,-6.991666667,10834.80114,6590.759037,0,59.59161758
 01/21  24:00:00,-7.2,10807.35399,4436.799115,0,59.60049624
 01/22  01:00:00,-7.55,9813.088518,1004.638282,0,59.59261242
 01/22  02:00:00,-8.091666667,955.7101554,0,0,59.96600667
 01/22  03:00:00,-8.008333333,435.6792867,0,0,59.96656082
 01/22  04:00:00,-8.091666667,371.6970372,0,0,59.96006771
 01/22  05:00:00,-8.65,879.7879624,0,0,59.95489014
 01/22  06:00:00,-8.9,4989.745586,0,0,59.95676597
 01/22  07:00:00,-8.55,10634.75784,495.9613279,0,59.83111342
 01/22  08:00:00,-8.941666667,10586.40917,4573.214645,0,59.58685129
 01/22  09:00:00,-8.758333333,10609.02661,8899.598999,0,59.57368314
 01/22  10:00:00,-7.366666667,10786.06113,11677.31193,0,59.55484453
 01/22  11:00:00,-5.358333333,11057.55656,11370.55192,0,59.55822438
 01/22  12:00:00,-3.758333333,11286.08984,9627.502858,0,59.5711072
 01/22  13:00:00,-1.725,11595.80568,7342.219802,0,59.58483946
 01/22  14:00:00,-1.241666667,11670.83649,5494.713655,0,59.59751583
 01/22  15:00:00,-1.991666667,11552.91719,3532.82936,0,59.59576153
 01/22  16:00:00,-1.558333333,11620.80578,2029.15267,0,59.58280334
 01/22  17:00:00,-3.025,11396.98492,1744.181781,0,59.55788238
 01/22  18:00:00,-6.033333333,10964.86851,2276.623796,0,59.57814142
 01/22  19:00:00,-7.2,10807.35399,3769.748502,0,59.58381186
 01/22  20:00:00,-7.841666667,10724.45696,6332.087289,0,59.59294891
 01/22  21:00:00,-8.3,10666.02584,8468.54784,0,59.57936383
 01/22  22:00:00,-8.941666667,10586.40917,8053.654435,0,59.5831846
 01/22  23:00:00,-10.1,10447.16264,6942.971138,0,59.59025286
 01/22  24:00:00,-9.608333333,10505.79698,4548.705055,0,59.60095248
 01/23  01:00:00,-8.258333333,10462.35683,1259.223834,0,59.59406502
 01/23  02:00:00,-7.45,958.1696592,0,0,59.96594331
 01/23  03:00:00,-7.55,435.6999039,0,0,59.96661587
 01/23  04:00:00,-7.45,371.7929117,0,0,59.96008939
 01/23  05:00:00,-7.2,880.2339752,0,0,59.95492591
 01/23  06:00:00,-6.908333333,4995.085114,0,0,59.95783028
 01/23  07:00:00,-6.35,10920.48149,496.2324871,0,59.832282
 01/23  08:00:00,-5.808333333,10994.26033,4338.782102,0,59.59656366
 01/23  09:00:00,-5.25,11071.77851,8902.969671,0,59.57542919
 01/23  10:00:00,-5,11106.88069,11234.2984,0,59.55963998
 01/23  11:00:00,-4.358333333,11198.70757,11048.93725,0,59.55931317
 01/23  12:00:00,-3.258333333,11360.18646,9409.042087,0,59.57269126
 01/23  13:00:00,-2.45,11482.2735,7249.265479,0,59.58309241
 01/23  14:00:00,-2.2,11520.62891,5260.179856,0,59.59493977
 01/23  15:00:00,-2.2,11520.62891,3427.972932,0,59.59326747
 01/23  16:00:00,-2.55,11466.98555,2285.940667,0,59.5831226
 01/23  17:00:00,-3.091666667,11384.96279,1748.284814,0,59.56989994
 01/23  18:00:00,-3.3,11353.73956,2229.278515,0,59.5664413
 01/23  19:00:00,-3.65,11301.88548,3770.094303,0,59.58977492
 01/23  20:00:00,-3.9,11265.07923,6228.161907,0,59.59400465
 01/23  21:00:00,-3.9,11265.07923,7832.886173,0,59.58339787
 01/23  22:00:00,-3.55,11316.66221,7697.113589,0,59.58097772
 01/23  23:00:00,-3.3,11353.73956,6108.762409,0,59.59239731
 01/23  24:00:00,-3.3,11353.73956,3809.797951,0,59.59792097
 01/24  01:00:00,-3.3,8638.984339,747.2957364,0,59.67889551
 01/24  02:00:00,-3.3,940.7937003,0,0,59.96846842
 01/24  03:00:00,-3.3,682.2789331,0,0,59.960248
 01/24  04:00:00,-3.3,371.2823267,0,0,59.96031212
 01/24  05:00:00,-3.008333333,634.3313455,0,0,59.95456274
 01/24  06:00:00,-3.091666667,7484.564518,0,0,59.9494829
 01/24  07:00:00,-3.008333333,11397.48974,242.3034547,0,59.7707039
 01/24  08:00:00,-2.45,11482.2735,3725.800108,0,59.58359704
 01/24  09:00:00,-1.908333333,11565.87016,8128.801956,0,59.57802412
 01/24  10:00:00,-0.708333333,11756.46845,10475.04576,0,59.56453017
 01/24  11:00:00,0.641666667,11978.01558,10425.86764,0,59.56546189
 01/24  12:00:00,1.1,12055.03774,8753.366412,0,59.57909781
 01/24  13:00:00,0.808333333,12005.81278,6641.665236,0,59.59028338
 01/24  14:00:00,0.891666667,12019.85016,4716.713324,0,59.5983584
 01/24  15:00:00,0.458333333,11947.38896,2920.690519,0,59.59212068
 01/24  16:00:00,-0.35,11814.05607,1739.217499,0,59.56873982
 01/24  17:00:00,-1.241666667,11670.83649,1381.89431,0,59.52862
 01/24  18:00:00,-1.991666667,11552.91719,1749.2744,0,59.54694216
 01/24  19:00:00,-1.908333333,11565.87016,3246.059538,0,59.59271006
 01/24  20:00:00,-1.7,11598.34671,6078.870973,0,59.59510348
 01/24  21:00:00,-1.35,11653.50825,7400.393836,0,59.58406428
 01/24  22:00:00,-1.1,11693.14173,7397.29619,0,59.58883893
 01/24  23:00:00,-0.458333333,11796.59895,5940.800678,0,59.5964047
 01/24  24:00:00,0,11871.278,3471.532517,0,59.59689637
 01/25  01:00:00,0,7295.638806,485.4906843,0,59.73276497
 01/25  02:00:00,-0.35,1108.053052,0,0,59.96354211
 01/25  03:00:00,-0.6,826.7409953,0,0,59.95645528
 01/25  04:00:00,-0.25,371.2969383,0,0,59.96045231
 01/25  05:00:00,0,1422.105617,0,0,59.96019181
 01/25  06:00:00,0,5858.925399,0,0,59.96235568
 01/25  07:00:00,0,9892.73167,244.9345798,0,59.87146913
 01/25  08:00:00,0,11871.278,4432.528605,0,59.58701554
 01/25  09:00:00,0,11871.278,8632.742273,0,59.57818263
 01/25  10:00:00,0,11871.278,10614.66196,0,59.56236063
 01/25  11:00:00,0,11871.278,10326.45965,0,59.56645712
 01/25  12:00:00,0.641666667,11978.01558,8745.452345,0,59.57921873
 01/25  13:00:00,1.45,12114.75383,6632.660471,0,59.59040022
 01/25  14:00:00,1.35,12097.65336,4625.939374,0,59.59830689
 01/25  15:00:00,1.1,12055.03774,2978.182351,0,59.59074599
 01/25  16:00:00,0.808333333,12005.81278,1480.32164,0,59.56809379
 01/25  17:00:00,0.6,11970.81347,1222.051452,0,59.54048946
 01/25  18:00:00,0.6,11970.81347,1726.071228,0,59.55316696
 01/25  19:00:00,0.6,11970.81347,3203.121597,0,59.59084354
 01/25  20:00:00,0.891666667,12019.85016,5426.727374,0,59.59418914
 01/25  21:00:00,1.1,12055.03774,7219.664624,0,59.58742123
 01/25  22:00:00,0.808333333,12005.81278,7060.878079,0,59.59109697
 01/25  23:00:00,0.6,11970.81347,5369.243554,0,59.59483624
 01/25  24:00:00,0.25,11912.61556,3331.648586,0,59.59000745
 01/26  01:00:00,0,6943.764612,243.5641265,0,59.73437836
 01/26  02:00:00,0,1105.735401,0,0,59.96363631
 01/26  03:00:00,0,826.4913516,0,0,59.95665076
 01/26  04:00:00,0,370.6633279,0,0,59.96061977
 01/26  05:00:00,0,1421.634897,0,0,59.96033279
 01/26  06:00:00,0,5861.919329,0,0,59.96251099
 01/26  07:00:00,0,9892.73167,244.9743496,0,59.87170115
 01/26  08:00:00,0,11871.278,4439.239389,0,59.58701685
 01/26  09:00:00,0,11871.278,8635.352398,0,59.5773127
 01/26  10:00:00,0,11871.278,10628.49588,0,59.56214481
 01/26  11:00:00,0.35,11929.2048,10336.91575,0,59.56642739
 01/26  12:00:00,0.6,11970.81347,8740.039409,0,59.57928742
 01/26  13:00:00,0.6,11970.81347,6645.203433,0,59.59020731
 01/26  14:00:00,0.6,11970.81347,4834.308483,0,59.59924313
 01/26  15:00:00,0.6,11970.81347,2870.753538,0,59.59438659
 01/26  16:00:00,0.6,11970.81347,1727.944667,0,59.5697131
 01/26  17:00:00,0.6,11970.81347,1210.844739,0,59.54317903
 01/26  18:00:00,0.6,11970.81347,1700.679312,0,59.54640122
 01/26  19:00:00,0.6,11970.81347,3134.389703,0,59.58054703
 01/26  20:00:00,0.6,11970.81347,5679.980416,0,59.5960169
 01/26  21:00:00,0.891666667,12019.85016,7235.400729,0,59.5853518
 01/26  22:00:00,0.808333333,12005.81278,6827.138754,0,59.59058955
 01/26  23:00:00,0.6,11970.81347,5653.561334,0,59.59755312
 01/26  24:00:00,0.6,11970.81347,3205.417573,0,59.59742517
 01/27  01:00:00,0.25,6760.219621,485.0503181,0,59.7537467
 01/27  02:00:00,0,1107.254697,0,0,59.96365606
 01/27  03:00:00,0,826.8320531,0,0,59.95670659
 01/27  04:00:00,0,370.5392724,0,0,59.96066491
 01/27  05:00:00,0.35,1421.853234,0,0,59.96037385
 01/27  06:00:00,0.6,5865.039913,0,0,59.96298133
 01/27  07:00:00,0.25,9920.264222,244.8925602,0,59.871643
 01/27  08:00:00,0,11871.278,4431.575366,0,59.58716171
 01/27  09:00:00,0,11871.278,8642.401784,0,59.57871811
 01/27  10:00:00,0.35,11929.2048,10629.92719,0,59.56220728
 01/27  11:00:00,0.6,11970.81347,10318.58646,0,59.56656168
 01/27  12:00:00,0.891666667,12019.85016,8729.089209,0,59.57940126
 01/27  13:00:00,1.45,12114.75383,6682.895032,0,59.59190848
 01/27  14:00:00,1.7,12157.64055,4529.773329,0,59.59741149
 01/27  15:00:00,1.991666667,12208.16831,2858.270702,0,59.59517897
 01/27  16:00:00,1.908333333,12193.70491,1477.793731,0,59.56400104
 01/27  17:00:00,1.7,12157.64055,1215.72549,0,59.53305791
 01/27  18:00:00,1.35,12097.65336,1484.961245,0,59.5487612
 01/27  19:00:00,1.1,12055.03774,2942.159695,0,59.57642952
 01/27  20:00:00,1.45,12114.75383,5539.826417,0,59.59274014
 01/27  21:00:00,1.7,12157.64055,7177.04276,0,59.58803878
 01/27  22:00:00,1.7,12157.64055,6754.720204,0,59.59171751
 01/27  23:00:00,1.991666667,12208.16831,5294.193533,0,59.59634202
 01/27  24:00:00,1.266666667,12083.85266,3174.842604,0,59.5968796
 01/28  01:00:00,0.6,6589.691127,244.5154219,0,59.75737775
 01/28  02:00:00,0.891666667,1106.352619,0,0,59.9638743
 01/28  03:00:00,1.1,826.9352144,0,0,59.95680409
 01/28  04:00:00,1.45,370.3441339,0,0,59.96072351
 01/28  05:00:00,1.7,1422.029729,0,0,59.96042743
 01/28  06:00:00,1.35,5865.673227,0,0,59.96378491
 01/28  07:00:00,1.1,10045.86479,244.767263,0,59.8715691
 01/28  08:00:00,1.1,12055.03774,4461.081711,0,59.58574727
 01/28  09:00:00,1.1,12055.03774,8471.922491,0,59.58004439
 01/28  10:00:00,1.45,12114.75383,10481.2853,0,59.56405398
 01/28  11:00:00,1.991666667,12208.16831,10043.39164,0,59.56789084
 01/28  12:00:00,2.55,12305.92631,8569.406036,0,59.58148674
 01/28  13:00:00,2.8,12350.0911,6450.410187,0,59.5934029
 01/28  14:00:00,2.8,12350.0911,4430.736811,0,59.59852945
 01/28  15:00:00,2.8,12350.0911,2697.523841,0,59.58997637
 01/28  16:00:00,3.091666667,12402.10993,1224.296387,0,59.5570735
 01/28  17:00:00,3.008333333,12387.22051,966.565183,0,59.51502585
 01/28  18:00:00,2.8,12350.0911,1226.08847,0,59.53516188
 01/28  19:00:00,2.45,12288.31462,2824.447151,0,59.57541927
 01/28  20:00:00,2.2,12244.42095,5258.28386,0,59.59141921
 01/28  21:00:00,2.2,12244.42095,7118.801199,0,59.5900557
 01/28  22:00:00,2.2,12244.42095,6661.95684,0,59.58842249
 01/28  23:00:00,1.908333333,12193.70491,5178.754301,0,59.59172159
 01/28  24:00:00,1.7,12157.64055,3159.104521,0,59.59072705
 01/29  01:00:00,1.058333333,5994.22054,239.0404261,0,59.77861498
 01/29  02:00:00,0.25,2246.682901,0,0,59.95884197
 01/29  03:00:00,-0.35,383.8670366,0,0,59.9598802
 01/29  04:00:00,-0.25,368.3197381,0,0,59.96149168
 01/29  05:00:00,-0.991666667,929.7591874,0,0,59.96650542
 01/29  06:00:00,-2.341666667,7174.594026,0,0,59.93769824
 01/29  07:00:00,-2.45,7665.046126,246.0389939,0,59.91060239
 01/29  08:00:00,-1.908333333,11565.87016,4347.865808,0,59.60690212
 01/29  09:00:00,-0.708333333,11756.46845,8913.515611,0,59.57685123
 01/29  10:00:00,1.283333333,12087.1223,11096.32029,0,59.56031062
 01/29  11:00:00,2.55,12305.92631,10285.65434,0,59.56727512
 01/29  12:00:00,3.441666667,12465.17866,8621.995298,0,59.57495357
 01/29  13:00:00,4.191666667,12601.67501,6591.244573,0,59.59172709
 01/29  14:00:00,4.75,12705.14168,4406.044836,0,59.59520866
 01/29  15:00:00,5,12751.86258,2469.683482,0,59.58078481
 01/29  16:00:00,4.358333333,12632.58345,965.1024083,0,59.54390352
 01/29  17:00:00,3.258333333,12432.16633,959.4628317,0,59.48517757
 01/29  18:00:00,2.8,12350.0911,969.2771443,0,59.52489456
 01/29  19:00:00,2.45,12288.31462,2864.530794,0,59.55676453
 01/29  20:00:00,1.908333333,12193.70491,5319.297156,0,59.59233541
 01/29  21:00:00,1.058333333,12048.20248,6785.625668,0,59.58867058
 01/29  22:00:00,0.6,11970.81347,7032.160761,0,59.58772684
 01/29  23:00:00,0.25,11912.61556,5335.262967,0,59.59626183
 01/29  24:00:00,-0.641666667,11766.90957,3210.229909,0,59.59503013
 01/30  01:00:00,-1.1,6877.637745,488.7276082,0,59.74135369
 01/30  02:00:00,-0.808333333,1108.855406,0,0,59.96391874
 01/30  03:00:00,-0.891666667,827.4185948,0,0,59.95688497
 01/30  04:00:00,-1.1,370.2011132,0,0,59.96082591
 01/30  05:00:00,-0.808333333,1422.45171,0,0,59.96052125
 01/30  06:00:00,-0.25,5873.191099,0,0,59.96278482
 01/30  07:00:00,0,9892.73167,245.2338929,0,59.8714012
 01/30  08:00:00,1.283333333,12087.1223,4534.776524,0,59.59116725
 01/30  09:00:00,2.841666667,12357.71923,8501.716438,0,59.58025073
 01/30  10:00:00,3.008333333,12387.22051,10499.25819,0,59.56506067
 01/30  11:00:00,2.8,12350.0911,9899.126884,0,59.56892224
 01/30  12:00:00,3.091666667,12402.10993,8356.925561,0,59.58177777
 01/30  13:00:00,3.008333333,12387.22051,6350.608366,0,59.59224133
 01/30  14:00:00,2.8,12350.0911,4463.439088,0,59.60024201
 01/30  15:00:00,2.8,12350.0911,2566.241272,0,59.59196441
 01/30  16:00:00,2.8,12350.0911,1224.629056,0,59.5558389
 01/30  17:00:00,2.45,12288.31462,964.214791,0,59.51584459
 01/30  18:00:00,1.908333333,12193.70491,1220.398265,0,59.53315794
 01/30  19:00:00,1.35,12097.65336,3034.873203,0,59.58108376
 01/30  20:00:00,0.808333333,12005.81278,5444.824725,0,59.59280599
 01/30  21:00:00,0.25,11912.61556,7103.865096,0,59.58986838
 01/30  22:00:00,0.35,11929.2048,6945.994334,0,59.58949343
 01/30  23:00:00,-0.1,11855.12253,5675.077152,0,59.59705018
 01/30  24:00:00,0.1,11888.02216,3181.246278,0,59.59398406
 01/31  01:00:00,0.6,7075.998044,491.9228982,0,59.73589575
 01/31  02:00:00,-0.1,1108.527886,0,0,59.96403479
 01/31  03:00:00,-0.25,827.896875,0,0,59.95679874
 01/31  04:00:00,-0.35,370.7745403,0,0,59.96072257
 01/31  05:00:00,-0.25,1423.688542,0,0,59.96043597
 01/31  06:00:00,0.35,5877.337196,0,0,59.96254761
 01/31  07:00:00,0.6,9975.677888,245.0544853,0,59.87178737
 01/31  08:00:00,0.6,11970.81347,4490.112371,0,59.59144767
 01/31  09:00:00,0.6,11970.81347,8515.809996,0,59.57545132
 01/31  10:00:00,0.6,11970.81347,10646.27919,0,59.56391959
 01/31  11:00:00,0.6,11970.81347,10265.87928,0,59.56490172
 01/31  12:00:00,0.891666667,12019.85016,8648.872189,0,59.58022081
 01/31  13:00:00,1.45,12114.75383,6701.361574,0,59.59231773
 01/31  14:00:00,1.991666667,12208.16831,4758.065298,0,59.5961879
 01/31  15:00:00,2.2,12244.42095,2744.520971,0,59.59469592
 01/31  16:00:00,2.2,12244.42095,1541.615791,0,59.55510319
 01/31  17:00:00,2.2,12244.42095,1216.970608,0,59.53278135
 01/31  18:00:00,2.2,12244.42095,1475.252117,0,59.54859285
 01/31  19:00:00,1.908333333,12193.70491,2782.905398,0,59.58222723
 01/31  20:00:00,1.7,12157.64055,5394.61183,0,59.5935879
 01/31  21:00:00,1.991666667,12208.16831,7136.199694,0,59.58704689
 01/31  22:00:00,1.733333333,12163.51025,6809.374848,0,59.58927719
 01/31  23:00:00,0.933333333,12026.95438,5524.093359,0,59.59792846
 01/31  24:00:00,0.191666667,11902.98444,3076.309847,0,59.59623452
 02/01  01:00:00,-0.508333333,6832.033831,309.0970552,0,59.72810151
 02/01  02:00:00,-1.266666667,1107.596107,0,0,59.96380657
 02/01  03:00:00,-2.066666667,828.2983025,0,0,59.95675064
 02/01  04:00:00,-2.925,371.1128028,0,0,59.96069393
 02/01  05:00:00,-3.416666667,1424.635746,0,0,59.96040375
 02/01  06:00:00,-3.616666667,7004.689539,0,0,59.95303175
 02/01  07:00:00,-3.816666667,7514.937944,245.7297788,0,59.91043622
 02/01  08:00:00,-3.9,11265.07923,4468.866568,0,59.60482872
 02/01  09:00:00,-3.9,11265.07923,9027.502544,0,59.56903734
 02/01  10:00:00,-3.9,11265.07923,11400.39496,0,59.55470755
 02/01  11:00:00,-3.666666667,11299.38956,11056.22985,0,59.55924529
 02/01  12:00:00,-3.325,11350.02892,9429.832556,0,59.5712042
 02/01  13:00:00,-2.966666667,11403.74837,7250.836004,0,59.58443449
 02/01  14:00:00,-2.8,11428.90124,5552.963364,0,59.59475908
 02/01  15:00:00,-2.8,11428.90124,3475.801604,0,59.5976465
 02/01  16:00:00,-2.8,11428.90124,2301.964078,0,59.58489532
 02/01  17:00:00,-2.8,11428.90124,1961.052033,0,59.56247547
 02/01  18:00:00,-2.8,11428.90124,2225.347995,0,59.568964
 02/01  19:00:00,-2.8,11428.90124,3640.648199,0,59.57162652
 02/01  20:00:00,-2.8,11428.90124,6176.199903,0,59.59208763
 02/01  21:00:00,-2.8,11428.90124,7874.288822,0,59.58496078
 02/01  22:00:00,-2.8,11428.90124,7692.210254,0,59.58527859
 02/01  23:00:00,-2.8,11428.90124,6144.273872,0,59.59281333
 02/01  24:00:00,-2.8,11428.90124,3829.270637,0,59.59564017
 02/02  01:00:00,-2.8,8471.81359,742.5089217,0,59.68585774
 02/02  02:00:00,-2.683333333,944.624023,0,0,59.9684505
 02/02  03:00:00,-2.483333333,684.4618723,0,0,59.96039039
 02/02  04:00:00,-2.283333333,371.6902032,0,0,59.96047159
 02/02  05:00:00,-2.433333333,635.7996369,0,0,59.95474835
 02/02  06:00:00,-2.775,7519.141821,0,0,59.94969235
 02/02  07:00:00,-3.133333333,11378.69448,242.2966472,0,59.77103189
 02/02  08:00:00,-3.3,11353.73956,3830.505769,0,59.57926436
 02/02  09:00:00,-3.3,11353.73956,8153.473254,0,59.58008696
 02/02  10:00:00,-3.3,11353.73956,10744.61309,0,59.56206269
 02/02  11:00:00,-3.183333333,11371.1809,10658.16065,0,59.56105497
 02/02  12:00:00,-3.041666667,11392.4299,9406.973942,0,59.57438671
 02/02  13:00:00,-2.883333333,11416.30114,7233.412384,0,59.58751351
 02/02  14:00:00,-2.8,11428.90124,5284.244808,0,59.59812964
 02/02  15:00:00,-2.8,11428.90124,3476.068583,0,59.59965075
 02/02  16:00:00,-2.8,11428.90124,2278.103839,0,59.58115905
 02/02  17:00:00,-2.916666667,11411.26712,1773.40408,0,59.57053009
 02/02  18:00:00,-3.058333333,11389.92452,2445.316228,0,59.56945226
 02/02  19:00:00,-3.216666667,11366.19335,3703.76996,0,59.58806682
 02/02  20:00:00,-3.3,11353.73956,6201.035757,0,59.58890366
 02/02  21:00:00,-3.3,11353.73956,7991.673378,0,59.58314559
 02/02  22:00:00,-3.3,11353.73956,7522.830351,0,59.58120243
 02/02  23:00:00,-3.3,11353.73956,6302.469552,0,59.59011915
 02/02  24:00:00,-3.3,11353.73956,3854.217127,0,59.59595973
 02/03  01:00:00,-3.3,8756.92886,747.2685882,0,59.6618141
 02/03  02:00:00,-3.3,945.4748335,0,0,59.96847839
 02/03  03:00:00,-3.3,685.0730581,0,0,59.96025935
 02/03  04:00:00,-3.3,372.3119284,0,0,59.9603335
 02/03  05:00:00,-3.3,636.3890436,0,0,59.95463044
 02/03  06:00:00,-3.3,7486.910542,0,0,59.94987796
 02/03  07:00:00,-3.3,11353.73956,243.0555391,0,59.76597868
 02/03  08:00:00,-3.008333333,11397.48974,3839.648244,0,59.58572194
 02/03  09:00:00,-2.45,11482.2735,8116.642914,0,59.58141776
 02/03  10:00:00,-1.908333333,11565.87016,10736.48999,0,59.56457477
 02/03  11:00:00,-1.466666667,11635.04275,10609.29157,0,59.56289536
 02/03  12:00:00,-1.125,11689.17547,8953.72781,0,59.57731193
 02/03  13:00:00,-0.766666667,11746.55869,7109.411521,0,59.58835573
 02/03  14:00:00,-0.25,11830.36647,5180.222258,0,59.59916552
 02/03  15:00:00,0.291666667,11919.50139,3155.823312,0,59.59791815
 02/03  16:00:00,0.85,12012.84815,1711.777319,0,59.56492925
 02/03  17:00:00,0.341666667,11928.07099,1473.715231,0,59.55504748
 02/03  18:00:00,-0.958333333,11716.08621,1934.578335,0,59.54864504
 02/03  19:00:00,-2.258333333,11511.95569,3144.246886,0,59.58175093
 02/03  20:00:00,-3.325,11350.16448,6063.839258,0,59.59386386
 02/03  21:00:00,-4.283333333,11209.49932,7596.70554,0,59.58531208
 02/03  22:00:00,-5.225,11075.36716,7798.261561,0,59.58638833
 02/03  23:00:00,-5.833333333,10990.80724,6375.030824,0,59.59233435
 02/03  24:00:00,-6.175,10944.12449,4206.134266,0,59.59746555
 02/04  01:00:00,-6.533333333,9478.976594,992.2282129,0,59.65623154
 02/04  02:00:00,-6.933333333,959.0837244,0,0,59.96598278
 02/04  03:00:00,-7.275,437.5736709,0,0,59.96657416
 02/04  04:00:00,-7.633333333,373.4495443,0,0,59.96001291
 02/04  05:00:00,-8.033333333,884.6572277,0,0,59.95477327
 02/04  06:00:00,-8.375,5023.005492,0,0,59.95663677
 02/04  07:00:00,-8.733333333,10611.92523,495.75405,0,59.8306843
 02/04  08:00:00,-8.55,10634.75784,4540.725848,0,59.58989255
 02/04  09:00:00,-8.008333333,10702.99842,9313.240604,0,59.57129998
 02/04  10:00:00,-7.45,10774.80794,11486.62694,0,59.55605874
 02/04  11:00:00,-6.791666667,10861.34017,11407.07811,0,59.55623072
 02/04  12:00:00,-6.033333333,10963.51299,9798.850567,0,59.56976657
 02/04  13:00:00,-5.291666667,11065.96957,7878.902774,0,59.58546541
 02/04  14:00:00,-5.116666667,11090.43943,5973.423776,0,59.59089667
 02/04  15:00:00,-5.316666667,11062.38867,3818.520294,0,59.60018396
 02/04  16:00:00,-5.516666667,11034.52381,2800.639627,0,59.59001467
 02/04  17:00:00,-5.891666667,10982.8178,2310.406955,0,59.575392
 02/04  18:00:00,-6.45,10907.00607,2735.667933,0,59.57272122
 02/04  19:00:00,-6.991666667,10834.80114,4146.856135,0,59.57977754
 02/04  20:00:00,-7.608333333,10754.32722,6751.280402,0,59.59124449
 02/04  21:00:00,-8.366666667,10657.76172,8484.698646,0,59.58162113
 02/04  22:00:00,-9.108333333,10565.84785,8162.856747,0,59.5810834
 02/04  23:00:00,-9.516666667,10516.2656,7051.510587,0,59.58808356
 02/04  24:00:00,-9.716666667,10492.30464,4543.98293,0,59.59786522
 02/05  01:00:00,-9.916666667,10468.52957,1517.547293,0,59.577156
 02/05  02:00:00,-10.11666667,1203.967676,0,0,59.96025921
 02/05  03:00:00,-10.31666667,385.9660514,0,0,59.95979008
 02/05  04:00:00,-10.51666667,371.9068482,0,0,59.96077765
 02/05  05:00:00,-11.24166667,934.1757959,0,0,59.96609104
 02/05  06:00:00,-12.34166667,6783.716527,0,0,59.92244674
 02/05  07:00:00,-13.44166667,10080.22655,243.9239983,0,59.69953926
 02/05  08:00:00,-13.14166667,10111.1345,4193.881356,0,59.57653011
 02/05  09:00:00,-11.84166667,10249.51078,9203.012926,0,59.5754427
 02/05  10:00:00,-10.54166667,10395.74131,11771.64032,0,59.55325562
 02/05  11:00:00,-8.891666667,10593.01391,11672.39866,0,59.55488907
 02/05  12:00:00,-7.05,10827.6717,10291.80955,0,59.56744307
 02/05  13:00:00,-5.191666667,11080.57072,8055.711445,0,59.58179726
 02/05  14:00:00,-4.166666667,11226.2418,5798.882964,0,59.59558779
 02/05  15:00:00,-3.825,11276.08722,4114.571059,0,59.60053878
 02/05  16:00:00,-3.466666667,11328.97399,2598.307767,0,59.59048555
 02/05  17:00:00,-3.941666667,11259.21219,2290.920723,0,59.58057028
 02/05  18:00:00,-5.1,11093.04895,2550.263744,0,59.58446602
 02/05  19:00:00,-6.241666667,10935.29234,4092.39384,0,59.58588183
 02/05  20:00:00,-6.991666667,10834.80114,6344.75975,0,59.5908977
 02/05  21:00:00,-7.55,10761.84374,8520.076898,0,59.58209841
 02/05  22:00:00,-8.091666667,10692.40793,8100.039477,0,59.57915737
 02/05  23:00:00,-8.533333333,10636.80021,6953.830991,0,59.59153453
 02/05  24:00:00,-8.875,10594.40476,4536.013273,0,59.60048433
 02/06  01:00:00,-9.233333333,10390.07108,1267.66271,0,59.5899159
 02/06  02:00:00,-9.75,963.9724943,0,0,59.96536366
 02/06  03:00:00,-10.29166667,438.4132359,0,0,59.96637403
 02/06  04:00:00,-10.85,373.9025121,0,0,59.95999043
 02/06  05:00:00,-11.45,885.3246542,0,0,59.95482577
 02/06  06:00:00,-11.99166667,5030.303672,0,0,59.95184558
 02/06  07:00:00,-12.55,10172.88918,495.4578421,0,59.83086083
 02/06  08:00:00,-11.925,10240.51033,4690.28005,0,59.59503793
 02/06  09:00:00,-10.425,10409.35406,9477.172526,0,59.57261113
 02/06  10:00:00,-8.925,10588.65464,12070.36822,0,59.55261372
 02/06  11:00:00,-7.133333333,10816.85314,11618.39924,0,59.55609244
 02/06  12:00:00,-5.075,11097.12946,10037.53475,0,59.5666304
 02/06  13:00:00,-3.033333333,11394.43427,7810.798145,0,59.58133448
 02/06  14:00:00,-1.908333333,11565.87016,5739.090242,0,59.59647092
 02/06  15:00:00,-1.35,11653.50825,3768.322459,0,59.59714199
 02/06  16:00:00,-0.808333333,11739.87404,2299.395563,0,59.58648029
 02/06  17:00:00,-1.475,11634.12237,1992.393963,0,59.56842079
 02/06  18:00:00,-2.916666667,11411.62859,2175.02566,0,59.55656332
 02/06  19:00:00,-4.375,11196.49996,3562.911213,0,59.58451775
 02/06  20:00:00,-5.35,11057.79186,6275.276205,0,59.58598184
 02/06  21:00:00,-5.891666667,10982.8178,8147.010637,0,59.58056853
 02/06  22:00:00,-6.45,10907.00607,7886.957541,0,59.58455411
 02/06  23:00:00,-6.816666667,10857.93355,6653.961938,0,59.5904781
 02/06  24:00:00,-6.958333333,10839.15868,4455.674147,0,59.59487695
 02/07  01:00:00,-7.116666667,9868.988336,1003.762965,0,59.6225792
 02/07  02:00:00,-7.083333333,961.4905527,0,0,59.96592402
 02/07  03:00:00,-6.941666667,438.8733426,0,0,59.96703148
 02/07  04:00:00,-6.783333333,371.2742584,0,0,59.96071705
 02/07  05:00:00,-6.7,884.7036094,0,0,59.95501872
 02/07  06:00:00,-6.7,5026.484038,0,0,59.95797524
 02/07  07:00:00,-6.7,10873.45306,496.0607809,0,59.83215045
 02/07  08:00:00,-6.35,10920.48149,4541.931415,0,59.58426983
 02/07  09:00:00,-5.808333333,10994.26033,8869.641385,0,59.57528157
 02/07  10:00:00,-5.25,11071.77851,11409.75996,0,59.55646421
 02/07  11:00:00,-3.891666667,11266.97881,11248.30165,0,59.55803376
 02/07  12:00:00,-2.05,11544.43224,9592.393695,0,59.57181049
 02/07  13:00:00,-0.191666667,11840.51419,7223.22296,0,59.58259073
 02/07  14:00:00,0.891666667,12019.85016,5199.735671,0,59.59618058
 02/07  15:00:00,1.45,12114.75383,3449.502892,0,59.59767231
 02/07  16:00:00,1.991666667,12208.16831,1730.745843,0,59.57613413
 02/07  17:00:00,1.033333333,12044.49377,1475.23776,0,59.55465971
 02/07  18:00:00,-1.025,11705.939,1692.261324,0,59.55277626
 02/07  19:00:00,-3.066666667,11389.42349,3396.837847,0,59.57368904
 02/07  20:00:00,-3.9,11265.07923,5817.929487,0,59.59293547
 02/07  21:00:00,-3.9,11265.07923,7852.013446,0,59.58004955
 02/07  22:00:00,-3.9,11265.07923,7773.010396,0,59.58337413
 02/07  23:00:00,-4.25,11214.20112,6222.91028,0,59.59418917
 02/07  24:00:00,-4.791666667,11136.45793,4146.566328,0,59.59817807
 02/08  01:00:00,-5.35,8894.701657,977.590779,0,59.64229976
 02/08  02:00:00,-5.891666667,947.0561809,0,0,59.96827454
 02/08  03:00:00,-6.45,687.4832295,0,0,59.9607641
 02/08  04:00:00,-6.991666667,371.5750979,0,0,59.9605361
 02/08  05:00:00,-6.791666667,637.3219816,0,0,59.95462741
 02/08  06:00:00,-6.033333333,7308.520405,0,0,59.95006821
 02/08  07:00:00,-5.291666667,11065.96957,243.6896261,0,59.74222864
 02/08  08:00:00,-3.191666667,11371.73524,3891.172974,0,59.58615775
 02/08  09:00:00,-0.033333333,11867.72516,8472.763971,0,59.57499375
 02/08  10:00:00,3.108333333,12406.85386,10704.80202,0,59.56324886
 02/08  11:00:00,4.75,12705.14168,10173.88734,0,59.5656674
 02/08  12:00:00,5.291666667,12806.86355,8295.88556,0,59.58153824
 02/08  13:00:00,5.85,12913.18455,6257.088005,0,59.5939481
 02/08  14:00:00,6.216666667,12983.72159,4228.524778,0,59.59604153
 02/08  15:00:00,6.416666667,13022.49256,2038.225531,0,59.58573985
 02/08  16:00:00,6.616666667,13061.44943,964.6325965,0,59.51947004
 02/08  17:00:00,6.175,12975.81267,301.0276566,0,59.44511579
 02/08  18:00:00,5.216666667,12792.83599,962.4057085,0,59.45826659
 02/08  19:00:00,4.275,12617.12815,2305.222131,0,59.56655139
 02/08  20:00:00,3.491666667,12474.07359,4889.587855,0,59.59439216
 02/08  21:00:00,2.733333333,12338.38784,6708.43346,0,59.59232139
 02/08  22:00:00,1.991666667,12208.2135,6618.832751,0,59.59063597
 02/08  23:00:00,1.35,12097.65336,5263.483738,0,59.59843115
 02/08  24:00:00,0.808333333,12005.81278,2913.755714,0,59.59631194
 02/09  01:00:00,0.25,6427.839013,487.0919765,0,59.78211391
 02/09  02:00:00,-0.35,1110.752068,0,0,59.96360831
 02/09  03:00:00,-0.891666667,830.4626217,0,0,59.95664234
 02/09  04:00:00,-1.45,372.3161654,0,0,59.96053243
 02/09  05:00:00,-1.933333333,1428.38042,0,0,59.96026997
 02/09  06:00:00,-2.275,7031.30356,0,0,59.95549221
 02/09  07:00:00,-2.633333333,7629.390603,245.9497556,0,59.90954039
 02/09  08:00:00,-2.391666667,11491.2374,4477.666424,0,59.60269231
 02/09  09:00:00,-1.633333333,11608.91735,9099.768758,0,59.57279594
 02/09  10:00:00,-0.891666667,11726.54024,11103.55963,0,59.557786
 02/09  11:00:00,0.275,11917.11434,10578.51848,0,59.56175099
 02/09  12:00:00,1.775,12171.00714,9087.884862,0,59.57417144
 02/09  13:00:00,3.275,12435.35679,6758.635504,0,59.58768121
 02/09  14:00:00,3.783333333,12526.8982,4777.382724,0,59.60032569
 02/09  15:00:00,3.583333333,12490.57491,2586.496178,0,59.59523982
 02/09  16:00:00,3.383333333,12454.43752,1469.535077,0,59.55980496
 02/09  17:00:00,2.775,12345.80726,966.2487635,0,59.52253607
 02/09  18:00:00,1.875,12188.03402,1388.140338,0,59.50927688
 02/09  19:00:00,0.975,12034.02524,2833.111283,0,59.56758405
 02/09  20:00:00,0.133333333,11893.3729,5667.111967,0,59.59272092
 02/09  21:00:00,-0.608333333,11772.16047,7255.44456,0,59.5853993
 02/09  22:00:00,-1.366666667,11650.92454,7188.239525,0,59.58877872
 02/09  23:00:00,-1.7,11598.34671,5711.864789,0,59.59634155
 02/09  24:00:00,-1.7,11598.34671,3715.83905,0,59.59909282
 02/10  01:00:00,-1.7,7667.731289,491.4139048,0,59.72403917
 02/10  02:00:00,-1.933333333,1114.786952,0,0,59.96357088
 02/10  03:00:00,-2.275,830.4459911,0,0,59.95671613
 02/10  04:00:00,-2.633333333,371.9648384,0,0,59.96064689
 02/10  05:00:00,-2.683333333,1427.840012,0,0,59.96037563
 02/10  06:00:00,-2.483333333,7030.661121,0,0,59.95476021
 02/10  07:00:00,-2.283333333,7675.282843,246.0487306,0,59.90968308
 02/10  08:00:00,-1.908333333,11565.87016,4490.901571,0,59.60292275
 02/10  09:00:00,-1.35,11653.50825,9036.567684,0,59.57413059
 02/10  10:00:00,-0.808333333,11739.87404,11061.55106,0,59.55825796
 02/10  11:00:00,-0.25,11830.36647,10559.31008,0,59.5619485
 02/10  12:00:00,0.291666667,11919.50139,9122.843961,0,59.5748506
 02/10  13:00:00,0.85,12012.84815,6856.674992,0,59.58923294
 02/10  14:00:00,1.216666667,12074.86479,4897.182926,0,59.59919947
 02/10  15:00:00,1.416666667,12108.98826,3108.235791,0,59.59159627
 02/10  16:00:00,1.616666667,12143.29764,1697.339423,0,59.56263907
 02/10  17:00:00,1.466666667,12117.57077,1195.89076,0,59.52905615
 02/10  18:00:00,1.125,12059.2964,1644.207624,0,59.53942666
 02/10  19:00:00,0.766666667,11998.78925,3154.133809,0,59.58877616
 02/10  20:00:00,0.716666667,11990.3694,5716.348135,0,59.59478487
 02/10  21:00:00,0.858333333,12014.18615,7243.597194,0,59.58736112
 02/10  22:00:00,1.016666667,12040.92721,7113.885302,0,59.58800087
 02/10  23:00:00,1.216666667,12074.86479,5673.824229,0,59.59444766
 02/10  24:00:00,1.416666667,12108.98826,3203.395499,0,59.59498034
 02/11  01:00:00,1.616666667,6791.996197,482.8871842,0,59.72645104
 02/11  02:00:00,1.583333333,1112.052561,0,0,59.96374954
 02/11  03:00:00,1.383333333,830.3549998,0,0,59.95678261
 02/11  04:00:00,1.183333333,371.8871719,0,0,59.96062082
 02/11  05:00:00,0.983333333,1428.044802,0,0,59.96034952
 02/11  06:00:00,0.841666667,5896.116213,0,0,59.96271517
 02/11  07:00:00,0.683333333,9984.984502,245.4071759,0,59.87145408
 02/11  08:00:00,0.716666667,11990.3694,4546.116097,0,59.59163328
 02/11  09:00:00,0.858333333,12014.18615,8529.73166,0,59.5758299
 02/11  10:00:00,1.016666667,12040.92721,10676.09741,0,59.56348159
 02/11  11:00:00,1.508333333,12124.77504,10308.91143,0,59.56661777
 02/11  12:00:00,2.266666667,12256.19994,8702.957162,0,59.57965462
 02/11  13:00:00,3.008333333,12387.26569,6532.20651,0,59.59040432
 02/11  14:00:00,3.3,12439.42761,4458.529614,0,59.59434917
 02/11  15:00:00,3.3,12439.42761,2593.095551,0,59.59293316
 02/11  16:00:00,3.3,12439.42761,1469.010799,0,59.55811774
 02/11  17:00:00,3.066666667,12397.62277,965.9006756,0,59.51795605
 02/11  18:00:00,2.725,12336.80777,1418.345712,0,59.51600159
 02/11  19:00:00,2.366666667,12273.63606,2740.064089,0,59.55978118
 02/11  20:00:00,2.433333333,12285.34621,5299.371823,0,59.59407571
 02/11  21:00:00,2.775,12345.67171,7080.816961,0,59.58893569
 02/11  22:00:00,3.133333333,12409.5498,6733.086377,0,59.59199128
 02/11  23:00:00,3.533333333,12481.54573,5196.892239,0,59.59004453
 02/11  24:00:00,3.875,12543.61792,2888.498183,0,59.5947175
 02/12  01:00:00,4.233333333,5695.823283,242.9239628,0,59.78399346
 02/12  02:00:00,4.4,2256.166296,0,0,59.95940668
 02/12  03:00:00,4.4,385.2310587,0,0,59.9599613
 02/12  04:00:00,4.4,370.2918954,0,0,59.96126693
 02/12  05:00:00,4.4,934.1191102,0,0,59.96644398
 02/12  06:00:00,4.4,6089.057376,0,0,59.95066074
 02/12  07:00:00,4.4,10533.38145,244.433479,0,59.8717852
 02/12  08:00:00,4.283333333,12618.51973,4280.201715,0,59.59973104
 02/12  09:00:00,4.141666667,12592.43669,8299.818863,0,59.57252295
 02/12  10:00:00,3.983333333,12563.40739,10085.18251,0,59.56736962
 02/12  11:00:00,4.308333333,12623.21603,9712.306057,0,59.57071965
 02/12  12:00:00,5.066666667,12764.50911,8130.389166,0,59.5838143
 02/12  13:00:00,5.808333333,12905.22615,6019.90022,0,59.592873
 02/12  14:00:00,6.45,13029.03271,4059.987074,0,59.59603057
 02/12  15:00:00,6.991666667,13135.03415,2180.027147,0,59.56545312
 02/12  16:00:00,7.55,13245.76639,480.0242782,0,59.489009
 02/12  17:00:00,6.516666667,13042.85144,600.2712789,0,59.42590729
 02/12  18:00:00,4.258333333,12614.89946,479.2657723,0,59.46546751
 02/12  19:00:00,2.016666667,12213.37777,2566.060833,0,59.56846787
 02/12  20:00:00,0.983333333,12035.28902,4931.393363,0,59.59300951
 02/12  21:00:00,0.841666667,12011.37868,7111.963755,0,59.58755893
 02/12  22:00:00,0.683333333,11984.77769,6996.983747,0,59.59110454
 02/12  23:00:00,0.6,11970.81347,5466.99065,0,59.59745406
 02/12  24:00:00,0.6,11970.81347,3337.348059,0,59.59478668
 02/13  01:00:00,0.6,7079.268683,244.1044027,0,59.74885122
 02/13  02:00:00,0.6,1112.544483,0,0,59.96389569
 02/13  03:00:00,0.6,830.5840491,0,0,59.95674348
 02/13  04:00:00,0.6,372.040143,0,0,59.96059628
 02/13  05:00:00,0.716666667,1428.371721,0,0,59.96033015
 02/13  06:00:00,0.858333333,5897.497687,0,0,59.96269144
 02/13  07:00:00,1.016666667,10036.45489,245.3600096,0,59.87142706
 02/13  08:00:00,1.625,12144.8762,4447.475803,0,59.58676347
 02/13  09:00:00,2.583333333,12311.9277,8531.787815,0,59.57652918
 02/13  10:00:00,3.525,12480.1606,10452.07666,0,59.56569746
 02/13  11:00:00,4.25,12612.43573,10071.37865,0,59.56900918
 02/13  12:00:00,4.791666667,12712.89891,8145.10824,0,59.57991919
 02/13  13:00:00,5.35,12817.92249,6193.725007,0,59.59473189
 02/13  14:00:00,5.833333333,12909.95278,4110.85016,0,59.60092127
 02/13  15:00:00,6.175,12975.67712,2291.097692,0,59.58723384
 02/13  16:00:00,6.533333333,13045.2174,963.4133336,0,59.51455131
 02/13  17:00:00,6.175,12975.81267,302.4013205,0,59.46614765
 02/13  18:00:00,5.216666667,12792.83599,958.397966,0,59.46841081
 02/13  19:00:00,4.275,12617.12815,2302.909307,0,59.57015394
 02/13  20:00:00,3.55,12484.59935,4884.879602,0,59.59711067
 02/13  21:00:00,3.008333333,12387.22051,6696.256516,0,59.5921439
 02/13  22:00:00,2.45,12288.31462,6668.745834,0,59.5886235
 02/13  23:00:00,1.908333333,12193.70491,5249.94747,0,59.59058839
 02/13  24:00:00,1.35,12097.65336,2887.024279,0,59.59513853
 02/14  01:00:00,0.808333333,6507.619828,245.321595,0,59.78602719
 02/14  02:00:00,0.891666667,1111.190683,0,0,59.95871833
 02/14  03:00:00,1.45,830.5595061,0,0,59.95975525
 02/14  04:00:00,1.991666667,371.8999344,0,0,59.96135624
 02/14  05:00:00,1.908333333,1428.28362,0,0,59.96648356
 02/14  06:00:00,1.35,5896.622986,0,0,59.9484402
 02/14  07:00:00,0.808333333,9998.992835,245.3600308,0,59.91076675
 02/14  08:00:00,0.833333333,12010.00366,4529.13474,0,59.60461986
 02/14  09:00:00,1.175,12067.78854,8568.921053,0,59.57777213
 02/14  10:00:00,1.533333333,12129.00207,10560.1941,0,59.56389034
 02/14  11:00:00,2.108333333,12228.51648,10256.21605,0,59.56637136
 02/14  12:00:00,2.866666667,12362.05599,8585.285757,0,59.57481483
 02/14  13:00:00,3.608333333,12495.18988,6424.821157,0,59.59141256
 02/14  14:00:00,3.9,12548.16511,4478.96893,0,59.59672427
 02/14  15:00:00,3.9,12548.16511,2566.21179,0,59.58181558
 02/14  16:00:00,3.9,12548.16511,1221.723223,0,59.55327965
 02/14  17:00:00,3.491666667,12474.07359,934.3006841,0,59.50627794
 02/14  18:00:00,2.733333333,12338.38784,1234.471649,0,59.52460013
 02/14  19:00:00,1.991666667,12208.2135,2783.009081,0,59.54724942
 02/14  20:00:00,1.7,12157.64055,5320.59262,0,59.59313728
 02/14  21:00:00,1.7,12157.64055,7146.227508,0,59.5885753
 02/14  22:00:00,1.7,12157.64055,6923.466347,0,59.58906816
 02/14  23:00:00,1.466666667,12117.57077,5384.044254,0,59.5971141
 02/14  24:00:00,1.125,12059.2964,3194.801883,0,59.59732518
 02/15  01:00:00,0.766666667,6612.713835,481.2321488,0,59.73946406
 02/15  02:00:00,0.366666667,1111.618283,0,0,59.96357758
 02/15  03:00:00,-0.033333333,830.5043328,0,0,59.95677278
 02/15  04:00:00,-0.433333333,371.8629751,0,0,59.96064767
 02/15  05:00:00,-0.483333333,1428.132853,0,0,59.96037605
 02/15  06:00:00,-0.283333333,5897.175068,0,0,59.96288078
 02/15  07:00:00,-0.083333333,9883.605791,245.7538598,0,59.8713408
 02/15  08:00:00,0.116666667,11890.50862,4554.954164,0,59.59366026
 02/15  09:00:00,0.316666667,11923.60965,8603.536832,0,59.57487737
 02/15  10:00:00,0.516666667,11956.89658,10889.84636,0,59.56317049
 02/15  11:00:00,1.008333333,12039.6019,10176.64032,0,59.56582946
 02/15  12:00:00,1.766666667,12169.26463,8745.531924,0,59.57985757
 02/15  13:00:00,2.508333333,12298.60694,6648.187094,0,59.59025495
 02/15  14:00:00,2.916666667,12370.83989,4809.827094,0,59.59981078
 02/15  15:00:00,3.058333333,12396.10511,2598.389107,0,59.5946406
 02/15  16:00:00,3.216666667,12424.46504,1431.875935,0,59.54746487
 02/15  17:00:00,3.008333333,12387.22051,980.8980114,0,59.52704995
 02/15  18:00:00,2.45,12288.31462,1463.780204,0,59.54239944
 02/15  19:00:00,1.908333333,12193.70491,2889.981351,0,59.5860492
 02/15  20:00:00,1.583333333,12137.5665,5336.371465,0,59.59032899
 02/15  21:00:00,1.383333333,12103.28811,7181.566933,0,59.59019174
 02/15  22:00:00,1.183333333,12069.19561,7067.625433,0,59.58896352
 02/15  23:00:00,0.983333333,12035.28902,5339.873372,0,59.5980117
 02/15  24:00:00,0.841666667,12011.37868,3223.000064,0,59.59744916
 02/16  01:00:00,0.683333333,6772.462946,487.9484835,0,59.75757606
 02/16  02:00:00,0.6,1112.476695,0,0,59.96369242
 02/16  03:00:00,0.6,830.472694,0,0,59.95680498
 02/16  04:00:00,0.6,371.7169101,0,0,59.96066671
 02/16  05:00:00,0.6,1427.908779,0,0,59.96039309
 02/16  06:00:00,0.6,5897.643479,0,0,59.96252233
 02/16  07:00:00,0.6,9975.677888,245.473964,0,59.87155945
 02/16  08:00:00,1.008333333,12039.6019,4506.69568,0,59.58819212
 02/16  09:00:00,1.766666667,12169.26463,8551.306861,0,59.57523963
 02/16  10:00:00,2.508333333,12298.60694,10626.13209,0,59.56407226
 02/16  11:00:00,3.033333333,12391.667,10128.61901,0,59.56616929
 02/16  12:00:00,3.375,12452.94525,8441.198552,0,59.5810547
 02/16  13:00:00,3.733333333,12517.82254,6372.175143,0,59.59220126
 02/16  14:00:00,3.783333333,12526.8982,4446.042571,0,59.60102942
 02/16  15:00:00,3.583333333,12490.57491,2565.191095,0,59.58815645
 02/16  16:00:00,3.383333333,12454.43752,1220.343313,0,59.55169208
 02/16  17:00:00,3.066666667,12397.62277,964.3562794,0,59.51053408
 02/16  18:00:00,2.725,12336.80777,1238.192244,0,59.53747505
 02/16  19:00:00,2.366666667,12273.63606,2794.860325,0,59.57294119
 02/16  20:00:00,1.966666667,12203.80896,5301.177384,0,59.59357179
 02/16  21:00:00,1.625,12144.74064,7104.321776,0,59.58875458
 02/16  22:00:00,1.266666667,12083.40082,7049.75143,0,59.58942272
 02/16  23:00:00,0.866666667,12015.61861,5341.027096,0,59.5980392
 02/16  24:00:00,0.525,11958.29698,3200.181298,0,59.59778598
 02/17  01:00:00,0.166666667,6746.010638,485.8014277,0,59.75569235
 02/17  02:00:00,0,1112.625653,0,0,59.96363644
 02/17  03:00:00,0,830.3355045,0,0,59.95683893
 02/17  04:00:00,0,371.5365285,0,0,59.96071483
 02/17  05:00:00,0,1427.575413,0,0,59.96043521
 02/17  06:00:00,0,5896.421685,0,0,59.96276478
 02/17  07:00:00,0,9892.73167,245.7071204,0,59.87121295
 02/17  08:00:00,0.116666667,11890.50862,4549.015828,0,59.59334031
 02/17  09:00:00,0.316666667,11923.60965,8601.708048,0,59.57483614
 02/17  10:00:00,0.516666667,11956.89658,10887.92051,0,59.56319792
 02/17  11:00:00,0.6,11970.81347,10181.66005,0,59.56579163
 02/17  12:00:00,0.6,11970.81347,8792.499755,0,59.576646
 02/17  13:00:00,0.6,11970.81347,6877.177972,0,59.5874162
 02/17  14:00:00,0.891666667,12019.85016,4872.418783,0,59.59892904
 02/17  15:00:00,1.45,12114.75383,2874.792948,0,59.5967049
 02/17  16:00:00,1.991666667,12208.16831,1735.775718,0,59.57014333
 02/17  17:00:00,2.2,12244.42095,1202.77263,0,59.53783199
 02/17  18:00:00,2.2,12244.42095,1678.071469,0,59.53698221
 02/17  19:00:00,2.2,12244.42095,2903.340691,0,59.5896979
 02/17  20:00:00,1.791666667,12173.55556,5475.691802,0,59.59647796
 02/17  21:00:00,1.033333333,12043.8612,7110.361628,0,59.58746768
 02/17  22:00:00,0.291666667,11919.54657,7086.628817,0,59.59089827
 02/17  23:00:00,-0.116666667,11852.12571,5556.760922,0,59.59719929
 02/17  24:00:00,-0.316666667,11819.42746,3270.481405,0,59.5954791
 02/18  01:00:00,-0.516666667,7092.103659,491.8248344,0,59.73551112
 02/18  02:00:00,-0.6,1112.661398,0,0,59.96381919
 02/18  03:00:00,-0.6,830.6412441,0,0,59.95667706
 02/18  04:00:00,-0.6,372.1658932,0,0,59.96055799
 02/18  05:00:00,-0.6,1428.567554,0,0,59.96029347
 02/18  06:00:00,-0.6,7052.968789,0,0,59.96363473
 02/18  07:00:00,-0.6,7848.943759,246.3802489,0,59.90994806
 02/18  08:00:00,-0.25,11830.36647,4410.14359,0,59.5973693
 02/18  09:00:00,0.291666667,11919.50139,8904.596678,0,59.57031145
 02/18  10:00:00,0.85,12012.84815,10836.45431,0,59.5627985
 02/18  11:00:00,1.508333333,12124.77504,10419.14843,0,59.56370967
 02/18  12:00:00,2.266666667,12256.19994,8698.314201,0,59.57906273
 02/18  13:00:00,3.008333333,12387.26569,6592.140844,0,59.5900928
 02/18  14:00:00,3.183333333,12418.48603,4736.368379,0,59.59810722
 02/18  15:00:00,3.041666667,12393.12722,2652.456975,0,59.59310472
 02/18  16:00:00,2.883333333,12364.90736,1468.22405,0,59.56068968
 02/18  17:00:00,2.45,12288.31462,969.720592,0,59.52181692
 02/18  18:00:00,1.908333333,12193.70491,1456.502027,0,59.53202849
 02/18  19:00:00,1.35,12097.65336,2886.742808,0,59.58651211
 02/18  20:00:00,0.866666667,12015.61861,5491.925221,0,59.59336004
 02/18  21:00:00,0.525,11958.29698,7272.534073,0,59.58778274
 02/18  22:00:00,0.166666667,11898.78904,6968.5806,0,59.5862744
 02/18  23:00:00,-0.35,11814.05607,5695.838873,0,59.59513098
 02/18  24:00:00,-0.891666667,11726.49506,3471.002327,0,59.59872011
 02/19  01:00:00,-1.45,7269.313799,490.2142299,0,59.71288594
 02/19  02:00:00,-1.933333333,1114.334279,0,0,59.96325726
 02/19  03:00:00,-2.275,830.4514837,0,0,59.95671117
 02/19  04:00:00,-2.633333333,371.7969046,0,0,59.9606468
 02/19  05:00:00,-2.566666667,1427.731912,0,0,59.9603747
 02/19  06:00:00,-2.225,7034.634358,0,0,59.95590883
 02/19  07:00:00,-1.866666667,7721.815405,246.1415909,0,59.90968288
 02/19  08:00:00,-1.35,11653.50825,4353.810106,0,59.60661146
 02/19  09:00:00,-0.808333333,11739.87404,9112.75707,0,59.57118914
 02/19  10:00:00,-0.25,11830.36647,10891.05951,0,59.56161392
 02/19  11:00:00,0.641666667,11978.01558,10748.06441,0,59.56316329
 02/19  12:00:00,1.741666667,12165.05567,8852.783147,0,59.57806346
 02/19  13:00:00,2.841666667,12357.71923,6700.09954,0,59.5899372
 02/19  14:00:00,3.3,12439.42761,4809.853079,0,59.59994
 02/19  15:00:00,3.3,12439.42761,2600.892003,0,59.59488991
 02/19  16:00:00,3.3,12439.42761,1448.094022,0,59.55105899
 02/19  17:00:00,2.541666667,12304.70729,968.1105111,0,59.52049454
 02/19  18:00:00,1.241666667,12079.43069,1465.214979,0,59.54384067
 02/19  19:00:00,-0.058333333,11862.00835,3132.872227,0,59.58728921
 02/19  20:00:00,-0.483333333,11792.32093,5434.012255,0,59.59247925
 02/19  21:00:00,-0.283333333,11824.86426,7349.28772,0,59.58681104
 02/19  22:00:00,-0.083333333,11857.59349,7226.389458,0,59.58559254
 02/19  23:00:00,-0.233333333,11833.05173,5873.687104,0,59.59435348
 02/19  24:00:00,-0.575,11777.47678,3532.036483,0,59.59454607
 02/20  01:00:00,-0.933333333,7338.970735,486.3963258,0,59.71332741
 02/20  02:00:00,-1.216666667,1114.820675,0,0,59.96363123
 02/20  03:00:00,-1.416666667,830.4275472,0,0,59.95674443
 02/20  04:00:00,-1.616666667,371.800621,0,0,59.96065837
 02/20  05:00:00,-1.7,1427.658145,0,0,59.96038691
 02/20  06:00:00,-1.7,7039.339998,0,0,59.95841123
 02/20  07:00:00,-1.7,7732.231137,246.1511056,0,59.91020344
 02/20  08:00:00,-1.7,11598.34671,4350.994302,0,59.60679358
 02/20  09:00:00,-1.7,11598.34671,9127.961245,0,59.57352289
 02/20  10:00:00,-1.7,11598.34671,10955.51991,0,59.56109245
 02/20  11:00:00,-1.35,11653.50825,10900.84496,0,59.56229471
 02/20  12:00:00,-0.808333333,11739.87404,8941.585339,0,59.5769554
 02/20  13:00:00,-0.25,11830.36647,7116.483772,0,59.58574325
 02/20  14:00:00,0.408333333,11938.9278,5108.6081,0,59.594129
 02/20  15:00:00,1.166666667,12066.47592,3137.206644,0,59.59179771
 02/20  16:00:00,1.908333333,12193.7501,1741.301042,0,59.57481104
 02/20  17:00:00,1.675,12153.48452,1471.579016,0,59.55080874
 02/20  18:00:00,0.716666667,11990.55014,1678.507244,0,59.54299077
 02/20  19:00:00,-0.225,11834.53605,3167.310974,0,59.5852081
 02/20  20:00:00,-0.6,11773.41564,5681.790424,0,59.58961904
 02/20  21:00:00,-0.6,11773.41564,7344.86154,0,59.58627656
 02/20  22:00:00,-0.6,11773.41564,7284.848298,0,59.58907445
 02/20  23:00:00,-0.833333333,11735.84001,5923.922721,0,59.59189306
 02/20  24:00:00,-1.175,11681.2178,3547.701773,0,59.5985732
 02/21  01:00:00,-1.533333333,7580.207852,489.7158479,0,59.7216402
 02/21  02:00:00,-1.933333333,1116.161563,0,0,59.96323226
 02/21  03:00:00,-2.275,830.8875001,0,0,59.95652041
 02/21  04:00:00,-2.633333333,372.5514457,0,0,59.9604594
 02/21  05:00:00,-2.916666667,1428.872045,0,0,59.96021084
 02/21  06:00:00,-3.058333333,7025.026659,0,0,59.95275969
 02/21  07:00:00,-3.216666667,7574.137783,245.8953596,0,59.90923213
 02/21  08:00:00,-2.775,11432.84231,4479.202723,0,59.6031322
 02/21  09:00:00,-1.875,11571.16581,9091.41594,0,59.57309501
 02/21  10:00:00,-0.975,11713.25378,11213.26362,0,59.55939025
 02/21  11:00:00,0.275,11917.11434,10606.62802,0,59.56147145
 02/21  12:00:00,1.775,12171.00714,9098.884514,0,59.5746858
 02/21  13:00:00,3.275,12435.35679,6762.333252,0,59.58769306
 02/21  14:00:00,3.9,12548.16511,4795.458414,0,59.60028668
 02/21  15:00:00,3.9,12548.16511,2586.195175,0,59.59511706
 02/21  16:00:00,3.9,12548.16511,1370.047752,0,59.52890605
 02/21  17:00:00,3.55,12484.59935,954.8452912,0,59.50920684
 02/21  18:00:00,3.008333333,12387.22051,1459.555587,0,59.52713858
 02/21  19:00:00,2.45,12288.31462,2793.177103,0,59.58200609
 02/21  20:00:00,1.908333333,12193.70491,5241.932882,0,59.59713506
 02/21  21:00:00,1.35,12097.65336,6991.776182,0,59.59007169
 02/21  22:00:00,0.808333333,12005.81278,6999.122864,0,59.58881288
 02/21  23:00:00,0.366666667,11931.93654,5401.681679,0,59.59557925
 02/21  24:00:00,-0.033333333,11865.82743,3283.365412,0,59.59744617
 02/22  01:00:00,-0.433333333,6870.710879,486.72498,0,59.73887447
 02/22  02:00:00,-0.716666667,1112.190848,0,0,59.96358315
 02/22  03:00:00,-0.858333333,830.1827814,0,0,59.95670564
 02/22  04:00:00,-1.016666667,371.8390457,0,0,59.96061022
 02/22  05:00:00,-1.333333333,1427.595116,0,0,59.96034057
 02/22  06:00:00,-1.675,7036.623223,0,0,59.95844221
 02/22  07:00:00,-2.033333333,7690.728288,246.0649838,0,59.90964953
 02/22  08:00:00,-1.441666667,11639.2743,4352.911112,0,59.60670267
 02/22  09:00:00,-0.141666667,11848.3389,9128.463101,0,59.57169217
 02/22  10:00:00,1.158333333,12065.25776,10957.86513,0,59.56179779
 02/22  11:00:00,2.866666667,12362.68857,10398.89074,0,59.56549071
 02/22  12:00:00,4.925,12738.62573,8630.605103,0,59.58049187
 02/22  13:00:00,6.966666667,13130.8168,6262.098407,0,59.59373906
 02/22  14:00:00,7.683333333,13272.35902,4144.110966,0,59.6008562
 02/22  15:00:00,7.483333333,13232.41069,2296.415469,0,59.58365481
 02/22  16:00:00,7.283333333,13192.64826,716.5247134,0,59.50436522
 02/22  17:00:00,6.791666667,13095.7739,300.4488434,0,59.39962972
 02/22  18:00:00,6.033333333,12948.45781,783.5626395,0,59.46388172
 02/22  19:00:00,5.291666667,12806.90874,2046.229909,0,59.56633987
 02/22  20:00:00,4.883333333,12729.99925,4884.978422,0,59.59741189
 02/22  21:00:00,4.683333333,12692.65351,6419.523841,0,59.59338869
 02/22  22:00:00,4.483333333,12655.49367,6418.745618,0,59.59208225
 02/22  23:00:00,4.283333333,12618.51973,4845.058428,0,59.59660365
 02/22  24:00:00,4.141666667,12592.43669,2595.261055,0,59.592843
 02/23  01:00:00,3.983333333,4977.786727,238.9699103,0,59.8186677
 02/23  02:00:00,4.016666667,2251.049796,0,0,59.9596246
 02/23  03:00:00,4.158333333,381.84606,0,0,59.96035749
 02/23  04:00:00,4.316666667,370.2194511,0,0,59.96082687
 02/23  05:00:00,4.166666667,932.6858309,0,0,59.96670177
 02/23  06:00:00,3.825,6085.265637,0,0,59.95043111
 02/23  07:00:00,3.466666667,10386.22297,244.4851989,0,59.87243405
 02/23  08:00:00,3.65,12502.72226,4293.415302,0,59.59964517
 02/23  09:00:00,4.191666667,12601.67501,8347.053957,0,59.58248751
 02/23  10:00:00,4.75,12705.14168,10204.05161,0,59.56599096
 02/23  11:00:00,5,12751.86258,9727.234505,0,59.5712633
 02/23  12:00:00,5,12751.86258,7944.966171,0,59.58036397
 02/23  13:00:00,5,12751.86258,6117.890176,0,59.59556112
 02/23  14:00:00,5.35,12817.92249,4061.524834,0,59.59527355
 02/23  15:00:00,5.891666667,12921.1548,2279.547497,0,59.5854409
 02/23  16:00:00,6.45,13029.03271,722.6448548,0,59.52416443
 02/23  17:00:00,6.058333333,12953.38002,538.1371995,0,59.45581717
 02/23  18:00:00,4.9,12733.38336,721.6600161,0,59.45558587
 02/23  19:00:00,3.758333333,12522.5679,2521.478235,0,59.56129635
 02/23  20:00:00,3.183333333,12418.48603,4960.469362,0,59.59636043
 02/23  21:00:00,3.041666667,12393.12722,6701.677372,0,59.59018975
 02/23  22:00:00,2.883333333,12364.90736,6590.428131,0,59.58874275
 02/23  23:00:00,2.683333333,12329.42062,5226.920591,0,59.5954484
 02/23  24:00:00,2.483333333,12294.11978,2892.473253,0,59.59486628
 02/24  01:00:00,2.283333333,5720.045102,240.0659853,0,59.79017761
 02/24  02:00:00,1.966666667,2250.526365,0,0,59.95951068
 02/24  03:00:00,1.625,384.0089483,0,0,59.96005935
 02/24  04:00:00,1.266666667,368.375663,0,0,59.9616745
 02/24  05:00:00,1.1,932.0931863,0,0,59.96669489
 02/24  06:00:00,1.1,7236.963323,0,0,59.9480512
 02/24  07:00:00,1.1,8036.691829,246.7375962,0,59.91020663
 02/24  08:00:00,1.625,12144.8762,4266.996426,0,59.60037681
 02/24  09:00:00,2.583333333,12311.9277,8650.702367,0,59.5768737
 02/24  10:00:00,3.525,12480.1606,10748.01234,0,59.56365438
 02/24  11:00:00,4.308333333,12623.21603,9937.129307,0,59.57047834
 02/24  12:00:00,5.066666667,12764.50911,8405.288513,0,59.58295723
 02/24  13:00:00,5.808333333,12905.22615,6118.087249,0,59.59241174
 02/24  14:00:00,5.983333333,12938.72376,4070.625178,0,59.593467
 02/24  15:00:00,5.841666667,12911.52144,2277.900954,0,59.58551874
 02/24  16:00:00,5.683333333,12881.24119,721.7251366,0,59.52562781
 02/24  17:00:00,5.366666667,12821.04152,474.1260311,0,59.43202924
 02/24  18:00:00,4.966666667,12745.63743,948.3705587,0,59.46746846
 02/24  19:00:00,4.566666667,12670.97694,2566.137406,0,59.56862421
 02/24  20:00:00,3.991666667,12565.01736,4889.188913,0,59.59534032
 02/24  21:00:00,3.233333333,12427.56944,6644.457977,0,59.58962585
 02/24  22:00:00,2.491666667,12295.67165,6571.251591,0,59.58873531
 02/24  23:00:00,2.433333333,12285.34621,5188.754903,0,59.59580246
 02/24  24:00:00,2.775,12345.67171,2862.511943,0,59.59159186
 02/25  01:00:00,3.133333333,5639.005389,239.7317121,0,59.78954453
 02/25  02:00:00,3.008333333,2251.113734,0,0,59.95962348
 02/25  03:00:00,2.45,381.6588446,0,0,59.96033912
 02/25  04:00:00,1.908333333,369.846806,0,0,59.96091411
 02/25  05:00:00,1.7,931.8868728,0,0,59.96673154
 02/25  06:00:00,1.7,7246.400685,0,0,59.95140585
 02/25  07:00:00,1.7,8105.093699,246.8714428,0,59.91091212
 02/25  08:00:00,1.933333333,12198.0236,4243.373942,0,59.60063994
 02/25  09:00:00,2.275,12257.55516,8610.133302,0,59.57680659
 02/25  10:00:00,2.633333333,12320.60057,10795.74634,0,59.5639965
 02/25  11:00:00,2.916666667,12370.83989,9969.374489,0,59.5665313
 02/25  12:00:00,3.058333333,12396.10511,8547.594183,0,59.58144077
 02/25  13:00:00,3.216666667,12424.46504,6272.073968,0,59.59381494
 02/25  14:00:00,3.416666667,12460.44751,4456.13934,0,59.60088647
 02/25  15:00:00,3.616666667,12496.61588,2568.490238,0,59.59246217
 02/25  16:00:00,3.816666667,12532.97016,1222.392267,0,59.55282987
 02/25  17:00:00,3.491666667,12474.07359,930.9414326,0,59.49578681
 02/25  18:00:00,2.733333333,12338.38784,1219.406264,0,59.52334642
 02/25  19:00:00,1.991666667,12208.2135,2887.604445,0,59.58255763
 02/25  20:00:00,1.583333333,12137.5665,5246.106015,0,59.59682399
 02/25  21:00:00,1.383333333,12103.28811,7022.780754,0,59.58622737
 02/25  22:00:00,1.183333333,12069.19561,6892.107029,0,59.58716537
 02/25  23:00:00,1.1,12055.03774,5590.797622,0,59.5949072
 02/25  24:00:00,1.1,12055.03774,3189.657708,0,59.59687912
 02/26  01:00:00,1.1,6840.422176,245.1517283,0,59.74790892
 02/26  02:00:00,0.866666667,1111.201092,0,0,59.96372414
 02/26  03:00:00,0.525,829.0693444,0,0,59.95689104
 02/26  04:00:00,0.166666667,370.8990676,0,0,59.96076864
 02/26  05:00:00,0.35,1425.431999,0,0,59.96047039
 02/26  06:00:00,0.891666667,5887.837062,0,0,59.96301109
 02/26  07:00:00,1.45,10102.75016,245.0496511,0,59.87170823
 02/26  08:00:00,1.7,12157.64055,4503.82753,0,59.59897777
 02/26  09:00:00,1.7,12157.64055,8320.751341,0,59.57687971
 02/26  10:00:00,1.7,12157.64055,10700.32633,0,59.56472489
 02/26  11:00:00,1.816666667,12177.79292,9976.328123,0,59.56628452
 02/26  12:00:00,1.958333333,12202.3339,8579.247276,0,59.5812015
 02/26  13:00:00,2.116666667,12229.88439,6631.8774,0,59.59275366
 02/26  14:00:00,2.083333333,12224.07579,4430.560667,0,59.59284139
 02/26  15:00:00,1.941666667,12199.44122,2852.571346,0,59.59274022
 02/26  16:00:00,1.783333333,12172.03079,1472.877326,0,59.56350366
 02/26  17:00:00,1.583333333,12137.5665,1011.249625,0,59.53290017
 02/26  18:00:00,1.383333333,12103.28811,1682.878739,0,59.55044812
 02/26  19:00:00,1.183333333,12069.19561,2944.70645,0,59.57977501
 02/26  20:00:00,1.1,12055.03774,5524.461025,0,59.59128749
 02/26  21:00:00,1.1,12055.03774,7210.244597,0,59.58730482
 02/26  22:00:00,1.1,12055.03774,7113.159965,0,59.59085619
 02/26  23:00:00,0.75,11996.02653,5487.200909,0,59.59471349
 02/26  24:00:00,0.208333333,11905.69638,3241.362786,0,59.59551976
 02/27  01:00:00,-0.35,6846.578895,484.9349715,0,59.74818769
 02/27  02:00:00,-0.833333333,1110.470509,0,0,59.96370017
 02/27  03:00:00,-1.175,829.5190028,0,0,59.95660282
 02/27  04:00:00,-1.533333333,371.9600355,0,0,59.9605213
 02/27  05:00:00,-1.466666667,1426.838256,0,0,59.96025563
 02/27  06:00:00,-1.125,7034.970292,0,0,59.96178668
 02/27  07:00:00,-0.766666667,7838.187211,246.4167092,0,59.90942504
 02/27  08:00:00,-0.366666667,11811.30454,4372.900317,0,59.59715656
 02/27  09:00:00,0.033333333,11876.79398,8938.36189,0,59.57519274
 02/27  10:00:00,0.433333333,11943.02702,10789.39609,0,59.56062396
 02/27  11:00:00,1.358333333,12099.32702,10422.65968,0,59.56393177
 02/27  12:00:00,2.6,12314.95292,8689.203275,0,59.57982685
 02/27  13:00:00,3.858333333,12540.878,6669.862002,0,59.59264179
 02/27  14:00:00,4.633333333,12683.36871,4449.124412,0,59.59703722
 02/27  15:00:00,5.033333333,12758.15314,2575.751294,0,59.59133406
 02/27  16:00:00,5.433333333,12833.68116,1212.870324,0,59.54303871
 02/27  17:00:00,4.841666667,12722.51419,717.7932681,0,59.48916621
 02/27  18:00:00,3.541666667,12483.3416,970.3211267,0,59.50865246
 02/27  19:00:00,2.241666667,12252.02326,2594.783564,0,59.57834618
 02/27  20:00:00,1.35,12097.65336,5290.948614,0,59.59598406
 02/27  21:00:00,0.808333333,12005.81278,6905.19902,0,59.59063345
 02/27  22:00:00,0.25,11912.61556,7070.843253,0,59.59102334
 02/27  23:00:00,-0.35,11814.05607,5473.24785,0,59.5962978
 02/27  24:00:00,-0.891666667,11726.49506,3314.580989,0,59.59594596
 02/28  01:00:00,-1.45,7146.478942,493.7217096,0,59.7290319
 02/28  02:00:00,-1.816666667,1112.415866,0,0,59.96344751
 02/28  03:00:00,-1.958333333,829.6106004,0,0,59.9565225
 02/28  04:00:00,-2.116666667,372.1916416,0,0,59.96047554
 02/28  05:00:00,-1.966666667,1426.84902,0,0,59.96021788
 02/28  06:00:00,-1.625,7028.712061,0,0,59.95940925
 02/28  07:00:00,-1.266666667,7784.826186,246.3134995,0,59.90976181
 02/28  08:00:00,-0.75,11749.27924,4304.097586,0,59.60114604
 02/28  09:00:00,-0.208333333,11837.15547,8921.898887,0,59.57534953
 02/28  10:00:00,0.35,11929.2048,10913.44075,0,59.56079746
 02/28  11:00:00,0.891666667,12019.85016,10553.85063,0,59.56519513
 02/28  12:00:00,1.45,12114.75383,8846.268037,0,59.57722518
 02/28  13:00:00,1.991666667,12208.16831,6710.323745,0,59.59202485
 02/28  14:00:00,2.433333333,12285.34621,4502.425731,0,59.59649525
 02/28  15:00:00,2.775,12345.67171,2854.096004,0,59.59547537
 02/28  16:00:00,3.133333333,12409.5498,1428.171522,0,59.5484566
 02/28  17:00:00,2.658333333,12325.21812,1210.083298,0,59.52691646
 02/28  18:00:00,1.558333333,12133.49181,1422.446468,0,59.5244079
 02/28  19:00:00,0.458333333,11947.38896,2783.903342,0,59.56568172
 02/28  20:00:00,-0.35,11814.05607,5682.098007,0,59.59641313
 02/28  21:00:00,-0.891666667,11726.49506,7266.105843,0,59.58716733
 02/28  22:00:00,-1.391666667,11646.8989,7223.427091,0,59.58819399
 02/28  23:00:00,-2.008333333,11550.37566,5759.093167,0,59.59636022
 02/28  24:00:00,-2.65,11451.74408,3624.893723,0,59.59760306
 03/01  01:00:00,-3.308333333,8122.142115,621.8634132,0,59.69989236
 03/01  02:00:00,-3.95,944.2506743,0,0,59.96825001
 03/01  03:00:00,-4.608333333,684.0405248,0,0,59.96048483
 03/01  04:00:00,-5.308333333,371.367346,0,0,59.96056505
 03/01  05:00:00,-5.25,635.5904731,0,0,59.95483905
 03/01  06:00:00,-5,7362.36475,0,0,59.95005941
 03/01  07:00:00,-5,11106.88069,241.8107852,0,59.75080209
 03/01  08:00:00,-4.008333333,11249.79352,3901.988589,0,59.59049514
 03/01  09:00:00,-2.366666667,11495.46314,8362.196765,0,59.57009953
 03/01  10:00:00,-1.058333333,11700.01464,10840.70847,0,59.56229289
 03/01  11:00:00,0.1,11888.02216,10488.61483,0,59.56264919
 03/01  12:00:00,0.891666667,12019.85016,9031.55381,0,59.57378703
 03/01  13:00:00,1.741666667,12165.05567,6783.312128,0,59.58793551
 03/01  14:00:00,2.2,12244.42095,4858.547629,0,59.59915716
 03/01  15:00:00,2.55,12305.92631,2849.750268,0,59.59598499
 03/01  16:00:00,2.8,12350.0911,1476.417719,0,59.56620221
 03/01  17:00:00,2.45,12288.31462,1215.219052,0,59.53100642
 03/01  18:00:00,0.566666667,11966.71583,1442.684084,0,59.54731302
 03/01  19:00:00,-1.533333333,11624.99279,2854.20539,0,59.57062978
 03/01  20:00:00,-2.2,11520.62891,5717.674572,0,59.59427356
 03/01  21:00:00,-2.55,11466.98555,7613.311825,0,59.58597789
 03/01  22:00:00,-2.45,11482.2735,7485.075391,0,59.5874882
 03/01  23:00:00,-2.55,11466.98555,6091.186588,0,59.59290104
 03/01  24:00:00,-3.733333333,11290.02124,3811.556447,0,59.59567867
 03/02  01:00:00,-4.4,8357.540875,734.4511272,0,59.68307648
 03/02  02:00:00,-5.391666667,942.1577331,0,0,59.9690042
 03/02  03:00:00,-5.808333333,683.2135833,0,0,59.96064059
 03/02  04:00:00,-6.241666667,370.6643024,0,0,59.96073364
 03/02  05:00:00,-6.35,634.9332407,0,0,59.95499635
 03/02  06:00:00,-6.741666667,7223.862211,0,0,59.95035049
 03/02  07:00:00,-7.55,10761.84374,241.8427671,0,59.73597281
 03/02  08:00:00,-5.525,11036.22281,4149.024295,0,59.58241288
 03/02  09:00:00,-2.908333333,11413.0617,8467.483686,0,59.56995021
 03/02  10:00:00,-1.266666667,11667.12391,11034.69297,0,59.56239627
 03/02  11:00:00,0.391666667,11936.60702,10663.60437,0,59.56422888
 03/02  12:00:00,2.383333333,12277.44275,8847.844156,0,59.57809772
 03/02  13:00:00,3.3,12439.42761,6698.709826,0,59.58976131
 03/02  14:00:00,4.933333333,12740.83321,4773.609502,0,59.60068906
 03/02  15:00:00,5.808333333,12905.18096,2565.93886,0,59.58989455
 03/02  16:00:00,5.891666667,12921.1548,973.2764272,0,59.54617887
 03/02  17:00:00,5.108333333,12772.77197,717.6339772,0,59.48050798
 03/02  18:00:00,2.475,12294.69563,982.7173622,0,59.50683556
 03/02  19:00:00,0.808333333,12005.81278,2754.749023,0,59.56213078
 03/02  20:00:00,-2.025,11551.51037,5360.386762,0,59.59668017
 03/02  21:00:00,-3.258333333,11360.18646,7277.761615,0,59.58806476
 03/02  22:00:00,-2.45,11482.2735,7288.868782,0,59.58843509
 03/02  23:00:00,-3.191666667,11370.47009,6077.299235,0,59.5932694
 03/02  24:00:00,-4.191666667,11222.63186,3828.123378,0,59.59944014
 03/03  01:00:00,-4.75,8427.541686,742.9178496,0,59.68055464
 03/03  02:00:00,-5.35,942.7296243,0,0,59.96896466
 03/03  03:00:00,-5.25,682.3806997,0,0,59.96083511
 03/03  04:00:00,-5.641666667,369.8055319,0,0,59.9609411
 03/03  05:00:00,-6.45,634.1406493,0,0,59.9551817
 03/03  06:00:00,-6.991666667,7216.284741,0,0,59.95065765
 03/03  07:00:00,-6.908333333,10845.81765,241.6877393,0,59.73617939
 03/03  08:00:00,-5.708333333,11008.53099,4214.875597,0,59.58930422
 03/03  09:00:00,-3.716666667,11292.90359,8331.719686,0,59.58121246
 03/03  10:00:00,-1.516666667,11628.04555,11160.77676,0,59.56038605
 03/03  11:00:00,0.741666667,11995.55498,10509.38949,0,59.56174104
 03/03  12:00:00,2.983333333,12383.62412,9027.864143,0,59.57635384
 03/03  13:00:00,5.183333333,12787.27009,6691.228255,0,59.58873642
 03/03  14:00:00,5.808333333,12905.18096,4413.115936,0,59.59109307
 03/03  15:00:00,6.241666667,12988.77807,2320.64218,0,59.58013473
 03/03  16:00:00,6.058333333,12953.38002,969.0365542,0,59.53504513
 03/03  17:00:00,4.608333333,12679.23334,714.9643921,0,59.46227168
 03/03  18:00:00,2.616666667,12318.5367,982.9315622,0,59.48915243
 03/03  19:00:00,1.058333333,12048.20248,2601.093669,0,59.56534088
 03/03  20:00:00,0.25,11912.61556,5324.923587,0,59.59598893
 03/03  21:00:00,0,11871.278,7235.510247,0,59.58959018
 03/03  22:00:00,0,11871.278,6894.358866,0,59.58848676
 03/03  23:00:00,-0.35,11814.05607,5641.596142,0,59.59638494
 03/03  24:00:00,-1.533333333,11624.99279,3486.326994,0,59.59384493
 03/04  01:00:00,-1.908333333,7285.354927,490.8953287,0,59.72438084
 03/04  02:00:00,-1.35,1109.509754,0,0,59.96394927
 03/04  03:00:00,-1.1,826.9669089,0,0,59.95707003
 03/04  04:00:00,-1.1,369.5508192,0,0,59.96102173
 03/04  05:00:00,-0.458333333,1421.379056,0,0,59.96068585
 03/04  06:00:00,0,5872.766839,0,0,59.96292761
 03/04  07:00:00,0,9892.73167,245.1516988,0,59.87215698
 03/04  08:00:00,0.641666667,11978.01558,4526.919015,0,59.59081077
 03/04  09:00:00,1.1,12055.03774,8552.696646,0,59.57527624
 03/04  10:00:00,2.091666667,12226.06402,10512.56248,0,59.56419686
 03/04  11:00:00,2.8,12350.0911,10044.12192,0,59.56826064
 03/04  12:00:00,3.091666667,12402.10993,8552.321834,0,59.58120813
 03/04  13:00:00,3.008333333,12387.22051,6290.058934,0,59.59380442
 03/04  14:00:00,2.45,12288.31462,4447.952521,0,59.59988132
 03/04  15:00:00,2.2,12244.42095,2587.280169,0,59.58836474
 03/04  16:00:00,2.55,12305.92631,1468.280636,0,59.55389011
 03/04  17:00:00,2.158333333,12237.37267,964.7435708,0,59.52403905
 03/04  18:00:00,1.35,12097.65336,1456.279072,0,59.52266102
 03/04  19:00:00,0.808333333,12005.81278,2895.363457,0,59.56681633
 03/04  20:00:00,-0.1,11855.12253,5496.718925,0,59.59625893
 03/04  21:00:00,-0.6,11773.41564,7316.706787,0,59.58532346
 03/04  22:00:00,-0.891666667,11726.49506,7029.219537,0,59.58590657
 03/04  23:00:00,-1.1,11693.14173,5857.889566,0,59.59633756
 03/04  24:00:00,-2.091666667,11537.91326,3485.139991,0,59.59968322
 03/05  01:00:00,-3.733333333,7939.244458,492.2194618,0,59.70839025
 03/05  02:00:00,-5.741666667,940.5990259,0,0,59.96876865
 03/05  03:00:00,-6.991666667,682.2578687,0,0,59.96063958
 03/05  04:00:00,-5.916666667,370.1956517,0,0,59.96073348
 03/05  05:00:00,-5,634.1846131,0,0,59.95498133
 03/05  06:00:00,-3.366666667,7530.717531,0,0,59.95051616
 03/05  07:00:00,-2.2,11520.62891,244.4751747,0,59.77917328
 03/05  08:00:00,-2.2,11520.62891,3594.936461,0,59.5929165
 03/05  09:00:00,-2.2,11520.62891,8176.118059,0,59.56838548
 03/05  10:00:00,-1.558333333,11620.80578,10486.17058,0,59.56403253
 03/05  11:00:00,-0.808333333,11739.87404,10620.06198,0,59.56321812
 03/05  12:00:00,-0.25,11830.36647,8853.076815,0,59.57788292
 03/05  13:00:00,0.35,11929.2048,6868.698939,0,59.58878376
 03/05  14:00:00,0.6,11970.81347,4985.19267,0,59.59316953
 03/05  15:00:00,1.241666667,12079.34033,2877.313031,0,59.59694499
 03/05  16:00:00,2.341666667,12269.44776,1739.376,0,59.57094576
 03/05  17:00:00,2.8,12350.0911,1220.906579,0,59.52916335
 03/05  18:00:00,1.808333333,12176.88846,1474.980675,0,59.53240631
 03/05  19:00:00,0.808333333,12005.81278,2984.459192,0,59.57071023
 03/05  20:00:00,0.25,11912.61556,5497.099936,0,59.59631491
 03/05  21:00:00,-0.35,11814.05607,7242.127186,0,59.58808543
 03/05  22:00:00,-0.891666667,11726.49506,6989.719227,0,59.58935344
 03/05  23:00:00,-1.45,11637.70908,5712.961173,0,59.59699271
 03/05  24:00:00,-1.35,11653.50825,3512.547982,0,59.59939625
 03/06  01:00:00,-1.45,7574.009606,497.1218487,0,59.70789306
 03/06  02:00:00,-1.991666667,1111.808364,0,0,59.96326912
 03/06  03:00:00,-2.841666667,827.7837406,0,0,59.95648861
 03/06  04:00:00,-3.65,371.4287617,0,0,59.96048836
 03/06  05:00:00,-3.9,1423.880586,0,0,59.9602158
 03/06  06:00:00,-3.9,6989.060741,0,0,59.95282767
 03/06  07:00:00,-4.191666667,7473.690874,245.6988198,0,59.90909289
 03/06  08:00:00,-2.825,11426.48802,4474.552563,0,59.60308286
 03/06  09:00:00,-1.7,11598.34671,9125.85156,0,59.57448555
 03/06  10:00:00,-1.058333333,11700.01464,11073.5866,0,59.55805777
 03/06  11:00:00,0.1,11888.02216,10525.35007,0,59.56224912
 03/06  12:00:00,1.241666667,12079.34033,9042.78694,0,59.5738164
 03/06  13:00:00,1.991666667,12208.16831,6794.964423,0,59.58912251
 03/06  14:00:00,2.55,12305.92631,4784.298612,0,59.59633579
 03/06  15:00:00,2.45,12288.31462,2829.588675,0,59.58747449
 03/06  16:00:00,2.55,12305.92631,1476.760995,0,59.56350478
 03/06  17:00:00,2.158333333,12237.37267,969.9779972,0,59.53293454
 03/06  18:00:00,0.708333333,11989.50755,1456.299135,0,59.54270958
 03/06  19:00:00,-0.35,11814.05607,3047.116983,0,59.5635543
 03/06  20:00:00,-1.241666667,11670.83649,5726.59055,0,59.59632971
 03/06  21:00:00,-1.35,11653.50825,7354.095255,0,59.58863469
 03/06  22:00:00,-1.45,11637.70908,7280.896827,0,59.58583489
 03/06  23:00:00,-2.341666667,11499.04791,5762.38812,0,59.59285713
 03/06  24:00:00,-3.441666667,11332.88279,3797.508335,0,59.59633199
 03/07  01:00:00,-3.9,8289.319873,495.0343292,0,59.69887643
 03/07  02:00:00,-3.9,941.7924474,0,0,59.96861665
 03/07  03:00:00,-4.191666667,682.4348402,0,0,59.96046528
 03/07  04:00:00,-5.1,370.7597972,0,0,59.9605365
 03/07  05:00:00,-5.25,634.3998809,0,0,59.95478407
 03/07  06:00:00,-5,7358.423454,0,0,59.9503399
 03/07  07:00:00,-5,11106.88069,243.6805833,0,59.75321395
 03/07  08:00:00,-4.008333333,11249.79352,3917.381026,0,59.59008163
 03/07  09:00:00,-2.016666667,11549.90174,8201.799031,0,59.58291475
 03/07  10:00:00,0.533333333,11961.14736,10917.02756,0,59.56426094
 03/07  11:00:00,2.633333333,12321.05241,10174.27769,0,59.5652423
 03/07  12:00:00,4.641666667,12685.88494,8629.257594,0,59.58095632
 03/07  13:00:00,5.6,12865.34051,6267.467581,0,59.5937165
 03/07  14:00:00,5.891666667,12921.1548,4394.495205,0,59.6000869
 03/07  15:00:00,5.808333333,12905.18096,2245.545375,0,59.57894798
 03/07  16:00:00,5.891666667,12921.1548,961.7290716,0,59.52127505
 03/07  17:00:00,5.108333333,12772.77197,475.2066551,0,59.44721253
 03/07  18:00:00,4.108333333,12586.35957,966.324773,0,59.48044085
 03/07  19:00:00,2.616666667,12318.5367,2415.767542,0,59.57531036
 03/07  20:00:00,1.7,12157.64055,5004.488286,0,59.59299748
 03/07  21:00:00,1.7,12157.64055,6808.110809,0,59.58705946
 03/07  22:00:00,1.35,12097.65336,6926.052991,0,59.59204379
 03/07  23:00:00,0.808333333,12005.81278,5255.868313,0,59.59537937
 03/07  24:00:00,0.6,11970.81347,3104.862408,0,59.59722645
 03/08  01:00:00,-0.1,6765.045,245.5419217,0,59.76598766
 03/08  02:00:00,-0.6,1106.339241,0,0,59.96392165
 03/08  03:00:00,-0.6,826.0377827,0,0,59.95681748
 03/08  04:00:00,-0.891666667,369.9248207,0,0,59.96077543
 03/08  05:00:00,-0.808333333,1420.421698,0,0,59.96045994
 03/08  06:00:00,-0.6,5859.994882,0,0,59.96284569
 03/08  07:00:00,-0.6,9811.179698,245.1614555,0,59.87161109
 03/08  08:00:00,-0.25,11830.36647,4508.286844,0,59.58884765
 03/08  09:00:00,0.991666667,12037.23464,8582.343135,0,59.57513753
 03/08  10:00:00,2.341666667,12269.44776,10643.35746,0,59.56391815
 03/08  11:00:00,3.441666667,12465.17866,10090.77418,0,59.56650962
 03/08  12:00:00,4.541666667,12666.53303,8269.599251,0,59.58054585
 03/08  13:00:00,5.991666667,12940.86302,6199.687579,0,59.59421333
 03/08  14:00:00,6.7,13077.72879,4041.732486,0,59.5995956
 03/08  15:00:00,5.708333333,12886.55199,2275.992949,0,59.58511665
 03/08  16:00:00,5,12751.86258,721.233847,0,59.52090595
 03/08  17:00:00,5,12751.86258,539.0952228,0,59.4600495
 03/08  18:00:00,4.65,12686.50754,963.4207038,0,59.48065265
 03/08  19:00:00,4.4,12640.05774,2476.6985,0,59.55094814
 03/08  20:00:00,4.4,12640.05774,4890.668377,0,59.59617803
 03/08  21:00:00,4.75,12705.14168,6450.38286,0,59.59070944
 03/08  22:00:00,5,12751.86258,6386.774689,0,59.59219748
 03/08  23:00:00,5.35,12817.92249,4793.021925,0,59.59962486
 03/08  24:00:00,5.6,12865.34051,2337.679835,0,59.58523746
 03/09  01:00:00,5.891666667,4780.710372,0,0,59.82445864
 03/09  02:00:00,6.1,2238.613536,0,0,59.95895577
 03/09  03:00:00,5.808333333,380.8005513,0,0,59.96028908
 03/09  04:00:00,5.6,369.1918049,0,0,59.96076106
 03/09  05:00:00,5.6,928.6823429,0,0,59.96662082
 03/09  06:00:00,5.6,6036.19348,0,0,59.95262723
 03/09  07:00:00,5.891666667,10774.28252,247.1509609,0,59.87303304
 03/09  08:00:00,6.45,13029.03271,4220.952261,0,59.59383914
 03/09  09:00:00,7.341666667,13204.4467,7856.498957,0,59.58107037
 03/09  10:00:00,8.733333333,13485.61211,9649.171931,0,59.57026601
 03/09  11:00:00,10.1,13770.02606,8806.342949,0,59.57856496
 03/09  12:00:00,10.25,13801.5907,7212.924955,0,59.58737645
 03/09  13:00:00,10,13748.63441,5069.754864,0,59.58947949
 03/09  14:00:00,10,13748.63441,3100.341008,0,59.5917052
 03/09  15:00:00,10,13748.63441,981.3105408,0,59.54033974
 03/09  16:00:00,10.35,13584.36609,0,0,59.58492704
 03/09  17:00:00,10.89166667,9304.374906,0,0,59.92782172
 03/09  18:00:00,11.1,13983.51655,1230.555971,0,59.59844475
 03/09  19:00:00,9.466666667,13638.25241,2854.15531,0,59.58753773
 03/09  20:00:00,8.941666667,13528.18511,4553.086129,0,59.598058
 03/09  21:00:00,9.108333333,13562.41134,5892.829143,0,59.59444911
 03/09  22:00:00,10.53333333,13863.29038,5461.124792,0,59.59545886
 03/09  23:00:00,9.716666667,13691.22161,3703.90608,0,59.59236663
 03/09  24:00:00,8.008333333,13337.71109,1510.388799,0,59.55640973
 03/10  01:00:00,7.45,3496.072808,0,0,59.91339673
 03/10  02:00:00,7.2,938.272713,0,0,59.96883723
 03/10  03:00:00,6.266666667,680.0969555,0,0,59.96100121
 03/10  04:00:00,4.9,368.1983347,0,0,59.96103184
 03/10  05:00:00,4.75,632.0410402,0,0,59.95513618
 03/10  06:00:00,4.65,7742.844012,0,0,59.95534488
 03/10  07:00:00,5.1,8539.00573,247.8684786,0,59.91140422
 03/10  08:00:00,6.883333333,13114.58477,4246.101166,0,59.60395068
 03/10  09:00:00,8.091666667,13354.53696,8070.164171,0,59.58265651
 03/10  10:00:00,8.941666667,13528.18511,9662.340797,0,59.56972622
 03/10  11:00:00,10.1,13770.02606,8802.989081,0,59.57858246
 03/10  12:00:00,11.88333333,14155.12047,7174.245532,0,59.58754733
 03/10  13:00:00,12.45,14279.53455,4817.761496,0,59.60094166
 03/10  14:00:00,12.2,14224.02214,2857.303188,0,59.59472718
 03/10  15:00:00,12.55,14301.79373,730.1709341,0,59.53303541
 03/10  16:00:00,11.80833333,9253.161842,0,0,59.91856832
 03/10  17:00:00,10.45833333,13846.04636,479.4771664,0,59.7021966
 03/10  18:00:00,9.65,13675.14626,972.5072589,0,59.52563522
 03/10  19:00:00,9.4,13622.8871,2292.584834,0,59.57207391
 03/10  20:00:00,9.4,13622.8871,4210.163904,0,59.59733333
 03/10  21:00:00,9.108333333,13562.41134,5724.987585,0,59.59587205
 03/10  22:00:00,8.9,13519.37574,5591.972087,0,59.59799912
 03/10  23:00:00,8.55,13447.67688,3825.412423,0,59.5989447
 03/10  24:00:00,8.941666667,13528.18511,1466.287194,0,59.54432402
 03/11  01:00:00,8.758333333,3550.673803,0,0,59.91134267
 03/11  02:00:00,7.658333333,937.9040658,0,0,59.96876415
 03/11  03:00:00,7.2,679.0112608,0,0,59.9612141
 03/11  04:00:00,6.908333333,367.1065196,0,0,59.96124798
 03/11  05:00:00,6.7,631.0136759,0,0,59.95531668
 03/11  06:00:00,6.35,7739.56425,0,0,59.95450921
 03/11  07:00:00,5.108333333,8479.542125,247.6593673,0,59.91158007
 03/11  08:00:00,5.1,12770.93048,4223.543153,0,59.60774615
 03/11  09:00:00,6.241666667,12988.77807,8151.77883,0,59.57637904
 03/11  10:00:00,7.633333333,13262.82894,9869.274447,0,59.56931715
 03/11  11:00:00,9.291666667,13600.90513,9310.055516,0,59.57498001
 03/11  12:00:00,11.28333333,14024.1215,7225.390722,0,59.58470806
 03/11  13:00:00,11.90833333,14159.75093,5119.962272,0,59.59584031
 03/11  14:00:00,11.99166667,14178.08724,2889.141457,0,59.59578003
 03/11  15:00:00,12.55,14301.79373,731.3347164,0,59.50329895
 03/11  16:00:00,12.8,9351.520159,0,0,59.85017283
 03/11  17:00:00,12.45,14279.53455,239.6071751,0,59.77198555
 03/11  18:00:00,10.91666667,13944.89021,967.1718047,0,59.5252037
 03/11  19:00:00,8.716666667,13482.6239,2282.904362,0,59.57041666
 03/11  20:00:00,6.808333333,13099.49409,4210.315581,0,59.59710206
 03/11  21:00:00,6.1,12961.18351,5837.548996,0,59.59592332
 03/11  22:00:00,7.091666667,13155.2536,5973.013392,0,59.59381307
 03/11  23:00:00,7.45,13225.83095,4172.959088,0,59.5937361
 03/11  24:00:00,6.908333333,13118.63429,1908.343516,0,59.57777579
 03/12  01:00:00,6.058333333,2970.762314,0,0,59.86326809
 03/12  02:00:00,5.25,825.4832442,0,0,59.957481
 03/12  03:00:00,4.65,366.4251876,0,0,59.96142754
 03/12  04:00:00,4.4,1412.755517,0,0,59.96037438
 03/12  05:00:00,4.108333333,5831.583332,0,0,59.96447676
 03/12  06:00:00,3.55,10396.27835,247.3159241,0,59.87338743
 03/12  07:00:00,3.3,12439.42761,4210.845832,0,59.59399875
 03/12  08:00:00,3.941666667,12556.00625,8203.237896,0,59.58379567
 03/12  09:00:00,5.1,12770.93048,10207.35135,0,59.56914235
 03/12  10:00:00,5.6,12865.34051,9439.237732,0,59.57262259
 03/12  11:00:00,5.891666667,12921.1548,7922.171791,0,59.57982471
 03/12  12:00:00,6.1,12961.18351,5741.628519,0,59.59651715
 03/12  13:00:00,6.741666667,13086.11214,3782.012192,0,59.59892596
 03/12  14:00:00,7.841666667,13304.3369,1759.580338,0,59.57892729
 03/12  15:00:00,8.65,13468.12354,478.4120784,0,59.47249606
 03/12  16:00:00,8.9,13519.37574,0,0,59.36802961
 03/12  17:00:00,8.258333333,13388.46627,301.895164,0,59.29321633
 03/12  18:00:00,7.158333333,13168.11141,1755.082462,0,59.53709185
 03/12  19:00:00,5.358333333,12820.42882,4399.116693,0,59.5898294
 03/12  20:00:00,3.758333333,12522.5679,5989.041574,0,59.59179893
 03/12  21:00:00,3.008333333,12387.22051,6220.817782,0,59.5938229
 03/12  22:00:00,2.45,12288.31462,4857.603423,0,59.59499375
 03/12  23:00:00,2.2,12244.42095,2578.522181,0,59.58517096
 03/12  24:00:00,1.908333333,5210.104678,211.7809142,0,59.79116764
 03/13  01:00:00,2.341666667,2233.849505,0,0,59.95955806
 03/13  02:00:00,2.8,378.4206127,0,0,59.96065597
 03/13  03:00:00,2.158333333,366.5655134,0,0,59.96122788
 03/13  04:00:00,1.7,924.9297872,0,0,59.96691283
 03/13  05:00:00,2.341666667,6034.815647,0,0,59.95074716
 03/13  06:00:00,2.8,10291.74258,243.9596457,0,59.87302621
 03/13  07:00:00,2.8,12350.0911,4278.317577,0,59.60012828
 03/13  08:00:00,3.091666667,12402.10993,8306.955865,0,59.57310633
 03/13  09:00:00,3.65,12502.72226,10032.18083,0,59.56678226
 03/13  10:00:00,4.191666667,12601.67501,9682.397042,0,59.5713006
 03/13  11:00:00,5.1,12770.93048,8099.769167,0,59.58447511
 03/13  12:00:00,5.891666667,12921.1548,5996.125511,0,59.59602183
 03/13  13:00:00,7.091666667,13155.2536,3797.314522,0,59.60109672
 03/13  14:00:00,8.091666667,13354.53696,2007.443072,0,59.58018962
 03/13  15:00:00,8.65,13468.12354,538.803424,0,59.49686776
 03/13  16:00:00,9.191666667,13579.66324,0,0,59.43885491
 03/13  17:00:00,8.758333333,13490.48656,303.176798,0,59.32359256
 03/13  18:00:00,8.008333333,13337.71109,1766.953008,0,59.5382553
 03/13  19:00:00,7.45,13225.83095,4052.611831,0,59.5933597
 03/13  20:00:00,6.558333333,13050.28808,5846.149184,0,59.59254105
 03/13  21:00:00,5.808333333,12905.18096,5724.04906,0,59.59687797
 03/13  22:00:00,5.6,12865.34051,4365.836089,0,59.59349214
 03/13  23:00:00,5.25,12799.0095,2128.409815,0,59.56930707
 03/13  24:00:00,5,5116.141139,64.375,0,59.8556834
 03/14  01:00:00,5,948.3440519,0,0,59.96742638
 03/14  02:00:00,4.65,433.5294447,0,0,59.96772551
 03/14  03:00:00,4.108333333,366.6668966,0,0,59.96120907
 03/14  04:00:00,4.191666667,875.8115973,0,0,59.95610964
 03/14  05:00:00,4.108333333,6213.269979,0,0,59.93683991
 03/14  06:00:00,4.191666667,10507.77503,247.2195034,0,59.87291681
 03/14  07:00:00,4.4,12640.05774,4261.501844,0,59.59722272
 03/14  08:00:00,4.4,12640.05774,7963.582849,0,59.58297889
 03/14  09:00:00,5.391666667,12826.29293,9957.258723,0,59.5676206
 03/14  10:00:00,7.383333333,13213.40992,9358.473519,0,59.57353291
 03/14  11:00:00,7.658333333,13267.57559,7681.462443,0,59.58671346
 03/14  12:00:00,7.841666667,13304.3369,5377.550058,0,59.59607748
 03/14  13:00:00,9.933333333,13736.05588,3430.874999,0,59.59375109
 03/14  14:00:00,11.45,14059.49885,1488.681983,0,59.56091946
 03/14  15:00:00,11.35,11620.11438,0,0,59.66583938
 03/14  16:00:00,11.1,11652.93045,0,0,59.88526053
 03/14  17:00:00,9.466666667,13638.25241,1478.350905,0,59.57053747
 03/14  18:00:00,8.3,13396.69578,2677.455789,0,59.56748554
 03/14  19:00:00,7.658333333,13267.57559,4635.710672,0,59.59537453
 03/14  20:00:00,6.908333333,13118.63429,5828.532311,0,59.59572848
 03/14  21:00:00,6.35,13009.60849,5725.020113,0,59.59677207
 03/14  22:00:00,5.808333333,12905.18096,4406.278163,0,59.59669159
 03/14  23:00:00,5.6,12865.34051,2044.605597,0,59.58283375
 03/14  24:00:00,5.25,5033.02851,0,0,59.84458835
 03/15  01:00:00,4.65,947.9835112,0,0,59.9664719
 03/15  02:00:00,4.108333333,433.6223345,0,0,59.96682986
 03/15  03:00:00,3.9,366.9417113,0,0,59.96104966
 03/15  04:00:00,3.9,875.8131258,0,0,59.95604515
 03/15  05:00:00,3.9,6211.510353,0,0,59.93679616
 03/15  06:00:00,4.191666667,10507.77503,247.1705884,0,59.87283693
 03/15  07:00:00,4.4,12640.05774,4258.415836,0,59.59651681
 03/15  08:00:00,4.75,12705.14168,7950.789303,0,59.5831236
 03/15  09:00:00,5.641666667,12873.51085,9878.78002,0,59.56805206
 03/15  10:00:00,6.1,12961.18351,9459.913624,0,59.57514642
 03/15  11:00:00,7.091666667,13155.2536,7698.722265,0,59.58444335
 03/15  12:00:00,8.733333333,13485.61211,5354.18266,0,59.59480726
 03/15  13:00:00,9.4,13622.8871,3465.737804,0,59.59702112
 03/15  14:00:00,9.108333333,13562.41134,1493.266629,0,59.56513397
 03/15  15:00:00,7.908333333,13318.05966,236.3962639,0,59.49880658
 03/15  16:00:00,8.191666667,13375.26763,0,0,59.67412532
 03/15  17:00:00,8.55,13447.67688,0,0,59.53217925
 03/15  18:00:00,7.658333333,13267.57559,1742.212427,0,59.52726595
 03/15  19:00:00,6.558333333,13050.28808,4221.950081,0,59.58884755
 03/15  20:00:00,5.458333333,12838.62403,5919.102683,0,59.59225825
 03/15  21:00:00,5,12751.86258,5777.653434,0,59.59623359
 03/15  22:00:00,4.008333333,12568.52067,4595.408505,0,59.60006964
 03/15  23:00:00,3.008333333,12387.22051,2435.877308,0,59.58671023
 03/15  24:00:00,1.516666667,4646.715328,0,0,59.83720935
 03/16  01:00:00,1.241666667,2226.182407,0,0,59.95945674
 03/16  02:00:00,1.35,378.8682875,0,0,59.95996303
 03/16  03:00:00,1.1,365.968512,0,0,59.9612098
 03/16  04:00:00,0.458333333,923.06759,0,0,59.96687179
 03/16  05:00:00,-0.35,7145.329509,0,0,59.9451185
 03/16  06:00:00,-0.891666667,7808.747634,246.2937762,0,59.91076009
 03/16  07:00:00,-1.45,11637.70908,4323.610195,0,59.60456592
 03/16  08:00:00,-0.708333333,11756.46845,8721.369865,0,59.57585029
 03/16  09:00:00,0.35,11929.2048,10944.17404,0,59.56194873
 03/16  10:00:00,0.891666667,12019.85016,10162.51012,0,59.56539408
 03/16  11:00:00,2.091666667,12226.06402,8613.854208,0,59.58074285
 03/16  12:00:00,5.075,12768.81935,6589.86507,0,59.5924002
 03/16  13:00:00,7.633333333,13262.82894,4120.624331,0,59.60115945
 03/16  14:00:00,9.291666667,13600.90513,2034.656772,0,59.58417203
 03/16  15:00:00,10,13748.63441,479.0172546,0,59.47197486
 03/16  16:00:00,10,13748.63441,0,0,59.43500369
 03/16  17:00:00,9.65,13675.14626,0,0,59.38894921
 03/16  18:00:00,8.116666667,13360.45516,1811.621998,0,59.53722533
 03/16  19:00:00,5.916666667,12926.81738,4007.786869,0,59.59551194
 03/16  20:00:00,5,12751.86258,5869.666823,0,59.59038984
 03/16  21:00:00,4.65,12686.50754,5892.704478,0,59.596314
 03/16  22:00:00,3.466666667,12469.94661,4559.24824,0,59.59037601
 03/16  23:00:00,2.158333333,12237.37267,2323.921705,0,59.58496953
 03/16  24:00:00,1.35,4791.039638,242.5247555,0,59.81793865
 03/17  01:00:00,1.1,2224.172572,0,0,59.95950235
 03/17  02:00:00,0.808333333,378.7714676,0,0,59.95984831
 03/17  03:00:00,-0.1,365.2516517,0,0,59.96135386
 03/17  04:00:00,0.1,922.1468354,0,0,59.96697888
 03/17  05:00:00,0.6,7157.80725,0,0,59.95036533
 03/17  06:00:00,-0.1,7881.502581,246.4288515,0,59.9109696
 03/17  07:00:00,0.1,11888.02216,4314.565727,0,59.60667948
 03/17  08:00:00,1.533333333,12129.45391,8611.095408,0,59.57491362
 03/17  09:00:00,3.191666667,12420.51686,10567.25195,0,59.56579057
 03/17  10:00:00,4.891666667,12732.09591,9895.716984,0,59.56978581
 03/17  11:00:00,7.175,13172.55283,8037.289049,0,59.57680574
 03/17  12:00:00,9.291666667,13600.90513,5779.549014,0,59.59214002
 03/17  13:00:00,10.99166667,13960.67866,3624.651619,0,59.5975344
 03/17  14:00:00,12.63333333,14320.79273,1231.452573,0,59.56341738
 03/17  15:00:00,13.3,9595.995671,0,0,59.72165827
 03/17  16:00:00,13.00833333,14404.38892,239.8451492,0,59.83145985
 03/17  17:00:00,12.45,14279.53455,971.9339803,0,59.54528232
 03/17  18:00:00,10.91666667,13944.89021,2276.58264,0,59.57290811
 03/17  19:00:00,9.358333333,13614.44458,3852.895154,0,59.59482879
 03/17  20:00:00,8.9,13519.37574,5628.575854,0,59.59733373
 03/17  21:00:00,8.9,13519.37574,5280.237137,0,59.59840532
 03/17  22:00:00,8.55,13447.67688,3784.666717,0,59.60044345
 03/17  23:00:00,8.3,13396.69578,1481.222996,0,59.56533454
 03/17  24:00:00,7.658333333,3205.820154,0,0,59.9247075
 03/18  01:00:00,6.558333333,930.9722214,0,0,59.9696937
 03/18  02:00:00,6.1,672.9810976,0,0,59.96203727
 03/18  03:00:00,6.45,362.4158015,0,0,59.96204719
 03/18  04:00:00,6.058333333,626.1271347,0,0,59.95596827
 03/18  05:00:00,5.25,7693.776398,0,0,59.95556441
 03/18  06:00:00,4.65,8445.254097,247.6534768,0,59.91213925
 03/18  07:00:00,5.1,12770.93048,4059.384621,0,59.60762031
 03/18  08:00:00,5.891666667,12921.1548,8280.837464,0,59.57749175
 03/18  09:00:00,6.1,12961.18351,9829.177651,0,59.56996991
 03/18  10:00:00,6.1,12961.18351,9218.450143,0,59.57634638
 03/18  11:00:00,6.45,13029.03271,7622.063375,0,59.58739572
 03/18  12:00:00,6.991666667,13135.03415,5649.439706,0,59.59752677
 03/18  13:00:00,8.483333333,13434.91502,3471.79786,0,59.60021873
 03/18  14:00:00,10.1,13770.02606,1494.299214,0,59.56872926
 03/18  15:00:00,10.6,13876.05482,0,0,59.51963598
 03/18  16:00:00,8.616666667,13463.4114,0,0,59.93127509
 03/18  17:00:00,7.841666667,13304.3369,0,0,59.80376857
 03/18  18:00:00,8.65,13468.12354,1498.595453,0,59.56877805
 03/18  19:00:00,8.55,13447.67688,4073.555853,0,59.58763242
 03/18  20:00:00,7.658333333,13267.57559,5662.099562,0,59.59464589
 03/18  21:00:00,6.558333333,13050.28808,5636.806521,0,59.59784267
 03/18  22:00:00,6.1,12961.18351,4028.84358,0,59.59284532
 03/18  23:00:00,5.808333333,12905.18096,2026.309959,0,59.57919677
 03/18  24:00:00,5.25,4552.019549,0,0,59.87347389
 03/19  01:00:00,5.35,944.5729297,0,0,59.96715584
 03/19  02:00:00,4.9,430.2477995,0,0,59.96760408
 03/19  03:00:00,4.108333333,364.0911098,0,0,59.96159062
 03/19  04:00:00,3.9,871.4683479,0,0,59.95650624
 03/19  05:00:00,3.258333333,6193.570242,0,0,59.93720732
 03/19  06:00:00,2.8,10291.74258,247.0987999,0,59.87341186
 03/19  07:00:00,2.8,12350.0911,4285.847208,0,59.59890428
 03/19  08:00:00,2.8,12350.0911,8048.763339,0,59.58241002
 03/19  09:00:00,3.091666667,12402.10993,10193.15934,0,59.56872884
 03/19  10:00:00,4.291666667,12620.59316,9568.710565,0,59.57190195
 03/19  11:00:00,6.633333333,13066.1727,7852.394911,0,59.58521753
 03/19  12:00:00,8.091666667,13354.53696,5933.139291,0,59.59797433
 03/19  13:00:00,8.3,13396.69578,3496.346521,0,59.60016625
 03/19  14:00:00,8.008333333,13337.71109,1733.581158,0,59.57090697
 03/19  15:00:00,7.8,13295.74053,236.1874811,0,59.47332898
 03/19  16:00:00,8.091666667,13354.53696,0,0,59.50527601
 03/19  17:00:00,7.658333333,13267.57559,303.237664,0,59.38770963
 03/19  18:00:00,5.916666667,12926.81738,1759.323996,0,59.54947552
 03/19  19:00:00,4.65,12686.50754,4218.010496,0,59.59669685
 03/19  20:00:00,4.4,12640.05774,6153.994369,0,59.59298223
 03/19  21:00:00,4.4,12640.05774,6073.466686,0,59.59131509
 03/19  22:00:00,4.108333333,12586.35957,4558.349427,0,59.59971023
 03/19  23:00:00,3.9,12548.16511,2582.171409,0,59.58929624
 03/19  24:00:00,3.9,4735.964432,0,0,59.82809617
 03/20  01:00:00,3.9,2221.112632,0,0,59.95990165
 03/20  02:00:00,4.191666667,375.4902453,0,0,59.96111136
 03/20  03:00:00,4.108333333,364.0340225,0,0,59.96149266
 03/20  04:00:00,4.191666667,920.1648143,0,0,59.96710424
 03/20  05:00:00,3.758333333,5994.876546,0,0,59.95240784
 03/20  06:00:00,3.3,10366.18968,246.9152358,0,59.87366699
 03/20  07:00:00,3.3,12439.42761,4259.411212,0,59.59607267
 03/20  08:00:00,3.65,12502.72226,7962.803167,0,59.58283817
 03/20  09:00:00,4.191666667,12601.67501,10121.87683,0,59.56920124
 03/20  10:00:00,5.1,12770.93048,9326.409917,0,59.57305093
 03/20  11:00:00,5.891666667,12921.1548,7844.622486,0,59.58478428
 03/20  12:00:00,6.45,13029.03271,5704.751726,0,59.59427348
 03/20  13:00:00,6.7,13077.72879,3765.611112,0,59.60067623
 03/20  14:00:00,6.991666667,13135.03415,1677.860932,0,59.55853946
 03/20  15:00:00,7.55,13245.76639,478.2320169,0,59.46284208
 03/20  16:00:00,6.808333333,13099.49409,0,0,59.30908601
 03/20  17:00:00,5.458333333,12838.62403,542.0984992,0,59.2798743
 03/20  18:00:00,4.65,12686.50754,2041.219044,0,59.55312101
 03/20  19:00:00,3.758333333,12522.5679,4579.217372,0,59.59717932
 03/20  20:00:00,3.3,12439.42761,6238.425409,0,59.59206243
 03/20  21:00:00,3.3,12439.42761,6235.275113,0,59.59429051
 03/20  22:00:00,3.3,12439.42761,5035.573698,0,59.59144607
 03/20  23:00:00,3.3,12439.42761,2377.313329,0,59.5901313
 03/20  24:00:00,3.3,5023.202145,208.1168147,0,59.81037653
 03/21  01:00:00,3.3,2219.755659,0,0,59.9598155
 03/21  02:00:00,3.008333333,376.5629845,0,0,59.96072882
 03/21  03:00:00,2.8,364.9013058,0,0,59.96122974
 03/21  04:00:00,2.8,919.9554409,0,0,59.96686425
 03/21  05:00:00,2.45,5993.830645,0,0,59.95035303
 03/21  06:00:00,2.2,10203.68412,247.1357514,0,59.87260264
 03/21  07:00:00,1.908333333,12193.70491,4213.7223,0,59.59382038
 03/21  08:00:00,2.983333333,12383.62412,8321.794173,0,59.57875447
 03/21  09:00:00,4.891666667,12732.09591,9971.455255,0,59.56773137
 03/21  10:00:00,6.241666667,12988.77807,9518.782471,0,59.57295501
 03/21  11:00:00,6.991666667,13135.03415,7821.178204,0,59.58391526
 03/21  12:00:00,7.2,13176.12791,5603.37625,0,59.59629834
 03/21  13:00:00,7.841666667,13304.3369,3490.324345,0,59.60008962
 03/21  14:00:00,8.65,13468.12354,1490.426714,0,59.56789488
 03/21  15:00:00,8.55,13447.67688,238.6020517,0,59.43860366
 03/21  16:00:00,8.008333333,13337.71109,0,0,59.57216514
 03/21  17:00:00,7.45,13225.83095,76.902358,0,59.44304888
 03/21  18:00:00,5.916666667,12926.81738,1880.798156,0,59.52816768
 03/21  19:00:00,4.65,12686.50754,4221.892729,0,59.5960243
 03/21  20:00:00,3.466666667,12469.94661,6125.79167,0,59.59530057
 03/21  21:00:00,2.8,12350.0911,6147.356553,0,59.59534655
 03/21  22:00:00,2.45,12288.31462,4821.30206,0,59.59969885
 03/21  23:00:00,1.266666667,12083.85266,2597.6191,0,59.58821498
 03/21  24:00:00,0.891666667,5171.409652,239.8864275,0,59.79333639
 03/22  01:00:00,1.1,2219.832053,0,0,59.95943157
 03/22  02:00:00,0.458333333,376.6645279,0,0,59.96013684
 03/22  03:00:00,0,364.381002,0,0,59.96130491
 03/22  04:00:00,-0.641666667,918.7588446,0,0,59.96688754
 03/22  05:00:00,-1.741666667,7093.822425,0,0,59.94013062
 03/22  06:00:00,-1.558333333,7766.389302,246.273573,0,59.91092045
 03/22  07:00:00,-0.108333333,11854.02873,4320.305063,0,59.60706296
 03/22  08:00:00,2.175,12241.42679,8595.654881,0,59.57513393
 03/22  09:00:00,4.291666667,12620.59316,10407.45174,0,59.56628815
 03/22  10:00:00,5,12751.86258,9675.057257,0,59.57195548
 03/22  11:00:00,6.925,13123.91484,7934.559105,0,59.58518509
 03/22  12:00:00,8.008333333,13337.71109,5907.946838,0,59.59864701
 03/22  13:00:00,6.166666667,12975.52638,3486.088158,0,59.59544634
 03/22  14:00:00,5.991666667,12940.86302,1763.421602,0,59.57888618
 03/22  15:00:00,6.991666667,13135.03415,454.4892407,0,59.48727305
 03/22  16:00:00,7.2,13176.12791,0,0,59.30234843
 03/22  17:00:00,7.2,13176.12791,618.9459186,0,59.28426136
 03/22  18:00:00,6.558333333,13050.28808,2005.3397,0,59.55341274
 03/22  19:00:00,6.1,12961.18351,4200.609577,0,59.59078696
 03/22  20:00:00,6.45,13029.03271,6083.118732,0,59.59036303
 03/22  21:00:00,6.35,13009.60849,5682.261246,0,59.59191442
 03/22  22:00:00,5.808333333,12905.18096,4233.040811,0,59.59124482
 03/22  23:00:00,4.9,12733.38336,2246.2316,0,59.57628265
 03/22  24:00:00,4.108333333,4903.951463,0,0,59.85499407
 03/23  01:00:00,3.9,941.865922,0,0,59.96662617
 03/23  02:00:00,3.9,430.5965,0,0,59.96709814
 03/23  03:00:00,3.258333333,364.2201392,0,0,59.96131881
 03/23  04:00:00,2.45,870.0342027,0,0,59.95640565
 03/23  05:00:00,2.841666667,6174.457914,0,0,59.93710357
 03/23  06:00:00,2.658333333,10257.46212,246.7463796,0,59.8733039
 03/23  07:00:00,2.841666667,12357.71923,4272.211151,0,59.59564941
 03/23  08:00:00,3.941666667,12556.00625,7982.130255,0,59.58268221
 03/23  09:00:00,4.4,12640.05774,10097.50613,0,59.56948875
 03/23  10:00:00,4.75,12705.14168,9298.889949,0,59.57357372
 03/23  11:00:00,5.35,12817.92249,7788.960342,0,59.58398393
 03/23  12:00:00,5.25,12799.0095,5720.2809,0,59.59669985
 03/23  13:00:00,5.35,12817.92249,3725.897016,0,59.5949925
 03/23  14:00:00,6.533333333,13045.66924,2009.688788,0,59.5806646
 03/23  15:00:00,7.2,13176.12791,478.3339876,0,59.48091567
 03/23  16:00:00,6.558333333,13050.28808,0,0,59.25051376
 03/23  17:00:00,6.1,12961.18351,615.1123558,0,59.30149905
 03/23  18:00:00,5.108333333,12772.77197,2030.530149,0,59.55611582
 03/23  19:00:00,4.108333333,12586.35957,4553.335476,0,59.59699242
 03/23  20:00:00,3.55,12484.59935,6230.30189,0,59.59476291
 03/23  21:00:00,3.008333333,12387.22051,6162.719835,0,59.595173
 03/23  22:00:00,2.8,12350.0911,4767.670208,0,59.59967177
 03/23  23:00:00,2.158333333,12237.37267,2570.028882,0,59.58675734
 03/23  24:00:00,1.991666667,5202.302399,0,0,59.78643158
 03/24  01:00:00,1.908333333,2213.787115,0,0,59.95945465
 03/24  02:00:00,1.7,377.6366579,0,0,59.95976916
 03/24  03:00:00,1.35,364.0724068,0,0,59.96124922
 03/24  04:00:00,0.808333333,917.4739125,0,0,59.96685037
 03/24  05:00:00,-0.1,7103.767318,0,0,59.94877817
 03/24  06:00:00,-0.891666667,7808.747634,246.3295532,0,59.91095936
 03/24  07:00:00,-0.808333333,11739.87404,4314.772821,0,59.60398555
 03/24  08:00:00,0.391666667,11936.60702,8574.956394,0,59.57673173
 03/24  09:00:00,2.091666667,12226.06402,10573.97891,0,59.56446029
 03/24  10:00:00,3.733333333,12518.27438,9936.444166,0,59.57119825
 03/24  11:00:00,5.1,12770.93048,8103.636619,0,59.58156276
 03/24  12:00:00,6.533333333,13045.66924,5973.973397,0,59.59160802
 03/24  13:00:00,6.908333333,13118.63429,3821.762081,0,59.60042882
 03/24  14:00:00,6.7,13077.72879,2000.574947,0,59.57901892
 03/24  15:00:00,7.633333333,13262.82894,474.9824709,0,59.48330049
 03/24  16:00:00,7.658333333,13267.57559,0,0,59.34482131
 03/24  17:00:00,6.908333333,13118.63429,302.078779,0,59.26722353
 03/24  18:00:00,5.358333333,12820.42882,2028.414921,0,59.54290289
 03/24  19:00:00,3.758333333,12522.5679,4237.739859,0,59.59697929
 03/24  20:00:00,2.016666667,12213.37777,6170.911398,0,59.5950942
 03/24  21:00:00,1.1,12055.03774,6397.808018,0,59.59444886
 03/24  22:00:00,1.1,12055.03774,4913.406449,0,59.59387196
 03/24  23:00:00,0.458333333,11947.38896,2832.057794,0,59.58721966
 03/24  24:00:00,-0.35,5618.354865,240.5625955,0,59.78686891
 03/25  01:00:00,-1.533333333,2214.460151,0,0,59.95909334
 03/25  02:00:00,-2.55,376.0091667,0,0,59.96045476
 03/25  03:00:00,-2.8,363.6955729,0,0,59.96130247
 03/25  04:00:00,-2.8,916.9525216,0,0,59.96687969
 03/25  05:00:00,-3.091666667,7058.831573,0,0,59.93876542
 03/25  06:00:00,-3.3,7569.159709,245.8503483,0,59.91085032
 03/25  07:00:00,-2.658333333,11450.63608,4262.495948,0,59.60487128
 03/25  08:00:00,-1.266666667,11667.12391,8778.373293,0,59.5781851
 03/25  09:00:00,1.033333333,12045.21672,10882.96744,0,59.56206725
 03/25  10:00:00,3.483333333,12473.38666,10023.17802,0,59.56948401
 03/25  11:00:00,4.75,12705.14168,8398.137209,0,59.58263676
 03/25  12:00:00,5.35,12817.92249,6119.630746,0,59.5904545
 03/25  13:00:00,6.533333333,13045.66924,3787.057196,0,59.59754285
 03/25  14:00:00,7.55,13245.76639,2028.055829,0,59.58171645
 03/25  15:00:00,8.091666667,13354.53696,478.0615732,0,59.47873076
 03/25  16:00:00,7.366666667,13209.66778,0,0,59.29166019
 03/25  17:00:00,7.341666667,13204.4467,366.9378865,0,59.28112917
 03/25  18:00:00,6.808333333,13099.49409,2009.7038,0,59.55109373
 03/25  19:00:00,4.816666667,12718.43369,4219.549242,0,59.59694931
 03/25  20:00:00,3.258333333,12432.16633,5892.483743,0,59.59333949
 03/25  21:00:00,2.158333333,12237.37267,6031.020343,0,59.59167281
 03/25  22:00:00,1.7,12157.64055,4788.459683,0,59.59213027
 03/25  23:00:00,1.35,12097.65336,2550.862819,0,59.58797252
 03/25  24:00:00,0.458333333,5239.888178,242.4011214,0,59.77733271
 03/26  01:00:00,-0.35,2211.384794,0,0,59.95926318
 03/26  02:00:00,-1.241666667,374.7639463,0,0,59.96078467
 03/26  03:00:00,-1.7,363.1834856,0,0,59.96138639
 03/26  04:00:00,-1.7,915.4075348,0,0,59.96688437
 03/26  05:00:00,-1.991666667,7067.206432,0,0,59.94056135
 03/26  06:00:00,-2.2,7680.419276,246.0859263,0,59.91104818
 03/26  07:00:00,-1.266666667,11667.12391,4318.607574,0,59.60717134
 03/26  08:00:00,0.741666667,11995.55498,8620.864492,0,59.57488225
 03/26  09:00:00,2.983333333,12383.62412,10618.39319,0,59.56463283
 03/26  10:00:00,4.891666667,12732.09591,9819.492719,0,59.56880332
 03/26  11:00:00,6.883333333,13114.58477,7905.783333,0,59.58179047
 03/26  12:00:00,8.441666667,13425.7388,5675.739738,0,59.59624329
 03/26  13:00:00,9.541666667,13652.65436,3468.177058,0,59.59647867
 03/26  14:00:00,10.35,13822.82743,1494.395624,0,59.56557666
 03/26  15:00:00,10.6,13781.88549,0,0,59.53719163
 03/26  16:00:00,10.25,9186.907805,0,0,59.92923108
 03/26  17:00:00,10,13748.63441,1228.260059,0,59.6001891
 03/26  18:00:00,8.366666667,13411.72027,2798.565258,0,59.57789883
 03/26  19:00:00,6.266666667,12993.87134,4548.937785,0,59.59821162
 03/26  20:00:00,4.608333333,12679.23334,5815.257666,0,59.59591401
 03/26  21:00:00,2.908333333,12369.89283,6040.419712,0,59.59633494
 03/26  22:00:00,1.908333333,12193.70491,4401.401717,0,59.59358743
 03/26  23:00:00,1.7,12157.64055,2561.193269,0,59.59041647
 03/26  24:00:00,1.7,5010.243277,0,0,59.79235451
 03/27  01:00:00,1.7,2206.940182,0,0,59.95975802
 03/27  02:00:00,1.35,373.8827299,0,0,59.96105078
 03/27  03:00:00,1.1,362.0713941,0,0,59.9616153
 03/27  04:00:00,0.108333333,914.3027889,0,0,59.9670939
 03/27  05:00:00,-1.241666667,7068.111021,0,0,59.94471288
 03/27  06:00:00,-1.7,7732.231137,246.19175,0,59.9110966
 03/27  07:00:00,-0.358333333,11813.62712,4269.038404,0,59.60227045
 03/27  08:00:00,2.175,12241.42679,8589.376102,0,59.57780064
 03/27  09:00:00,4.641666667,12685.88494,10263.25911,0,59.56639354
 03/27  10:00:00,6.533333333,13045.66924,9602.07597,0,59.57218149
 03/27  11:00:00,8.191666667,13375.26763,7787.360614,0,59.58437
 03/27  12:00:00,9.891666667,13726.35036,5512.355099,0,59.59640842
 03/27  13:00:00,11.24166667,14014.40307,3100.463726,0,59.59265464
 03/27  14:00:00,11.99166667,14178.08724,1227.468197,0,59.54735496
 03/27  15:00:00,12.55,9457.963794,0,0,59.82905071
 03/27  16:00:00,12.8,14357.57723,238.6533747,0,59.77412869
 03/27  17:00:00,12.45,14279.53455,964.6718557,0,59.51550094
 03/27  18:00:00,10.91666667,13944.89021,1751.684799,0,59.56033723
 03/27  19:00:00,8.716666667,13482.6239,3822.795101,0,59.59576425
 03/27  20:00:00,7.158333333,13168.11141,5313.539204,0,59.59819361
 03/27  21:00:00,6.058333333,12953.38002,5267.680804,0,59.59874759
 03/27  22:00:00,4.9,12733.38336,4036.216846,0,59.59762444
 03/27  23:00:00,3.116666667,12407.44719,2019.029586,0,59.57940162
 03/27  24:00:00,1.558333333,4708.827435,0,0,59.8369906
 03/28  01:00:00,1.45,935.5579779,0,0,59.96733592
 03/28  02:00:00,0.708333333,426.1969099,0,0,59.96741508
 03/28  03:00:00,-0.35,361.7746537,0,0,59.96149737
 03/28  04:00:00,-0.25,864.5932348,0,0,59.95703228
 03/28  05:00:00,0.35,7241.854693,0,0,59.92801217
 03/28  06:00:00,-0.741666667,7793.056905,246.2648461,0,59.91181199
 03/28  07:00:00,-0.708333333,11756.46845,4175.325366,0,59.60056455
 03/28  08:00:00,1.925,12198.59817,8590.541056,0,59.577808
 03/28  09:00:00,4.641666667,12685.88494,10382.11979,0,59.56782768
 03/28  10:00:00,6.883333333,13114.58477,9477.933781,0,59.57318801
 03/28  11:00:00,9.083333333,13558.10621,7775.233466,0,59.58692435
 03/28  12:00:00,10.35,13822.82743,5215.474119,0,59.59662739
 03/28  13:00:00,10.89166667,13938.64669,3178.959324,0,59.5983621
 03/28  14:00:00,11.45,14059.49885,1223.046733,0,59.54503118
 03/28  15:00:00,12.34166667,9467.288148,0,0,59.81975565
 03/28  16:00:00,12.8,14357.57723,239.6713243,0,59.77347604
 03/28  17:00:00,12.45,14279.53455,966.2491493,0,59.51436143
 03/28  18:00:00,11.55833333,14083.27161,1746.89674,0,59.56042506
 03/28  19:00:00,9.466666667,13638.25241,3820.236562,0,59.59541178
 03/28  20:00:00,6.725,13083.99362,5178.691637,0,59.59195497
 03/28  21:00:00,4.258333333,12614.89946,5290.750586,0,59.5986026
 03/28  22:00:00,3.65,12502.72226,3964.417649,0,59.5975601
 03/28  23:00:00,3.55,12484.59935,2007.229808,0,59.581877
 03/28  24:00:00,3.65,5058.371269,0,0,59.85590608
 03/29  01:00:00,3.258333333,933.2794799,0,0,59.96773634
 03/29  02:00:00,2.45,426.0402481,0,0,59.96783243
 03/29  03:00:00,1.558333333,359.2707557,0,0,59.96223176
 03/29  04:00:00,0.808333333,862.1346139,0,0,59.95725985
 03/29  05:00:00,0.6,7236.775318,0,0,59.92976179
 03/29  06:00:00,-0.391666667,7841.022442,246.3839524,0,59.91219626
 03/29  07:00:00,0.825,12010.62083,4201.798191,0,59.60143639
 03/29  08:00:00,3.833333333,12537.47655,8490.892164,0,59.57714071
 03/29  09:00:00,6.633333333,13066.1727,10059.10284,0,59.56669384
 03/29  10:00:00,8.733333333,13485.61211,9327.238149,0,59.57322241
 03/29  11:00:00,10.1,13770.02606,7231.24548,0,59.58669636
 03/29  12:00:00,11.24166667,14014.40307,5130.424852,0,59.59493269
 03/29  13:00:00,12.34166667,14255.6329,2861.196336,0,59.59634746
 03/29  14:00:00,13.09166667,14423.15125,728.603841,0,59.54020244
 03/29  15:00:00,13.3,9208.990121,0,0,59.94645143
 03/29  16:00:00,13.3,14470.1512,238.8535606,0,59.70942862
 03/29  17:00:00,13.00833333,14404.38892,716.3038967,0,59.46421143
 03/29  18:00:00,11.80833333,14138.28699,1641.992402,0,59.54158616
 03/29  19:00:00,9.816666667,13710.94532,3586.484858,0,59.5866726
 03/29  20:00:00,8.258333333,13388.46627,4958.808592,0,59.59896188
 03/29  21:00:00,7.158333333,13168.11141,5060.699863,0,59.59898295
 03/29  22:00:00,6.35,13009.60849,3646.244323,0,59.59652278
 03/29  23:00:00,4.816666667,12718.43369,1750.349731,0,59.57295302
 03/29  24:00:00,3.9,3997.086521,0,0,59.90767039
 03/30  01:00:00,3.258333333,932.4209931,0,0,59.96761784
 03/30  02:00:00,2.8,424.6888209,0,0,59.96794074
 03/30  03:00:00,2.45,357.7035936,0,0,59.96254742
 03/30  04:00:00,1.558333333,859.9715987,0,0,59.95754855
 03/30  05:00:00,0.808333333,7230.809902,0,0,59.93154218
 03/30  06:00:00,0.6,7980.54231,246.7372497,0,59.9126247
 03/30  07:00:00,1.533333333,12129.45391,4192.913485,0,59.6018693
 03/30  08:00:00,3.833333333,12537.47655,8295.591537,0,59.58123227
 03/30  09:00:00,6.633333333,13066.1727,10147.23829,0,59.57036394
 03/30  10:00:00,9.083333333,13558.10621,8975.152835,0,59.57703961
 03/30  11:00:00,10.99166667,13960.67866,7229.755206,0,59.58979663
 03/30  12:00:00,12.63333333,14320.79273,5033.927004,0,59.59491416
 03/30  13:00:00,13.94166667,14616.55124,2550.933852,0,59.58776761
 03/30  14:00:00,14.75,14772.19474,487.2710116,0,59.5432091
 03/30  15:00:00,15.35,9978.325236,0,0,59.93379307
 03/30  16:00:00,15.89166667,15072.32584,0,0,59.59319834
 03/30  17:00:00,15.45833333,14969.65595,0,0,59.64724067
 03/30  18:00:00,13.36666667,14486.72486,975.0226444,0,59.50363138
 03/30  19:00:00,11.26666667,14020.07728,2963.68018,0,59.58590785
 03/30  20:00:00,9.258333333,13594.43685,4764.434796,0,59.59854787
 03/30  21:00:00,8.008333333,13337.71109,4766.858337,0,59.5969807
 03/30  22:00:00,5.816666667,12908.90619,3423.268351,0,59.59517862
 03/30  23:00:00,4.108333333,12586.35957,1499.923421,0,59.56968429
 03/30  24:00:00,3.55,3485.510073,0,0,59.91975575
 03/31  01:00:00,3.65,918.021686,0,0,59.97051678
 03/31  02:00:00,3.55,662.1937197,0,0,59.96312653
 03/31  03:00:00,2.016666667,355.0106989,0,0,59.96314105
 03/31  04:00:00,1.1,617.4352295,0,0,59.95677023
 03/31  05:00:00,0.458333333,7606.610639,0,0,59.95473869
 03/31  06:00:00,0,7914.185336,246.5969867,0,59.91275192
 03/31  07:00:00,1.633333333,12147.63362,4301.522392,0,59.60782832
 03/31  08:00:00,4.433333333,12647.70124,8235.81906,0,59.57858338
 03/31  09:00:00,7.175,13172.55283,9925.985328,0,59.56915655
 03/31  10:00:00,9.641666667,13674.33002,9131.472653,0,59.57699387
 03/31  11:00:00,11.88333333,14155.12047,7146.298013,0,59.58656638
 03/31  12:00:00,14.43333333,14731.09638,4528.078589,0,59.60105346
 03/31  13:00:00,16.53333333,15226.66168,2527.114342,0,59.57855785
 03/31  14:00:00,17.55,12260.09042,240.9867393,0,59.67764837
 03/31  15:00:00,18.44166667,13098.58692,0,0,59.90136386
 03/31  16:00:00,18.9,10430.15088,0,0,59.9259551
 03/31  17:00:00,17.61666667,15491.26619,686.8844621,0,59.68889313
 03/31  18:00:00,15.70833333,15029.20264,2007.591488,0,59.56217746
 03/31  19:00:00,13.71666667,14565.76159,3178.209869,0,59.59058756
 03/31  20:00:00,11.80833333,14138.28699,4668.731283,0,59.59921867
 03/31  21:00:00,10.80833333,13920.7364,4122.428088,0,59.59779395
 03/31  22:00:00,10.30833333,13813.95243,3010.484829,0,59.59535144
 03/31  23:00:00,9.808333333,13124.932,739.8789013,0,59.58355172
 03/31  24:00:00,9.308333333,1496.411809,0,0,59.97517898
 04/01  01:00:00,8.866666667,1074.228408,0,0,59.96583196
 04/01  02:00:00,8.408333333,806.6558116,0,0,59.95947958
 04/01  03:00:00,7.908333333,353.6956284,0,0,59.96333962
 04/01  04:00:00,7.408333333,1381.305722,0,0,59.96277652
 04/01  05:00:00,7.55,5722.315525,0,0,59.97157045
 04/01  06:00:00,7.8,9971.805401,246.9605352,0,59.88285722
 04/01  07:00:00,8.091666667,13354.53696,4179.408793,0,59.59855045
 04/01  08:00:00,8.3,13396.69578,7489.510529,0,59.58035691
 04/01  09:00:00,7.658333333,13267.57559,9231.872865,0,59.57440025
 04/01  10:00:00,7.2,13176.12791,8564.444287,0,59.58150506
 04/01  11:00:00,7.841666667,13304.3369,6789.630138,0,59.5887035
 04/01  12:00:00,8.3,13396.69578,5077.8148,0,59.59800287
 04/01  13:00:00,9.641666667,13674.33002,2942.290226,0,59.5970555
 04/01  14:00:00,10.6,13876.05482,978.7797811,0,59.51622066
 04/01  15:00:00,11.24166667,8935.04644,0,0,59.77248233
 04/01  16:00:00,11.35,14037.75089,239.4234371,0,59.8344201
 04/01  17:00:00,10.10833333,13772.06119,973.7032025,0,59.54692174
 04/01  18:00:00,9.4,13622.8871,2447.691456,0,59.56847987
 04/01  19:00:00,8.758333333,13490.48656,3941.015117,0,59.59807823
 04/01  20:00:00,7.366666667,13209.66778,5511.857181,0,59.59754628
 04/01  21:00:00,5.708333333,12886.55199,5275.398505,0,59.59733075
 04/01  22:00:00,4.358333333,12632.58345,4038.385512,0,59.59752293
 04/01  23:00:00,3.55,12484.59935,1770.928101,0,59.57614662
 04/01  24:00:00,3.3,4735.588777,0,0,59.87017743
 04/02  01:00:00,3.008333333,927.7544253,0,0,59.96770401
 04/02  02:00:00,2.45,423.3321917,0,0,59.96737064
 04/02  03:00:00,2.2,358.1888514,0,0,59.9619737
 04/02  04:00:00,2.2,857.3267463,0,0,59.95756779
 04/02  05:00:00,1.908333333,7226.458058,0,0,59.9389985
 04/02  06:00:00,1.991666667,8148.424728,247.1622055,0,59.91271746
 04/02  07:00:00,2.2,12244.42095,4200.07596,0,59.60087023
 04/02  08:00:00,2.841666667,12357.71923,8152.873874,0,59.58414251
 04/02  09:00:00,3.941666667,12556.00625,9926.85035,0,59.5691031
 04/02  10:00:00,5.391666667,12826.29293,9400.92802,0,59.57402002
 04/02  11:00:00,6.45,13029.03271,7527.199212,0,59.58326975
 04/02  12:00:00,7.341666667,13204.4467,5400.734852,0,59.59152241
 04/02  13:00:00,7.8,13295.74053,3346.349268,0,59.59376201
 04/02  14:00:00,8.091666667,13354.53696,1501.404798,0,59.56334329
 04/02  15:00:00,8.008333333,13337.71109,237.3180349,0,59.52686319
 04/02  16:00:00,8.441666667,13425.7388,0,0,59.79211447
 04/02  17:00:00,8.55,13447.67688,0,0,59.6938419
 04/02  18:00:00,7.658333333,13267.57559,1486.857869,0,59.5395765
 04/02  19:00:00,7.2,13176.12791,3825.37102,0,59.59526161
 04/02  20:00:00,6.908333333,13118.63429,5588.142659,0,59.59759465
 04/02  21:00:00,5.708333333,12886.55199,5384.344588,0,59.59737807
 04/02  22:00:00,5.35,12817.92249,3935.300835,0,59.59677473
 04/02  23:00:00,5.25,12799.0095,1788.876286,0,59.57467324
 04/02  24:00:00,4.65,4559.619212,0,0,59.88618548
 04/03  01:00:00,4.4,927.8478979,0,0,59.96733846
 04/03  02:00:00,4.4,424.2034453,0,0,59.96763516
 04/03  03:00:00,4.4,356.4287155,0,0,59.96249764
 04/03  04:00:00,4.4,856.3376744,0,0,59.95752232
 04/03  05:00:00,3.758333333,6075.09179,0,0,59.93759614
 04/03  06:00:00,3.3,9329.570709,246.5738513,0,59.88167313
 04/03  07:00:00,3.3,12439.42761,4293.531575,0,59.59006819
 04/03  08:00:00,3.65,12502.72226,8031.951806,0,59.57914048
 04/03  09:00:00,4.191666667,12601.67501,9863.064124,0,59.57054461
 04/03  10:00:00,5.1,12770.93048,9227.067278,0,59.57674578
 04/03  11:00:00,5.891666667,12921.1548,7464.794955,0,59.5879073
 04/03  12:00:00,6.45,13029.03271,5499.532192,0,59.59791855
 04/03  13:00:00,6.7,13077.72879,3469.892447,0,59.59589865
 04/03  14:00:00,6.7,13077.72879,1494.99567,0,59.57226328
 04/03  15:00:00,6.7,13077.72879,237.9700979,0,59.4557143
 04/03  16:00:00,6.991666667,13135.03415,0,0,59.4989024
 04/03  17:00:00,7.2,13176.12791,302.7772263,0,59.38124551
 04/03  18:00:00,7.2,13176.12791,1755.529853,0,59.53051332
 04/03  19:00:00,6.908333333,13118.63429,4006.875997,0,59.59584766
 04/03  20:00:00,6.35,13009.60849,5746.023471,0,59.59116041
 04/03  21:00:00,5.808333333,12905.18096,5316.185526,0,59.59602324
 04/03  22:00:00,5.6,12865.34051,4099.459135,0,59.59756532
 04/03  23:00:00,5.6,12865.34051,1775.871038,0,59.57631232
 04/03  24:00:00,5.25,4478.082668,0,0,59.8642533
 04/04  01:00:00,4.65,931.4467792,0,0,59.96721831
 04/04  02:00:00,4.108333333,421.8211525,0,0,59.96852108
 04/04  03:00:00,3.258333333,357.4815533,0,0,59.96218109
 04/04  04:00:00,3.091666667,857.2805085,0,0,59.95723433
 04/04  05:00:00,3.3,6069.777166,0,0,59.93752266
 04/04  06:00:00,3.65,10426.48321,245.6668113,0,59.87492942
 04/04  07:00:00,3.9,12548.16511,4149.327624,0,59.5897359
 04/04  08:00:00,3.9,12548.16511,7818.771345,0,59.58093347
 04/04  09:00:00,4.191666667,12601.67501,9534.051403,0,59.57382365
 04/04  10:00:00,5.1,12770.93048,9081.468627,0,59.57643318
 04/04  11:00:00,6.883333333,13114.58477,7349.352495,0,59.5869112
 04/04  12:00:00,6.166666667,12975.52638,5298.336761,0,59.59639204
 04/04  13:00:00,5.35,12817.92249,3432.090827,0,59.59273906
 04/04  14:00:00,7.175,13172.55283,1743.447887,0,59.5722319
 04/04  15:00:00,7.366666667,13209.66778,0,0,59.46833639
 04/04  16:00:00,7.341666667,13204.4467,0,0,59.57417261
 04/04  17:00:00,9.083333333,13558.10621,59.22022732,0,59.45079554
 04/04  18:00:00,9.008333333,13542.2487,1758.111044,0,59.53785619
 04/04  19:00:00,7.016666667,13140.82454,3836.905349,0,59.58955929
 04/04  20:00:00,5.458333333,12838.62403,5287.590701,0,59.5907608
 04/04  21:00:00,4.358333333,12632.58345,5589.012208,0,59.59757936
 04/04  22:00:00,3.55,12484.59935,4082.904946,0,59.57492712
 04/04  23:00:00,3.008333333,12387.22051,2025.820023,0,59.58125585
 04/04  24:00:00,2.158333333,5070.477627,0,0,59.85523384
 04/05  01:00:00,1.058333333,928.3730471,0,0,59.96722845
 04/05  02:00:00,0.25,425.1913577,0,0,59.96778681
 04/05  03:00:00,0,357.76426,0,0,59.96206935
 04/05  04:00:00,-0.35,856.9341736,0,0,59.95710659
 04/05  05:00:00,0.1,7182.612338,0,0,59.93068583
 04/05  06:00:00,1.241666667,8073.669472,247.0571471,0,59.91221033
 04/05  07:00:00,1.991666667,12208.16831,4199.198518,0,59.60254891
 04/05  08:00:00,2.55,12305.92631,8142.532283,0,59.58186743
 04/05  09:00:00,3.441666667,12465.17866,9868.111248,0,59.56870171
 04/05  10:00:00,4.891666667,12732.09591,9403.591179,0,59.57407277
 04/05  11:00:00,6.241666667,12988.77807,7510.818919,0,59.58431484
 04/05  12:00:00,7.341666667,13204.4467,5376.384429,0,59.59402161
 04/05  13:00:00,8.441666667,13425.7388,3432.098468,0,59.59263887
 04/05  14:00:00,9.541666667,13652.65436,1480.095647,0,59.55956299
 04/05  15:00:00,10,11429.42236,0,0,59.66931701
 04/05  16:00:00,10,11457.19534,0,0,59.8868407
 04/05  17:00:00,10.35,13822.82743,1451.488465,0,59.55927985
 04/05  18:00:00,10.25,13801.5907,2300.344563,0,59.58144631
 04/05  19:00:00,9.358333333,13614.44458,4138.155898,0,59.5967401
 04/05  20:00:00,8.55,13447.67688,5321.867395,0,59.59816956
 04/05  21:00:00,8.008333333,13337.71109,4940.303811,0,59.5990948
 04/05  22:00:00,7.45,13225.83095,3724.781385,0,59.59711143
 04/05  23:00:00,6.908333333,13118.63429,1226.701766,0,59.54234847
 04/05  24:00:00,6.058333333,3145.091396,0,0,59.92108758
 04/06  01:00:00,5.6,914.8456104,0,0,59.96942819
 04/06  02:00:00,5.6,660.3379951,0,0,59.96239072
 04/06  03:00:00,5.6,355.9068352,0,0,59.9623799
 04/06  04:00:00,5.6,616.3219022,0,0,59.95599164
 04/06  05:00:00,5.25,7542.573346,0,0,59.95640757
 04/06  06:00:00,5,8501.241719,248.0387328,0,59.91256281
 04/06  07:00:00,5.35,12817.92249,3943.130315,0,59.6040219
 04/06  08:00:00,5.891666667,12921.1548,7882.465348,0,59.58312439
 04/06  09:00:00,7.091666667,13155.2536,9487.55422,0,59.57387521
 04/06  10:00:00,9.433333333,13631.30518,8602.004274,0,59.57895749
 04/06  11:00:00,11.53333333,14078.07183,6768.631335,0,59.58833429
 04/06  12:00:00,12.84166667,14367.14182,4504.556877,0,59.6008223
 04/06  13:00:00,13.94166667,14616.55124,2300.214153,0,59.58970163
 04/06  14:00:00,15.1,12377.96597,485.8795323,0,59.64427519
 04/06  15:00:00,15.89166667,11314.99537,0,0,59.89873427
 04/06  16:00:00,16.74166667,15276.78686,0,0,59.48819647
 04/06  17:00:00,17.2,15388.10363,0,0,59.63261073
 04/06  18:00:00,16.55833333,15232.44239,723.2584753,0,59.48361631
 04/06  19:00:00,14.81666667,14819.64422,2579.196645,0,59.57675473
 04/06  20:00:00,12.90833333,14382.41375,4029.209661,0,59.58937794
 04/06  21:00:00,11.55833333,14083.27161,3739.959844,0,59.59580243
 04/06  22:00:00,10.80833333,13920.7364,2577.67885,0,59.59220691
 04/06  23:00:00,10.25,11405.78277,492.2398404,0,59.63801299
 04/06  24:00:00,10.35,3483.285042,0,0,59.96979461
 04/07  01:00:00,10.25,927.3068836,0,0,59.9672835
 04/07  02:00:00,9.65,420.5743451,0,0,59.96853174
 04/07  03:00:00,9.4,355.7831724,0,0,59.96231536
 04/07  04:00:00,9.4,852.8732412,0,0,59.9572851
 04/07  05:00:00,9.108333333,6031.905748,0,0,59.94257087
 04/07  06:00:00,8.9,10515.07002,244.4274128,0,59.88039483
 04/07  07:00:00,8.55,13447.67688,3859.594203,0,59.59466181
 04/07  08:00:00,8.008333333,13337.71109,7303.298586,0,59.58546494
 04/07  09:00:00,8.441666667,13425.7388,8987.875336,0,59.57919433
 04/07  10:00:00,9.541666667,13652.65436,8267.673165,0,59.58380475
 04/07  11:00:00,11.925,14165.41876,6481.187901,0,59.59236036
 04/07  12:00:00,14.64166667,14778.96236,4163.916526,0,59.59569794
 04/07  13:00:00,16.88333333,15311.84343,2024.677212,0,59.58294526
 04/07  14:00:00,16.16666667,9674.795749,237.5198638,0,59.75097078
 04/07  15:00:00,14.35833333,14712.49298,0,0,59.85726748
 04/07  16:00:00,13.9,9633.590604,0,0,59.92835671
 04/07  17:00:00,13.25833333,14460.95346,489.5569585,0,59.7600679
 04/07  18:00:00,12.15833333,14215.03741,2294.677695,0,59.58027296
 04/07  19:00:00,10.06666667,13764.18562,4073.85189,0,59.59310769
 04/07  20:00:00,8.55,13447.67688,5245.444035,0,59.59869293
 04/07  21:00:00,8.008333333,13337.71109,4747.919102,0,59.59334912
 04/07  22:00:00,7.158333333,13168.11141,3494.618967,0,59.59918877
 04/07  23:00:00,6.35,13009.60849,1249.840931,0,59.55280263
 04/07  24:00:00,5.808333333,3014.471927,0,0,59.92532388
 04/08  01:00:00,4.9,912.2617793,0,0,59.96953322
 04/08  02:00:00,3.758333333,657.9630054,0,0,59.9625874
 04/08  03:00:00,3.008333333,354.2062361,0,0,59.96258602
 04/08  04:00:00,2.158333333,614.4575844,0,0,59.95614227
 04/08  05:00:00,1.7,7524.594637,0,0,59.95660485
 04/08  06:00:00,1.7,8105.093699,247.1392269,0,59.91321747
 04/08  07:00:00,1.991666667,12208.16831,3987.70373,0,59.60831474
 04/08  08:00:00,3.191666667,12420.51686,8231.076673,0,59.57676933
 04/08  09:00:00,4.891666667,12732.09591,9785.821773,0,59.57026998
 04/08  10:00:00,6.533333333,13045.66924,8985.866088,0,59.57759529
 04/08  11:00:00,7.55,13245.76639,7460.451867,0,59.58730601
 04/08  12:00:00,7.8,13295.74053,5012.013663,0,59.59895407
 04/08  13:00:00,8.091666667,13354.53696,3169.14097,0,59.59832474
 04/08  14:00:00,8.941666667,13528.18511,1240.789904,0,59.54768158
 04/08  15:00:00,9.4,11183.57273,235.2962981,0,59.70025015
 04/08  16:00:00,9.4,11352.40592,0,0,59.88811218
 04/08  17:00:00,9.75,13696.10415,1469.901703,0,59.56594704
 04/08  18:00:00,9.358333333,13614.44458,2280.932886,0,59.57717629
 04/08  19:00:00,8.258333333,13388.46627,4193.683075,0,59.59609905
 04/08  20:00:00,6.516666667,13042.85144,5563.072797,0,59.59666015
 04/08  21:00:00,4.608333333,12679.23334,5276.756716,0,59.59856914
 04/08  22:00:00,3.55,12484.59935,3841.411582,0,59.60053387
 04/08  23:00:00,3.008333333,12387.22051,2018.421205,0,59.57925255
 04/08  24:00:00,1.516666667,4634.462596,0,0,59.86281843
 04/09  01:00:00,1.533333333,923.5079585,0,0,59.96739778
 04/09  02:00:00,1.908333333,420.7371529,0,0,59.96788979
 04/09  03:00:00,0.708333333,356.1443544,0,0,59.96201274
 04/09  04:00:00,-0.641666667,853.1294177,0,0,59.95751326
 04/09  05:00:00,-0.808333333,7131.977367,0,0,59.92859707
 04/09  06:00:00,-0.25,7897.789737,246.6847205,0,59.91267561
 04/09  07:00:00,0.641666667,11978.01558,4220.285816,0,59.60447131
 04/09  08:00:00,3.025,12392.19897,8172.162122,0,59.58391292
 04/09  09:00:00,6.033333333,12949.81333,9864.430507,0,59.56949748
 04/09  10:00:00,8.191666667,13375.26763,8891.436655,0,59.57804861
 04/09  11:00:00,9.541666667,13652.65436,7240.981058,0,59.58977805
 04/09  12:00:00,9.65,13675.14626,4864.29592,0,59.60056059
 04/09  13:00:00,9.75,13696.10415,2889.496128,0,59.59579934
 04/09  14:00:00,10.35,13822.82743,923.3513409,0,59.50693861
 04/09  15:00:00,10.89166667,9137.426634,0,0,59.83766583
 04/09  16:00:00,11.74166667,14123.35587,239.1889516,0,59.77454381
 04/09  17:00:00,12.2,14224.02214,964.2142537,0,59.51468382
 04/09  18:00:00,11.90833333,14159.75093,1746.622465,0,59.55836005
 04/09  19:00:00,10.35833333,13825.52741,3467.769856,0,59.59143333
 04/09  20:00:00,8.466666667,13431.08768,5034.078029,0,59.58948768
 04/09  21:00:00,6.808333333,13099.49409,4547.204656,0,59.59570279
 04/09  22:00:00,5.458333333,12838.62403,3514.078047,0,59.59620805
 04/09  23:00:00,4.008333333,12568.52067,1490.99171,0,59.56796622
 04/09  24:00:00,2.658333333,3451.171249,0,0,59.92111497
 04/10  01:00:00,1.908333333,908.4840353,0,0,59.97002671
 04/10  02:00:00,1.058333333,655.7868299,0,0,59.96271985
 04/10  03:00:00,0.25,353.0291061,0,0,59.96271574
 04/10  04:00:00,0.35,612.9352973,0,0,59.95623443
 04/10  05:00:00,-0.1,7511.960509,0,0,59.95484236
 04/10  06:00:00,-0.6,7848.943759,246.5678974,0,59.91240253
 04/10  07:00:00,0.391666667,11936.60702,4224.482484,0,59.60492043
 04/10  08:00:00,2.383333333,12277.44275,8180.499723,0,59.58379504
 04/10  09:00:00,4.641666667,12685.88494,9863.25129,0,59.57031063
 04/10  10:00:00,6.533333333,13045.66924,9303.75965,0,59.57437154
 04/10  11:00:00,7.841666667,13304.3369,7285.051603,0,59.58891382
 04/10  12:00:00,8.941666667,13528.18511,5171.202892,0,59.59918081
 04/10  13:00:00,9.75,13696.10415,2883.772481,0,59.5941461
 04/10  14:00:00,10.35,13822.82743,987.5502999,0,59.5243601
 04/10  15:00:00,10.6,8993.20628,0,0,59.77104461
 04/10  16:00:00,10.6,13876.05482,240.4349071,0,59.83426556
 04/10  17:00:00,10.6,13876.05482,974.1464105,0,59.54644848
 04/10  18:00:00,10.25,13801.5907,2277.986882,0,59.57298572
 04/10  19:00:00,9.65,13675.14626,3843.089065,0,59.59721142
 04/10  20:00:00,9.108333333,13562.41134,5187.978567,0,59.59492264
 04/10  21:00:00,8.55,13447.67688,4774.91615,0,59.59786675
 04/10  22:00:00,7.658333333,13267.57559,3394.665935,0,59.59105665
 04/10  23:00:00,6.908333333,13118.63429,1201.507444,0,59.55026521
 04/10  24:00:00,6.7,2518.159274,0,0,59.945367
 04/11  01:00:00,6.7,907.7971732,0,0,59.96995118
 04/11  02:00:00,6.35,652.0845343,0,0,59.96252049
 04/11  03:00:00,6.45,352.7233476,0,0,59.96282022
 04/11  04:00:00,6.35,611.0922843,0,0,59.95653415
 04/11  05:00:00,6.1,7480.241162,0,0,59.96086042
 04/11  06:00:00,5.808333333,8592.808339,244.5502629,0,59.91326566
 04/11  07:00:00,5.891666667,12921.1548,3911.943636,0,59.60472021
 04/11  08:00:00,6.1,12961.18351,7661.927498,0,59.58292853
 04/11  09:00:00,6.741666667,13086.11214,9115.619889,0,59.57489337
 04/11  10:00:00,7.55,13245.76639,8582.093406,0,59.5816897
 04/11  11:00:00,8.091666667,13354.53696,6973.587802,0,59.58918734
 04/11  12:00:00,9.291666667,13600.90513,4705.049194,0,59.59829555
 04/11  13:00:00,10.64166667,13885.19339,2793.026158,0,59.59560066
 04/11  14:00:00,11.1,13983.51655,732.681275,0,59.52104928
 04/11  15:00:00,11.1,9143.387592,0,0,59.91639659
 04/11  16:00:00,10.80833333,13920.7364,238.575852,0,59.70990314
 04/11  17:00:00,10.25,13801.5907,959.9921324,0,59.490108
 04/11  18:00:00,9.65,13675.14626,1754.028313,0,59.55664105
 04/11  19:00:00,8.466666667,13431.08768,3824.632478,0,59.59561291
 04/11  20:00:00,7.45,13225.83095,4960.201257,0,59.5989697
 04/11  21:00:00,5.916666667,12926.81738,5006.134725,0,59.58767449
 04/11  22:00:00,5,12751.86258,3741.127534,0,59.5930714
 04/11  23:00:00,5.641666667,12873.51085,1515.48891,0,59.55794523
 04/11  24:00:00,6.45,3972.401689,0,0,59.90405135
 04/12  01:00:00,6.058333333,919.8102407,0,0,59.96761333
 04/12  02:00:00,4.608333333,417.9500388,0,0,59.96858792
 04/12  03:00:00,3.258333333,352.4789907,0,0,59.96267013
 04/12  04:00:00,2.45,847.2795846,0,0,59.95782431
 04/12  05:00:00,2.2,6004.816444,0,0,59.9382448
 04/12  06:00:00,2.2,10203.68412,245.1232918,0,59.8759503
 04/12  07:00:00,2.55,12305.92631,4107.869311,0,59.59985142
 04/12  08:00:00,3.091666667,12402.10993,7789.128937,0,59.57574116
 04/12  09:00:00,3.941666667,12556.00625,9534.611629,0,59.57155596
 04/12  10:00:00,5.1,12770.93048,9009.055416,0,59.57679036
 04/12  11:00:00,6.533333333,13045.66924,7219.612977,0,59.58505144
 04/12  12:00:00,6.908333333,13118.63429,5195.133014,0,59.59569578
 04/12  13:00:00,6.7,13077.72879,3137.48704,0,59.5928069
 04/12  14:00:00,6.991666667,13135.03415,1469.809259,0,59.56091085
 04/12  15:00:00,7.841666667,13304.3369,0,0,59.51025651
 04/12  16:00:00,8.3,13396.69578,0,0,59.91197518
 04/12  17:00:00,5.383333333,12828.87603,0,0,59.84047811
 04/12  18:00:00,3.65,12502.72226,1494.291951,0,59.57929264
 04/12  19:00:00,3.55,12484.59935,4193.302128,0,59.59577388
 04/12  20:00:00,3.3,12439.42761,5786.545559,0,59.59573514
 04/12  21:00:00,3.3,12439.42761,5758.184387,0,59.59677479
 04/12  22:00:00,3.008333333,12387.22051,4435.519891,0,59.59687705
 04/12  23:00:00,2.45,12288.31462,2295.490983,0,59.58452915
 04/12  24:00:00,2.2,5375.700557,0,0,59.84747277
 04/13  01:00:00,1.558333333,919.4039599,0,0,59.96787443
 04/13  02:00:00,1.1,416.9895663,0,0,59.96843284
 04/13  03:00:00,0.808333333,354.7166618,0,0,59.96182431
 04/13  04:00:00,-0.1,848.5601269,0,0,59.95761609
 04/13  05:00:00,-0.891666667,7093.776219,0,0,59.9301088
 04/13  06:00:00,-0.808333333,7835.505604,246.5923462,0,59.91265964
 04/13  07:00:00,0.391666667,11936.60702,3988.484313,0,59.6083228
 04/13  08:00:00,2.091666667,12226.06402,8350.446487,0,59.57868578
 04/13  09:00:00,4.083333333,12582.63538,9854.369467,0,59.56983176
 04/13  10:00:00,5.991666667,12940.86302,9035.434941,0,59.57728596
 04/13  11:00:00,6.7,13077.72879,7471.697476,0,59.58861988
 04/13  12:00:00,7.341666667,13204.4467,5166.884127,0,59.59731539
 04/13  13:00:00,7.8,13295.74053,3290.299764,0,59.59515891
 04/13  14:00:00,8.441666667,13425.7388,1221.568367,0,59.55694586
 04/13  15:00:00,8.9,11161.98438,0,0,59.68748538
 04/13  16:00:00,8.55,11197.87473,0,0,59.88769358
 04/13  17:00:00,8.3,13396.69578,1405.550361,0,59.55549147
 04/13  18:00:00,8.3,13396.69578,2517.63395,0,59.56937642
 04/13  19:00:00,8.008333333,13337.71109,4179.128506,0,59.5970605
 04/13  20:00:00,7.158333333,13168.11141,5616.799115,0,59.59551762
 04/13  21:00:00,6.058333333,12953.38002,4938.927679,0,59.59894768
 04/13  22:00:00,4.9,12733.38336,3750.763191,0,59.59667068
 04/13  23:00:00,4.108333333,12586.35957,1763.349916,0,59.57366547
 04/13  24:00:00,3.9,4011.803777,0,0,59.90097106
 04/14  01:00:00,3.9,918.862391,0,0,59.96755263
 04/14  02:00:00,3.258333333,417.3872699,0,0,59.96810006
 04/14  03:00:00,1.808333333,355.1814678,0,0,59.96177417
 04/14  04:00:00,0.458333333,848.1681537,0,0,59.95744363
 04/14  05:00:00,-0.641666667,7089.759265,0,0,59.93144583
 04/14  06:00:00,-0.808333333,7835.505604,246.6129015,0,59.91326808
 04/14  07:00:00,0.391666667,11936.60702,3979.249736,0,59.60845991
 04/14  08:00:00,2.383333333,12277.44275,8336.23899,0,59.57929445
 04/14  09:00:00,4.641666667,12685.88494,9768.250929,0,59.57017483
 04/14  10:00:00,6.533333333,13045.66924,8970.641167,0,59.57803838
 04/14  11:00:00,8.191666667,13375.26763,7198.994982,0,59.58961381
 04/14  12:00:00,9.541666667,13652.65436,5064.15919,0,59.59347273
 04/14  13:00:00,10.35,13822.82743,3017.310838,0,59.59039957
 04/14  14:00:00,10.25,13801.5907,730.1492581,0,59.53654392
 04/14  15:00:00,8.716666667,8893.199195,0,0,59.87289844
 04/14  16:00:00,7.158333333,13168.11141,229.278091,0,59.77011834
 04/14  17:00:00,7.633333333,13262.82894,1197.777971,0,59.52964736
 04/14  18:00:00,8.3,13396.69578,2324.248001,0,59.57689545
 04/14  19:00:00,7.366666667,13209.66778,4175.995952,0,59.59315834
 04/14  20:00:00,6.35,13009.60849,5427.385935,0,59.59078046
 04/14  21:00:00,4.466666667,12653.87389,5239.190678,0,59.59904248
 04/14  22:00:00,3.941666667,12556.00625,3813.202162,0,59.60009334
 04/14  23:00:00,3.116666667,12407.44719,1778.679421,0,59.5739226
 04/14  24:00:00,1.908333333,4533.025491,0,0,59.84923836
 04/15  01:00:00,1.35,916.8874264,0,0,59.96738345
 04/15  02:00:00,0.458333333,418.7195077,0,0,59.9679329
 04/15  03:00:00,-0.35,354.0595803,0,0,59.96204058
 04/15  04:00:00,-0.6,845.9528825,0,0,59.95714444
 04/15  05:00:00,-0.891666667,7078.802263,0,0,59.93010818
 04/15  06:00:00,-0.458333333,7884.209576,246.756223,0,59.91250774
 04/15  07:00:00,1.283333333,12087.1223,3984.840153,0,59.60828848
 04/15  08:00:00,3.833333333,12537.47655,8205.360295,0,59.57642057
 04/15  09:00:00,5.991666667,12940.86302,9712.429256,0,59.57116539
 04/15  10:00:00,7.633333333,13262.82894,8781.804356,0,59.57905803
 04/15  11:00:00,8.941666667,13528.18511,6831.904696,0,59.58978305
 04/15  12:00:00,10.1,13770.02606,4870.249732,0,59.59582982
 04/15  13:00:00,10.89166667,13938.64669,2713.48115,0,59.59012935
 04/15  14:00:00,11.45,14059.49885,711.834238,0,59.52938983
 04/15  15:00:00,11.99166667,9428.127101,0,0,59.93686013
 04/15  16:00:00,12.55,14301.79373,189.382755,0,59.61589863
 04/15  17:00:00,12.45,14279.53455,300.4199479,0,59.34441872
 04/15  18:00:00,11.90833333,14159.75093,1452.003926,0,59.50592439
 04/15  19:00:00,10.35833333,13825.52741,3167.431619,0,59.5867471
 04/15  20:00:00,8.758333333,13490.48656,4835.608631,0,59.59918207
 04/15  21:00:00,8.008333333,13337.71109,4467.199353,0,59.59258304
 04/15  22:00:00,7.8,13295.74053,3109.604644,0,59.59619893
 04/15  23:00:00,8.091666667,13354.53696,991.8191621,0,59.57551319
 04/15  24:00:00,8.008333333,2113.561875,0,0,59.97181533
 04/16  01:00:00,7.8,902.4387077,0,0,59.9697309
 04/16  02:00:00,8.091666667,649.0632285,0,0,59.96217117
 04/16  03:00:00,8.3,352.5337349,0,0,59.96243987
 04/16  04:00:00,8.65,609.2061103,0,0,59.95620341
 04/16  05:00:00,8.9,7450.621068,0,0,59.96100622
 04/16  06:00:00,8.9,9012.917161,245.7930477,0,59.91338596
 04/16  07:00:00,9.191666667,13579.66324,3628.895748,0,59.60819383
 04/16  08:00:00,10.1,13770.02606,7217.001853,0,59.58754342
 04/16  09:00:00,12.525,14298.20702,8492.489945,0,59.5823709
 04/16  10:00:00,14.89166667,14836.79206,7433.400343,0,59.58700383
 04/16  11:00:00,15.89166667,15072.32584,5583.974563,0,59.58947841
 04/16  12:00:00,15.80833333,15052.4791,3440.517443,0,59.58553251
 04/16  13:00:00,13.61666667,14544.22536,1234.656683,0,59.55756759
 04/16  14:00:00,11.90833333,8951.811231,0,0,59.78247877
 04/16  15:00:00,11.7,14114.00429,0,0,59.85343717
 04/16  16:00:00,11.7,14071.44791,0,0,59.77820238
 04/16  17:00:00,11.05833333,9290.075077,0,0,59.9204757
 04/16  18:00:00,10.25,13801.5907,2335.415792,0,59.60418777
 04/16  19:00:00,9.65,13675.14626,4696.299902,0,59.59260157
 04/16  20:00:00,9.108333333,13562.41134,5342.368866,0,59.59788557
 04/16  21:00:00,8.9,13519.37574,4855.682823,0,59.59957095
 04/16  22:00:00,8.9,13519.37574,3141.572187,0,59.59400534
 04/16  23:00:00,8.9,13519.37574,1238.080187,0,59.58220203
 04/16  24:00:00,8.55,1878.645117,0,0,59.97517737
 04/17  01:00:00,7.658333333,901.4604096,0,0,59.96972063
 04/17  02:00:00,6.908333333,648.468408,0,0,59.96210709
 04/17  03:00:00,6.35,352.5302712,0,0,59.96236444
 04/17  04:00:00,5.808333333,608.9088575,0,0,59.95614274
 04/17  05:00:00,5.6,7419.339193,0,0,59.96056603
 04/17  06:00:00,5.6,8576.893674,244.6927762,0,59.91338161
 04/17  07:00:00,5.6,12865.34051,3918.038275,0,59.60218007
 04/17  08:00:00,5.6,12865.34051,7347.787637,0,59.58135357
 04/17  09:00:00,6.241666667,12988.77807,9258.34588,0,59.57319826
 04/17  10:00:00,7.633333333,13262.82894,8443.026356,0,59.58166866
 04/17  11:00:00,9.291666667,13600.90513,6777.530465,0,59.59040458
 04/17  12:00:00,9.65,13675.14626,4500.479816,0,59.60110816
 04/17  13:00:00,9.75,13696.10415,2578.651306,0,59.59342386
 04/17  14:00:00,10,13748.63441,727.5511905,0,59.53439587
 04/17  15:00:00,9.65,8854.070444,0,0,59.93635084
 04/17  16:00:00,9.75,13696.10415,238.7705795,0,59.70827475
 04/17  17:00:00,10,13748.63441,961.1174429,0,59.50067589
 04/17  18:00:00,9.65,13675.14626,1746.389783,0,59.55599112
 04/17  19:00:00,8.466666667,13431.08768,3809.188674,0,59.59503688
 04/17  20:00:00,6.516666667,13042.85144,4920.730578,0,59.59600759
 04/17  21:00:00,5.25,12799.0095,5043.844033,0,59.59375524
 04/17  22:00:00,4.008333333,12568.52067,3711.903008,0,59.59283342
 04/17  23:00:00,3.008333333,12387.22051,1510.853338,0,59.57212405
 04/17  24:00:00,2.45,4025.563725,0,0,59.89409399
 04/18  01:00:00,0.566666667,913.3671229,0,0,59.96746478
 04/18  02:00:00,1.033333333,417.285003,0,0,59.96797593
 04/18  03:00:00,1.908333333,352.9317428,0,0,59.96204729
 04/18  04:00:00,1.35,844.0427542,0,0,59.95746531
 04/18  05:00:00,0.808333333,5965.207004,0,0,59.93807414
 04/18  06:00:00,0.891666667,10022.38847,244.9008042,0,59.87499882
 04/18  07:00:00,1.45,12114.75383,4097.08939,0,59.59875592
 04/18  08:00:00,2.983333333,12383.62412,7774.793524,0,59.57541971
 04/18  09:00:00,4.191666667,12601.67501,9414.715423,0,59.57277639
 04/18  10:00:00,5.1,12770.93048,8959.128057,0,59.57587845
 04/18  11:00:00,6.533333333,13045.66924,7090.467273,0,59.58636582
 04/18  12:00:00,8.191666667,13375.26763,4950.877657,0,59.5979186
 04/18  13:00:00,9.541666667,13652.65436,3103.129099,0,59.59075827
 04/18  14:00:00,10.35,13822.82743,734.4232082,0,59.48238344
 04/18  15:00:00,11.24166667,9124.505797,0,0,59.82749189
 04/18  16:00:00,9.425,13630.9567,238.8166919,0,59.77600599
 04/18  17:00:00,8.733333333,13485.61211,964.6227483,0,59.52239646
 04/18  18:00:00,9.4,13622.8871,1930.908171,0,59.5625026
 04/18  19:00:00,8.116666667,13360.45516,3817.345245,0,59.59659803
 04/18  20:00:00,6.558333333,13050.28808,5252.062027,0,59.59860687
 04/18  21:00:00,5.808333333,12905.18096,4857.700351,0,59.59631523
 04/18  22:00:00,4.9,12733.38336,3732.910269,0,59.58948771
 04/18  23:00:00,4.108333333,12586.35957,1501.900055,0,59.56668529
 04/18  24:00:00,3.9,3467.159508,0,0,59.91987935
 04/19  01:00:00,3.258333333,898.9073439,0,0,59.9696
 04/19  02:00:00,2.158333333,646.5202199,0,0,59.96207436
 04/19  03:00:00,1.991666667,351.6162626,0,0,59.96236235
 04/19  04:00:00,1.908333333,607.4979966,0,0,59.95616695
 04/19  05:00:00,1.7,7402.585669,0,0,59.95625496
 04/19  06:00:00,1.991666667,8148.424728,247.4595059,0,59.91358837
 04/19  07:00:00,2.841666667,12357.71923,3968.858769,0,59.60807806
 04/19  08:00:00,3.941666667,12556.00625,7800.446354,0,59.58206128
 04/19  09:00:00,6.383333333,13018.18665,9442.485761,0,59.57515971
 04/19  10:00:00,9.433333333,13631.30518,8454.549976,0,59.57774089
 04/19  11:00:00,11.24166667,14014.40307,6688.042222,0,59.58836679
 04/19  12:00:00,12.63333333,14320.79273,4207.647778,0,59.59809369
 04/19  13:00:00,13.94166667,14616.55124,2290.781346,0,59.58687144
 04/19  14:00:00,14.75,11823.7206,239.50835,0,59.67349731
 04/19  15:00:00,15.35,12463.08,0,0,59.90051594
 04/19  16:00:00,15.25,9063.323778,0,0,59.87588001
 04/19  17:00:00,14.65,14779.97225,489.8909,0,59.79433903
 04/19  18:00:00,14.75,14803.25388,2297.385396,0,59.58447182
 04/19  19:00:00,12.725,14343.65488,3965.428512,0,59.58951521
 04/19  20:00:00,9.816666667,13710.94532,4495.814024,0,59.59782073
 04/19  21:00:00,8.9,13519.37574,4149.661951,0,59.6002596
 04/19  22:00:00,9.191666667,13579.66324,3072.913262,0,59.5903552
 04/19  23:00:00,8.758333333,12769.65863,728.6132981,0,59.62166968
 04/19  24:00:00,6.725,1462.762891,0,0,59.97491295
 04/20  01:00:00,5.25,1049.837779,0,0,59.96537598
 04/20  02:00:00,5.641666667,789.7948679,0,0,59.9583639
 04/20  03:00:00,6.741666667,349.621469,0,0,59.96281787
 04/20  04:00:00,6.908333333,1353.694175,0,0,59.96222065
 04/20  05:00:00,7.341666667,5595.470392,0,0,59.97173907
 04/20  06:00:00,7.8,10341.13153,243.8288888,0,59.88097608
 04/20  07:00:00,8.733333333,13485.61211,3789.150679,0,59.59018756
 04/20  08:00:00,9.75,13696.10415,7133.385297,0,59.5879626
 04/20  09:00:00,10.64166667,13885.19339,8534.853686,0,59.58157969
 04/20  10:00:00,12.73333333,14344.13117,7307.600529,0,59.58308583
 04/20  11:00:00,14.19166667,14673.83872,5920.095605,0,59.59702398
 04/20  12:00:00,15.1,14885.3089,3483.586956,0,59.60008534
 04/20  13:00:00,16.88333333,15311.84343,1224.212256,0,59.55643974
 04/20  14:00:00,18.44166667,8780.349117,0,0,59.82332569
 04/20  15:00:00,18.9,12927.88233,0,0,59.87255059
 04/20  16:00:00,18.9,12045.98765,0,0,59.89406384
 04/20  17:00:00,18.9,15810.35879,936.2264473,0,59.55075581
 04/20  18:00:00,18.55,15722.39371,1471.147817,0,59.53254433
 04/20  19:00:00,17.65833333,15500.8523,2475.787221,0,59.58307539
 04/20  20:00:00,15.56666667,14996.535,3429.84458,0,59.59664193
 04/20  21:00:00,14.10833333,14654.65037,2854.399363,0,59.58911254
 04/20  22:00:00,13.9,14606.77364,1732.277432,0,59.56941793
 04/20  23:00:00,13.55,9322.983369,0,0,59.78605805
 04/20  24:00:00,12.65833333,3196.595035,0,0,59.96965699
 04/21  01:00:00,11.90833333,894.0906819,0,0,59.9706469
 04/21  02:00:00,11.35,639.8001572,0,0,59.96324073
 04/21  03:00:00,10.80833333,345.921234,0,0,59.96353415
 04/21  04:00:00,10.25,602.1802345,0,0,59.95720942
 04/21  05:00:00,9.358333333,7399.05088,0,0,59.96464216
 04/21  06:00:00,9.541666667,9127.260116,246.3003125,0,59.91485463
 04/21  07:00:00,10,13748.63441,3624.216771,0,59.60868646
 04/21  08:00:00,11.28333333,14024.1215,7015.071099,0,59.58569872
 04/21  09:00:00,13.19166667,14446.20567,8106.005073,0,59.57529151
 04/21  10:00:00,14.54166667,14754.96295,7066.532149,0,59.58622834
 04/21  11:00:00,15.64166667,15013.06318,5410.811189,0,59.59706295
 04/21  12:00:00,16.74166667,15276.78686,3198.287182,0,59.59795603
 04/21  13:00:00,17.55,15474.00832,978.7871238,0,59.54749423
 04/21  14:00:00,18.09166667,9058.063286,0,0,59.91010214
 04/21  15:00:00,18.94166667,9449.329869,0,0,59.91031156
 04/21  16:00:00,19.10833333,15863.07666,0,0,59.77361292
 04/21  17:00:00,18.55,15722.39371,714.3798714,0,59.45566092
 04/21  18:00:00,17.65833333,15500.8523,957.5881422,0,59.49647867
 04/21  19:00:00,16.55833333,15232.44239,2414.055155,0,59.55455608
 04/21  20:00:00,15.45833333,14969.65595,3248.932174,0,59.58683776
 04/21  21:00:00,15,14861.5935,3087.32147,0,59.58830853
 04/21  22:00:00,14.65,14779.97225,1488.35015,0,59.5705813
 04/21  23:00:00,14.10833333,9060.468403,238.6976341,0,59.80765744
 04/21  24:00:00,13.9,3155.077776,0,0,59.96948979
 04/22  01:00:00,13.9,892.7797844,0,0,59.97106721
 04/22  02:00:00,13.55,635.8817812,0,0,59.96392217
 04/22  03:00:00,13.3,342.6256262,0,0,59.96422303
 04/22  04:00:00,12.65833333,599.1280359,0,0,59.95783104
 04/22  05:00:00,9.925,7385.530895,0,0,59.96632151
 04/22  06:00:00,8.65,8992.385297,245.9604772,0,59.91542813
 04/22  07:00:00,10.825,13926.31903,3628.837482,0,59.60912468
 04/22  08:00:00,13.48333333,14512.63065,7011.083736,0,59.58531324
 04/22  09:00:00,15.39166667,14954.22653,7883.912977,0,59.58298926
 04/22  10:00:00,16.45,15206.15224,6652.864662,0,59.56757117
 04/22  11:00:00,17.63333333,15494.94378,5072.84557,0,59.59620057
 04/22  12:00:00,18.65,15747.48786,2585.137057,0,59.59222628
 04/22  13:00:00,19.19166667,15884.20147,667.8938596,0,59.56746231
 04/22  14:00:00,20.1,8679.214604,0,0,59.94432091
 04/22  15:00:00,20.6,9612.527846,0,0,59.93321178
 04/22  16:00:00,20.6,16246.0452,0,0,59.70813581
 04/22  17:00:00,20.6,16246.0452,0,0,59.54167515
 04/22  18:00:00,20.25,16155.31486,543.3768722,0,59.42253148
 04/22  19:00:00,18.71666667,15765.08655,1765.959317,0,59.53334674
 04/22  20:00:00,17.15833333,15378.15067,2791.514445,0,59.57676853
 04/22  21:00:00,15.06666667,14878.69388,2475.400362,0,59.58575565
 04/22  22:00:00,13.9,14606.77364,1223.032979,0,59.53065301
 04/22  23:00:00,13.55,8797.13435,0,0,59.78861752
 04/22  24:00:00,13.3,3167.32996,0,0,59.97015361
 04/23  01:00:00,12.01666667,1034.336469,0,0,59.96647926
 04/23  02:00:00,11.1,519.0325016,0,0,59.96544263
 04/23  03:00:00,9.466666667,340.6280453,0,0,59.96457368
 04/23  04:00:00,8.65,708.9042793,0,0,59.95968264
 04/23  05:00:00,9.191666667,6075.950511,0,0,59.95564202
 04/23  06:00:00,10.1,13770.02606,241.4205067,0,59.82543626
 04/23  07:00:00,10.6,13876.05482,2927.379178,0,59.58978385
 04/23  08:00:00,11.53333333,14078.07183,5841.111419,0,59.59337995
 04/23  09:00:00,13.19166667,14446.20567,7625.990618,0,59.58441192
 04/23  10:00:00,15.18333333,14905.52142,6687.51466,0,59.58868828
 04/23  11:00:00,18.025,15593.39434,5042.451919,0,59.59198624
 04/23  12:00:00,19.75,16026.59087,2580.472709,0,59.58830179
 04/23  13:00:00,20,15697.32879,486.9122312,0,59.58812735
 04/23  14:00:00,19.65,9315.782359,0,0,59.93982183
 04/23  15:00:00,18.11666667,8988.702737,0,0,59.93695966
 04/23  16:00:00,16.90833333,15317.05483,0,0,59.69094835
 04/23  17:00:00,16.7,15266.46705,321.875,0,59.28552058
 04/23  18:00:00,14.425,14730.55426,967.6270364,0,59.47628428
 04/23  19:00:00,12.45,14279.53455,2585.776058,0,59.579212
 04/23  20:00:00,11.90833333,14159.75093,3822.187027,0,59.59948831
 04/23  21:00:00,11.05833333,13974.74483,3775.823324,0,59.60047049
 04/23  22:00:00,10.6,13876.05482,2490.569829,0,59.58225277
 04/23  23:00:00,10.6,10677.05927,481.4973067,0,59.64788237
 04/23  24:00:00,9.608333333,3391.121933,0,0,59.9707705
 04/24  01:00:00,9.191666667,900.6820281,0,0,59.9692333
 04/24  02:00:00,9.108333333,404.8005554,0,0,59.97061003
 04/24  03:00:00,8.9,339.4112543,0,0,59.96460987
 04/24  04:00:00,9.191666667,826.2581125,0,0,59.96003828
 04/24  05:00:00,8.758333333,5860.106192,0,0,59.94872735
 04/24  06:00:00,9.641666667,10675.53028,244.0844048,0,59.88504243
 04/24  07:00:00,11.53333333,14078.07183,3704.466571,0,59.59577687
 04/24  08:00:00,13.48333333,14512.63065,6775.260755,0,59.58969977
 04/24  09:00:00,15.39166667,14954.22653,7635.631051,0,59.57562733
 04/24  10:00:00,17.38333333,15433.90603,6539.586944,0,59.58754178
 04/24  11:00:00,19.29166667,15910.09085,4709.727622,0,59.59516185
 04/24  12:00:00,20.99166667,16348.87172,2211.938846,0,59.56770567
 04/24  13:00:00,21.99166667,12165.27445,482.8815785,0,59.69530862
 04/24  14:00:00,22.2,12326.79564,0,0,59.92249714
 04/24  15:00:00,23.19166667,10718.82965,0,0,59.95457118
 04/24  16:00:00,23.9,13799.27236,0,0,59.88899793
 04/24  17:00:00,23.55,17034.03302,517.0647923,0,59.52049083
 04/24  18:00:00,23.00833333,16886.30636,476.4344306,0,59.45183666
 04/24  19:00:00,22.15833333,16657.45119,1480.251224,0,59.53262846
 04/24  20:00:00,20.70833333,16274.80885,2257.495449,0,59.57946716
 04/24  21:00:00,19.00833333,15838.26653,1418.707598,0,59.56548267
 04/24  22:00:00,14.1,14662.44598,479.3144876,0,59.48514669
 04/24  23:00:00,10.45833333,8119.722698,0,0,59.92536265
 04/24  24:00:00,10,2059.990974,0,0,59.97657159
 04/25  01:00:00,9.008333333,1030.383126,0,0,59.96685653
 04/25  02:00:00,10.28333333,515.9991621,0,0,59.96043488
 04/25  03:00:00,11.99166667,400.2870832,0,0,59.95946075
 04/25  04:00:00,10.91666667,823.8354619,0,0,59.95884126
 04/25  05:00:00,11.28333333,5888.549324,0,0,59.96884059
 04/25  06:00:00,12.84166667,11194.95295,244.6671599,0,59.88552484
 04/25  07:00:00,13.94166667,14616.55124,3558.334982,0,59.60235661
 04/25  08:00:00,16.03333333,15107.56832,6257.515758,0,59.58935081
 04/25  09:00:00,18.19166667,15633.33096,7242.020562,0,59.58271563
 04/25  10:00:00,19.89166667,16063.42102,5770.538034,0,59.59474348
 04/25  11:00:00,20.89166667,16322.19226,4270.521595,0,59.59868893
 04/25  12:00:00,21.45,16468.9929,1697.829209,0,59.55441677
 04/25  13:00:00,22.34166667,9768.255982,239.9642391,0,59.76303658
 04/25  14:00:00,22.8,12817.58013,0,0,59.91224006
 04/25  15:00:00,23.44166667,13721.03877,0,0,59.89165449
 04/25  16:00:00,23.9,10392.07864,0,0,59.94423915
 04/25  17:00:00,23.9,17130.1312,721.7168162,0,59.61262785
 04/25  18:00:00,23.25833333,16954.48963,916.1502769,0,59.51727586
 04/25  19:00:00,21.16666667,16395.73473,1758.016708,0,59.56126966
 04/25  20:00:00,17.725,15519.93603,2506.467062,0,59.57948556
 04/25  21:00:00,15.10833333,14887.53767,2090.887018,0,59.58457163
 04/25  22:00:00,13.75833333,14574.59248,922.2336934,0,59.51757841
 04/25  23:00:00,13.00833333,9391.170698,0,0,59.86172265
 04/25  24:00:00,12.15833333,1887.530392,0,0,59.97422095
 04/26  01:00:00,11.35,1027.796202,0,0,59.96704137
 04/26  02:00:00,10.10833333,514.8465366,0,0,59.9660779
 04/26  03:00:00,9.108333333,398.1933692,0,0,59.95483519
 04/26  04:00:00,8.9,819.8362884,0,0,59.96008232
 04/26  05:00:00,8.9,5842.622072,0,0,59.9484791
 04/26  06:00:00,9.191666667,10570.58594,243.7622167,0,59.88548707
 04/26  07:00:00,10.74166667,13907.38027,3783.537334,0,59.59108449
 04/26  08:00:00,12.98333333,14399.63066,6640.977967,0,59.58831767
 04/26  09:00:00,14.89166667,14836.79206,7794.45261,0,59.5838674
 04/26  10:00:00,16.88333333,15311.84343,6478.403576,0,59.58899765
 04/26  11:00:00,18.73333333,15768.84934,4722.63033,0,59.5891652
 04/26  12:00:00,20.1,16116.779,2532.531465,0,59.55398163
 04/26  13:00:00,21.53333333,13404.64117,481.8345296,0,59.63673807
 04/26  14:00:00,22.55,11438.91147,0,0,59.92832567
 04/26  15:00:00,23.44166667,11369.74796,0,0,59.92131751
 04/26  16:00:00,24.19166667,10475.20233,0,0,59.90992705
 04/26  17:00:00,24.10833333,17187.69021,483.6768825,0,59.70510824
 04/26  18:00:00,23.25833333,16954.48963,1444.839527,0,59.53088703
 04/26  19:00:00,20.81666667,16304.71522,1923.922645,0,59.54337554
 04/26  20:00:00,18.46666667,15701.93161,2480.349711,0,59.57231869
 04/26  21:00:00,16.80833333,15293.26714,1969.385306,0,59.57043915
 04/26  22:00:00,16.45,15206.15224,723.9263872,0,59.511709
 04/26  23:00:00,15.70833333,8623.822163,0,0,59.92642945
 04/26  24:00:00,14.00833333,1438.625377,0,0,59.97135639
 04/27  01:00:00,13.00833333,1032.660243,0,0,59.96925321
 04/27  02:00:00,13.73333333,773.8558146,0,0,59.96009755
 04/27  03:00:00,13.75833333,396.0077928,0,0,59.95050702
 04/27  04:00:00,12.65833333,590.1341835,0,0,59.97042555
 04/27  05:00:00,11.26666667,6237.294857,0,0,59.96731541
 04/27  06:00:00,9.9,10656.1032,243.6983525,0,59.84980775
 04/27  07:00:00,9.4,13622.8871,3582.935692,0,59.5964006
 04/27  08:00:00,9.75,13696.10415,6823.220529,0,59.58709922
 04/27  09:00:00,10,13748.63441,8138.83015,0,59.57420723
 04/27  10:00:00,10.64166667,13885.19339,7218.995045,0,59.58544473
 04/27  11:00:00,11.74166667,14123.35587,5724.227079,0,59.59723929
 04/27  12:00:00,12.84166667,14367.14182,3778.745655,0,59.60112567
 04/27  13:00:00,13.65,14549.71207,1495.054942,0,59.56882926
 04/27  14:00:00,13.9,9221.774512,0,0,59.778506
 04/27  15:00:00,13.9,14606.77364,0,0,59.87178649
 04/27  16:00:00,13.9,8903.268633,0,0,59.94853526
 04/27  17:00:00,13.25833333,14460.95346,978.0089246,0,59.63422089
 04/27  18:00:00,12.45,14279.53455,2248.266248,0,59.57131136
 04/27  19:00:00,11.26666667,14020.07728,3484.335675,0,59.59624226
 04/27  20:00:00,10.25,13801.5907,4442.613857,0,59.59678312
 04/27  21:00:00,9.008333333,13542.2487,4099.265261,0,59.60106897
 04/27  22:00:00,7.658333333,13267.57559,2722.579967,0,59.58412916
 04/27  23:00:00,6.558333333,12556.91514,738.1395948,0,59.60438284
 04/27  24:00:00,5.808333333,1439.381133,0,0,59.97670276
 04/28  01:00:00,5.6,1033.051141,0,0,59.96792636
 04/28  02:00:00,4.9,771.544776,0,0,59.96102785
 04/28  03:00:00,4.108333333,397.3646484,0,0,59.95988918
 04/28  04:00:00,3.55,591.017354,0,0,59.95926726
 04/28  05:00:00,3.008333333,7284.849905,0,0,59.95969958
 04/28  06:00:00,2.8,8233.394063,247.868967,0,59.91785303
 04/28  07:00:00,4.083333333,12582.63538,3867.793671,0,59.60369601
 04/28  08:00:00,5.991666667,12940.86302,7517.591586,0,59.57835394
 04/28  09:00:00,7.341666667,13204.4467,8810.548644,0,59.57542839
 04/28  10:00:00,8.733333333,13485.61211,8002.295596,0,59.58426448
 04/28  11:00:00,9.75,13696.10415,6258.434208,0,59.59424528
 04/28  12:00:00,10.64166667,13885.19339,4163.172638,0,59.60108203
 04/28  13:00:00,11.74166667,14123.35587,2290.515618,0,59.58630425
 04/28  14:00:00,12.55,11769.48542,240.5792208,0,59.64368068
 04/28  15:00:00,12.15833333,11828.93888,0,0,59.90060766
 04/28  16:00:00,12.34166667,14218.51974,0,0,59.71955686
 04/28  17:00:00,12.15833333,9449.645305,0,0,59.9237395
 04/28  18:00:00,11.35,14037.75089,2256.977074,0,59.60255061
 04/28  19:00:00,10.45833333,13846.04636,4108.864435,0,59.59504875
 04/28  20:00:00,9.358333333,13614.44458,5095.72047,0,59.59859694
 04/28  21:00:00,8.258333333,13388.46627,4359.037195,0,59.59462478
 04/28  22:00:00,6.516666667,13042.85144,2853.789162,0,59.58848335
 04/28  23:00:00,6.533333333,13045.66924,993.3685886,0,59.57863666
 04/28  24:00:00,6.908333333,1851.895748,0,0,59.97675074
 04/29  01:00:00,6.058333333,1024.961407,0,0,59.96695679
 04/29  02:00:00,5.25,513.3467713,0,0,59.96597304
 04/29  03:00:00,4.65,398.3580223,0,0,59.95448735
 04/29  04:00:00,4.4,819.1264253,0,0,59.9600728
 04/29  05:00:00,3.466666667,5824.49814,0,0,59.94317123
 04/29  06:00:00,3.091666667,9309.648222,245.4402916,0,59.88690517
 04/29  07:00:00,4.641666667,12685.88494,3992.427381,0,59.59916562
 04/29  08:00:00,6.533333333,13045.66924,7425.601882,0,59.58278294
 04/29  09:00:00,8.191666667,13375.26763,8780.992753,0,59.57989201
 04/29  10:00:00,9.891666667,13726.35036,7881.674943,0,59.5862826
 04/29  11:00:00,11.24166667,14014.40307,6114.621946,0,59.59368176
 04/29  12:00:00,12.34166667,14255.6329,3787.587548,0,59.59913872
 04/29  13:00:00,13.09166667,14423.15125,1763.470487,0,59.57742973
 04/29  14:00:00,13.3,9496.423937,240.2343923,0,59.71873821
 04/29  15:00:00,13.94166667,14616.55124,0,0,59.87804402
 04/29  16:00:00,14.4,9604.54033,0,0,59.95607468
 04/29  17:00:00,14.10833333,14654.65037,729.7815329,0,59.64663911
 04/29  18:00:00,13.55,14526.94167,2001.454662,0,59.56901376
 04/29  19:00:00,13.00833333,14404.38892,3113.603764,0,59.58720931
 04/29  20:00:00,11.16666667,13999.40857,4071.745364,0,59.59729934
 04/29  21:00:00,9.358333333,13614.44458,3772.849631,0,59.60019354
 04/29  22:00:00,8.55,13447.67688,2510.855066,0,59.58443231
 04/29  23:00:00,8.008333333,11019.54452,490.0040062,0,59.64428008
 04/29  24:00:00,7.45,3358.301486,0,0,59.97017314
 04/30  01:00:00,7.2,891.6320116,0,0,59.96932544
 04/30  02:00:00,5.916666667,450.6090995,0,0,59.96012805
 04/30  03:00:00,4.65,398.027402,0,0,59.94968875
 04/30  04:00:00,4.108333333,867.7287807,0,0,59.96984397
 04/30  05:00:00,3.55,5650.977872,0,0,59.95755283
 04/30  06:00:00,4.641666667,9552.878406,245.7559712,0,59.88758477
 04/30  07:00:00,6.241666667,12988.77807,3853.249523,0,59.59902682
 04/30  08:00:00,7.633333333,13262.82894,7383.795299,0,59.57435396
 04/30  09:00:00,8.65,13468.12354,8526.699074,0,59.57679344
 04/30  10:00:00,10.53333333,13863.29038,7431.336557,0,59.5860008
 04/30  11:00:00,12.63333333,14320.79273,6011.138862,0,59.59502493
 04/30  12:00:00,13.94166667,14616.55124,3472.039336,0,59.59606885
 04/30  13:00:00,14.4,14721.90373,1497.875973,0,59.56494123
 04/30  14:00:00,14.4,9537.028259,236.7953183,0,59.80517919
 04/30  15:00:00,15.1,11962.48111,0,0,59.90965857
 04/30  16:00:00,15.6,11877.34047,0,0,59.8968301
 04/30  17:00:00,15.6,15002.95638,924.1034302,0,59.54172217
 04/30  18:00:00,15.25,14920.35915,1734.650865,0,59.55480642
 04/30  19:00:00,14.35833333,14712.49298,2698.82921,0,59.58327766
 04/30  20:00:00,13.55,14526.94167,3655.25149,0,59.59464817
 04/30  21:00:00,12.01666667,14184.45857,3313.624997,0,59.59366733
 04/30  22:00:00,10.10833333,13772.06119,1987.722313,0,59.57927486
 04/30  23:00:00,8.35,8864.568771,241.7335932,0,59.71630516
 04/30  24:00:00,6.608333333,4610.021998,0,0,59.96546765
 05/01  01:00:00,4.85,890.0446285,0,0,59.96922513
 05/01  02:00:00,3.108333333,450.4028817,0,0,59.95996373
 05/01  03:00:00,1.35,397.8335501,0,0,59.94961489
 05/01  04:00:00,-0.391666667,866.2959638,0,0,59.96975728
 05/01  05:00:00,-1.45,5649.882401,0,0,59.9550695
 05/01  06:00:00,-0.708333333,9166.660725,246.0980815,0,59.8839285
 05/01  07:00:00,0.641666667,11978.01558,4140.786442,0,59.59023842
 05/01  08:00:00,2.091666667,12226.06402,7725.925255,0,59.57860271
 05/01  09:00:00,4.725,12702.46123,9114.118655,0,59.5763807
 05/01  10:00:00,6.741666667,13086.11214,8482.668347,0,59.58232199
 05/01  11:00:00,7.841666667,13304.3369,6707.735756,0,59.59270371
 05/01  12:00:00,8.941666667,13528.18511,4504.25186,0,59.60142305
 05/01  13:00:00,10.1,13770.02606,2571.825363,0,59.59164445
 05/01  14:00:00,10.6,13876.05482,485.0375138,0,59.5642324
 05/01  15:00:00,11.88333333,9032.333611,0,0,59.95801862
 05/01  16:00:00,11.51666667,14074.86674,0,0,59.60793465
 05/01  17:00:00,10.25,13801.5907,365.9634606,0,59.2687999
 05/01  18:00:00,10,13748.63441,1228.108934,0,59.53337322
 05/01  19:00:00,9.008333333,13542.2487,3175.361177,0,59.59087927
 05/01  20:00:00,7.016666667,13140.82454,4506.717894,0,59.5986166
 05/01  21:00:00,5.458333333,12838.62403,4443.119133,0,59.59714828
 05/01  22:00:00,4.358333333,12632.58345,3319.843631,0,59.58848687
 05/01  23:00:00,3.55,12484.59935,1232.741831,0,59.55749177
 05/01  24:00:00,2.366666667,2599.28128,0,0,59.94071669
 05/02  01:00:00,1.991666667,1022.494646,0,0,59.9661283
 05/02  02:00:00,1.558333333,513.7005173,0,0,59.96530655
 05/02  03:00:00,1.1,337.4089377,0,0,59.96456431
 05/02  04:00:00,0.458333333,701.2447121,0,0,59.95942237
 05/02  05:00:00,0,5752.006039,0,0,59.95546617
 05/02  06:00:00,1.283333333,12087.1223,244.2201414,0,59.8191122
 05/02  07:00:00,3.483333333,12473.38666,3345.414875,0,59.59129923
 05/02  08:00:00,5.391666667,12826.29293,6835.980385,0,59.58425404
 05/02  09:00:00,6.741666667,13086.11214,8551.768703,0,59.58015377
 05/02  10:00:00,8.191666667,13375.26763,7846.713353,0,59.58241577
 05/02  11:00:00,9.191666667,13579.66324,6107.329287,0,59.59292737
 05/02  12:00:00,9.108333333,13562.41134,4063.055139,0,59.59813988
 05/02  13:00:00,9.191666667,13579.66324,2288.33414,0,59.5875822
 05/02  14:00:00,9.108333333,13413.7366,477.9313654,0,59.58636284
 05/02  15:00:00,8.9,9012.917161,0,0,59.93433963
 05/02  16:00:00,8.55,13447.67688,237.041321,0,59.57450159
 05/02  17:00:00,8.008333333,13337.71109,538.7986954,0,59.36529772
 05/02  18:00:00,7.158333333,13168.11141,1488.147558,0,59.53094316
 05/02  19:00:00,6.35,13009.60849,3482.857766,0,59.59010126
 05/02  20:00:00,5.808333333,12905.18096,4892.490834,0,59.59797591
 05/02  21:00:00,5.25,12799.0095,4783.252423,0,59.59729011
 05/02  22:00:00,5,12751.86258,3456.539496,0,59.59959163
 05/02  23:00:00,4.65,12686.50754,1245.919033,0,59.54997364
 05/02  24:00:00,4.4,2817.324779,0,0,59.9307604
 05/03  01:00:00,4.4,1022.391822,0,0,59.96582549
 05/03  02:00:00,4.108333333,514.2327517,0,0,59.96498164
 05/03  03:00:00,3.258333333,338.8785717,0,0,59.96414092
 05/03  04:00:00,2.45,701.7151972,0,0,59.95901493
 05/03  05:00:00,1.908333333,5781.273424,0,0,59.95577037
 05/03  06:00:00,2.633333333,12321.05241,242.6033518,0,59.81908766
 05/03  07:00:00,3.941666667,12556.00625,3231.634418,0,59.59220445
 05/03  08:00:00,5.1,12770.93048,6738.424202,0,59.59308427
 05/03  09:00:00,6.241666667,12988.77807,8435.071961,0,59.57666052
 05/03  10:00:00,7.341666667,13204.4467,7839.873746,0,59.57981459
 05/03  11:00:00,8.441666667,13425.7388,6154.825251,0,59.59421323
 05/03  12:00:00,9.191666667,13579.66324,4147.153917,0,59.60135465
 05/03  13:00:00,9.4,13622.8871,2288.704606,0,59.58852122
 05/03  14:00:00,10.1,13436.05882,478.7681644,0,59.60039077
 05/03  15:00:00,10.6,9250.703211,0,0,59.93511404
 05/03  16:00:00,10.89166667,13938.64669,0,0,59.52250776
 05/03  17:00:00,10.80833333,13920.7364,0,0,59.31045064
 05/03  18:00:00,9.9,13727.83144,1281.543099,0,59.49246604
 05/03  19:00:00,8.466666667,13431.08768,3117.718292,0,59.58217794
 05/03  20:00:00,6.808333333,13099.49409,4475.426936,0,59.59632495
 05/03  21:00:00,5.808333333,12905.18096,4436.489844,0,59.60074219
 05/03  22:00:00,5.25,12799.0095,3119.970936,0,59.5877218
 05/03  23:00:00,5,12751.86258,1241.846412,0,59.56344928
 05/03  24:00:00,4.358333333,2154.504245,0,0,59.96000558
 05/04  01:00:00,3.9,1021.539627,0,0,59.96560444
 05/04  02:00:00,3.55,514.2778264,0,0,59.96476976
 05/04  03:00:00,2.658333333,339.4250836,0,0,59.96390833
 05/04  04:00:00,1.908333333,701.6518083,0,0,59.95880635
 05/04  05:00:00,1.991666667,5790.778403,0,0,59.95555735
 05/04  06:00:00,2.55,12305.92631,242.0196476,0,59.81920534
 05/04  07:00:00,2.8,12350.0911,3196.485487,0,59.58099132
 05/04  08:00:00,4.083333333,12582.63538,6673.076744,0,59.58861487
 05/04  09:00:00,6.633333333,13066.1727,8629.860192,0,59.58161145
 05/04  10:00:00,9.433333333,13631.30518,7850.426132,0,59.58522427
 05/04  11:00:00,11.24166667,14014.40307,5809.600639,0,59.59600756
 05/04  12:00:00,11.99166667,14178.08724,4062.815904,0,59.59863444
 05/04  13:00:00,12.84166667,14367.14182,1743.184669,0,59.57699718
 05/04  14:00:00,13.3,9380.965146,0,0,59.71453062
 05/04  15:00:00,13.3,14470.1512,0,0,59.87437879
 05/04  16:00:00,13.94166667,10953.21197,0,0,59.94335317
 05/04  17:00:00,14.10833333,14654.65037,451.2492709,0,59.6018306
 05/04  18:00:00,13.55,14526.94167,1473.974049,0,59.52721704
 05/04  19:00:00,12.65833333,14326.12031,2858.995253,0,59.58762915
 05/04  20:00:00,11.55833333,14083.27161,3993.127254,0,59.59517334
 05/04  21:00:00,10.45833333,13846.04636,3463.945748,0,59.59557287
 05/04  22:00:00,9.358333333,13614.44458,2200.963698,0,59.58504571
 05/04  23:00:00,8.9,10409.00786,305.6943492,0,59.6685839
 05/04  24:00:00,8.9,3333.979224,0,0,59.96999739
 05/05  01:00:00,7.908333333,888.6829267,0,0,59.96833863
 05/05  02:00:00,7.55,401.3193001,0,0,59.96952886
 05/05  03:00:00,7.8,340.0328023,0,0,59.96336394
 05/05  04:00:00,7.158333333,816.4779929,0,0,59.95920992
 05/05  05:00:00,6.7,5758.086564,0,0,59.94606831
 05/05  06:00:00,7.633333333,9975.924223,246.2412468,0,59.88455032
 05/05  07:00:00,8.65,13468.12354,3828.632851,0,59.59552237
 05/05  08:00:00,9.541666667,13652.65436,6746.606236,0,59.58770829
 05/05  09:00:00,10,13748.63441,7878.564661,0,59.58012607
 05/05  10:00:00,10.35,13822.82743,7197.853527,0,59.5895798
 05/05  11:00:00,11.24166667,14014.40307,5645.614605,0,59.59519677
 05/05  12:00:00,11.7,14114.00429,3478.471349,0,59.60036227
 05/05  13:00:00,12.98333333,14399.63066,1491.243452,0,59.5708701
 05/05  14:00:00,13.9,8983.559362,0,0,59.75781519
 05/05  15:00:00,14.54166667,14570.62967,0,0,59.88754445
 05/05  16:00:00,15.35,9978.325236,0,0,59.932481
 05/05  17:00:00,14.9,14838.46679,724.5647302,0,59.59297721
 05/05  18:00:00,14.4,14721.90373,1733.46928,0,59.55599534
 05/05  19:00:00,13.11666667,14429.65038,2848.978124,0,59.58891543
 05/05  20:00:00,12.2,14224.02214,3773.90824,0,59.59732181
 05/05  21:00:00,11.55833333,14083.27161,3402.192167,0,59.59326231
 05/05  22:00:00,10.80833333,13920.7364,1979.636113,0,59.57509296
 05/05  23:00:00,10.6,8657.97703,238.7368909,0,59.74097329
 05/05  24:00:00,10.25,4557.952188,0,0,59.96659153
 05/06  01:00:00,8.716666667,887.1521422,0,0,59.96839656
 05/06  02:00:00,7.45,399.7725846,0,0,59.9696056
 05/06  03:00:00,6.908333333,339.4218026,0,0,59.96337066
 05/06  04:00:00,5.358333333,814.8501754,0,0,59.95938229
 05/06  05:00:00,4.75,5754.68655,0,0,59.94241825
 05/06  06:00:00,5.35,9978.951332,246.4316837,0,59.88390061
 05/06  07:00:00,5.6,12865.34051,3799.082761,0,59.59133589
 05/06  08:00:00,5.891666667,12921.1548,7002.539692,0,59.58722061
 05/06  09:00:00,6.45,13029.03271,8325.965128,0,59.58161335
 05/06  10:00:00,8.275,13392.99288,7800.090375,0,59.58700615
 05/06  11:00:00,10.1,13770.02606,6088.273319,0,59.59207587
 05/06  12:00:00,11.88333333,14155.12047,3777.334664,0,59.59891685
 05/06  13:00:00,13.44166667,14502.4862,1754.341956,0,59.57771797
 05/06  14:00:00,14.19166667,9113.999106,235.6539745,0,59.75785206
 05/06  15:00:00,14.75,14541.803,0,0,59.89119988
 05/06  16:00:00,15.35,9978.325236,0,0,59.93242989
 05/06  17:00:00,14.9,14838.46679,724.7148142,0,59.59230314
 05/06  18:00:00,14.10833333,14654.65037,1732.882556,0,59.55489901
 05/06  19:00:00,13.55,14526.94167,2843.523768,0,59.58871953
 05/06  20:00:00,11.375,14045.16597,3765.677168,0,59.59569203
 05/06  21:00:00,9.65,13675.14626,3355.025482,0,59.59832308
 05/06  22:00:00,8.758333333,13490.48656,2074.999107,0,59.56682875
 05/06  23:00:00,7.658333333,10243.31099,487.7370852,0,59.63821172
 05/06  24:00:00,6.908333333,3322.174703,0,0,59.9697303
 05/07  01:00:00,6.7,885.9639482,0,0,59.96830357
 05/07  02:00:00,6.058333333,400.4849357,0,0,59.96953921
 05/07  03:00:00,5.25,338.9389882,0,0,59.96343674
 05/07  04:00:00,5.35,814.2543634,0,0,59.95929448
 05/07  05:00:00,5.6,5745.668457,0,0,59.9446932
 05/07  06:00:00,5.6,10006.37595,246.4048012,0,59.8841486
 05/07  07:00:00,6.241666667,12988.77807,3818.731506,0,59.59856051
 05/07  08:00:00,7.341666667,13204.4467,6841.462003,0,59.58912487
 05/07  09:00:00,8.441666667,13425.7388,8294.424626,0,59.58215966
 05/07  10:00:00,10.18333333,13788.30213,7438.347248,0,59.58697349
 05/07  11:00:00,11.45,14059.49885,5697.962638,0,59.59732247
 05/07  12:00:00,12.98333333,14399.63066,3489.479825,0,59.60075077
 05/07  13:00:00,14.54166667,14754.96295,1424.825877,0,59.55648378
 05/07  14:00:00,15.64166667,8203.779576,0,0,59.80652134
 05/07  15:00:00,16.74166667,13988.7221,0,0,59.85553984
 05/07  16:00:00,17.55,12905.24659,0,0,59.93377169
 05/07  17:00:00,17.15833333,15378.15067,0,0,59.57271693
 05/07  18:00:00,16.05833333,15112.29689,1024.132631,0,59.52571175
 05/07  19:00:00,14.60833333,14770.7616,2011.545301,0,59.57683851
 05/07  20:00:00,12.61666667,14317.50243,3169.941759,0,59.59480723
 05/07  21:00:00,11.05833333,13974.74483,3124.554407,0,59.59684643
 05/07  22:00:00,10.6,13876.05482,1752.359082,0,59.57830843
 05/07  23:00:00,9.9,8378.282747,242.6290708,0,59.75694774
 05/07  24:00:00,8.466666667,4545.201669,0,0,59.96687334
 05/08  01:00:00,7.158333333,884.2413774,0,0,59.96842012
 05/08  02:00:00,6.35,399.0575029,0,0,59.96961146
 05/08  03:00:00,5.808333333,338.2981669,0,0,59.96345542
 05/08  04:00:00,4.9,812.4470057,0,0,59.95945739
 05/08  05:00:00,4.75,5735.610999,0,0,59.94315622
 05/08  06:00:00,6.283333333,9786.460954,245.97575,0,59.88635063
 05/08  07:00:00,9.183333333,13580.06589,3784.144893,0,59.59618332
 05/08  08:00:00,11.88333333,14155.12047,6676.289716,0,59.59042991
 05/08  09:00:00,14.08333333,14649.76431,7668.856631,0,59.58240585
 05/08  10:00:00,15.99166667,15096.68156,6596.904315,0,59.58912957
 05/08  11:00:00,16.99166667,15337.32759,4475.890591,0,59.59837252
 05/08  12:00:00,17.84166667,15546.13401,2562.851171,0,59.57855882
 05/08  13:00:00,18.65,14352.03413,242.7399076,0,59.62867783
 05/08  14:00:00,19.54166667,10680.14335,0,0,59.93946003
 05/08  15:00:00,20,9636.355119,0,0,59.92730755
 05/08  16:00:00,20,11561.51546,0,0,59.89246519
 05/08  17:00:00,20.35,14838.15676,241.8432103,0,59.75252577
 05/08  18:00:00,19.9,16065.2894,1916.039486,0,59.56220999
 05/08  19:00:00,18.46666667,15701.93161,2601.170154,0,59.58605335
 05/08  20:00:00,16.16666667,15139.47802,3166.006047,0,59.59370903
 05/08  21:00:00,14.65,14779.97225,2274.243784,0,59.58290863
 05/08  22:00:00,12.825,14364.5508,1217.455762,0,59.54505048
 05/08  23:00:00,10.70833333,9226.466038,0,0,59.83633873
 05/08  24:00:00,9.358333333,1921.821019,0,0,59.97273671
 05/09  01:00:00,8.55,1012.562722,0,0,59.96613345
 05/09  02:00:00,7.658333333,509.0977765,0,0,59.9652497
 05/09  03:00:00,6.908333333,334.6972957,0,0,59.96426172
 05/09  04:00:00,7.341666667,695.5087715,0,0,59.95911927
 05/09  05:00:00,8.441666667,5962.36393,0,0,59.95666738
 05/09  06:00:00,9.191666667,13579.66324,242.8956303,0,59.82748583
 05/09  07:00:00,9.75,13696.10415,2536.295751,0,59.57481157
 05/09  08:00:00,10.35,13822.82743,5689.179862,0,59.59185197
 05/09  09:00:00,11.24166667,14014.40307,7256.572968,0,59.58607516
 05/09  10:00:00,11.99166667,14178.08724,6641.975796,0,59.59122673
 05/09  11:00:00,12.2,14224.02214,5002.686012,0,59.59771344
 05/09  12:00:00,13.48333333,14512.63065,3020.698433,0,59.58694277
 05/09  13:00:00,16.03333333,15107.56832,979.8181551,0,59.544819
 05/09  14:00:00,17.2,9380.167691,0,0,59.93095029
 05/09  15:00:00,18.19166667,9719.559167,0,0,59.94782515
 05/09  16:00:00,18.55,15722.39371,0,0,59.81305641
 05/09  17:00:00,17.65833333,15500.8523,0,0,59.79463245
 05/09  18:00:00,17.2,15388.10363,239.043301,0,59.58590365
 05/09  19:00:00,16.26666667,15162.47048,1937.589497,0,59.5396635
 05/09  20:00:00,13.61666667,14544.22536,2788.301424,0,59.58524919
 05/09  21:00:00,11.90833333,14159.75093,2826.051481,0,59.59174232
 05/09  22:00:00,11.35,14037.75089,1475.527907,0,59.56452815
 05/09  23:00:00,10.45833333,8900.237073,0,0,59.7960586
 05/09  24:00:00,9.65,3131.340686,0,0,59.97008003
 05/10  01:00:00,9.108333333,1010.869421,0,0,59.9661558
 05/10  02:00:00,8.55,507.9525898,0,0,59.96537401
 05/10  03:00:00,7.366666667,333.514367,0,0,59.96427627
 05/10  04:00:00,5.708333333,694.4460241,0,0,59.95920936
 05/10  05:00:00,5.641666667,5854.360775,0,0,59.95598495
 05/10  06:00:00,7.733333333,13283.84363,241.8246323,0,59.82544274
 05/10  07:00:00,10.53333333,13863.29038,2867.343668,0,59.57822759
 05/10  08:00:00,13.275,14465.86737,5596.535897,0,59.59156956
 05/10  09:00:00,15.74166667,15037.57381,6881.262808,0,59.58607534
 05/10  10:00:00,17.98333333,15581.91481,6033.808788,0,59.5923713
 05/10  11:00:00,19.54166667,15973.45881,3825.801884,0,59.59539242
 05/10  12:00:00,20.99166667,16348.87172,1946.114126,0,59.57236945
 05/10  13:00:00,22.34166667,10048.22352,0,0,59.7621041
 05/10  14:00:00,22.8,10155.36062,0,0,59.92942546
 05/10  15:00:00,23.09166667,13004.14597,0,0,59.89939649
 05/10  16:00:00,23.3,13666.75253,0,0,59.9387805
 05/10  17:00:00,23.3,16965.62383,235.7066133,0,59.56715862
 05/10  18:00:00,22.65833333,16791.77154,294.2857143,0,59.45614714
 05/10  19:00:00,21.26666667,16421.05093,1211.972831,0,59.52003005
 05/10  20:00:00,18.96666667,15828.66751,1970.919677,0,59.55845502
 05/10  21:00:00,16.16666667,15139.47802,1472.933216,0,59.55511394
 05/10  22:00:00,15.35,14943.91963,239.1472172,0,59.50084042
 05/10  23:00:00,14.25833333,6458.565222,0,0,59.95577256
 05/10  24:00:00,12.01666667,3291.437263,0,0,59.97046612
 05/11  01:00:00,10.80833333,878.1940566,0,0,59.96899091
 05/11  02:00:00,10.89166667,444.5911582,0,0,59.96029935
 05/11  03:00:00,11.1,393.4701912,0,0,59.94977017
 05/11  04:00:00,10.45833333,853.0827507,0,0,59.97017563
 05/11  05:00:00,9.65,4515.362219,0,0,59.966327
 05/11  06:00:00,10.74166667,12194.50119,243.9173246,0,59.84996173
 05/11  07:00:00,12.98333333,14399.63066,3438.877079,0,59.57671326
 05/11  08:00:00,15.18333333,14905.52142,6078.747849,0,59.59144659
 05/11  09:00:00,17.09166667,15362.19453,6615.51516,0,59.58844028
 05/11  10:00:00,19.43333333,15947.07485,5611.710112,0,59.59470913
 05/11  11:00:00,21.88333333,16584.75365,3661.061461,0,59.59045489
 05/11  12:00:00,23.44166667,17004.54277,1246.136596,0,59.54418377
 05/11  13:00:00,24.89166667,10598.57725,0,0,59.85760921
 05/11  14:00:00,25.25,11666.90049,0,0,59.93655296
 05/11  15:00:00,25.64166667,11609.36686,0,0,59.9612403
 05/11  16:00:00,26.45,11820.82055,0,0,59.92817312
 05/11  17:00:00,25.70833333,17636.60232,0,0,59.83268509
 05/11  18:00:00,24.35833333,17257.15154,0,0,59.53684819
 05/11  19:00:00,22.90833333,16859.68371,996.149567,0,59.55261341
 05/11  20:00:00,20.91666667,16329.59765,1697.783005,0,59.55161667
 05/11  21:00:00,19.00833333,15838.26653,904.7093808,0,59.54182689
 05/11  22:00:00,16.725,10216.67415,0,0,59.70915178
 05/11  23:00:00,14.60833333,9310.889632,0,0,59.96265495
 05/11  24:00:00,12.90833333,4508.183985,0,0,59.96679685
 05/12  01:00:00,12.2,876.5204679,0,0,59.96889766
 05/12  02:00:00,12.2,442.2944438,0,0,59.96083555
 05/12  03:00:00,11.90833333,390.8801748,0,0,59.95042499
 05/12  04:00:00,11.05833333,850.0649453,0,0,59.97057057
 05/12  05:00:00,11.53333333,4506.176652,0,0,59.96652497
 05/12  06:00:00,13.48333333,12525.76393,243.2304196,0,59.85244093
 05/12  07:00:00,14.75,14803.25388,3276.433377,0,59.5960225
 05/12  08:00:00,16.925,15323.10995,5867.650289,0,59.59374613
 05/12  09:00:00,19.64166667,15999.78196,6240.870672,0,59.59281286
 05/12  10:00:00,22.175,16663.05448,5013.873079,0,59.59709247
 05/12  11:00:00,25.28333333,17517.96391,3095.732083,0,59.59312504
 05/12  12:00:00,27.98333333,17398.37297,486.5955164,0,59.59943972
 05/12  13:00:00,29.19166667,11413.07118,0,0,59.95159898
 05/12  14:00:00,30.1,8357.233122,0,0,59.96465862
 05/12  15:00:00,30.6,9316.847807,0,0,59.96045898
 05/12  16:00:00,30.89166667,14785.65289,0,0,59.91561222
 05/12  17:00:00,31.1,14960.33875,0,0,59.888707
 05/12  18:00:00,30.10833333,18931.09067,1463.65435,0,59.56961798
 05/12  19:00:00,28.46666667,18437.52457,1177.121549,0,59.52233288
 05/12  20:00:00,26.80833333,17951.78921,477.8292517,0,59.49153863
 05/12  21:00:00,24.46666667,11449.6556,0,0,59.69034716
 05/12  22:00:00,23.00833333,15945.0337,0,0,59.8327177
 05/12  23:00:00,24.43333333,9030.482765,0,0,59.88914837
 05/12  24:00:00,22.68333333,1400.685153,0,0,59.9765833
 05/13  01:00:00,19.9,1008.792427,0,0,59.96752505
 05/13  02:00:00,15.2,754.2163499,0,0,59.96193079
 05/13  03:00:00,11.26666667,387.5596678,0,0,59.96092298
 05/13  04:00:00,9.608333333,736.0588789,0,0,59.95495766
 05/13  05:00:00,7.908333333,5870.948477,0,0,59.9601028
 05/13  06:00:00,7.55,13245.76639,243.3326536,0,59.83036507
 05/13  07:00:00,7.8,13295.74053,2602.970577,0,59.5818216
 05/13  08:00:00,8.733333333,13485.61211,5978.699942,0,59.59129547
 05/13  09:00:00,10.39166667,13832.1661,7279.629155,0,59.58574581
 05/13  10:00:00,11.74166667,14123.35587,6702.859039,0,59.5931238
 05/13  11:00:00,13.48333333,14512.63065,5148.853484,0,59.59726702
 05/13  12:00:00,15.1,14885.3089,2871.613427,0,59.59727606
 05/13  13:00:00,15.89166667,15072.32584,729.0711571,0,59.54043727
 05/13  14:00:00,14.81666667,8351.372745,0,0,59.93422289
 05/13  15:00:00,15.825,9428.506123,0,0,59.89256815
 05/13  16:00:00,16.90833333,15317.05483,0,0,59.85222401
 05/13  17:00:00,15.70833333,15029.20264,300.303584,0,59.39515104
 05/13  18:00:00,14.35833333,14712.49298,737.9093996,0,59.48271282
 05/13  19:00:00,13.55,14526.94167,2283.603938,0,59.57105631
 05/13  20:00:00,12.65833333,14326.12031,3384.986471,0,59.59727047
 05/13  21:00:00,11.90833333,14159.75093,2932.466032,0,59.59721256
 05/13  22:00:00,11.35,14037.75089,1734.514289,0,59.56411241
 05/13  23:00:00,10.45833333,9149.961829,0,0,59.76512155
 05/13  24:00:00,9.358333333,3082.72429,0,0,59.97054671
 05/14  01:00:00,8.55,1001.620274,0,0,59.96685021
 05/14  02:00:00,7.658333333,501.6518058,0,0,59.96629337
 05/14  03:00:00,6.908333333,388.7289672,0,0,59.95546574
 05/14  04:00:00,5.708333333,797.3809242,0,0,59.96100266
 05/14  05:00:00,4.65,5669.279276,0,0,59.94662987
 05/14  06:00:00,5.1,9598.539763,245.5649728,0,59.88882436
 05/14  07:00:00,7.175,13172.55283,3612.462697,0,59.60284732
 05/14  08:00:00,9.641666667,13674.33002,7003.039111,0,59.5882446
 05/14  09:00:00,11.53333333,14078.07183,7792.003572,0,59.5836104
 05/14  10:00:00,13.19166667,14446.20567,6653.322528,0,59.58932506
 05/14  11:00:00,14.19166667,14673.83872,4882.302253,0,59.60064282
 05/14  12:00:00,14.75,14803.25388,2852.085411,0,59.59464873
 05/14  13:00:00,15,14861.5935,736.2356833,0,59.51250286
 05/14  14:00:00,15,9880.043432,0,0,59.9241225
 05/14  15:00:00,15.99166667,8262.249357,0,0,59.95012892
 05/14  16:00:00,16.05833333,15112.29689,0,0,59.69870748
 05/14  17:00:00,15.6,15002.95638,284.5246565,0,59.23425531
 05/14  18:00:00,15.6,15002.95638,787.1708506,0,59.48290426
 05/14  19:00:00,14.60833333,14770.7616,2001.845124,0,59.56833075
 05/14  20:00:00,11.975,14176.42055,3157.275322,0,59.59451815
 05/14  21:00:00,9.9,13727.83144,3031.500597,0,59.58876734
 05/14  22:00:00,9.4,13622.8871,1659.374649,0,59.57793183
 05/14  23:00:00,8.758333333,8311.588934,243.3851564,0,59.74511905
 05/14  24:00:00,8.008333333,4476.688378,0,0,59.96842566
 05/15  01:00:00,7.158333333,870.4077629,0,0,59.96943685
 05/15  02:00:00,6.7,440.4883071,0,0,59.96078813
 05/15  03:00:00,5.708333333,388.7731543,0,0,59.95062059
 05/15  04:00:00,5,845.1688012,0,0,59.9706486
 05/15  05:00:00,5.641666667,5511.502852,0,0,59.96164474
 05/15  06:00:00,6.741666667,9833.992065,245.9134306,0,59.88860668
 05/15  07:00:00,8.191666667,13375.26763,3536.784262,0,59.59964112
 05/15  08:00:00,10.53333333,13863.29038,6757.40741,0,59.58634754
 05/15  09:00:00,13.625,14545.99756,7637.345594,0,59.5844144
 05/15  10:00:00,15.99166667,15096.68156,6196.060037,0,59.594392
 05/15  11:00:00,17.98333333,15581.91481,4489.780747,0,59.60052175
 05/15  12:00:00,19.89166667,16063.42102,2281.777084,0,59.57886516
 05/15  13:00:00,21.24166667,10779.7101,0,0,59.72562258
 05/15  14:00:00,22.63333333,11039.19823,0,0,59.9339519
 05/15  15:00:00,23.65,12233.23654,0,0,59.91671259
 05/15  16:00:00,24.54166667,13487.3819,0,0,59.91052734
 05/15  17:00:00,25,17436.07346,0,0,59.43137359
 05/15  18:00:00,24.65,17338.18599,0,0,59.22267892
 05/15  19:00:00,22.18333333,16666.63038,786.7905974,0,59.49030597
 05/15  20:00:00,19.25833333,15902.07341,1230.172981,0,59.54483878
 05/15  21:00:00,16.725,15273.89375,1209.990781,0,59.52651761
 05/15  22:00:00,15.6,13314.39539,0,0,59.632883
 05/15  23:00:00,15.89166667,6257.131063,0,0,59.96579574
 05/15  24:00:00,15.80833333,4464.305216,0,0,59.97083898
 05/16  01:00:00,14.9,868.625292,0,0,59.96992808
 05/16  02:00:00,14.75,438.7179099,0,0,59.96127344
 05/16  03:00:00,14.65,387.4337266,0,0,59.95093254
 05/16  04:00:00,13.46666667,843.0099118,0,0,59.97092702
 05/16  05:00:00,12.8,4468.07897,0,0,59.96632773
 05/16  06:00:00,13.73333333,12566.71042,242.6979125,0,59.85301771
 05/16  07:00:00,15.39166667,14954.22653,3176.206484,0,59.58737596
 05/16  08:00:00,17.09166667,15362.19453,5622.448279,0,59.59564302
 05/16  09:00:00,18.09166667,15607.9528,6147.317007,0,59.59146241
 05/16  10:00:00,18.94166667,15821.10462,5227.58802,0,59.58959945
 05/16  11:00:00,20.1,16116.779,3181.798973,0,59.59244812
 05/16  12:00:00,21.53333333,16491.43879,1165.28569,0,59.55511659
 05/16  13:00:00,20.91666667,9692.587355,0,0,59.88165272
 05/16  14:00:00,18.71666667,8922.19151,0,0,59.91435356
 05/16  15:00:00,16.51666667,15122.96416,0,0,59.86391304
 05/16  16:00:00,14.60833333,9803.19555,0,0,59.93349221
 05/16  17:00:00,12.61666667,14317.50243,724.7176367,0,59.59356513
 05/16  18:00:00,10.35833333,13825.52741,1713.293834,0,59.55371999
 05/16  19:00:00,9.108333333,13562.41134,3139.12454,0,59.59132629
 05/16  20:00:00,8.9,13519.37574,4146.420787,0,59.60024302
 05/16  21:00:00,8.55,13447.67688,3718.238219,0,59.59635453
 05/16  22:00:00,8.008333333,13337.71109,2469.00243,0,59.58092409
 05/16  23:00:00,7.8,10466.24761,481.9340348,0,59.66528893
 05/16  24:00:00,7.45,3255.995769,0,0,59.97094205
 05/17  01:00:00,6.908333333,867.9534218,0,0,59.96941727
 05/17  02:00:00,6.35,440.0280648,0,0,59.96058811
 05/17  03:00:00,5.458333333,388.5982212,0,0,59.95037958
 05/17  04:00:00,4.65,842.8016544,0,0,59.97054698
 05/17  05:00:00,4.108333333,5481.231429,0,0,59.96145464
 05/17  06:00:00,4.191666667,9459.552793,245.316069,0,59.88835951
 05/17  07:00:00,4.4,12640.05774,3628.535811,0,59.60265808
 05/17  08:00:00,6.383333333,13018.18665,6965.780636,0,59.58615223
 05/17  09:00:00,8.733333333,13485.61211,8310.642797,0,59.58281566
 05/17  10:00:00,10.39166667,13832.1661,7143.118572,0,59.58649076
 05/17  11:00:00,11.74166667,14123.35587,5265.068601,0,59.59664525
 05/17  12:00:00,12.84166667,14367.14182,3416.616259,0,59.59914438
 05/17  13:00:00,13.00833333,14404.38892,1234.788059,0,59.5578985
 05/17  14:00:00,13.09166667,8925.106742,0,0,59.83921736
 05/17  15:00:00,13.94166667,11614.92347,0,0,59.91795977
 05/17  16:00:00,14.4,12268.2531,0,0,59.89564759
 05/17  17:00:00,14.10833333,14654.65037,655.0818583,0,59.51035656
 05/17  18:00:00,13.55,14526.94167,1209.728654,0,59.52165429
 05/17  19:00:00,12.36666667,14261.43491,2555.489722,0,59.58305592
 05/17  20:00:00,10.70833333,13899.78368,3526.856149,0,59.59826768
 05/17  21:00:00,9.008333333,13542.2487,3377.228859,0,59.59818616
 05/17  22:00:00,7.658333333,13267.57559,2012.859612,0,59.58135798
 05/17  23:00:00,6.908333333,9991.40031,242.4861947,0,59.6908143
 05/17  24:00:00,6.35,3249.377212,0,0,59.97071201
 05/18  01:00:00,6.741666667,867.0436891,0,0,59.96935068
 05/18  02:00:00,6.908333333,440.2934982,0,0,59.96035053
 05/18  03:00:00,6.7,389.2293756,0,0,59.95004614
 05/18  04:00:00,6.7,842.3095809,0,0,59.9703911
 05/18  05:00:00,6.991666667,5498.679807,0,0,59.96489075
 05/18  06:00:00,7.55,9945.124123,246.0782403,0,59.88832904
 05/18  07:00:00,7.8,13295.74053,3582.554635,0,59.60281902
 05/18  08:00:00,8.441666667,13425.7388,6478.126117,0,59.59341953
 05/18  09:00:00,9.541666667,13652.65436,7669.800468,0,59.58575595
 05/18  10:00:00,10.64166667,13885.19339,6889.031488,0,59.58997598
 05/18  11:00:00,10.80833333,13920.7364,5217.686013,0,59.59719082
 05/18  12:00:00,11.53333333,14078.07183,3120.764465,0,59.59036749
 05/18  13:00:00,12.84166667,14367.14182,1173.925136,0,59.53294609
 05/18  14:00:00,14.29166667,9022.629917,0,0,59.83223793
 05/18  15:00:00,15,9713.136653,0,0,59.92588044
 05/18  16:00:00,14.65,14779.97225,0,0,59.84629797
 05/18  17:00:00,12.475,14287.07743,473.5895099,0,59.45950948
 05/18  18:00:00,12.38333333,14265.56434,1141.001062,0,59.49523033
 05/18  19:00:00,12.65833333,14326.12031,2636.534836,0,59.57903757
 05/18  20:00:00,10.275,13808.87797,3475.75437,0,59.59957592
 05/18  21:00:00,8.258333333,13388.46627,3170.920992,0,59.59806656
 05/18  22:00:00,7.8,13295.74053,2223.521177,0,59.57796795
 05/18  23:00:00,7.158333333,10083.67884,243.3092194,0,59.68426772
 05/18  24:00:00,6.058333333,3245.039382,0,0,59.97032142
 05/19  01:00:00,5.891666667,866.3827649,0,0,59.96914692
 05/19  02:00:00,5.458333333,441.0344175,0,0,59.9599713
 05/19  03:00:00,4.65,390.1932764,0,0,59.94962225
 05/19  04:00:00,4.108333333,841.9270088,0,0,59.97010811
 05/19  05:00:00,4.191666667,4971.922884,0,0,59.96279791
 05/19  06:00:00,5.741666667,10242.19071,246.682979,0,59.87060756
 05/19  07:00:00,7.633333333,13262.82894,3812.53844,0,59.59202017
 05/19  08:00:00,9.933333333,13736.05588,6566.091822,0,59.59230035
 05/19  09:00:00,12.38333333,14265.56434,7363.080615,0,59.58476581
 05/19  10:00:00,13.94166667,14616.55124,6595.802506,0,59.59390491
 05/19  11:00:00,15.1,14885.3089,4526.298662,0,59.59859306
 05/19  12:00:00,16.53333333,15226.66168,2576.708947,0,59.59167609
 05/19  13:00:00,17.55,14820.80657,478.2118426,0,59.63047551
 05/19  14:00:00,17.15833333,9814.131546,0,0,59.94636045
 05/19  15:00:00,17.63333333,10373.70222,0,0,59.93710881
 05/19  16:00:00,18.3,10211.65345,0,0,59.93706342
 05/19  17:00:00,18.00833333,15587.25401,480.9106161,0,59.7082301
 05/19  18:00:00,17.15833333,15378.15067,1408.274929,0,59.54522193
 05/19  19:00:00,15.70833333,15029.20264,2103.872177,0,59.56890606
 05/19  20:00:00,13.71666667,14565.76159,3147.835953,0,59.5948438
 05/19  21:00:00,12.45,14279.53455,2473.699663,0,59.58505854
 05/19  22:00:00,9.925,13735.68803,1219.720188,0,59.55838907
 05/19  23:00:00,9.291666667,8511.741167,0,0,59.78842904
 05/19  24:00:00,8.075,3019.265791,0,0,59.97009443
 05/20  01:00:00,6.991666667,994.2641334,0,0,59.96629073
 05/20  02:00:00,6.908333333,499.7033881,0,0,59.96563716
 05/20  03:00:00,6.7,389.1606328,0,0,59.95462985
 05/20  04:00:00,5.066666667,793.4126698,0,0,59.96045364
 05/20  05:00:00,4.891666667,5607.268194,0,0,59.94781359
 05/20  06:00:00,6.533333333,9812.316011,245.9270285,0,59.88713757
 05/20  07:00:00,9.183333333,13580.06589,3584.270699,0,59.60268752
 05/20  08:00:00,12.81666667,14364.02955,6407.971894,0,59.5878292
 05/20  09:00:00,15.74166667,15037.57381,7182.135851,0,59.58350074
 05/20  10:00:00,17.63333333,15494.94378,5709.671592,0,59.59519383
 05/20  11:00:00,18.65,15747.48786,4089.45015,0,59.60175736
 05/20  12:00:00,19.89166667,16063.42102,1747.606768,0,59.57472437
 05/20  13:00:00,21.24166667,9344.756502,0,0,59.80150804
 05/20  14:00:00,21.05833333,10935.54167,0,0,59.94143097
 05/20  15:00:00,21.53333333,12241.22969,0,0,59.93394266
 05/20  16:00:00,21.90833333,12892.65308,0,0,59.85398906
 05/20  17:00:00,21.7,16535.11707,473.8417337,0,59.49514655
 05/20  18:00:00,21.7,16535.11707,533.2699974,0,59.37860643
 05/20  19:00:00,20.70833333,16274.80885,1220.074192,0,59.46540035
 05/20  20:00:00,18.36666667,15677.91671,1726.227547,0,59.55916279
 05/20  21:00:00,15.91666667,15079.1503,1468.4444,0,59.5484373
 05/20  22:00:00,14.35833333,14712.49298,235.1396794,0,59.49757334
 05/20  23:00:00,12.61666667,5939.792624,0,0,59.97064424
 05/20  24:00:00,10.70833333,3228.818707,0,0,59.97081771
 05/21  01:00:00,9.65,863.1960316,0,0,59.96913795
 05/21  02:00:00,9.108333333,437.4873968,0,0,59.96073931
 05/21  03:00:00,9.191666667,386.7190837,0,0,59.95045906
 05/21  04:00:00,9.108333333,837.2015714,0,0,59.97070511
 05/21  05:00:00,9.191666667,4436.160496,0,0,59.96627849
 05/21  06:00:00,10.39166667,11836.86579,245.8733632,0,59.85256733
 05/21  07:00:00,12.09166667,14200.63043,3538.206062,0,59.5961037
 05/21  08:00:00,14.08333333,14649.76431,5714.420132,0,59.58939718
 05/21  09:00:00,16.63333333,15251.81264,6548.155085,0,59.59198831
 05/21  10:00:00,19.08333333,15857.60966,5599.701733,0,59.58847481
 05/21  11:00:00,21.63333333,16518.91349,3408.202473,0,59.59464689
 05/21  12:00:00,23.44166667,17004.54277,971.7487916,0,59.5288747
 05/21  13:00:00,24.19166667,11454.06035,0,0,59.91274839
 05/21  14:00:00,25.39166667,10565.73923,0,0,59.95184365
 05/21  15:00:00,26.45,11172.56286,0,0,59.94903133
 05/21  16:00:00,26.99166667,12019.01408,0,0,59.93738007
 05/21  17:00:00,26.90833333,11945.70986,0,0,59.87203336
 05/21  18:00:00,26.35,17819.30162,488.6923391,0,59.81542162
 05/21  19:00:00,25.10833333,17467.05242,2037.085307,0,59.58292616
 05/21  20:00:00,22.18333333,16666.63038,2002.036908,0,59.58041996
 05/21  21:00:00,20.6,16246.0452,937.7198305,0,59.53332442
 05/21  22:00:00,19.60833333,9461.616277,0,0,59.82959581
 05/21  23:00:00,17.26666667,9590.363879,0,0,59.92126165
 05/21  24:00:00,16.1,4417.150503,0,0,59.97107932
 05/22  01:00:00,15.45833333,859.3124474,0,0,59.97019453
 05/22  02:00:00,15.35,434.6752208,0,0,59.96149726
 05/22  03:00:00,14.9,383.7100677,0,0,59.95129209
 05/22  04:00:00,14.10833333,833.495304,0,0,59.97121135
 05/22  05:00:00,13.9,4407.550808,0,0,59.96722844
 05/22  06:00:00,14.54166667,12720.40002,245.0432044,0,59.85390833
 05/22  07:00:00,15.99166667,15096.68156,3215.617834,0,59.59588133
 05/22  08:00:00,18.275,15654.92912,5200.23557,0,59.59458426
 05/22  09:00:00,21.03333333,16360.7267,5667.620755,0,59.59314403
 05/22  10:00:00,23.83333333,17113.24599,4366.154817,0,59.59206631
 05/22  11:00:00,26.63333333,17902.20161,2295.402669,0,59.58924141
 05/22  12:00:00,29.08333333,11626.15892,240.3374168,0,59.75237413
 05/22  13:00:00,30.35,11757.75548,0,0,59.9435943
 05/22  14:00:00,30.6,11925.90275,0,0,59.95790682
 05/22  15:00:00,30.25,11708.40247,0,0,59.95520046
 05/22  16:00:00,29.00833333,11584.39102,0,0,59.95224441
 05/22  17:00:00,28.00833333,18301.54597,0,0,59.7123789
 05/22  18:00:00,26.16666667,17768.1787,0,0,59.47898132
 05/22  19:00:00,24.00833333,17160.55633,578.8751077,0,59.40523007
 05/22  20:00:00,21.375,16451.1744,703.8112746,0,59.52208748
 05/22  21:00:00,19.35833333,15926.72863,479.1395218,0,59.49109892
 05/22  22:00:00,18.9,11342.42446,0,0,59.92710617
 05/22  23:00:00,17.61666667,9063.728043,0,0,59.93720301
 05/22  24:00:00,15.70833333,1376.632597,0,0,59.97631092
 05/23  01:00:00,13.71666667,993.4316392,0,0,59.96787345
 05/23  02:00:00,11.16666667,741.9705609,0,0,59.96277387
 05/23  03:00:00,8.366666667,381.1582307,0,0,59.96140505
 05/23  04:00:00,6.558333333,723.9538938,0,0,59.9546937
 05/23  05:00:00,5.808333333,5751.78754,0,0,59.95863503
 05/23  06:00:00,6.533333333,13045.66924,243.3965779,0,59.82030194
 05/23  07:00:00,8.191666667,13375.26763,2628.624147,0,59.58355609
 05/23  08:00:00,9.541666667,13652.65436,5659.274101,0,59.58082874
 05/23  09:00:00,11.28333333,14024.1215,6968.939397,0,59.58924649
 05/23  10:00:00,12.55,14301.79373,6240.066807,0,59.59046693
 05/23  11:00:00,13.44166667,14502.4862,4489.781134,0,59.60101706
 05/23  12:00:00,14.89166667,14836.79206,2579.673543,0,59.59195936
 05/23  13:00:00,16.53333333,15041.15778,435.3942442,0,59.60289129
 05/23  14:00:00,18.19166667,9169.38331,0,0,59.95076387
 05/23  15:00:00,18.9,8953.565083,0,0,59.93761014
 05/23  16:00:00,19.19166667,13226.28513,0,0,59.84717771
 05/23  17:00:00,19.10833333,12327.38582,241.7292081,0,59.83357791
 05/23  18:00:00,18.25833333,15649.62792,1768.426198,0,59.57719155
 05/23  19:00:00,16.80833333,15293.26714,3044.884057,0,59.58590744
 05/23  20:00:00,14.81666667,14819.64422,3007.535127,0,59.59483636
 05/23  21:00:00,12.90833333,14382.41375,2373.039131,0,59.57347529
 05/23  22:00:00,11.90833333,14159.75093,965.2537882,0,59.54493674
 05/23  23:00:00,9.425,9019.861277,0,0,59.84068549
 05/23  24:00:00,9.433333333,1876.024916,0,0,59.97361036
 05/24  01:00:00,10.6,986.4831826,0,0,59.96655838
 05/24  02:00:00,10.6,494.3106884,0,0,59.96632268
 05/24  03:00:00,10.25,383.073991,0,0,59.95586832
 05/24  04:00:00,9.358333333,782.878803,0,0,59.9614244
 05/24  05:00:00,9.191666667,5607.202716,0,0,59.95680153
 05/24  06:00:00,9.108333333,10162.4644,246.4390292,0,59.89002999
 05/24  07:00:00,8.9,13519.37574,3521.103162,0,59.59655763
 05/24  08:00:00,8.9,13519.37574,6162.227747,0,59.58979516
 05/24  09:00:00,9.191666667,13579.66324,7216.255063,0,59.58791129
 05/24  10:00:00,10.39166667,13832.1661,6623.431605,0,59.59016677
 05/24  11:00:00,12.38333333,14265.56434,4870.726496,0,59.59706786
 05/24  12:00:00,14.29166667,14697.40437,2797.451151,0,59.59036716
 05/24  13:00:00,15.35,14943.91963,732.0939686,0,59.53553576
 05/24  14:00:00,15.6,8729.534417,0,0,59.95020694
 05/24  15:00:00,16.24166667,10047.0583,0,0,59.94473866
 05/24  16:00:00,17.34166667,12788.91148,0,0,59.88830568
 05/24  17:00:00,17.15833333,12796.42484,100.3436141,0,59.80339596
 05/24  18:00:00,16.35,15182.08054,1890.074366,0,59.52761705
 05/24  19:00:00,15.45833333,14969.65595,2864.637336,0,59.56930203
 05/24  20:00:00,14.00833333,14632.16398,3132.75974,0,59.58390509
 05/24  21:00:00,12.65833333,14326.12031,2561.732621,0,59.57734363
 05/24  22:00:00,11.26666667,14020.07728,1223.196504,0,59.54366696
 05/24  23:00:00,10.25,8129.552938,0,0,59.85178852
 05/24  24:00:00,9.65,2958.889717,0,0,59.97675781
 05/25  01:00:00,9.4,985.685104,0,0,59.96643929
 05/25  02:00:00,8.758333333,494.2467588,0,0,59.96616109
 05/25  03:00:00,7.658333333,383.8111917,0,0,59.95554977
 05/25  04:00:00,7.55,783.2492346,0,0,59.96119568
 05/25  05:00:00,8.091666667,5581.665094,0,0,59.95314784
 05/25  06:00:00,8.941666667,10166.56214,246.5457644,0,59.88963004
 05/25  07:00:00,10.1,13770.02606,3327.020402,0,59.60268281
 05/25  08:00:00,11.88333333,14155.12047,6088.395277,0,59.59007434
 05/25  09:00:00,14.725,14799.41156,7060.165987,0,59.58990705
 05/25  10:00:00,17.09166667,15362.19453,5637.059928,0,59.59317386
 05/25  11:00:00,18.73333333,15768.84934,3883.463037,0,59.59953561
 05/25  12:00:00,20.39166667,16192.47421,1615.787514,0,59.57058041
 05/25  13:00:00,21.1,9452.114965,0,0,59.82744719
 05/25  14:00:00,21.45,9586.385365,0,0,59.9177374
 05/25  15:00:00,21.99166667,12228.35048,0,0,59.92809276
 05/25  16:00:00,22.2,14816.331,0,0,59.86598526
 05/25  17:00:00,22.2,16668.37237,0,0,59.48400772
 05/25  18:00:00,21.90833333,16590.54598,0,0,59.41504437
 05/25  19:00:00,20.06666667,16109.38939,788.3973324,0,59.45889249
 05/25  20:00:00,16.975,15335.27361,1737.892637,0,59.54965199
 05/25  21:00:00,14.9,14838.46679,1170.950096,0,59.54943776
 05/25  22:00:00,14.10833333,14654.65037,240.4684421,0,59.52565065
 05/25  23:00:00,12.61666667,6097.94852,0,0,59.97182279
 05/25  24:00:00,12.63333333,3196.665043,0,0,59.97181542
 05/26  01:00:00,12.65833333,853.9327231,0,0,59.9701196
 05/26  02:00:00,11.26666667,433.0172644,0,0,59.96127257
 05/26  03:00:00,9.608333333,382.499551,0,0,59.9510553
 05/26  04:00:00,8.258333333,828.4316387,0,0,59.97113548
 05/26  05:00:00,7.8,4398.50903,0,0,59.96638794
 05/26  06:00:00,9.433333333,11895.57361,245.2082895,0,59.85235772
 05/26  07:00:00,12.175,14219.86612,3311.123952,0,59.59518866
 05/26  08:00:00,14.29166667,14697.40437,5864.112016,0,59.58921385
 05/26  09:00:00,15.99166667,15096.68156,6246.096735,0,59.59040191
 05/26  10:00:00,17.63333333,15494.94378,5316.949619,0,59.59597736
 05/26  11:00:00,18.94166667,15821.10462,3691.093161,0,59.59986948
 05/26  12:00:00,20.1,16116.779,1235.38798,0,59.56294101
 05/26  13:00:00,21.24166667,9953.582305,0,0,59.84584017
 05/26  14:00:00,21.99166667,9274.498685,0,0,59.92186638
 05/26  15:00:00,22.84166667,10290.42481,0,0,59.92744218
 05/26  16:00:00,23.65,17044.02877,0,0,59.86018687
 05/26  17:00:00,23.25833333,10797.99533,0,0,59.59026162
 05/26  18:00:00,22.45,16735.5035,1704.289539,0,59.63228404
 05/26  19:00:00,20.91666667,16329.59765,2265.994206,0,59.48344575
 05/26  20:00:00,18.36666667,15677.91671,2423.962373,0,59.53378467
 05/26  21:00:00,17.2,15388.10363,1216.516783,0,59.52349103
 05/26  22:00:00,17.2,13179.7248,240.1126698,0,59.68302089
 05/26  23:00:00,16.55833333,6447.95162,0,0,59.9648771
 05/26  24:00:00,15.45833333,4376.448721,0,0,59.97213485
 05/27  01:00:00,14.00833333,851.7941557,0,0,59.96969529
 05/27  02:00:00,13.00833333,431.6203365,0,0,59.96150694
 05/27  03:00:00,12.45,380.9856053,0,0,59.95137716
 05/27  04:00:00,11.90833333,825.9653748,0,0,59.97135972
 05/27  05:00:00,11.35,4376.109012,0,0,59.96654656
 05/27  06:00:00,11.45,12017.08138,244.8404383,0,59.85438812
 05/27  07:00:00,11.99166667,14178.08724,3368.225089,0,59.5758201
 05/27  08:00:00,12.84166667,14367.14182,5677.080963,0,59.594368
 05/27  09:00:00,14.93333333,14847.4658,6341.40654,0,59.59226329
 05/27  10:00:00,16.1,15122.03683,5557.808332,0,59.59884237
 05/27  11:00:00,15.80833333,15052.4791,3724.617278,0,59.59862686
 05/27  12:00:00,16.24166667,15156.21533,1757.882443,0,59.5801669
 05/27  13:00:00,17.63333333,9952.442528,238.6296425,0,59.73620372
 05/27  14:00:00,18.65,10210.05737,0,0,59.94582709
 05/27  15:00:00,18.9,10533.40549,0,0,59.94747399
 05/27  16:00:00,18.9,15810.35879,0,0,59.85989099
 05/27  17:00:00,18.9,15810.35879,0,0,59.67329529
 05/27  18:00:00,18.9,15810.35879,0,0,59.5316441
 05/27  19:00:00,18.55,15722.39371,1219.804711,0,59.50001744
 05/27  20:00:00,16.725,15273.89375,1974.915572,0,59.56339359
 05/27  21:00:00,14.9,14838.46679,1727.367751,0,59.56912187
 05/27  22:00:00,14.10833333,14654.65037,238.6708137,0,59.50943414
 05/27  23:00:00,13.25833333,6189.213342,0,0,59.96108384
 05/27  24:00:00,12.8,3183.643356,0,0,59.97142557
 05/28  01:00:00,12.8,850.0841746,0,0,59.97037758
 05/28  02:00:00,12.15833333,430.8071659,0,0,59.96156025
 05/28  03:00:00,11.35,380.1373369,0,0,59.95146692
 05/28  04:00:00,10.80833333,824.2629926,0,0,59.97142474
 05/28  05:00:00,10.89166667,4368.990708,0,0,59.96641711
 05/28  06:00:00,10.80833333,11925.66132,244.5867947,0,59.85448911
 05/28  07:00:00,10.6,13876.05482,3393.925718,0,59.5762778
 05/28  08:00:00,10.89166667,13938.64669,5716.620897,0,59.59463879
 05/28  09:00:00,10.80833333,13920.7364,6688.639686,0,59.59263873
 05/28  10:00:00,10.25,13801.5907,6118.122136,0,59.59410278
 05/28  11:00:00,10,13748.63441,4527.32765,0,59.60051603
 05/28  12:00:00,10,13748.63441,2861.628916,0,59.5959497
 05/28  13:00:00,10,13748.63441,971.4874118,0,59.54672298
 05/28  14:00:00,10,8496.692402,0,0,59.85843
 05/28  15:00:00,10,11414.32852,0,0,59.89808563
 05/28  16:00:00,10,11457.19534,0,0,59.89803357
 05/28  17:00:00,9.65,13675.14626,965.6797224,0,59.55451061
 05/28  18:00:00,9.108333333,13562.41134,1485.361414,0,59.55529931
 05/28  19:00:00,8.9,13519.37574,3054.424151,0,59.5772713
 05/28  20:00:00,8.55,13447.67688,4058.301924,0,59.59973351
 05/28  21:00:00,8.008333333,13337.71109,3436.929371,0,59.6000533
 05/28  22:00:00,7.8,13295.74053,2021.481217,0,59.582988
 05/28  23:00:00,8.091666667,8800.951781,485.539803,0,59.72299082
 05/28  24:00:00,8.008333333,4369.029957,0,0,59.96775804
 05/29  01:00:00,7.8,851.3350546,0,0,59.96954367
 05/29  02:00:00,7.45,433.3113806,0,0,59.96079635
 05/29  03:00:00,7.2,383.0357699,0,0,59.95062272
 05/29  04:00:00,7.2,825.7660432,0,0,59.97089116
 05/29  05:00:00,6.908333333,5404.197283,0,0,59.96971746
 05/29  06:00:00,6.7,9808.296594,245.8857325,0,59.88992951
 05/29  07:00:00,6.991666667,13135.03415,3575.513185,0,59.6027378
 05/29  08:00:00,7.2,13176.12791,6267.769409,0,59.59163227
 05/29  09:00:00,7.841666667,13304.3369,7365.064372,0,59.5867879
 05/29  10:00:00,8.3,13396.69578,6769.710042,0,59.59260274
 05/29  11:00:00,8.941666667,13528.18511,5060.730405,0,59.60002362
 05/29  12:00:00,9.108333333,13562.41134,3177.215301,0,59.59961043
 05/29  13:00:00,9.541666667,13652.65436,1480.879902,0,59.56357341
 05/29  14:00:00,10.99166667,9254.328485,0,0,59.78510429
 05/29  15:00:00,12.34166667,11361.03814,0,0,59.91838011
 05/29  16:00:00,12.45,11890.33423,0,0,59.89836805
 05/29  17:00:00,12.55,14301.79373,718.714588,0,59.54576169
 05/29  18:00:00,12.45,14279.53455,1221.447049,0,59.53170606
 05/29  19:00:00,12.2,14224.02214,2529.192502,0,59.57111025
 05/29  20:00:00,11.90833333,14159.75093,3438.039525,0,59.59651967
 05/29  21:00:00,11.35,14037.75089,2596.046803,0,59.59475374
 05/29  22:00:00,10.80833333,13920.7364,1470.630668,0,59.5662577
 05/29  23:00:00,9.9,8543.632274,0,0,59.77295021
 05/29  24:00:00,8.466666667,2936.745746,0,0,59.97115109
 05/30  01:00:00,7.45,979.2367574,0,0,59.9661525
 05/30  02:00:00,5.916666667,492.7370669,0,0,59.96564407
 05/30  03:00:00,5,384.3236207,0,0,59.95489131
 05/30  04:00:00,5.35,780.7880411,0,0,59.96079861
 05/30  05:00:00,5.891666667,5514.021957,0,0,59.94928348
 05/30  06:00:00,6.45,9782.296948,245.8901321,0,59.88876048
 05/30  07:00:00,6.7,13077.72879,3574.79728,0,59.60237185
 05/30  08:00:00,6.35,13009.60849,6248.076947,0,59.59245709
 05/30  09:00:00,8.375,13414.80281,7448.892335,0,59.58785915
 05/30  10:00:00,11.63333333,14100.89904,6541.714089,0,59.59137726
 05/30  11:00:00,13.73333333,14569.1371,4766.618708,0,59.59619368
 05/30  12:00:00,15.39166667,14954.22653,2573.881134,0,59.59007229
 05/30  13:00:00,16.1,15002.8952,488.4010676,0,59.5447299
 05/30  14:00:00,16.45,9615.998514,0,0,59.94628225
 05/30  15:00:00,16.7,10177.6447,0,0,59.93692822
 05/30  16:00:00,16.7,9958.932324,0,0,59.93847308
 05/30  17:00:00,16.7,15266.46705,431.3684945,0,59.69292291
 05/30  18:00:00,15.70833333,15029.20264,1455.228586,0,59.51566038
 05/30  19:00:00,14.35833333,14712.49298,1994.494672,0,59.56533785
 05/30  20:00:00,12.26666667,14240.25498,3133.897153,0,59.59296249
 05/30  21:00:00,10.45833333,13846.04636,2252.353535,0,59.59002607
 05/30  22:00:00,9.65,13675.14626,1474.345962,0,59.5557873
 05/30  23:00:00,9.4,8230.012086,0,0,59.8216301
 05/30  24:00:00,8.466666667,2925.874172,0,0,59.97119779
 05/31  01:00:00,7.45,978.1737751,0,0,59.96601174
 05/31  02:00:00,6.558333333,492.5344014,0,0,59.96549936
 05/31  03:00:00,5.808333333,384.6067312,0,0,59.95469259
 05/31  04:00:00,5.6,778.6424004,0,0,59.96068576
 05/31  05:00:00,5.6,5504.497631,0,0,59.94920112
 05/31  06:00:00,6.241666667,9760.760749,245.8868625,0,59.88864505
 05/31  07:00:00,7.633333333,13262.82894,3527.34804,0,59.60217423
 05/31  08:00:00,9.641666667,13674.33002,6131.752265,0,59.57547238
 05/31  09:00:00,10.6,13876.05482,7159.928567,0,59.58843806
 05/31  10:00:00,11.88333333,14155.12047,6192.79042,0,59.59285086
 05/31  11:00:00,13.73333333,14569.1371,4513.569528,0,59.59784588
 05/31  12:00:00,14.75,14803.25388,2565.184886,0,59.59057964
 05/31  13:00:00,15.35,13577.25582,501.7684614,0,59.58415411
 05/31  14:00:00,14.60833333,9803.19555,0,0,59.94714129
 05/31  15:00:00,14.54166667,9827.797537,0,0,59.93662939
 05/31  16:00:00,13.71666667,11952.73418,0,0,59.90669877
 05/31  17:00:00,11.16666667,11623.81583,241.9381285,0,59.76725356
 05/31  18:00:00,10,13748.63441,1975.122209,0,59.57093288
 05/31  19:00:00,9.65,13675.14626,3438.130195,0,59.59422607
 05/31  20:00:00,9.108333333,13562.41134,4131.658787,0,59.59963924
 05/31  21:00:00,8.9,13519.37574,3457.29361,0,59.59409161
 05/31  22:00:00,9.016666667,13543.432,2009.504751,0,59.58062049
 05/31  23:00:00,9.275,8429.56905,241.1260722,0,59.75650903
 05/31  24:00:00,9.516666667,4351.110599,0,0,59.96694504
 06/01  01:00:00,9.775,849.8800034,0,0,59.96881332
 06/01  02:00:00,10.01666667,434.2248221,0,0,59.9600479
 06/01  03:00:00,10.275,384.7989406,0,0,59.94964102
 06/01  04:00:00,10.51666667,823.9664282,0,0,59.97037568
 06/01  05:00:00,10.6,4340.389575,0,0,59.96557096
 06/01  06:00:00,10.6,11893.76127,244.4160125,0,59.85246667
 06/01  07:00:00,10.89166667,13938.64669,3191.825133,0,59.59233045
 06/01  08:00:00,11.74166667,14123.35587,5653.715328,0,59.59132593
 06/01  09:00:00,12.84166667,14367.14182,6575.975063,0,59.59348764
 06/01  10:00:00,14.29166667,14697.40437,5680.128659,0,59.59771316
 06/01  11:00:00,15.64166667,15013.06318,3811.465749,0,59.60144869
 06/01  12:00:00,17.09166667,15362.19453,2007.776484,0,59.57646004
 06/01  13:00:00,18.44166667,9962.740551,0,0,59.74090272
 06/01  14:00:00,19.19166667,10128.7378,0,0,59.9444334
 06/01  15:00:00,19.4,10451.03046,0,0,59.90555565
 06/01  16:00:00,19.4,14609.01531,0,0,59.91863685
 06/01  17:00:00,19.4,15937.10761,299.5671155,0,59.51420692
 06/01  18:00:00,18.75833333,15774.88566,301.1649259,0,59.41557128
 06/01  19:00:00,17.01666667,15344.27985,1222.32221,0,59.5144937
 06/01  20:00:00,14.46666667,14738.8182,2229.842031,0,59.56185112
 06/01  21:00:00,12.65833333,14326.12031,1742.862582,0,59.57563128
 06/01  22:00:00,11.90833333,14159.75093,481.5941808,0,59.50701456
 06/01  23:00:00,11.05833333,8165.68544,0,0,59.92730294
 06/01  24:00:00,9.608333333,1354.610795,0,0,59.97081277
 06/02  01:00:00,8.258333333,979.4559817,0,0,59.96918868
 06/02  02:00:00,7.45,733.2557447,0,0,59.96028688
 06/02  03:00:00,7.2,382.7071339,0,0,59.94996317
 06/02  04:00:00,6.908333333,564.6915944,0,0,59.97053563
 06/02  05:00:00,6.991666667,5874.62626,0,0,59.96560447
 06/02  06:00:00,8.833333333,9810.867135,246.0345291,0,59.85224648
 06/02  07:00:00,11.28333333,14024.1215,3381.339649,0,59.59588794
 06/02  08:00:00,13.48333333,14512.63065,5857.433407,0,59.58854582
 06/02  09:00:00,15.74166667,15037.57381,6602.274365,0,59.59003927
 06/02  10:00:00,17.63333333,15494.94378,5224.575847,0,59.58996811
 06/02  11:00:00,19.29166667,15910.09085,3205.579681,0,59.58499194
 06/02  12:00:00,20.64166667,16257.12022,1240.817578,0,59.55180823
 06/02  13:00:00,21.45,9523.514462,0,0,59.90196462
 06/02  14:00:00,22.34166667,9657.641152,0,0,59.93233449
 06/02  15:00:00,22.8,9831.394308,0,0,59.93334803
 06/02  16:00:00,22.8,15956.41651,0,0,59.85584642
 06/02  17:00:00,22.15833333,11072.24089,0,0,59.91774886
 06/02  18:00:00,21.05833333,16366.03621,1752.376048,0,59.58717864
 06/02  19:00:00,19.60833333,15990.80662,2486.417705,0,59.5746367
 06/02  20:00:00,17.61666667,15491.26619,2289.546199,0,59.58022662
 06/02  21:00:00,15.35833333,14946.81325,1476.578575,0,59.54901067
 06/02  22:00:00,13.11666667,14429.65038,257.5,0,59.54060476
 06/02  23:00:00,11.55833333,5919.382364,0,0,59.9680202
 06/02  24:00:00,11.45,3151.428464,0,0,59.97137815
 06/03  01:00:00,11.7,843.7842561,0,0,59.96998697
 06/03  02:00:00,12.34166667,430.1942663,0,0,59.96089837
 06/03  03:00:00,11.80833333,380.4806281,0,0,59.95066595
 06/03  04:00:00,10.10833333,818.3003831,0,0,59.97103324
 06/03  05:00:00,10.39166667,4323.147669,0,0,59.96602563
 06/03  06:00:00,12.38333333,12256.55574,244.393925,0,59.85396082
 06/03  07:00:00,14.93333333,14847.4658,3204.042544,0,59.59604723
 06/03  08:00:00,17.09166667,15362.19453,5107.806095,0,59.59561247
 06/03  09:00:00,19.08333333,15857.60966,5508.073747,0,59.59577938
 06/03  10:00:00,20.99166667,16348.87172,4394.143086,0,59.58329912
 06/03  11:00:00,22.63333333,16785.28209,2428.202552,0,59.58960928
 06/03  12:00:00,23.65,14129.38709,438.2475978,0,59.61403912
 06/03  13:00:00,24.89166667,13055.42946,0,0,59.92573277
 06/03  14:00:00,25.6,8007.738698,0,0,59.96745269
 06/03  15:00:00,25.6,10680.40292,0,0,59.95781723
 06/03  16:00:00,25.6,14477.01732,0,0,59.91760535
 06/03  17:00:00,24.9,11568.12877,0,0,59.92966766
 06/03  18:00:00,23.75833333,17091.3661,1454.16712,0,59.57265163
 06/03  19:00:00,22.65833333,16791.77154,1755.723696,0,59.57070553
 06/03  20:00:00,21.26666667,16421.05093,1450.040429,0,59.55284762
 06/03  21:00:00,18.96666667,15828.66751,484.505617,0,59.50532241
 06/03  22:00:00,15.525,8842.8502,0,0,59.87255206
 06/03  23:00:00,13.9,9510.155776,0,0,59.91897357
 06/03  24:00:00,13.9,4311.255305,0,0,59.97146348
 06/04  01:00:00,12.90833333,841.0007143,0,0,59.96685757
 06/04  02:00:00,11.55833333,427.3112168,0,0,59.96672522
 06/04  03:00:00,10.80833333,377.2563812,0,0,59.9562019
 06/04  04:00:00,10.6,814.5640487,0,0,59.96179386
 06/04  05:00:00,10.25,4312.279286,0,0,59.95705494
 06/04  06:00:00,9.65,11641.43362,244.0658815,0,59.85566133
 06/04  07:00:00,10.74166667,13907.38027,3230.276865,0,59.59378899
 06/04  08:00:00,12.63333333,14320.79273,5683.403024,0,59.59211645
 06/04  09:00:00,13.65,14549.71207,6470.33131,0,59.59252003
 06/04  10:00:00,14.54166667,14754.96295,5285.752665,0,59.59552337
 06/04  11:00:00,15.99166667,15096.68156,3797.734112,0,59.60192156
 06/04  12:00:00,16.99166667,15337.32759,1748.628354,0,59.56922925
 06/04  13:00:00,18.48333333,9587.324898,0,0,59.75991002
 06/04  14:00:00,19.75,10046.57343,0,0,59.94848007
 06/04  15:00:00,20,13032.95622,0,0,59.91812058
 06/04  16:00:00,20,12068.05489,0,0,59.92169507
 06/04  17:00:00,20.35,16181.19909,0,0,59.50706812
 06/04  18:00:00,20.25,16155.31486,369.3050795,0,59.23660167
 06/04  19:00:00,19.35833333,15926.72863,970.819385,0,59.52093289
 06/04  20:00:00,17.26666667,15405.88563,1678.980062,0,59.56128354
 06/04  21:00:00,14.81666667,14819.64422,1074.325815,0,59.54166223
 06/04  22:00:00,13.9,14244.74767,128.75,0,59.64705774
 06/04  23:00:00,12.26666667,4654.494784,0,0,59.96298968
 06/04  24:00:00,10.10833333,4314.140555,0,0,59.96757572
 06/05  01:00:00,9.4,838.5829312,0,0,59.97051575
 06/05  02:00:00,9.108333333,426.6312177,0,0,59.96154674
 06/05  03:00:00,8.9,376.522675,0,0,59.95155191
 06/05  04:00:00,8.258333333,813.0308274,0,0,59.9715667
 06/05  05:00:00,8.733333333,4316.16576,0,0,59.96631453
 06/05  06:00:00,10.1,11777.26942,244.1052832,0,59.85564645
 06/05  07:00:00,11.88333333,14155.12047,3228.295863,0,59.59649814
 06/05  08:00:00,13.73333333,14569.1371,5613.141211,0,59.5928188
 06/05  09:00:00,15.39166667,14954.22653,6126.542341,0,59.59368221
 06/05  10:00:00,17.09166667,15362.19453,4932.103365,0,59.59914664
 06/05  11:00:00,18.44166667,15695.42085,3438.934821,0,59.59914619
 06/05  12:00:00,20.18333333,16138.92797,985.162473,0,59.54459573
 06/05  13:00:00,21.1,10185.30041,0,0,59.89382103
 06/05  14:00:00,21.74166667,10582.2942,0,0,59.94364543
 06/05  15:00:00,22.2,9602.757596,0,0,59.94874257
 06/05  16:00:00,21.90833333,9944.060174,0,0,59.89981247
 06/05  17:00:00,21.05833333,16366.03621,239.8889123,0,59.7972591
 06/05  18:00:00,20.25,16155.31486,1472.852033,0,59.55403983
 06/05  19:00:00,19.35833333,15926.72863,1973.770767,0,59.55490033
 06/05  20:00:00,18.25833333,15649.62792,1758.295617,0,59.56854278
 06/05  21:00:00,16.16666667,15139.47802,1234.037323,0,59.5481142
 06/05  22:00:00,15,12075.6783,257.5,0,59.66865045
 06/05  23:00:00,14.35833333,6679.63396,0,0,59.96405252
 06/05  24:00:00,13.25833333,4294.808127,0,0,59.97166252
 06/06  01:00:00,12.8,837.6867802,0,0,59.97043102
 06/06  02:00:00,11.80833333,426.3215129,0,0,59.96147063
 06/06  03:00:00,10.80833333,376.3669556,0,0,59.95142913
 06/06  04:00:00,10.25,811.7576465,0,0,59.97152245
 06/06  05:00:00,10,4296.536498,0,0,59.96623008
 06/06  06:00:00,9.65,11673.21038,243.8638594,0,59.85435062
 06/06  07:00:00,9.75,13696.10415,3170.717147,0,59.58830561
 06/06  08:00:00,9.65,13675.14626,5669.87971,0,59.59506936
 06/06  09:00:00,9.4,13622.8871,6841.983456,0,59.58869839
 06/06  10:00:00,9.4,13622.8871,5871.697952,0,59.59417094
 06/06  11:00:00,9.4,13622.8871,4544.263496,0,59.59986343
 06/06  12:00:00,9.4,13622.8871,2845.930904,0,59.59390971
 06/06  13:00:00,9.4,13622.8871,731.2035653,0,59.52044814
 06/06  14:00:00,9.75,8413.157822,0,0,59.84321935
 06/06  15:00:00,10.35,11201.69799,0,0,59.90453405
 06/06  16:00:00,10.25,10339.69076,0,0,59.89772135
 06/06  17:00:00,11.925,14165.41876,1218.311066,0,59.5695008
 06/06  18:00:00,12.36666667,14261.43491,1524.003237,0,59.55428045
 06/06  19:00:00,10.70833333,13899.78368,2702.546928,0,59.57523024
 06/06  20:00:00,9.65,13675.14626,3175.842241,0,59.59833285
 06/06  21:00:00,8.758333333,13490.48656,3103.267019,0,59.58913413
 06/06  22:00:00,7.366666667,13209.66778,1476.352192,0,59.57444615
 06/06  23:00:00,6.991666667,7799.634561,239.5992573,0,59.76943255
 06/06  24:00:00,7.2,4294.638143,0,0,59.9683415
 06/07  01:00:00,6.558333333,839.7521011,0,0,59.96915581
 06/07  02:00:00,5.808333333,428.6176728,0,0,59.96067068
 06/07  03:00:00,5.25,379.0068507,0,0,59.95052668
 06/07  04:00:00,5.35,813.2216188,0,0,59.97093208
 06/07  05:00:00,5.25,5315.184581,0,0,59.96691349
 06/07  06:00:00,5.991666667,9735.073517,245.9496033,0,59.88959411
 06/07  07:00:00,7.341666667,13204.4467,3405.00143,0,59.59938587
 06/07  08:00:00,8.091666667,13354.53696,6067.7862,0,59.59063894
 06/07  09:00:00,9.291666667,13600.90513,7137.107468,0,59.58894874
 06/07  10:00:00,10.99166667,13960.67866,6219.295529,0,59.59288217
 06/07  11:00:00,11.7,14114.00429,4431.100146,0,59.60115259
 06/07  12:00:00,13.275,14465.86737,2581.822113,0,59.57674668
 06/07  13:00:00,13.75833333,14553.93052,481.4946287,0,59.57260856
 06/07  14:00:00,13.65,9495.429443,0,0,59.94492854
 06/07  15:00:00,12.90833333,9545.789345,0,0,59.93576925
 06/07  16:00:00,13.19166667,9260.25192,0,0,59.88699537
 06/07  17:00:00,12.61666667,13349.29688,243.2573903,0,59.83117469
 06/07  18:00:00,12.98333333,14399.63066,2184.832607,0,59.58060601
 06/07  19:00:00,12.90833333,14382.41375,3186.499387,0,59.58629855
 06/07  20:00:00,10.56666667,13870.40802,3415.054162,0,59.59394158
 06/07  21:00:00,8.758333333,13490.48656,2854.631497,0,59.59404268
 06/07  22:00:00,8.3,13396.69578,1482.978366,0,59.570914
 06/07  23:00:00,8.008333333,8867.457872,0,0,59.75431681
 06/07  24:00:00,7.45,2917.42725,0,0,59.97070932
 06/08  01:00:00,7.55,965.7864716,0,0,59.96599561
 06/08  02:00:00,7.45,486.2904194,0,0,59.96560018
 06/08  03:00:00,7.2,379.477692,0,0,59.95507748
 06/08  04:00:00,7.2,766.5252662,0,0,59.96076834
 06/08  05:00:00,7.2,5455.791327,0,0,59.95559551
 06/08  06:00:00,7.55,9945.124123,246.3359546,0,59.88971759
 06/08  07:00:00,8.733333333,13485.61211,3238.699251,0,59.59774658
 06/08  08:00:00,10.1,13770.02606,6064.160567,0,59.59298431
 06/08  09:00:00,11.88333333,14155.12047,6797.563444,0,59.59211093
 06/08  10:00:00,13.73333333,14569.1371,5650.495152,0,59.59498919
 06/08  11:00:00,14.4,14721.90373,3829.283694,0,59.60123178
 06/08  12:00:00,14.4,14721.90373,2022.030036,0,59.58286945
 06/08  13:00:00,14.75,12013.76109,241.344978,0,59.64782719
 06/08  14:00:00,16.28333333,9713.974461,0,0,59.94535427
 06/08  15:00:00,17.55,12286.03537,0,0,59.92768623
 06/08  16:00:00,17.8,10357.06746,0,0,59.93479909
 06/08  17:00:00,18.09166667,15607.9528,474.6950152,0,59.56679863
 06/08  18:00:00,17.65833333,15500.8523,476.7466026,0,59.46128131
 06/08  19:00:00,16.55833333,15232.44239,1475.333473,0,59.53414213
 06/08  20:00:00,14.81666667,14819.64422,2177.037833,0,59.57686472
 06/08  21:00:00,12.61666667,14317.50243,1527.747238,0,59.54618931
 06/08  22:00:00,11.35,14037.75089,481.8349489,0,59.49017262
 06/08  23:00:00,10.80833333,6740.49436,0,0,59.9397995
 06/08  24:00:00,10.25,3117.034322,0,0,59.97226059
 06/09  01:00:00,9.358333333,835.6518316,0,0,59.96995671
 06/09  02:00:00,8.55,427.4740069,0,0,59.96072249
 06/09  03:00:00,7.658333333,378.2756518,0,0,59.95048316
 06/09  04:00:00,7.2,810.6202867,0,0,59.97094658
 06/09  05:00:00,7.841666667,4290.628831,0,0,59.9656213
 06/09  06:00:00,9.291666667,11638.80229,243.9401608,0,59.85414979
 06/09  07:00:00,11.28333333,14024.1215,3226.554252,0,59.59612139
 06/09  08:00:00,13.48333333,14512.63065,5602.233308,0,59.5912242
 06/09  09:00:00,15.74166667,15037.57381,6091.680264,0,59.59598629
 06/09  10:00:00,17.34166667,15423.00636,4937.357541,0,59.59911317
 06/09  11:00:00,18.73333333,15768.84934,3107.36171,0,59.58120776
 06/09  12:00:00,19.4,15937.10761,977.5272894,0,59.53878062
 06/09  13:00:00,19.4,8942.395907,0,0,59.91109477
 06/09  14:00:00,19.75,8876.657316,0,0,59.94247955
 06/09  15:00:00,20.99166667,10260.1528,0,0,59.94126776
 06/09  16:00:00,21.05833333,15450.11688,0,0,59.83375317
 06/09  17:00:00,20.25,16155.31486,0,0,59.93623126
 06/09  18:00:00,20.64166667,16257.12022,0,0,59.60543453
 06/09  19:00:00,20.45833333,16209.4528,731.8444088,0,59.57441197
 06/09  20:00:00,18.36666667,15677.91671,1251.85748,0,59.56778964
 06/09  21:00:00,15.56666667,14996.535,910.1522357,0,59.55069252
 06/09  22:00:00,14.10833333,9460.294425,0,0,59.64566243
 06/09  23:00:00,13.55,8809.654808,0,0,59.96293768
 06/09  24:00:00,12.36666667,4266.907886,0,0,59.9715805
 06/10  01:00:00,11.35,834.965053,0,0,59.96950095
 06/10  02:00:00,10.45833333,425.5210389,0,0,59.96113577
 06/10  03:00:00,9.358333333,376.1082029,0,0,59.95101984
 06/10  04:00:00,8.9,807.6902078,0,0,59.97130575
 06/10  05:00:00,9.541666667,4270.318876,0,0,59.96617632
 06/10  06:00:00,10.64166667,11915.56611,243.7719618,0,59.85462824
 06/10  07:00:00,12.38333333,14265.56434,3215.252871,0,59.59539699
 06/10  08:00:00,14.64166667,14778.96236,5298.455971,0,59.59525939
 06/10  09:00:00,17.525,15469.84068,5736.173478,0,59.59575864
 06/10  10:00:00,19.89166667,16063.42102,4478.96142,0,59.59684496
 06/10  11:00:00,22.175,16663.05448,2761.118975,0,59.5854031
 06/10  12:00:00,23.65,14066.49286,479.7640086,0,59.60892244
 06/10  13:00:00,24.19166667,12621.26067,0,0,59.92411585
 06/10  14:00:00,24.75,8229.206624,0,0,59.96760761
 06/10  15:00:00,25.35,10559.99921,0,0,59.96189447
 06/10  16:00:00,24.9,14292.58031,0,0,59.91931474
 06/10  17:00:00,24.4,11512.3325,0,0,59.93034393
 06/10  18:00:00,24.10833333,17187.69021,1226.148658,0,59.59759767
 06/10  19:00:00,23.25833333,16954.48963,1685.650823,0,59.56443166
 06/10  20:00:00,20.81666667,16304.71522,1416.860789,0,59.53105536
 06/10  21:00:00,18.75833333,15774.88566,239.5481679,0,59.46809238
 06/10  22:00:00,16.725,9663.215185,0,0,59.91927351
 06/10  23:00:00,14.60833333,9268.943644,0,0,59.89860801
 06/10  24:00:00,13.9,2634.032305,0,0,59.97229011
 06/11  01:00:00,13.9,956.9686791,0,0,59.96752842
 06/11  02:00:00,14.19166667,480.7655243,0,0,59.96653919
 06/11  03:00:00,13.75833333,373.2060071,0,0,59.95655288
 06/11  04:00:00,13.65,757.1937955,0,0,59.96209368
 06/11  05:00:00,12.90833333,4418.121247,0,0,59.9569105
 06/11  06:00:00,13.83333333,12546.16479,244.2362001,0,59.85654672
 06/11  07:00:00,16.925,15323.10995,2812.071708,0,59.58258319
 06/11  08:00:00,19.29166667,15910.09085,4740.019627,0,59.58849498
 06/11  09:00:00,20.99166667,16348.87172,4878.921246,0,59.59834659
 06/11  10:00:00,22.34166667,16706.56708,3711.395215,0,59.59615603
 06/11  11:00:00,23.44166667,17004.54277,1710.353531,0,59.55886084
 06/11  12:00:00,24.54166667,10158.05064,238.4384622,0,59.77748962
 06/11  13:00:00,25.35,13610.16205,0,0,59.90536834
 06/11  14:00:00,25.25,8145.090291,0,0,59.96350265
 06/11  15:00:00,25.35,11461.36531,0,0,59.96094655
 06/11  16:00:00,25.89166667,11600.27763,0,0,59.94649606
 06/11  17:00:00,25.45833333,17565.43691,0,0,59.78136265
 06/11  18:00:00,23.71666667,17080.59876,551.531327,0,59.42039487
 06/11  19:00:00,22.15833333,16657.45119,720.3800668,0,59.49068796
 06/11  20:00:00,20.35833333,16184.28636,723.9724878,0,59.51307431
 06/11  21:00:00,19.10833333,15863.07666,238.9090192,0,59.47148979
 06/11  22:00:00,18.25833333,9344.39353,0,0,59.9510694
 06/11  23:00:00,16.80833333,9109.726466,0,0,59.89728481
 06/11  24:00:00,15.80833333,2517.680356,0,0,59.97323823
 06/12  01:00:00,15.6,954.3627002,0,0,59.96757953
 06/12  02:00:00,14.60833333,479.2984361,0,0,59.96674092
 06/12  03:00:00,13.9,371.0066618,0,0,59.95702582
 06/12  04:00:00,13.25833333,753.975775,0,0,59.96247953
 06/12  05:00:00,13.44166667,4407.302424,0,0,59.95748265
 06/12  06:00:00,14.54166667,12662.26966,244.1706517,0,59.85748336
 06/12  07:00:00,16.28333333,15166.90199,2863.82925,0,59.59148423
 06/12  08:00:00,17.55,15474.00832,4812.834863,0,59.5970929
 06/12  09:00:00,18.44166667,15695.42085,5019.254616,0,59.59666203
 06/12  10:00:00,19.54166667,15973.45881,3966.197485,0,59.59282822
 06/12  11:00:00,20.64166667,16257.12022,2302.490574,0,59.58540587
 06/12  12:00:00,21.1,14629.96519,436.9647211,0,59.61650712
 06/12  13:00:00,21.74166667,8674.651231,0,0,59.96517732
 06/12  14:00:00,22.84166667,10230.54818,0,0,59.93893746
 06/12  15:00:00,23.3,10750.94909,0,0,59.9410861
 06/12  16:00:00,22.65833333,13972.48964,0,0,59.87910653
 06/12  17:00:00,19.925,16074.30786,0,0,59.51586131
 06/12  18:00:00,16.725,15273.89375,0,0,59.39317618
 06/12  19:00:00,15.25,14920.35915,1286.715196,0,59.482233
 06/12  20:00:00,13.71666667,14565.76159,2023.662949,0,59.57288877
 06/12  21:00:00,12.45,14279.53455,1732.483722,0,59.5724672
 06/12  22:00:00,12.2,14224.02214,479.177179,0,59.49950607
 06/12  23:00:00,11.90833333,6323.701901,0,0,59.94460009
 06/12  24:00:00,11.35,3090.043091,0,0,59.97288506
 06/13  01:00:00,11.1,827.6738126,0,0,59.97049572
 06/13  02:00:00,11.45,421.4784433,0,0,59.96179593
 06/13  03:00:00,11.7,371.6557231,0,0,59.95194207
 06/13  04:00:00,11.7,800.4996767,0,0,59.97192545
 06/13  05:00:00,11.7,4225.699895,0,0,59.96728044
 06/13  06:00:00,11.7,12097.71797,243.6202458,0,59.8563873
 06/13  07:00:00,12.34166667,14255.6329,2935.526363,0,59.59480187
 06/13  08:00:00,13.44166667,14502.4862,5261.133615,0,59.59964373
 06/13  09:00:00,14.54166667,14754.96295,5979.452856,0,59.59431211
 06/13  10:00:00,15.35,14943.91963,4861.387149,0,59.59743974
 06/13  11:00:00,15.89166667,15072.32584,3152.67613,0,59.59248406
 06/13  12:00:00,16.74166667,15276.78686,1212.251186,0,59.54516415
 06/13  13:00:00,17.84166667,9708.358628,0,0,59.80769681
 06/13  14:00:00,16.725,8797.298344,0,0,59.94299116
 06/13  15:00:00,16.24166667,12132.14125,0,0,59.90138105
 06/13  16:00:00,14.71666667,11026.33903,0,0,59.89991501
 06/13  17:00:00,13.94166667,14616.55124,721.8340631,0,59.55481626
 06/13  18:00:00,13.46666667,14508.41601,1230.186882,0,59.53375306
 06/13  19:00:00,12.45,14279.53455,2204.742665,0,59.56316265
 06/13  20:00:00,11.55833333,14083.27161,2854.805255,0,59.58684101
 06/13  21:00:00,10.45833333,13846.04636,2280.106515,0,59.58944457
 06/13  22:00:00,9.008333333,13542.2487,974.4226812,0,59.54509368
 06/13  23:00:00,7.658333333,7831.992063,0,0,59.81828614
 06/13  24:00:00,6.908333333,2875.837608,0,0,59.97209597
 06/14  01:00:00,6.058333333,954.3833216,0,0,59.9668045
 06/14  02:00:00,5.25,480.4258188,0,0,59.96607878
 06/14  03:00:00,4.65,373.8365995,0,0,59.95594418
 06/14  04:00:00,4.108333333,755.8968819,0,0,59.9615102
 06/14  05:00:00,4.541666667,5377.112076,0,0,59.94968774
 06/14  06:00:00,5.641666667,9674.033423,245.9120238,0,59.89193349
 06/14  07:00:00,6.741666667,13086.11214,3206.788801,0,59.59735676
 06/14  08:00:00,7.2,13176.12791,6128.581595,0,59.59484191
 06/14  09:00:00,8.191666667,13375.26763,7055.792652,0,59.5836732
 06/14  10:00:00,9.541666667,13652.65436,6082.559716,0,59.59060283
 06/14  11:00:00,10.99166667,13960.67866,4456.988485,0,59.59716199
 06/14  12:00:00,11.99166667,14178.08724,2570.934779,0,59.5815999
 06/14  13:00:00,10.91666667,13944.89021,483.0924735,0,59.53982335
 06/14  14:00:00,11.925,9231.27528,0,0,59.94139633
 06/14  15:00:00,13.94166667,9718.4679,0,0,59.94431736
 06/14  16:00:00,15.1,9572.509949,0,0,59.89165662
 06/14  17:00:00,15.89166667,13999.27424,241.0001553,0,59.83396211
 06/14  18:00:00,14.46666667,14738.8182,1987.596025,0,59.56564168
 06/14  19:00:00,13.3,14470.1512,2587.613204,0,59.59128604
 06/14  20:00:00,12.01666667,14184.45857,3162.7573,0,59.595509
 06/14  21:00:00,10.45833333,13846.04636,2283.090683,0,59.58941548
 06/14  22:00:00,10,13748.63441,920.6369388,0,59.52020805
 06/14  23:00:00,9.65,8918.774483,0,0,59.82600601
 06/14  24:00:00,8.116666667,1323.123788,0,0,59.97582452
 06/15  01:00:00,6.908333333,960.3095067,0,0,59.96717521
 06/15  02:00:00,5.708333333,716.3347466,0,0,59.96211302
 06/15  03:00:00,4.65,374.5751576,0,0,59.96073457
 06/15  04:00:00,4.108333333,704.9493328,0,0,59.95368542
 06/15  05:00:00,3.55,5539.761935,0,0,59.95918953
 06/15  06:00:00,5.283333333,12807.41725,243.2140432,0,59.83206689
 06/15  07:00:00,7.633333333,13262.82894,2347.954529,0,59.58824812
 06/15  08:00:00,9.641666667,13674.33002,5270.572761,0,59.59857214
 06/15  09:00:00,11.24166667,14014.40307,6232.100168,0,59.59533356
 06/15  10:00:00,12.63333333,14320.79273,5576.12903,0,59.59546375
 06/15  11:00:00,14.29166667,14697.40437,3745.153156,0,59.59884524
 06/15  12:00:00,15.64166667,15013.06318,1728.579138,0,59.5706928
 06/15  13:00:00,16.45,9556.46422,236.4895013,0,59.7487786
 06/15  14:00:00,16.7,9864.27735,0,0,59.94317123
 06/15  15:00:00,17.63333333,10196.75563,0,0,59.94567245
 06/15  16:00:00,17.36666667,14129.93821,0,0,59.8524802
 06/15  17:00:00,17.63333333,15494.94378,274.0867385,0,59.40706745
 06/15  18:00:00,17.65833333,15500.8523,300.516648,0,59.24657646
 06/15  19:00:00,16.90833333,15317.05483,1225.150469,0,59.50546346
 06/15  20:00:00,15.70833333,15029.20264,1989.171571,0,59.56614634
 06/15  21:00:00,14.00833333,14632.16398,1222.054167,0,59.55702207
 06/15  22:00:00,13.00833333,14114.6874,238.2117591,0,59.60375568
 06/15  23:00:00,11.80833333,4566.859268,0,0,59.97556016
 06/15  24:00:00,10.10833333,4234.818552,0,0,59.96945568
 06/16  01:00:00,8.466666667,825.7255517,0,0,59.97020143
 06/16  02:00:00,7.158333333,423.0877251,0,0,59.96097778
 06/16  03:00:00,6.35,374.2387893,0,0,59.95083439
 06/16  04:00:00,6.45,800.4921848,0,0,59.9712303
 06/16  05:00:00,8.275,4235.185866,0,0,59.96599847
 06/16  06:00:00,9.75,11706.3937,243.4810876,0,59.85555446
 06/16  07:00:00,10.35,13822.82743,3189.639736,0,59.59093611
 06/16  08:00:00,10.89166667,13938.64669,5224.096675,0,59.58601939
 06/16  09:00:00,12.09166667,14200.63043,6187.427612,0,59.59500897
 06/16  10:00:00,13.73333333,14569.1371,5308.905176,0,59.5963406
 06/16  11:00:00,15.1,14885.3089,3679.91231,0,59.60071378
 06/16  12:00:00,17.525,15469.84068,1492.852342,0,59.56919377
 06/16  13:00:00,20.18333333,9131.880526,0,0,59.82971615
 06/16  14:00:00,21.1,9254.396994,0,0,59.93052721
 06/16  15:00:00,20.45833333,10726.77876,0,0,59.9208982
 06/16  16:00:00,17.725,14635.24823,0,0,59.89971947
 06/16  17:00:00,15.80833333,15052.4791,0,0,59.53710092
 06/16  18:00:00,14.9,14838.46679,540.9152318,0,59.49655904
 06/16  19:00:00,14.4,14721.90373,1463.214151,0,59.55162406
 06/16  20:00:00,13.11666667,14429.65038,2242.80829,0,59.57587218
 06/16  21:00:00,11.55833333,14083.27161,1746.024306,0,59.57947536
 06/16  22:00:00,10.80833333,13920.7364,721.7674336,0,59.47551212
 06/16  23:00:00,10.25,6702.216183,0,0,59.89912242
 06/16  24:00:00,9.008333333,3072.189136,0,0,59.97597695
 06/17  01:00:00,8.008333333,824.631744,0,0,59.96702027
 06/17  02:00:00,7.158333333,422.7797535,0,0,59.96220649
 06/17  03:00:00,6.991666667,374.0376932,0,0,59.96089074
 06/17  04:00:00,6.908333333,799.3377335,0,0,59.9538033
 06/17  05:00:00,7.341666667,4235.619752,0,0,59.96239448
 06/17  06:00:00,9.083333333,11577.41573,243.589565,0,59.8245363
 06/17  07:00:00,10.99166667,13960.67866,3218.582221,0,59.57584442
 06/17  08:00:00,12.98333333,14399.63066,5205.677287,0,59.57641387
 06/17  09:00:00,15.53333333,14988.64278,6052.412982,0,59.59547867
 06/17  10:00:00,17.98333333,15581.91481,4554.827317,0,59.59483531
 06/17  11:00:00,18.25833333,15649.62792,3028.279716,0,59.59576997
 06/17  12:00:00,19.725,16022.16761,792.6686974,0,59.55638016
 06/17  13:00:00,21.1,9854.951829,0,0,59.94739128
 06/17  14:00:00,21.45,9474.502641,0,0,59.93253624
 06/17  15:00:00,22.34166667,9413.514093,0,0,59.9478248
 06/17  16:00:00,22.15833333,10122.45567,0,0,59.88248
 06/17  17:00:00,21.7,16535.11707,241.4936199,0,59.89956848
 06/17  18:00:00,21.35,16442.59745,1226.026635,0,59.56601682
 06/17  19:00:00,20.45833333,16209.4528,1602.600005,0,59.55549289
 06/17  20:00:00,18.71666667,15765.08655,1511.626073,0,59.56323711
 06/17  21:00:00,17.15833333,15378.15067,609.6975149,0,59.50326195
 06/17  22:00:00,14.71666667,8709.829294,0,0,59.7917263
 06/17  23:00:00,12.36666667,9235.210177,0,0,59.91861407
 06/17  24:00:00,11.7,4215.67493,0,0,59.97130521
 06/18  01:00:00,11.7,820.0471115,0,0,59.97127949
 06/18  02:00:00,11.35,420.0214674,0,0,59.96157748
 06/18  03:00:00,10.80833333,370.8470099,0,0,59.95166214
 06/18  04:00:00,9.9,795.3048789,0,0,59.97180736
 06/18  05:00:00,9.75,4200.157117,0,0,59.96694903
 06/18  06:00:00,10.99166667,11946.92498,243.6413785,0,59.85614077
 06/18  07:00:00,11.7,14114.00429,2922.713606,0,59.5920311
 06/18  08:00:00,11.99166667,14178.08724,5227.369394,0,59.59625376
 06/18  09:00:00,11.90833333,14159.75093,5947.175233,0,59.59676163
 06/18  10:00:00,11.7,14114.00429,5244.277221,0,59.59526193
 06/18  11:00:00,12.34166667,14255.6329,3513.109351,0,59.59676784
 06/18  12:00:00,14.43333333,14731.09638,1757.94457,0,59.56518627
 06/18  13:00:00,16.53333333,9532.045095,237.1824895,0,59.75378686
 06/18  14:00:00,18.19166667,11311.22935,0,0,59.92267431
 06/18  15:00:00,18.9,10406.60034,0,0,59.94929261
 06/18  16:00:00,18.55,11778.20359,0,0,59.90431343
 06/18  17:00:00,18.94166667,15821.10462,474.3132715,0,59.53052195
 06/18  18:00:00,18.75833333,15774.88566,539.9166383,0,59.45257954
 06/18  19:00:00,17.36666667,15429.38931,930.7741828,0,59.51880643
 06/18  20:00:00,14.71666667,14797.59675,1711.426669,0,59.55952611
 06/18  21:00:00,13.3,14470.1512,1467.783681,0,59.55407883
 06/18  22:00:00,12.36666667,14173.77155,0,0,59.59172803
 06/18  23:00:00,10.06666667,4542.799733,0,0,59.9762622
 06/18  24:00:00,8.9,4208.987766,0,0,59.9681137
 06/19  01:00:00,7.616666667,821.2256576,0,0,59.97019864
 06/19  02:00:00,6.991666667,419.51261,0,0,59.96159426
 06/19  03:00:00,6.558333333,370.3702749,0,0,59.95167376
 06/19  04:00:00,6.45,794.3062397,0,0,59.97177803
 06/19  05:00:00,7.633333333,4215.09326,0,0,59.96643696
 06/19  06:00:00,9.641666667,11709.24312,243.5034576,0,59.85706802
 06/19  07:00:00,12.525,14298.20702,3189.424748,0,59.59095636
 06/19  08:00:00,14.89166667,14836.79206,5056.411935,0,59.5937891
 06/19  09:00:00,16.88333333,15311.84343,5463.823698,0,59.59319955
 06/19  10:00:00,18.09166667,15607.9528,4458.96387,0,59.6007563
 06/19  11:00:00,19.64166667,15999.78196,2575.912981,0,59.59382184
 06/19  12:00:00,21.24166667,16152.34059,427.6933728,0,59.5884325
 06/19  13:00:00,22.34166667,10306.34444,0,0,59.9277919
 06/19  14:00:00,23.09166667,9034.083335,0,0,59.94760723
 06/19  15:00:00,23.65,10767.68189,0,0,59.93845952
 06/19  16:00:00,23.55,11337.74858,0,0,59.9419105
 06/19  17:00:00,23.65,17061.45091,0,0,59.61980791
 06/19  18:00:00,23.25833333,16954.48963,0,0,59.33545843
 06/19  19:00:00,22.15833333,16657.45119,301.5879335,0,59.40202547
 06/19  20:00:00,20.35833333,16184.28636,727.5603474,0,59.48346127
 06/19  21:00:00,17.825,15518.69057,0,0,59.56909087
 06/19  22:00:00,15.70833333,9137.72663,0,0,59.94388597
 06/19  23:00:00,14.35833333,8783.851946,0,0,59.88134514
 06/19  24:00:00,12.61666667,2544.700292,0,0,59.97344412
 06/20  01:00:00,11.05833333,944.7045311,0,0,59.96724537
 06/20  02:00:00,10.6,475.4074442,0,0,59.96644134
 06/20  03:00:00,10.6,369.3330226,0,0,59.95668114
 06/20  04:00:00,9.9,747.4509896,0,0,59.96243944
 06/20  05:00:00,10.74166667,4354.389784,0,0,59.9570306
 06/20  06:00:00,12.98333333,12371.83488,243.9279798,0,59.85776008
 06/20  07:00:00,14.54166667,14754.96295,2806.142546,0,59.58015576
 06/20  08:00:00,16.28333333,15166.90199,4774.917653,0,59.59124611
 06/20  09:00:00,18.83333333,15795.02274,5203.028919,0,59.59689755
 06/20  10:00:00,21.63333333,16518.91349,3788.20686,0,59.59774163
 06/20  11:00:00,23.73333333,17084.74885,2020.1495,0,59.57869428
 06/20  12:00:00,25.74166667,11706.45617,0,0,59.78038835
 06/20  13:00:00,26.7,11406.85619,0,0,59.94197856
 06/20  14:00:00,27.63333333,11695.6695,0,0,59.95426971
 06/20  15:00:00,28.65,10804.81857,0,0,59.95756307
 06/20  16:00:00,29.19166667,12452.32788,0,0,59.94164488
 06/20  17:00:00,29.10833333,11678.09925,0,0,59.94289247
 06/20  18:00:00,27.90833333,18272.59957,927.972184,0,59.60738877
 06/20  19:00:00,26.26666667,17795.81865,946.8087757,0,59.52821851
 06/20  20:00:00,23.325,16975.30843,238.419424,0,59.40477466
 06/20  21:00:00,19.425,9993.448606,0,0,59.79602241
 06/20  22:00:00,17.15833333,15378.15067,237.0759816,0,59.77389934
 06/20  23:00:00,16.35,8067.526537,0,0,59.92371887
 06/20  24:00:00,15.80833333,1305.173322,0,0,59.97663924
 06/21  01:00:00,15.25,950.4572307,0,0,59.96797776
 06/21  02:00:00,14.35833333,705.7382993,0,0,59.96308576
 06/21  03:00:00,11.975,366.0365898,0,0,59.96148494
 06/21  04:00:00,11.24166667,696.6559853,0,0,59.95460576
 06/21  05:00:00,12.98333333,5889.461422,0,0,59.96458214
 06/21  06:00:00,15.18333333,14905.52142,0,0,59.8529103
 06/21  07:00:00,17.73333333,15520.60596,1758.0855,0,59.57858009
 06/21  08:00:00,20.825,16306.76627,3514.337581,0,59.597441
 06/21  09:00:00,23.48333333,17016.62367,3835.620911,0,59.59726155
 06/21  10:00:00,26.03333333,17730.07235,2681.734065,0,59.58290295
 06/21  11:00:00,27.84166667,18252.68015,618.6868136,0,59.58971307
 06/21  12:00:00,29.64166667,11441.24221,0,0,59.94289439
 06/21  13:00:00,30.25,11226.06853,0,0,59.96361622
 06/21  14:00:00,30.64166667,6342.330339,0,0,59.96739347
 06/21  15:00:00,31.45,11610.34369,0,0,59.96434115
 06/21  16:00:00,31.7,12706.77705,0,0,59.95380206
 06/21  17:00:00,31.05833333,14242.4604,0,0,59.92230016
 06/21  18:00:00,29.60833333,18779.45842,240.1856883,0,59.81813339
 06/21  19:00:00,27.90833333,18272.59957,700.9030676,0,59.55586634
 06/21  20:00:00,24.28333333,17240.81572,0,0,59.48262131
 06/21  21:00:00,21.55833333,10494.41076,0,0,59.79693041
 06/21  22:00:00,20.45833333,14332.2244,0,0,59.81708116
 06/21  23:00:00,19.00833333,7381.466538,0,0,59.97630617
 06/21  24:00:00,18.00833333,2342.893984,0,0,59.97185436
 06/22  01:00:00,17.45,939.5757455,0,0,59.97164231
 06/22  02:00:00,17.55,473.5719285,0,0,59.96191777
 06/22  03:00:00,16.80833333,365.3224859,0,0,59.95239488
 06/22  04:00:00,14.81666667,744.4027252,0,0,59.97159376
 06/22  05:00:00,13.9,4318.338691,0,0,59.96656895
 06/22  06:00:00,15.825,12953.66608,224.9192336,0,59.85709715
 06/22  07:00:00,18.83333333,15795.02274,2595.944832,0,59.57980859
 06/22  08:00:00,21.28333333,16425.86974,4341.825628,0,59.59991446
 06/22  09:00:00,23.48333333,17016.62367,4061.575741,0,59.59272818
 06/22  10:00:00,25.74166667,17646.52266,2591.497048,0,59.59002065
 06/22  11:00:00,28.275,18381.61439,698.2867743,0,59.57323792
 06/22  12:00:00,30.39166667,11532.07693,0,0,59.94431961
 06/22  13:00:00,31.1,11077.42059,0,0,59.96274234
 06/22  14:00:00,31.74166667,6321.531623,0,0,59.96936017
 06/22  15:00:00,32.2,11642.2808,0,0,59.96435893
 06/22  16:00:00,32.2,12712.30328,0,0,59.95468507
 06/22  17:00:00,32.2,12941.05319,0,0,59.92937275
 06/22  18:00:00,31.55833333,19377.07831,483.5559136,0,59.76123866
 06/22  19:00:00,30.45833333,19037.60828,782.0771403,0,59.49155515
 06/22  20:00:00,28.075,12179.05289,0,0,59.78201066
 06/22  21:00:00,26.05833333,17735.96279,0,0,59.8207063
 06/22  22:00:00,24.25833333,11359.4665,0,0,59.84981891
 06/22  23:00:00,21.025,9111.502099,0,0,59.94875787
 06/22  24:00:00,19.4,1299.687458,0,0,59.97693887
 06/23  01:00:00,18.75833333,947.7893951,0,0,59.96830541
 06/23  02:00:00,17.36666667,702.1085342,0,0,59.96334191
 06/23  03:00:00,14.71666667,363.9837142,0,0,59.96176946
 06/23  04:00:00,13.00833333,693.9536423,0,0,59.95487866
 06/23  05:00:00,15.075,5996.507606,0,0,59.96909093
 06/23  06:00:00,17.98333333,15581.91481,0,0,59.85958167
 06/23  07:00:00,19.54166667,15973.45881,1488.77418,0,59.57576039
 06/23  08:00:00,20.64166667,16257.12022,2910.850697,0,59.58476067
 06/23  09:00:00,22.09166667,16639.94588,3728.61238,0,59.58816214
 06/23  10:00:00,23.44166667,17004.54277,2801.919045,0,59.55635066
 06/23  11:00:00,24.89166667,17406.23724,735.9803312,0,59.51861882
 06/23  12:00:00,26.53333333,11917.83565,0,0,59.91395968
 06/23  13:00:00,27.55,11712.07346,0,0,59.94406735
 06/23  14:00:00,27.8,7762.764725,0,0,59.97027533
 06/23  15:00:00,27.8,8620.191547,0,0,59.96148383
 06/23  16:00:00,28.09166667,13685.24148,0,0,59.92191158
 06/23  17:00:00,27.65833333,14127.78042,0,0,59.89213557
 06/23  18:00:00,26.55833333,17879.34575,1211.673339,0,59.56163489
 06/23  19:00:00,24.81666667,17385.60378,720.2479135,0,59.51820378
 06/23  20:00:00,22.90833333,16859.68371,520.0759601,0,59.43791858
 06/23  21:00:00,20.91666667,10417.20406,0,0,59.84791311
 06/23  22:00:00,18.71666667,15765.08655,0,0,59.75989933
 06/23  23:00:00,16.51666667,6081.798888,0,0,59.92154585
 06/23  24:00:00,13.96666667,2046.176209,0,0,59.97114655
 06/24  01:00:00,11.80833333,1894.070948,0,0,59.96550542
 06/24  02:00:00,10.80833333,0,0,0,59.95827071
 06/24  03:00:00,9.608333333,375.155012,0,0,59.96437952
 06/24  04:00:00,8.258333333,590.5778149,0,0,59.95657054
 06/24  05:00:00,8.091666667,5617.549906,0,0,59.97166225
 06/24  06:00:00,9.641666667,10299.03721,244.3976951,0,59.89316199
 06/24  07:00:00,11.53333333,14078.07183,2928.140163,0,59.60263282
 06/24  08:00:00,13.19166667,14446.20567,5262.275959,0,59.58875605
 06/24  09:00:00,14.54166667,14754.96295,5827.726092,0,59.59776295
 06/24  10:00:00,15.99166667,15096.68156,4623.727269,0,59.59393446
 06/24  11:00:00,17.63333333,15494.94378,2796.800436,0,59.59293026
 06/24  12:00:00,18.94166667,15821.10462,977.9641901,0,59.52462627
 06/24  13:00:00,20.1,9783.603422,0,0,59.93820482
 06/24  14:00:00,20.89166667,9375.280783,0,0,59.93179033
 06/24  15:00:00,21.74166667,9316.892882,0,0,59.94207086
 06/24  16:00:00,22.55,10020.85344,0,0,59.87215698
 06/24  17:00:00,22.8,16829.81241,240.971457,0,59.91113411
 06/24  18:00:00,22.45,16735.5035,1216.215023,0,59.59021834
 06/24  19:00:00,21.90833333,16590.54598,1224.930312,0,59.53430637
 06/24  20:00:00,20.06666667,16109.38939,964.4084578,0,59.55182956
 06/24  21:00:00,18.25833333,15649.62792,236.9474002,0,59.45523033
 06/24  22:00:00,16.80833333,10895.91643,0,0,59.92930961
 06/24  23:00:00,15.10833333,6738.489251,0,0,59.89742618
 06/24  24:00:00,13.75833333,2042.800413,0,0,59.97374137
 06/25  01:00:00,13.00833333,1889.208983,0,0,59.96801523
 06/25  02:00:00,10.175,0,0,0,59.96709298
 06/25  03:00:00,8.941666667,373.5767487,0,0,59.95720985
 06/25  04:00:00,8.466666667,588.7726108,0,0,59.96235345
 06/25  05:00:00,8.441666667,5606.50511,0,0,59.95739892
 06/25  06:00:00,11.46666667,10251.85079,243.9060929,0,59.85874881
 06/25  07:00:00,13.65,14549.71207,2894.46459,0,59.59545134
 06/25  08:00:00,15.18333333,14905.52142,5232.718094,0,59.59032951
 06/25  09:00:00,18.025,15593.39434,5265.83645,0,59.5964465
 06/25  10:00:00,20.74166667,16283.9546,4062.38255,0,59.59351514
 06/25  11:00:00,23.625,17056.57453,1967.147168,0,59.58445523
 06/25  12:00:00,25.35,12506.58465,0,0,59.77173632
 06/25  13:00:00,26.88333333,10754.76647,0,0,59.94617373
 06/25  14:00:00,28.44166667,11613.84769,0,0,59.95864289
 06/25  15:00:00,29.19166667,10599.80267,0,0,59.96335571
 06/25  16:00:00,29.10833333,12340.75216,0,0,59.94536055
 06/25  17:00:00,28.25833333,12214.16754,0,0,59.93221296
 06/25  18:00:00,27.15833333,18052.93897,966.3972884,0,59.58833827
 06/25  19:00:00,25.35833333,17537.94672,717.7119665,0,59.50738882
 06/25  20:00:00,23.75833333,17091.3661,300.2529638,0,59.47918508
 06/25  21:00:00,22.01666667,10113.39555,0,0,59.90899473
 06/25  22:00:00,21.1,15876.16225,0,0,59.71852028
 06/25  23:00:00,19.175,4786.474899,0,0,59.97421518
 06/25  24:00:00,16.80833333,4188.477212,0,0,59.97255049
 06/26  01:00:00,13.53333333,807.2550919,0,0,59.97173835
 06/26  02:00:00,11.35,412.4576873,0,0,59.96259934
 06/26  03:00:00,10.80833333,360.8714403,0,0,59.95309965
 06/26  04:00:00,10.25,783.1421016,0,0,59.97200331
 06/26  05:00:00,10,4134.516781,0,0,59.96763843
 06/26  06:00:00,9.65,11641.43362,243.0463182,0,59.85861895
 06/26  07:00:00,10.1,13770.02606,2900.688997,0,59.59394604
 06/26  08:00:00,10.6,13876.05482,5288.876464,0,59.59951656
 06/26  09:00:00,10.89166667,13938.64669,6012.21323,0,59.59110015
 06/26  10:00:00,10.45833333,13846.04636,5254.895908,0,59.59877572
 06/26  11:00:00,10.99166667,13960.67866,3727.765816,0,59.59572236
 06/26  12:00:00,12.34166667,14255.6329,1750.89969,0,59.57970578
 06/26  13:00:00,13.44166667,11484.72152,239.3246217,0,59.69458352
 06/26  14:00:00,14.89166667,9412.587193,0,0,59.94609451
 06/26  15:00:00,15.25,11177.5084,0,0,59.90663506
 06/26  16:00:00,16.63333333,11396.06417,0,0,59.9266202
 06/26  17:00:00,17.45,15449.42539,0,0,59.69355893
 06/26  18:00:00,17.55,15474.00832,300.2608882,0,59.3733216
 06/26  19:00:00,17.8,15535.60119,1213.999759,0,59.49617676
 06/26  20:00:00,16.80833333,15293.26714,1483.623479,0,59.5589468
 06/26  21:00:00,14.81666667,14819.64422,722.6885204,0,59.51819102
 06/26  22:00:00,13.55,9400.606547,0,0,59.72534115
 06/26  23:00:00,12.65833333,8559.280767,0,0,59.95329407
 06/26  24:00:00,11.26666667,4151.318493,0,0,59.97219083
 06/27  01:00:00,9.9,809.1347847,0,0,59.97113258
 06/27  02:00:00,9.4,414.7650493,0,0,59.96189677
 06/27  03:00:00,9.108333333,364.2555227,0,0,59.95205573
 06/27  04:00:00,8.55,785.0771259,0,0,59.97147612
 06/27  05:00:00,8.65,4141.861384,0,0,59.96713661
 06/27  06:00:00,10.53333333,11877.63098,243.5124511,0,59.8572353
 06/27  07:00:00,13.275,14465.86737,2855.047043,0,59.59033346
 06/27  08:00:00,15.74166667,15037.57381,5053.746613,0,59.58687563
 06/27  09:00:00,17.98333333,15581.91481,4969.085872,0,59.59794149
 06/27  10:00:00,19.54166667,15973.45881,4058.773438,0,59.60027904
 06/27  11:00:00,20.64166667,16257.12022,2022.002442,0,59.58625664
 06/27  12:00:00,21.74166667,11409.21039,239.8474679,0,59.70612006
 06/27  13:00:00,22.55,12501.37526,0,0,59.9138702
 06/27  14:00:00,23.44166667,9231.991289,0,0,59.94930823
 06/27  15:00:00,24.19166667,11218.12282,0,0,59.93637688
 06/27  16:00:00,25.1,11368.81455,0,0,59.95132944
 06/27  17:00:00,24.9,13511.71805,0,0,59.89168794
 06/27  18:00:00,24.10833333,17187.69021,1220.421456,0,59.56707715
 06/27  19:00:00,23.55,17034.03302,1415.856632,0,59.53485917
 06/27  20:00:00,22.01666667,16620.2884,760.8493044,0,59.50058946
 06/27  21:00:00,20.10833333,10329.15539,0,0,59.72931239
 06/27  22:00:00,16.83333333,15302.43471,0,0,59.84073758
 06/27  23:00:00,15.99166667,8043.948598,0,0,59.86751945
 06/27  24:00:00,15.06666667,1289.6553,0,0,59.9766845
 06/28  01:00:00,12.90833333,941.1226526,0,0,59.96736861
 06/28  02:00:00,11.90833333,700.1902748,0,0,59.96333736
 06/28  03:00:00,11.35,362.4491809,0,0,59.96166878
 06/28  04:00:00,10.45833333,690.9552301,0,0,59.95460894
 06/28  05:00:00,10.64166667,5744.034844,0,0,59.9631894
 06/28  06:00:00,12.73333333,14344.13117,0,0,59.85018235
 06/28  07:00:00,15.18333333,14905.52142,1760.782185,0,59.57885349
 06/28  08:00:00,17.73333333,15520.60596,3780.519269,0,59.59120299
 06/28  09:00:00,20.825,16306.76627,4455.232817,0,59.60027933
 06/28  10:00:00,23.48333333,17016.62367,3009.67687,0,59.57149693
 06/28  11:00:00,25.74166667,17646.52266,1234.046067,0,59.54877947
 06/28  12:00:00,27.34166667,11010.52147,0,0,59.920108
 06/28  13:00:00,28.44166667,11576.26661,0,0,59.94396765
 06/28  14:00:00,29.19166667,10183.57423,0,0,59.96380168
 06/28  15:00:00,29.75,8790.320199,0,0,59.9636808
 06/28  16:00:00,30,11931.6646,0,0,59.94626789
 06/28  17:00:00,30,14698.12893,0,0,59.89341018
 06/28  18:00:00,29.35833333,18703.76171,717.5786878,0,59.54513168
 06/28  19:00:00,28.25833333,18375.53861,300.0490215,0,59.47651754
 06/28  20:00:00,25.525,11724.6014,0,0,59.8953202
 06/28  21:00:00,21.625,16518.09252,478.2477725,0,59.7230808
 06/28  22:00:00,20.35,9853.57604,0,0,59.80083841
 06/28  23:00:00,18.61666667,10217.9469,0,0,59.9441326
 06/28  24:00:00,16.26666667,2337.674262,0,0,59.97318153
 06/29  01:00:00,15.25,931.103182,0,0,59.96793953
 06/29  02:00:00,14.65,469.4513378,0,0,59.96658433
 06/29  03:00:00,14.4,362.6811852,0,0,59.95677457
 06/29  04:00:00,14.4,737.4400256,0,0,59.96225101
 06/29  05:00:00,14.75,4268.120732,0,0,59.95816025
 06/29  06:00:00,15.35,12876.55327,244.3370967,0,59.85876512
 06/29  07:00:00,16.53333333,15226.66168,2585.662926,0,59.58813508
 06/29  08:00:00,18.83333333,15795.02274,4272.016859,0,59.58838124
 06/29  09:00:00,21.28333333,16425.86974,4326.174901,0,59.59790546
 06/29  10:00:00,23.48333333,17016.62367,3066.479955,0,59.59155843
 06/29  11:00:00,25.39166667,17546.90916,1132.744576,0,59.54901941
 06/29  12:00:00,26.74166667,10893.86819,0,0,59.9225656
 06/29  13:00:00,27.2,11454.42169,0,0,59.94265874
 06/29  14:00:00,28.19166667,10310.66235,0,0,59.96061075
 06/29  15:00:00,28.55,8791.972174,0,0,59.96325592
 06/29  16:00:00,28.65,11932.0086,0,0,59.94396078
 06/29  17:00:00,28.25833333,14264.92747,0,0,59.89310207
 06/29  18:00:00,27.45,18137.76887,960.9686473,0,59.55248184
 06/29  19:00:00,25.91666667,17696.23226,442.6063159,0,59.4699725
 06/29  20:00:00,22.725,16812.40444,0,0,59.30800545
 06/29  21:00:00,18.825,9589.196346,0,0,59.88963665
 06/29  22:00:00,17.84166667,15546.13401,238.3322245,0,59.7104878
 06/29  23:00:00,17.36666667,6227.99457,0,0,59.94507259
 06/29  24:00:00,16.35,2029.667084,0,0,59.97125518
 06/30  01:00:00,14.81666667,1875.9972,0,0,59.96651825
 06/30  02:00:00,13.55,0,0,0,59.95787688
 06/30  03:00:00,12.65833333,373.7542886,0,0,59.96436444
 06/30  04:00:00,11.90833333,586.866026,0,0,59.95662986
 06/30  05:00:00,11.35,5556.698717,0,0,59.97110827
 06/30  06:00:00,12.38333333,10350.2511,244.9583656,0,59.8963648
 06/30  07:00:00,14.93333333,14847.4658,2823.697267,0,59.59206306
 06/30  08:00:00,17.38333333,15433.90603,5041.191233,0,59.5903003
 06/30  09:00:00,19.93333333,16075.06299,4837.503159,0,59.59723585
 06/30  10:00:00,22.09166667,16639.94588,3459.896298,0,59.60030164
 06/30  11:00:00,23.73333333,17084.74885,1484.663101,0,59.56032073
 06/30  12:00:00,24.75,10869.84349,0,0,59.79869087
 06/30  13:00:00,25.99166667,11328.01115,0,0,59.94272239
 06/30  14:00:00,27.34166667,11515.80576,0,0,59.95406451
 06/30  15:00:00,28.44166667,10597.66582,0,0,59.95803219
 06/30  16:00:00,28.55,12266.21902,0,0,59.94236685
 06/30  17:00:00,27.65833333,12096.73465,0,0,59.93129276
 06/30  18:00:00,27.55,18166.99929,962.9836214,0,59.58682214
 06/30  19:00:00,26.16666667,17768.1787,476.7223119,0,59.48926801
 06/30  20:00:00,23.075,16906.41513,0,0,59.33381607
 06/30  21:00:00,20.70833333,9691.585007,0,0,59.90596338
 06/30  22:00:00,19.59166667,15986.09496,0,0,59.68525063
 06/30  23:00:00,18.89166667,5811.512439,0,0,59.96957214
 06/30  24:00:00,18.19166667,2025.182943,0,0,59.97104732
 07/01  01:00:00,17.43333333,1874.15811,0,0,59.96575301
 07/01  02:00:00,16.69166667,0,0,0,59.95779936
 07/01  03:00:00,15.99166667,373.4402176,0,0,59.96443796
 07/01  04:00:00,15.29166667,585.9412718,0,0,59.95672429
 07/01  05:00:00,14.35833333,5531.231336,0,0,59.97298283
 07/01  06:00:00,14.54166667,11089.23004,243.5484298,0,59.89454207
 07/01  07:00:00,15.64166667,15013.06318,2634.015556,0,59.60074648
 07/01  08:00:00,16.74166667,15276.78686,4752.210748,0,59.59315284
 07/01  09:00:00,18.83333333,15795.02274,4787.78885,0,59.5951261
 07/01  10:00:00,20.99166667,16348.87172,3426.972128,0,59.59288922
 07/01  11:00:00,22.63333333,16785.28209,1702.698237,0,59.56134399
 07/01  12:00:00,23.3,10062.96504,0,0,59.8055997
 07/01  13:00:00,24.29166667,10824.40559,0,0,59.91309251
 07/01  14:00:00,25.35,9960.442154,0,0,59.95353822
 07/01  15:00:00,26.24166667,11224.8136,0,0,59.96277434
 07/01  16:00:00,26.7,11199.69774,0,0,59.95595714
 07/01  17:00:00,26.7,17919.95435,0,0,59.7980874
 07/01  18:00:00,26.35,17819.30162,0,0,59.57488137
 07/01  19:00:00,24.81666667,17385.60378,0,0,59.51281551
 07/01  20:00:00,22.61666667,16777.17717,0,0,59.77406415
 07/01  21:00:00,20.35833333,10182.05332,0,0,59.93676602
 07/01  22:00:00,17.18333333,12845.38855,236.0792643,0,59.72719294
 07/01  23:00:00,14.60833333,6389.57622,0,0,59.96660333
 07/01  24:00:00,13.55,4130.215891,0,0,59.97297633
 07/02  01:00:00,13.3,799.724692,0,0,59.97210607
 07/02  02:00:00,12.65833333,410.2013663,0,0,59.96252577
 07/02  03:00:00,11.90833333,358.6597377,0,0,59.95311411
 07/02  04:00:00,11.7,776.2068709,0,0,59.97204957
 07/02  05:00:00,12.98333333,4100.532766,0,0,59.96679086
 07/02  06:00:00,14.89166667,12740.81043,244.4176675,0,59.85985921
 07/02  07:00:00,17.525,15469.84068,2546.551082,0,59.5842589
 07/02  08:00:00,20.18333333,16138.92797,4136.57146,0,59.60166807
 07/02  09:00:00,22.38333333,16718.43497,4111.958206,0,59.60221888
 07/02  10:00:00,24.64166667,17336.78882,2842.483295,0,59.59491414
 07/02  11:00:00,26.53333333,17872.40316,729.1011433,0,59.57818362
 07/02  12:00:00,27.84166667,11122.74207,0,0,59.96190216
 07/02  13:00:00,28.3,11177.07137,0,0,59.949967
 07/02  14:00:00,28.65,7679.462929,0,0,59.97608144
 07/02  15:00:00,28.9,8478.038479,0,0,59.96599346
 07/02  16:00:00,29.19166667,11501.72241,0,0,59.95651749
 07/02  17:00:00,29.4,18716.07714,0,0,59.85283517
 07/02  18:00:00,29.10833333,18628.49102,0,0,59.64243775
 07/02  19:00:00,28.25833333,12236.19007,0,0,59.94184541
 07/02  20:00:00,26.51666667,17868.0362,731.8441319,0,59.69289432
 07/02  21:00:00,22.975,15912.51561,241.0795853,0,59.57607046
 07/02  22:00:00,18.825,10419.90934,0,0,59.92952741
 07/02  23:00:00,17.2,8708.831535,0,0,59.9036297
 07/02  24:00:00,16.90833333,1279.776596,0,0,59.97759354
 07/03  01:00:00,15.35833333,1054.397656,0,0,59.96639726
 07/03  02:00:00,15.1,568.1710475,0,0,59.96610543
 07/03  03:00:00,14.60833333,357.5036974,0,0,59.96005548
 07/03  04:00:00,14.19166667,639.1674464,0,0,59.96169862
 07/03  05:00:00,14.10833333,6437.109261,0,0,59.96466769
 07/03  06:00:00,15.825,10125.93667,0,0,59.92457232
 07/03  07:00:00,18.19166667,15633.33096,2745.903567,0,59.60848936
 07/03  08:00:00,20.53333333,16230.18244,4401.600401,0,59.58161505
 07/03  09:00:00,22.98333333,16880.38623,4107.399187,0,59.59542973
 07/03  10:00:00,25.825,17671.27078,2827.667369,0,59.59332885
 07/03  11:00:00,28.48333333,17982.20953,488.787759,0,59.58923588
 07/03  12:00:00,30.1,11783.11649,0,0,59.94625507
 07/03  13:00:00,31.24166667,8776.971029,0,0,59.96389875
 07/03  14:00:00,32.34166667,9746.830319,0,0,59.9675618
 07/03  15:00:00,32.8,11806.47132,0,0,59.95608942
 07/03  16:00:00,32.8,12173.76858,0,0,59.95027969
 07/03  17:00:00,32.8,13177.86441,0,0,59.93253162
 07/03  18:00:00,32.15833333,19564.614,237.7035652,0,59.5441677
 07/03  19:00:00,31.05833333,12637.28224,0,0,59.81176127
 07/03  20:00:00,26.98333333,18009.14394,240.8665546,0,59.82039095
 07/03  21:00:00,23.75833333,16919.04589,482.3105303,0,59.59426066
 07/03  22:00:00,21.725,10948.90119,0,0,59.94029413
 07/03  23:00:00,20.25,6290.262776,0,0,59.95638169
 07/03  24:00:00,19.00833333,2017.302153,0,0,59.97133698
 07/04  01:00:00,16.375,1862.491241,0,0,59.96640943
 07/04  02:00:00,17.56666667,0,0,0,59.95822146
 07/04  03:00:00,18.75833333,370.5051184,0,0,59.96495341
 07/04  04:00:00,16.725,582.3305809,0,0,59.95721852
 07/04  05:00:00,16.53333333,5513.605045,0,0,59.97283496
 07/04  06:00:00,18.83333333,11475.87982,244.6341638,0,59.89739709
 07/04  07:00:00,20.99166667,16348.87172,2605.257916,0,59.6012613
 07/04  08:00:00,22.98333333,16880.38623,3882.415508,0,59.59569734
 07/04  09:00:00,25.53333333,17587.90935,3586.266488,0,59.59046611
 07/04  10:00:00,27.98333333,18295.0449,2017.105255,0,59.58274968
 07/04  11:00:00,30.53333333,12285.02126,239.7196774,0,59.72778625
 07/04  12:00:00,32.98333333,12452.7915,0,0,59.94525077
 07/04  13:00:00,34.19166667,12622.76556,0,0,59.96216314
 07/04  14:00:00,34.75,11115.49018,0,0,59.96587469
 07/04  15:00:00,35.35,8705.135952,0,0,59.97325935
 07/04  16:00:00,35.89166667,9900.491825,0,0,59.9466688
 07/04  17:00:00,35.80833333,19585.19374,0,0,59.9008501
 07/04  18:00:00,35.25,16208.00117,0,0,59.92565994
 07/04  19:00:00,32.725,19745.90303,0,0,59.69085534
 07/04  20:00:00,30.45833333,12542.13813,0,0,59.6209102
 07/04  21:00:00,27.725,17439.27992,238.1299713,0,59.93822406
 07/04  22:00:00,25.10833333,11591.50524,0,0,59.9176778
 07/04  23:00:00,23.46666667,5574.254314,0,0,59.95154228
 07/04  24:00:00,24.725,2011.903847,0,0,59.97734613
 07/05  01:00:00,25.10833333,1859.172784,0,0,59.96661078
 07/05  02:00:00,23.46666667,0,0,0,59.96625696
 07/05  03:00:00,21.80833333,364.9146,0,0,59.96033286
 07/05  04:00:00,20.10833333,580.9066808,0,0,59.96236567
 07/05  05:00:00,19.10833333,5503.56691,0,0,59.96433468
 07/05  06:00:00,19.19166667,11484.24773,244.6131187,0,59.92491713
 07/05  07:00:00,19.75,16026.59087,2550.498559,0,59.60855297
 07/05  08:00:00,21.28333333,16425.86974,4047.704984,0,59.60060633
 07/05  09:00:00,22.84166667,16841.31345,3780.342376,0,59.59841216
 07/05  10:00:00,23.3,16965.62383,2529.558576,0,59.58679361
 07/05  11:00:00,23.65,17061.45091,976.7994141,0,59.54786939
 07/05  12:00:00,24.89166667,10887.31584,0,0,59.93399424
 07/05  13:00:00,26.88333333,11051.21519,0,0,59.92626636
 07/05  14:00:00,28.44166667,10141.3726,0,0,59.96307522
 07/05  15:00:00,28.55,8710.355502,0,0,59.9637517
 07/05  16:00:00,28.00833333,11826.54866,0,0,59.94432943
 07/05  17:00:00,27.8,14186.83068,0,0,59.89332828
 07/05  18:00:00,27.15833333,18052.93897,961.877072,0,59.55704812
 07/05  19:00:00,25.35833333,17537.94672,475.2232894,0,59.47108057
 07/05  20:00:00,22.475,16744.20826,0,0,59.38347071
 07/05  21:00:00,20.45833333,10106.67667,0,0,59.91817112
 07/05  22:00:00,18.075,15605.81361,0,0,59.67978408
 07/05  23:00:00,14.075,5517.849156,0,0,59.96899568
 07/05  24:00:00,11.90833333,2012.931057,0,0,59.9714422
 07/06  01:00:00,11.7,1856.556734,0,0,59.96648258
 07/06  02:00:00,11.35,0,0,0,59.958469
 07/06  03:00:00,11.1,369.1517177,0,0,59.96503037
 07/06  04:00:00,11.1,581.0992998,0,0,59.9572845
 07/06  05:00:00,12.09166667,5501.635167,0,0,59.97261692
 07/06  06:00:00,13.44166667,10899.3648,243.2129524,0,59.89539231
 07/06  07:00:00,14.54166667,14754.96295,2635.455082,0,59.60109407
 07/06  08:00:00,15.64166667,15013.06318,4805.396944,0,59.59632896
 07/06  09:00:00,14.81666667,14819.64422,4829.032357,0,59.59673747
 07/06  10:00:00,13.9,14606.77364,4027.802053,0,59.59656518
 07/06  11:00:00,16.175,15142.86265,2781.295439,0,59.59318269
 07/06  12:00:00,19.08333333,15726.20606,484.5230839,0,59.59496224
 07/06  13:00:00,21.63333333,9723.530493,0,0,59.95435822
 07/06  14:00:00,23.09166667,9901.474382,0,0,59.95039602
 07/06  15:00:00,24.29166667,10316.44458,0,0,59.9398598
 07/06  16:00:00,24.65,10885.24353,0,0,59.94447127
 07/06  17:00:00,24.4,14093.99979,0,0,59.85883476
 07/06  18:00:00,24.10833333,14313.46408,243.6843265,0,59.87825929
 07/06  19:00:00,22.90833333,16859.68371,1749.391002,0,59.58688519
 07/06  20:00:00,20.91666667,16329.59765,1476.258804,0,59.56734346
 07/06  21:00:00,18.36666667,15677.91671,475.9662332,0,59.52065687
 07/06  22:00:00,16.90833333,9306.158953,0,0,59.9450528
 07/06  23:00:00,15.70833333,8675.695555,0,0,59.9190762
 07/06  24:00:00,15,2369.437574,0,0,59.97348396
 07/07  01:00:00,14.65,921.4623145,0,0,59.96810629
 07/07  02:00:00,14.4,464.4530795,0,0,59.9668
 07/07  03:00:00,13.75833333,358.2714535,0,0,59.95719627
 07/07  04:00:00,13.3,726.3417337,0,0,59.9623131
 07/07  05:00:00,13.65,4222.298104,0,0,59.95805377
 07/07  06:00:00,14.89166667,12799.03214,244.4284633,0,59.85972263
 07/07  07:00:00,16.88333333,15311.84343,2591.89529,0,59.59293759
 07/07  08:00:00,19.43333333,15947.07485,4061.002034,0,59.59066001
 07/07  09:00:00,22.175,16663.05448,4101.341701,0,59.59328708
 07/07  10:00:00,24.29166667,17238.9646,2596.976223,0,59.58772528
 07/07  11:00:00,25.64166667,17617.36453,739.491501,0,59.56544597
 07/07  12:00:00,26.74166667,11363.90316,0,0,59.95191625
 07/07  13:00:00,27.55,11249.62439,0,0,59.94572629
 07/07  14:00:00,28.44166667,7643.497365,0,0,59.97408729
 07/07  15:00:00,29.54166667,8429.599734,0,0,59.9628337
 07/07  16:00:00,30,11510.59949,0,0,59.94360361
 07/07  17:00:00,30,18110.19457,0,0,59.84414982
 07/07  18:00:00,29.65,18791.57375,0,0,59.46658927
 07/07  19:00:00,27.825,12206.59063,0,0,59.89773859
 07/07  20:00:00,24.71666667,17358.90883,484.9157404,0,59.75420862
 07/07  21:00:00,22.36666667,16713.53096,488.119151,0,59.4933417
 07/07  22:00:00,20.70833333,9849.635155,0,0,59.95046839
 07/07  23:00:00,19.00833333,8935.303013,0,0,59.94544096
 07/07  24:00:00,17.65833333,1272.437847,0,0,59.97714596
 07/08  01:00:00,16.26666667,1049.038136,0,0,59.96606044
 07/08  02:00:00,14.9,566.4049428,0,0,59.965725
 07/08  03:00:00,14.4,357.9481253,0,0,59.95957818
 07/08  04:00:00,14.4,637.0785731,0,0,59.9611489
 07/08  05:00:00,15.1,5972.773781,0,0,59.9675817
 07/08  06:00:00,16.53333333,10193.93865,0,0,59.91326639
 07/08  07:00:00,19.18333333,15884.21683,2793.092944,0,59.59830633
 07/08  08:00:00,21.88333333,16584.75365,4411.402975,0,59.59098148
 07/08  09:00:00,23.73333333,17084.74885,3824.44855,0,59.58637283
 07/08  10:00:00,25.39166667,17546.90916,2523.773779,0,59.57976695
 07/08  11:00:00,26.74166667,17345.94815,485.7462468,0,59.61828905
 07/08  12:00:00,27.84166667,11705.83403,0,0,59.94728277
 07/08  13:00:00,29.29166667,8704.082933,0,0,59.96683131
 07/08  14:00:00,30.99166667,7849.489701,0,0,59.97521524
 07/08  15:00:00,31.7,11433.29328,0,0,59.96997953
 07/08  16:00:00,31.99166667,12469.49021,0,0,59.95781562
 07/08  17:00:00,31.90833333,12499.29136,0,0,59.94244992
 07/08  18:00:00,31.7,19420.97889,412.6654307,0,59.76412947
 07/08  19:00:00,30.35833333,19007.79434,302.7826157,0,59.46685959
 07/08  20:00:00,27.825,11856.96908,0,0,59.88066234
 07/08  21:00:00,25.35833333,17537.94672,237.8813852,0,59.76289972
 07/08  22:00:00,22.825,9400.242494,0,0,59.92115694
 07/08  23:00:00,20.70833333,9345.089444,0,0,59.93495946
 07/08  24:00:00,19.35833333,2125.348063,0,0,59.97444875
 07/09  01:00:00,18.55,918.3735354,0,0,59.96811924
 07/09  02:00:00,17.36666667,462.5563745,0,0,59.96706507
 07/09  03:00:00,16.7,355.3943462,0,0,59.95777963
 07/09  04:00:00,16.7,723.1260067,0,0,59.9626452
 07/09  05:00:00,17.34166667,4202.278625,0,0,59.95904163
 07/09  06:00:00,18.73333333,13688.62365,242.2837069,0,59.86143199
 07/09  07:00:00,20.74166667,16283.9546,2286.501757,0,59.58352061
 07/09  08:00:00,23.275,16960.17812,3349.470076,0,59.59137895
 07/09  09:00:00,25.74166667,17646.52266,3357.501652,0,59.58402871
 07/09  10:00:00,28.275,18381.61439,1491.062368,0,59.57646887
 07/09  11:00:00,30.1,12572.28266,238.7998594,0,59.7849232
 07/09  12:00:00,31.88333333,12846.88628,0,0,59.9433472
 07/09  13:00:00,33.09166667,12790.28757,0,0,59.95772512
 07/09  14:00:00,33.65,7935.624176,0,0,59.9717773
 07/09  15:00:00,33.55,8430.614875,0,0,59.97144426
 07/09  16:00:00,33.65,11501.97736,0,0,59.96214069
 07/09  17:00:00,33.55,19168.95439,0,0,59.93179949
 07/09  18:00:00,33.00833333,13075.58483,0,0,59.82946787
 07/09  19:00:00,32.15833333,19564.614,727.8801699,0,59.51097556
 07/09  20:00:00,30.35833333,18842.3114,239.6929027,0,59.91283385
 07/09  21:00:00,25.84166667,11593.35132,0,0,59.72290076
 07/09  22:00:00,23.3,11970.96371,0,0,59.94627427
 07/09  23:00:00,21.375,8163.505265,0,0,59.9411085
 07/09  24:00:00,20.35,1268.751395,0,0,59.97750902
 07/10  01:00:00,19.60833333,1042.33116,0,0,59.96653609
 07/10  02:00:00,19.19166667,563.791672,0,0,59.96623803
 07/10  03:00:00,18.11666667,353.7227173,0,0,59.96044385
 07/10  04:00:00,17.55,634.1967838,0,0,59.95405503
 07/10  05:00:00,18.44166667,6388.370094,0,0,59.96072286
 07/10  06:00:00,19.19166667,10603.55443,0,0,59.86262597
 07/10  07:00:00,21.38333333,16453.49935,2585.665768,0,59.58993888
 07/10  08:00:00,24.43333333,17279.24057,3905.659559,0,59.56725296
 07/10  09:00:00,26.88333333,17973.85113,3075.132102,0,59.59386487
 07/10  10:00:00,28.73333333,18516.83561,1691.629458,0,59.56530995
 07/10  11:00:00,30.39166667,12430.34377,248.422439,0,59.78127339
 07/10  12:00:00,32.09166667,12809.56239,0,0,59.93851566
 07/10  13:00:00,33.44166667,12839.02674,0,0,59.95329496
 07/10  14:00:00,33.9,7880.307668,0,0,59.97075124
 07/10  15:00:00,33.9,8438.967345,0,0,59.96982586
 07/10  16:00:00,34.19166667,11439.21061,0,0,59.94666564
 07/10  17:00:00,34.10833333,18835.29056,0,0,59.84744692
 07/10  18:00:00,33.55,15539.52684,0,0,59.88334575
 07/10  19:00:00,32.01666667,19520.86727,237.664989,0,59.72802374
 07/10  20:00:00,28.825,12369.9996,0,0,59.81491237
 07/10  21:00:00,25.56666667,17597.35074,236.71084,0,59.76104023
 07/10  22:00:00,24.10833333,11388.40226,0,0,59.92346642
 07/10  23:00:00,23.9,6610.38677,0,0,59.96133561
 07/10  24:00:00,22.26666667,2000.268095,0,0,59.97067406
 07/11  01:00:00,20.45833333,1846.761232,0,0,59.96691053
 07/11  02:00:00,18.71666667,0,0,0,59.9590611
 07/11  03:00:00,17.45,364.5012197,0,0,59.96461287
 07/11  04:00:00,16.90833333,579.0113811,0,0,59.95729642
 07/11  05:00:00,16.99166667,5466.659919,0,0,59.97320514
 07/11  06:00:00,18.19166667,11331.81061,244.5266561,0,59.89694792
 07/11  07:00:00,18.9,15810.35879,2540.201376,0,59.59047061
 07/11  08:00:00,19.89166667,16063.42102,4114.693001,0,59.60079349
 07/11  09:00:00,21.53333333,16491.43879,3934.367979,0,59.59567129
 07/11  10:00:00,22.84166667,16841.31345,2634.015695,0,59.58809638
 07/11  11:00:00,23.00833333,16886.30636,734.0765449,0,59.53417287
 07/11  12:00:00,23.73333333,10562.74253,0,0,59.92765233
 07/11  13:00:00,24.75,11407.58202,0,0,59.92585922
 07/11  14:00:00,24.65,10243.85177,0,0,59.95699094
 07/11  15:00:00,24.4,10327.81449,0,0,59.96170698
 07/11  16:00:00,26.03333333,11908.64176,0,0,59.93806158
 07/11  17:00:00,27.2,11513.25186,0,0,59.94524876
 07/11  18:00:00,27.2,18064.82838,967.9881916,0,59.61100689
 07/11  19:00:00,26.55833333,17879.34575,716.2602745,0,59.48034385
 07/11  20:00:00,25.10833333,17360.10359,0,0,59.7277911
 07/11  21:00:00,22.825,10439.85074,0,0,59.89170394
 07/11  22:00:00,20.35833333,10609.62147,0,0,59.83210881
 07/11  23:00:00,18.46666667,9960.494819,0,0,59.9516042
 07/11  24:00:00,15.81666667,2214.014252,0,0,59.97371522
 07/12  01:00:00,16.38333333,916.2385536,0,0,59.96807574
 07/12  02:00:00,16.80833333,462.1477485,0,0,59.96679882
 07/12  03:00:00,16.45,356.2885054,0,0,59.95732038
 07/12  04:00:00,16.7,722.8255941,0,0,59.96242402
 07/12  05:00:00,16.35,4191.68264,0,0,59.95850965
 07/12  06:00:00,17.09166667,13252.46793,242.0374929,0,59.8607292
 07/12  07:00:00,18.73333333,15768.84934,2286.906802,0,59.58268849
 07/12  08:00:00,20.74166667,16283.9546,3713.405918,0,59.59007508
 07/12  09:00:00,23.275,16960.17812,3706.544838,0,59.59913929
 07/12  10:00:00,25.74166667,17646.52266,2264.080802,0,59.57946436
 07/12  11:00:00,27.34166667,15012.60928,243.6832431,0,59.61527774
 07/12  12:00:00,27.8,11995.84979,0,0,59.9399586
 07/12  13:00:00,29.08333333,8927.357886,0,0,59.95995041
 07/12  14:00:00,29.65,11156.66122,0,0,59.96393289
 07/12  15:00:00,29.75,11120.06739,0,0,59.96512209
 07/12  16:00:00,30.35,11529.33192,0,0,59.94852675
 07/12  17:00:00,30.6,12681.64275,0,0,59.92752567
 07/12  18:00:00,29.9,18867.49638,481.2647428,0,59.69955948
 07/12  19:00:00,29.4,18716.07714,239.1303858,0,59.41436205
 07/12  20:00:00,27.825,11854.45047,0,0,59.87526168
 07/12  21:00:00,25.35833333,17537.94672,237.2121019,0,59.76112912
 07/12  22:00:00,24.10833333,11407.39279,0,0,59.92060782
 07/12  23:00:00,23.55,6580.424291,0,0,59.96077059
 07/12  24:00:00,22.36666667,1995.570713,0,0,59.97068799
 07/13  01:00:00,20.35833333,1844.502673,0,0,59.96664048
 07/13  02:00:00,18.11666667,0,0,0,59.95870355
 07/13  03:00:00,16.90833333,367.0481376,0,0,59.9650249
 07/13  04:00:00,16.05833333,577.8998679,0,0,59.9572172
 07/13  05:00:00,16.24166667,5453.952128,0,0,59.97275708
 07/13  06:00:00,17.98333333,11306.51533,244.5270731,0,59.8975357
 07/13  07:00:00,20.53333333,16230.18244,2567.728194,0,59.59438985
 07/13  08:00:00,22.98333333,16880.38623,3848.559429,0,59.59838368
 07/13  09:00:00,25.18333333,17488.52178,3337.514696,0,59.58375551
 07/13  10:00:00,26.74166667,17932.21061,2007.579309,0,59.58131657
 07/13  11:00:00,27.55,14251.76426,240.2613131,0,59.70950368
 07/13  12:00:00,28.73333333,11972.36968,0,0,59.94137544
 07/13  13:00:00,29.75,8915.254636,0,0,59.95973276
 07/13  14:00:00,30,11171.76368,0,0,59.96451014
 07/13  15:00:00,30.35,11787.19076,0,0,59.95674492
 07/13  16:00:00,30.6,12011.44468,0,0,59.94615717
 07/13  17:00:00,30.6,12720.52308,0,0,59.93305782
 07/13  18:00:00,29.60833333,18779.45842,476.0228873,0,59.56794187
 07/13  19:00:00,27.61666667,18187.35548,0,0,59.49151665
 07/13  20:00:00,24.425,11298.08983,0,0,59.94868516
 07/13  21:00:00,21.51666667,16487.45912,479.4417001,0,59.69147163
 07/13  22:00:00,19.9,9963.29625,0,0,59.8551351
 07/13  23:00:00,18.75833333,9280.808386,0,0,59.95258074
 07/13  24:00:00,18.65,2173.181647,0,0,59.9743061
 07/14  01:00:00,18.25833333,915.2657657,0,0,59.96778496
 07/14  02:00:00,16.51666667,461.3266371,0,0,59.96679357
 07/14  03:00:00,15.25,355.770157,0,0,59.95730598
 07/14  04:00:00,14.65,722.1629589,0,0,59.96252791
 07/14  05:00:00,14.10833333,4186.60058,0,0,59.95804034
 07/14  06:00:00,14.19166667,12584.42711,244.2316196,0,59.86029047
 07/14  07:00:00,16.675,15263.27926,2575.801125,0,59.58865363
 07/14  08:00:00,19.29166667,15910.09085,4071.214021,0,59.58899808
 07/14  09:00:00,21.28333333,16425.86974,4046.289148,0,59.59381138
 07/14  10:00:00,23.19166667,16936.64351,2546.965487,0,59.59426128
 07/14  11:00:00,24.89166667,17406.23724,996.1109563,0,59.55073002
 07/14  12:00:00,26.53333333,11195.09155,0,0,59.94326634
 07/14  13:00:00,27.55,11069.52839,0,0,59.9458675
 07/14  14:00:00,27.8,7575.940754,0,0,59.97416724
 07/14  15:00:00,28.44166667,8357.152202,0,0,59.96296129
 07/14  16:00:00,29.19166667,13339.96454,0,0,59.94465331
 07/14  17:00:00,29.10833333,14476.32719,0,0,59.89448899
 07/14  18:00:00,28.25833333,18375.53861,715.8406299,0,59.53835046
 07/14  19:00:00,26.51666667,17868.0362,0,0,59.36447099
 07/14  20:00:00,23.96666667,11344.32782,0,0,59.84389105
 07/14  21:00:00,21.80833333,16564.43455,239.0914261,0,59.82264084
 07/14  22:00:00,18.825,9041.325949,0,0,59.81153759
 07/14  23:00:00,18.83333333,9100.191317,0,0,59.94885198
 07/14  24:00:00,18.71666667,3807.440845,0,0,59.97392681
 07/15  01:00:00,16.51666667,914.4749507,0,0,59.96775215
 07/15  02:00:00,15.25,460.8211613,0,0,59.96685613
 07/15  03:00:00,15.64166667,355.5863619,0,0,59.9572871
 07/15  04:00:00,14.81666667,721.5587097,0,0,59.96248995
 07/15  05:00:00,13.55,4182.409956,0,0,59.95813202
 07/15  06:00:00,13.00833333,12296.90648,243.7889648,0,59.86031784
 07/15  07:00:00,14.43333333,14731.09638,2568.193607,0,59.58393153
 07/15  08:00:00,16.53333333,15226.66168,4431.504815,0,59.59191856
 07/15  09:00:00,18.19166667,15633.33096,4493.524377,0,59.59840519
 07/15  10:00:00,20.18333333,16138.92797,3171.098892,0,59.59932824
 07/15  11:00:00,21.45,16468.9929,1468.427121,0,59.55729031
 07/15  12:00:00,22.34166667,9474.419888,237.1441388,0,59.77950665
 07/15  13:00:00,23.44166667,11136.41349,0,0,59.91604179
 07/15  14:00:00,23.55,9340.218858,0,0,59.95163709
 07/15  15:00:00,23.3,10699.67314,0,0,59.93955382
 07/15  16:00:00,23.3,14815.62236,0,0,59.89721456
 07/15  17:00:00,23.00833333,10303.69696,0,0,59.93444144
 07/15  18:00:00,22.45,16735.5035,1328.429804,0,59.58972515
 07/15  19:00:00,21.55833333,16497.80044,1545.755475,0,59.5380449
 07/15  20:00:00,20.10833333,16119.20142,1208.002488,0,59.52490841
 07/15  21:00:00,18.75833333,14636.75997,0,0,59.60918405
 07/15  22:00:00,18.00833333,10377.70707,0,0,59.91979534
 07/15  23:00:00,16.80833333,8588.094376,0,0,59.92431737
 07/15  24:00:00,16.1,1259.277643,0,0,59.97793426
 07/16  01:00:00,15.10833333,1035.027555,0,0,59.96608167
 07/16  02:00:00,13.11666667,562.1722684,0,0,59.96587678
 07/16  03:00:00,11.26666667,353.164256,0,0,59.96016237
 07/16  04:00:00,10.6,631.1315272,0,0,59.96158019
 07/16  05:00:00,10.25,5635.105245,0,0,59.96519426
 07/16  06:00:00,10,13748.63441,0,0,59.85297216
 07/16  07:00:00,10.35,13822.82743,1975.733072,0,59.56575687
 07/16  08:00:00,10.6,13876.05482,3880.368932,0,59.59913325
 07/16  09:00:00,10.89166667,13938.64669,5243.731499,0,59.59970304
 07/16  10:00:00,11.74166667,14123.35587,4449.835561,0,59.59818128
 07/16  11:00:00,13.48333333,14512.63065,2879.071011,0,59.59858807
 07/16  12:00:00,16.38333333,15192.20786,984.8132717,0,59.54190331
 07/16  13:00:00,17.15833333,9438.166533,0,0,59.91784979
 07/16  14:00:00,17.63333333,9966.484653,0,0,59.94741794
 07/16  15:00:00,18.3,9011.997913,0,0,59.94583908
 07/16  16:00:00,18.00833333,10348.59284,0,0,59.87098527
 07/16  17:00:00,18.09166667,15607.9528,238.4672197,0,59.91379538
 07/16  18:00:00,18.00833333,15587.25401,721.4014348,0,59.58674165
 07/16  19:00:00,16.80833333,15293.26714,1390.603681,0,59.57572891
 07/16  20:00:00,15.10833333,14887.53767,1291.999307,0,59.56032545
 07/16  21:00:00,14.10833333,14654.65037,724.197197,0,59.52971429
 07/16  22:00:00,13.55,9500.808073,0,0,59.78966487
 07/16  23:00:00,12.36666667,9290.813689,0,0,59.95649936
 07/16  24:00:00,11.7,2431.849687,0,0,59.97128776
 07/17  01:00:00,11.7,912.5498572,0,0,59.96349293
 07/17  02:00:00,11.05833333,459.5934602,0,0,59.95840544
 07/17  03:00:00,10.25,354.0211093,0,0,59.96515504
 07/17  04:00:00,9.65,718.778944,0,0,59.95745642
 07/17  05:00:00,9.4,4188.430824,0,0,59.97146665
 07/17  06:00:00,9.4,11604.68161,242.8711216,0,59.89539039
 07/17  07:00:00,10.74166667,13907.38027,2833.891281,0,59.60142534
 07/17  08:00:00,12.63333333,14320.79273,4910.516513,0,59.59096668
 07/17  09:00:00,14.29166667,14697.40437,5250.42816,0,59.58797414
 07/17  10:00:00,15.99166667,15096.68156,4124.317997,0,59.59713386
 07/17  11:00:00,16.35,15182.08054,2309.094548,0,59.59057457
 07/17  12:00:00,16.74166667,15276.78686,488.1015283,0,59.56984662
 07/17  13:00:00,17.84166667,9617.874234,0,0,59.95920481
 07/17  14:00:00,18.65,8822.446772,0,0,59.94511144
 07/17  15:00:00,18.9,10489.87545,0,0,59.94391653
 07/17  16:00:00,19.19166667,10542.11603,0,0,59.94514767
 07/17  17:00:00,19.75,16026.59087,0,0,59.63401511
 07/17  18:00:00,18.71666667,15765.08655,0,0,59.31557157
 07/17  19:00:00,17.45,15449.42539,782.414742,0,59.41266857
 07/17  20:00:00,16.26666667,15162.47048,1191.84234,0,59.52253902
 07/17  21:00:00,14.9,14838.46679,239.0765701,0,59.46578793
 07/17  22:00:00,13.11666667,8905.607195,0,0,59.91273396
 07/17  23:00:00,11.90833333,9237.885633,0,0,59.91544688
 07/17  24:00:00,10.70833333,2430.15366,0,0,59.97378878
 07/18  01:00:00,10,911.9021413,0,0,59.96790632
 07/18  02:00:00,10.35,460.2643853,0,0,59.96673019
 07/18  03:00:00,10.25,355.658563,0,0,59.95708656
 07/18  04:00:00,10,719.3851558,0,0,59.9620412
 07/18  05:00:00,10,4184.267154,0,0,59.95814916
 07/18  06:00:00,10.35,11814.73816,243.1520989,0,59.86053855
 07/18  07:00:00,11.24166667,14014.40307,2832.679474,0,59.5822101
 07/18  08:00:00,12.98333333,14399.63066,4692.990075,0,59.58797333
 07/18  09:00:00,15.53333333,14988.64278,4926.172156,0,59.59634881
 07/18  10:00:00,17.63333333,15494.94378,4071.865382,0,59.60038387
 07/18  11:00:00,18.00833333,15587.25401,2030.037836,0,59.58537125
 07/18  12:00:00,19.43333333,12799.21949,479.196938,0,59.6660426
 07/18  13:00:00,20.6,10482.17258,0,0,59.94317654
 07/18  14:00:00,20.89166667,9256.910181,0,0,59.94590983
 07/18  15:00:00,22.38333333,10127.3056,0,0,59.94492147
 07/18  16:00:00,22.36666667,12696.53753,0,0,59.90383361
 07/18  17:00:00,21.99166667,11746.99489,0,0,59.84189657
 07/18  18:00:00,21.55833333,15574.50171,242.8923897,0,59.83768903
 07/18  19:00:00,20.45833333,16209.4528,2173.253433,0,59.56426264
 07/18  20:00:00,18.36666667,15677.91671,1706.536518,0,59.56712715
 07/18  21:00:00,15.56666667,14996.535,483.4094979,0,59.4918199
 07/18  22:00:00,14.75,8546.152489,0,0,59.82956939
 07/18  23:00:00,13.36666667,8799.708302,0,0,59.91493922
 07/18  24:00:00,11.90833333,4047.927953,0,0,59.97264641
 07/19  01:00:00,11.7,786.4168079,0,0,59.97168821
 07/19  02:00:00,11.05833333,405.1992253,0,0,59.96240179
 07/19  03:00:00,10.25,354.851782,0,0,59.95280363
 07/19  04:00:00,9.65,762.0932877,0,0,59.97199609
 07/19  05:00:00,9.4,4018.637965,0,0,59.96695847
 07/19  06:00:00,10.74166667,11909.02134,243.4509118,0,59.8596134
 07/19  07:00:00,12.63333333,14320.79273,2619.166583,0,59.59384927
 07/19  08:00:00,15.28333333,14930.31606,4760.534677,0,59.56781566
 07/19  09:00:00,17.98333333,15581.91481,4603.477261,0,59.5818732
 07/19  10:00:00,19.54166667,15973.45881,3553.62503,0,59.59859126
 07/19  11:00:00,20.99166667,16348.87172,1461.558849,0,59.56772057
 07/19  12:00:00,22.34166667,10857.00646,238.1507395,0,59.79927806
 07/19  13:00:00,22.15833333,9967.508605,0,0,59.92142883
 07/19  14:00:00,23.275,10780.63064,0,0,59.95998605
 07/19  15:00:00,23.46666667,9685.794205,0,0,59.95217011
 07/19  16:00:00,23.09166667,10455.12282,0,0,59.91466453
 07/19  17:00:00,23.3,16965.62383,237.9314645,0,59.81982168
 07/19  18:00:00,23.65,17061.45091,475.1640326,0,59.50155853
 07/19  19:00:00,23.25833333,16954.48963,301.1595235,0,59.48984334
 07/19  20:00:00,21.80833333,16564.43455,0,0,59.46986865
 07/19  21:00:00,20.45833333,9824.073926,0,0,59.90239388
 07/19  22:00:00,19.00833333,15628.03301,0,0,59.72809105
 07/19  23:00:00,16.025,4327.359698,0,0,59.97638605
 07/19  24:00:00,15.1,2873.602998,0,0,59.9713822
 07/20  01:00:00,15.89166667,2101.926075,0,0,59.96314273
 07/20  02:00:00,15.45833333,0,0,0,59.95792591
 07/20  03:00:00,15,366.7865344,0,0,59.96490092
 07/20  04:00:00,14.35833333,575.1201937,0,0,59.95725619
 07/20  05:00:00,14.19166667,5411.251898,0,0,59.97315801
 07/20  06:00:00,14.4,11041.42779,244.0481322,0,59.89602265
 07/20  07:00:00,15.1,14885.3089,2594.628024,0,59.59630289
 07/20  08:00:00,16.24166667,15156.21533,4420.370339,0,59.59723187
 07/20  09:00:00,18.275,15654.92912,4426.558335,0,59.59087643
 07/20  10:00:00,20.1,16116.779,3177.24492,0,59.59570781
 07/20  11:00:00,21.88333333,16584.75365,1551.927137,0,59.56766181
 07/20  12:00:00,24.08333333,10074.7048,0,0,59.83083182
 07/20  13:00:00,25.35,11560.67501,0,0,59.93125386
 07/20  14:00:00,26.24166667,11251.24167,0,0,59.95471551
 07/20  15:00:00,26.7,10313.1638,0,0,59.95887338
 07/20  16:00:00,26.7,11946.63623,0,0,59.94180801
 07/20  17:00:00,26.05833333,11121.47,0,0,59.94317545
 07/20  18:00:00,25.25,17506.45784,930.8421833,0,59.5940727
 07/20  19:00:00,23.075,16906.41513,965.6839701,0,59.52773799
 07/20  20:00:00,20.70833333,16274.80885,476.2870818,0,59.46250307
 07/20  21:00:00,18.71666667,10512.35182,0,0,59.78552846
 07/20  22:00:00,17.15833333,15378.15067,0,0,59.80437548
 07/20  23:00:00,16.05833333,5483.580842,0,0,59.97203426
 07/20  24:00:00,14.25833333,1978.288761,0,0,59.97117127
 07/21  01:00:00,13.65,1827.624008,0,0,59.96665355
 07/21  02:00:00,13.55,0,0,0,59.95791648
 07/21  03:00:00,13.3,366.719127,0,0,59.96481282
 07/21  04:00:00,13.3,575.079642,0,0,59.95716489
 07/21  05:00:00,13.3,5404.524794,0,0,59.97333722
 07/21  06:00:00,13.65,10521.41049,242.8702309,0,59.89797721
 07/21  07:00:00,13.9,14606.77364,2595.358145,0,59.59398927
 07/21  08:00:00,15.18333333,14905.52142,4680.39695,0,59.59559986
 07/21  09:00:00,16.74166667,15276.78686,4684.438963,0,59.59902353
 07/21  10:00:00,18.48333333,15706.53353,3692.773232,0,59.59442814
 07/21  11:00:00,19.10833333,15863.07666,1755.976218,0,59.57894627
 07/21  12:00:00,19.89166667,10320.88899,236.3044027,0,59.73774653
 07/21  13:00:00,21.53333333,12458.05455,0,0,59.91407959
 07/21  14:00:00,23.19166667,9019.194978,0,0,59.9490805
 07/21  15:00:00,23.9,10637.733,0,0,59.93790914
 07/21  16:00:00,23.9,12562.09622,0,0,59.91055619
 07/21  17:00:00,23.55,10645.67048,0,0,59.90088399
 07/21  18:00:00,23.00833333,16886.30636,658.3275084,0,59.73168952
 07/21  19:00:00,22.15833333,16657.45119,1698.599575,0,59.56630758
 07/21  20:00:00,20.35833333,16184.28636,1229.211604,0,59.54940333
 07/21  21:00:00,18.11666667,15615.03287,193.125,0,59.53125089
 07/21  22:00:00,15.56666667,8818.437442,0,0,59.94695582
 07/21  23:00:00,14.4,8549.962869,0,0,59.90372289
 07/21  24:00:00,14.4,2582.589022,0,0,59.9633602
 07/22  01:00:00,15.1,784.1612848,0,0,59.97158666
 07/22  02:00:00,15.6,403.9640743,0,0,59.96248494
 07/22  03:00:00,15.6,353.0371504,0,0,59.95311077
 07/22  04:00:00,15.25,760.1996931,0,0,59.9723079
 07/22  05:00:00,14.65,3987.092232,0,0,59.96908581
 07/22  06:00:00,14.75,12755.3276,244.364236,0,59.86079468
 07/22  07:00:00,15.64166667,15013.06318,2496.442443,0,59.57172071
 07/22  08:00:00,17.09166667,15362.19453,4006.644819,0,59.58281576
 07/22  09:00:00,19.725,16022.16761,4200.620428,0,59.5901085
 07/22  10:00:00,21.74166667,16546.40511,2851.152878,0,59.58608156
 07/22  11:00:00,22.84166667,16841.31345,975.0944097,0,59.54265983
 07/22  12:00:00,23.3,9900.115419,0,0,59.90775418
 07/22  13:00:00,23.94166667,9777.953943,0,0,59.9213534
 07/22  14:00:00,25.74166667,10775.01884,0,0,59.94574633
 07/22  15:00:00,23.43333333,9216.426823,0,0,59.96449179
 07/22  16:00:00,19.81666667,9388.816141,0,0,59.92766587
 07/22  17:00:00,19.54166667,15973.45881,231.1158359,0,59.80571744
 07/22  18:00:00,20.99166667,16348.87172,1185.208856,0,59.53310095
 07/22  19:00:00,21.05833333,16366.03621,1175.047869,0,59.52437814
 07/22  20:00:00,19.60833333,15990.80662,717.2539975,0,59.50148023
 07/22  21:00:00,17.90833333,11622.15048,0,0,59.6899794
 07/22  22:00:00,16.90833333,13609.52703,0,0,59.87710973
 07/22  23:00:00,16.35,6551.561328,0,0,59.93937139
 07/22  24:00:00,15.45833333,1974.114726,0,0,59.97119486
 07/23  01:00:00,14.65,1182.430508,0,0,59.96221033
 07/23  02:00:00,14.4,677.9344394,0,0,59.96433049
 07/23  03:00:00,14.10833333,350.7769845,0,0,59.96269929
 07/23  04:00:00,13.25833333,673.0593378,0,0,59.95533819
 07/23  05:00:00,13.09166667,6300.517936,0,0,59.96428708
 07/23  06:00:00,13.65,9714.993482,0,0,59.92544217
 07/23  07:00:00,14.89166667,14836.79206,2675.530235,0,59.60516147
 07/23  08:00:00,16.53333333,15226.66168,4639.512663,0,59.59295359
 07/23  09:00:00,18.48333333,15706.53353,4372.228011,0,59.59541731
 07/23  10:00:00,21.03333333,16360.7267,3112.700768,0,59.5946069
 07/23  11:00:00,23.48333333,17016.62367,1430.495462,0,59.5443529
 07/23  12:00:00,25.1,10409.71914,0,0,59.88182583
 07/23  13:00:00,25.89166667,10621.71944,0,0,59.93798348
 07/23  14:00:00,27.09166667,11273.75688,0,0,59.95939498
 07/23  15:00:00,28.09166667,8516.019584,0,0,59.9664416
 07/23  16:00:00,28.65,11577.15211,0,0,59.95121772
 07/23  17:00:00,28.55,15372.4874,0,0,59.89825097
 07/23  18:00:00,28.00833333,18301.54597,236.1069089,0,59.50717896
 07/23  19:00:00,27.15833333,17985.30104,0,0,59.69782078
 07/23  20:00:00,25.06666667,11549.86911,0,0,59.9324012
 07/23  21:00:00,22.90833333,16859.68371,478.5548191,0,59.60496828
 07/23  22:00:00,21.90833333,11743.06351,0,0,59.95060798
 07/23  23:00:00,20.06666667,4284.497546,0,0,59.97807275
 07/23  24:00:00,19.89166667,3769.671679,0,0,59.97557389
 07/24  01:00:00,19.60833333,906.3731717,0,0,59.96791105
 07/24  02:00:00,17.61666667,456.4028819,0,0,59.96731248
 07/24  03:00:00,16.05833333,350.6622464,0,0,59.95799302
 07/24  04:00:00,15.89166667,712.7647643,0,0,59.96242103
 07/24  05:00:00,16.1,4141.039542,0,0,59.95866342
 07/24  06:00:00,16.74166667,13170.39925,241.9545095,0,59.86205701
 07/24  07:00:00,17.55,15474.00832,2309.996334,0,59.59065449
 07/24  08:00:00,19.725,16022.16761,3740.510129,0,59.59075995
 07/24  09:00:00,22.09166667,16639.94588,3526.522728,0,59.5995198
 07/24  10:00:00,24.08333333,17181.64227,2490.597196,0,59.57913426
 07/24  11:00:00,26.28333333,17041.93519,480.3870283,0,59.63269896
 07/24  12:00:00,26.55833333,11516.52089,0,0,59.94208646
 07/24  13:00:00,27.73333333,8578.791504,0,0,59.96356027
 07/24  14:00:00,29.89166667,7731.126701,0,0,59.97208727
 07/24  15:00:00,30.25,11214.80205,0,0,59.9659853
 07/24  16:00:00,30,12221.26244,0,0,59.95525267
 07/24  17:00:00,29.65,12396.39317,0,0,59.9330579
 07/24  18:00:00,28.46666667,18437.52457,482.6469698,0,59.76316681
 07/24  19:00:00,26.51666667,17868.0362,719.955493,0,59.52278626
 07/24  20:00:00,23.96666667,17149.98909,0,0,59.51124102
 07/24  21:00:00,23.73333333,10343.37621,0,0,59.94836946
 07/24  22:00:00,22.475,10749.27257,0,0,59.84153228
 07/24  23:00:00,20.45833333,9936.620255,0,0,59.96120343
 07/24  24:00:00,19.65,2048.941934,0,0,59.97411009
 07/25  01:00:00,18.75833333,905.7573998,0,0,59.96806996
 07/25  02:00:00,18.00833333,456.978531,0,0,59.96709698
 07/25  03:00:00,16.51666667,351.8932711,0,0,59.9576616
 07/25  04:00:00,14.9,713.7618343,0,0,59.96227569
 07/25  05:00:00,14.75,4144.574287,0,0,59.9577323
 07/25  06:00:00,16.925,13241.01103,243.8225373,0,59.86214285
 07/25  07:00:00,19.64166667,15999.78196,2314.651883,0,59.59009344
 07/25  08:00:00,20.89166667,16322.19226,3417.346331,0,59.58607256
 07/25  09:00:00,22.38333333,16718.43497,3442.532277,0,59.59397752
 07/25  10:00:00,23.94166667,17141.84526,2132.540805,0,59.56565426
 07/25  11:00:00,25.74166667,16949.67008,242.5051582,0,59.57962919
 07/25  12:00:00,26.7,11512.60881,0,0,59.94280815
 07/25  13:00:00,27.63333333,8569.474825,0,0,59.9638199
 07/25  14:00:00,28.00833333,7698.895373,0,0,59.967723
 07/25  15:00:00,27.8,11059.39057,0,0,59.96404367
 07/25  16:00:00,28.09166667,12167.11907,0,0,59.95426753
 07/25  17:00:00,28.3,13748.36772,0,0,59.91634666
 07/25  18:00:00,28.00833333,18301.54597,238.3615147,0,59.79627711
 07/25  19:00:00,26.80833333,17951.78921,238.0314016,0,59.44574924
 07/25  20:00:00,22.89166667,16860.31925,0,0,59.65720943
 07/25  21:00:00,18.96666667,9117.99491,0,0,59.9505653
 07/25  22:00:00,18.44166667,14813.02476,0,0,59.80578237
 07/25  23:00:00,18.55,4943.125973,0,0,59.97567523
 07/25  24:00:00,17.36666667,3766.356164,0,0,59.97541775
 07/26  01:00:00,15.06666667,906.253068,0,0,59.96794294
 07/26  02:00:00,14.89166667,456.6394435,0,0,59.96713311
 07/26  03:00:00,14.60833333,352.3715553,0,0,59.95750869
 07/26  04:00:00,13.55,714.6392162,0,0,59.96234395
 07/26  05:00:00,13.65,4141.529512,0,0,59.95758485
 07/26  06:00:00,14.89166667,12740.81043,241.8267566,0,59.86124125
 07/26  07:00:00,16.53333333,15226.66168,2311.374827,0,59.58890905
 07/26  08:00:00,19.18333333,15884.21683,4026.807596,0,59.59000911
 07/26  09:00:00,21.88333333,16584.75365,3738.232947,0,59.59417312
 07/26  10:00:00,24.08333333,17181.64227,2438.166374,0,59.58646256
 07/26  11:00:00,25.64166667,17284.32859,487.765197,0,59.60667234
 07/26  12:00:00,27.09166667,11510.69663,0,0,59.94458928
 07/26  13:00:00,28.44166667,8556.30637,0,0,59.96396414
 07/26  14:00:00,28.9,7708.325735,0,0,59.96879289
 07/26  15:00:00,28.9,11116.59413,0,0,59.96446417
 07/26  16:00:00,29.19166667,12212.14066,0,0,59.95439924
 07/26  17:00:00,29.4,12432.29557,0,0,59.92778218
 07/26  18:00:00,28.75833333,18524.0338,481.9804566,0,59.76316207
 07/26  19:00:00,27.36666667,18113.85987,480.922563,0,59.49813725
 07/26  20:00:00,24.71666667,14397.3233,299.4421702,0,59.7466668
 07/26  21:00:00,21.375,13648.45854,0,0,59.89219242
 07/26  22:00:00,19.00833333,9154.466413,0,0,59.81665657
 07/26  23:00:00,18.00833333,8976.417295,0,0,59.94077675
 07/26  24:00:00,17.15833333,4056.402848,0,0,59.97627938
 07/27  01:00:00,16.35,779.7432378,0,0,59.9719171
 07/27  02:00:00,15.45833333,402.7674395,0,0,59.96248563
 07/27  03:00:00,15,351.7427428,0,0,59.95322258
 07/27  04:00:00,14.35833333,757.0152612,0,0,59.97238415
 07/27  05:00:00,13.9,3972.875005,0,0,59.96941942
 07/27  06:00:00,14.54166667,12662.26966,244.4100877,0,59.8617903
 07/27  07:00:00,16.63333333,15251.81264,2499.021865,0,59.57342763
 07/27  08:00:00,19.43333333,15947.07485,3806.292597,0,59.5943213
 07/27  09:00:00,21.24166667,16414.21485,3762.934045,0,59.59557367
 07/27  10:00:00,22.98333333,16880.38623,2559.927894,0,59.58319556
 07/27  11:00:00,25.18333333,17298.05044,668.2072153,0,59.56048514
 07/27  12:00:00,27.09166667,11502.28429,0,0,59.94532395
 07/27  13:00:00,28.09166667,8546.67912,0,0,59.96368162
 07/27  14:00:00,28.65,7697.996129,0,0,59.96746205
 07/27  15:00:00,29.54166667,11172.08683,0,0,59.9644599
 07/27  16:00:00,29.65,12141.79254,0,0,59.95538508
 07/27  17:00:00,29.4,12411.68723,0,0,59.92887107
 07/27  18:00:00,28.75833333,18524.0338,481.6808387,0,59.76316755
 07/27  19:00:00,27.01666667,18012.4842,685.4855652,0,59.48680552
 07/27  20:00:00,24.46666667,15143.272,0,0,59.67324684
 07/27  21:00:00,22.65833333,13035.49435,0,0,59.90582212
 07/27  22:00:00,21.90833333,9643.050218,0,0,59.85230105
 07/27  23:00:00,20.35833333,10070.93955,0,0,59.93666252
 07/27  24:00:00,19.10833333,2065.674789,0,0,59.97394525
 07/28  01:00:00,17.90833333,904.9701087,0,0,59.96789199
 07/28  02:00:00,16.55833333,456.5324972,0,0,59.96703303
 07/28  03:00:00,15.45833333,352.3135202,0,0,59.95742973
 07/28  04:00:00,14.65,713.6729275,0,0,59.96219702
 07/28  05:00:00,14.4,4136.517514,0,0,59.95769949
 07/28  06:00:00,14.75,12696.81543,241.7422664,0,59.86194504
 07/28  07:00:00,15,14861.5935,2489.07843,0,59.56987753
 07/28  08:00:00,14.65,14779.97225,4042.834359,0,59.59571679
 07/28  09:00:00,13.46666667,14508.41601,4481.380278,0,59.59714244
 07/28  10:00:00,14.725,14799.41156,3497.239377,0,59.59554403
 07/28  11:00:00,16.74166667,15276.78686,2286.278394,0,59.58571189
 07/28  12:00:00,18.83333333,12770.54149,239.8563688,0,59.6582375
 07/28  13:00:00,20.99166667,10400.99426,0,0,59.94571177
 07/28  14:00:00,21.7,9098.171046,0,0,59.94492256
 07/28  15:00:00,21.99166667,10590.19155,0,0,59.93686126
 07/28  16:00:00,21.90833333,11969.10725,0,0,59.9160135
 07/28  17:00:00,20.35833333,15283.01399,0,0,59.81873867
 07/28  18:00:00,20.74166667,11370.64979,0,0,59.89738326
 07/28  19:00:00,20.70833333,16274.80885,1927.280353,0,59.57946825
 07/28  20:00:00,18.71666667,15765.08655,1963.180539,0,59.57836795
 07/28  21:00:00,16.51666667,15223.0693,723.9237515,0,59.52669649
 07/28  22:00:00,14.9,9726.574886,0,0,59.90108935
 07/28  23:00:00,14.10833333,8580.708308,0,0,59.91647502
 07/28  24:00:00,13.25833333,2302.276353,0,0,59.97322935
 07/29  01:00:00,12.15833333,906.0158015,0,0,59.96733425
 07/29  02:00:00,11.7,456.9727895,0,0,59.96686588
 07/29  03:00:00,11.35,353.1646479,0,0,59.95718379
 07/29  04:00:00,11.1,715.8268248,0,0,59.96243422
 07/29  05:00:00,10.80833333,4130.578356,0,0,59.95865568
 07/29  06:00:00,10.89166667,11912.45521,243.3512788,0,59.86045981
 07/29  07:00:00,11.45,14059.49885,2611.471253,0,59.59260939
 07/29  08:00:00,12.34166667,14255.6329,4599.029614,0,59.59013278
 07/29  09:00:00,13.73333333,14569.1371,4926.509552,0,59.59189093
 07/29  10:00:00,15.74166667,15037.57381,4015.401301,0,59.58930551
 07/29  11:00:00,17.98333333,15581.91481,2283.474838,0,59.58911583
 07/29  12:00:00,18.9,12893.39395,240.3798354,0,59.65803648
 07/29  13:00:00,19.19166667,10477.87312,0,0,59.94755499
 07/29  14:00:00,19.4,9150.022168,0,0,59.94748632
 07/29  15:00:00,20.1,11123.49419,0,0,59.93266977
 07/29  16:00:00,20.89166667,10442.89696,0,0,59.93123003
 07/29  17:00:00,20.45833333,16209.4528,0,0,59.56115979
 07/29  18:00:00,20,16090.73986,0,0,59.52636596
 07/29  19:00:00,18.71666667,15765.08655,301.493304,0,59.41939795
 07/29  20:00:00,16.16666667,15139.47802,716.9916787,0,59.4810812
 07/29  21:00:00,14.00833333,14632.16398,238.6914367,0,59.49633166
 07/29  22:00:00,12.01666667,8769.992386,0,0,59.94824318
 07/29  23:00:00,11.1,8576.423738,0,0,59.89623107
 07/29  24:00:00,9.466666667,2402.733646,0,0,59.9739654
 07/30  01:00:00,9.291666667,903.9343482,0,0,59.9679278
 07/30  02:00:00,9.358333333,456.2084601,0,0,59.96701456
 07/30  03:00:00,7.908333333,352.3161978,0,0,59.95734164
 07/30  04:00:00,6.908333333,713.662415,0,0,59.96219894
 07/30  05:00:00,6.991666667,4154.96862,0,0,59.95729512
 07/30  06:00:00,9.475,11670.15033,243.3301509,0,59.86054799
 07/30  07:00:00,12.38333333,14265.56434,2621.783992,0,59.59406305
 07/30  08:00:00,14.64166667,14778.96236,4749.393066,0,59.59423559
 07/30  09:00:00,16.88333333,15311.84343,4681.248911,0,59.59391264
 07/30  10:00:00,18.44166667,15695.42085,3445.917093,0,59.59154977
 07/30  11:00:00,19.89166667,16063.42102,1736.388497,0,59.57456369
 07/30  12:00:00,21.24166667,9131.101481,0,0,59.78333252
 07/30  13:00:00,21.35,13305.64458,0,0,59.91523479
 07/30  14:00:00,21.74166667,8687.128569,0,0,59.95742696
 07/30  15:00:00,22.55,10996.63994,0,0,59.93819687
 07/30  16:00:00,22.45,11605.06453,0,0,59.90228919
 07/30  17:00:00,19.63333333,16000.29951,0,0,59.94535865
 07/30  18:00:00,18.44166667,15695.42085,0,0,59.61359281
 07/30  19:00:00,18.9,15810.35879,238.1019944,0,59.55766934
 07/30  20:00:00,17.90833333,15562.9551,718.4621059,0,59.5702644
 07/30  21:00:00,16.90833333,12638.24726,237.1664009,0,59.51577457
 07/30  22:00:00,15.35833333,11579.9126,0,0,59.93533926
 07/30  23:00:00,14.4,8400.976248,0,0,59.91030459
 07/30  24:00:00,14.10833333,1245.977959,0,0,59.9628502
 07/31  01:00:00,13.9,1025.293867,0,0,59.97176801
 07/31  02:00:00,12.90833333,557.7276939,0,0,59.96272623
 07/31  03:00:00,10.91666667,351.6374392,0,0,59.95334044
 07/31  04:00:00,10.64166667,626.2648719,0,0,59.97229784
 07/31  05:00:00,10.80833333,5624.992483,0,0,59.96702759
 07/31  06:00:00,11.53333333,14078.07183,0,0,59.86083543
 07/31  07:00:00,12.55,14301.79373,1752.069049,0,59.5936526
 07/31  08:00:00,14.43333333,14731.09638,3447.621613,0,59.59968757
 07/31  09:00:00,16.88333333,15311.84343,4467.892663,0,59.59750724
 07/31  10:00:00,18.73333333,15768.84934,3067.254216,0,59.5996418
 07/31  11:00:00,20.1,16116.779,1687.568196,0,59.57288506
 07/31  12:00:00,21.24166667,10352.28829,0,0,59.78212821
 07/31  13:00:00,21.99166667,9487.143463,0,0,59.92392409
 07/31  14:00:00,22.55,9607.776054,0,0,59.95029254
 07/31  15:00:00,23.44166667,9716.821542,0,0,59.94573023
 07/31  16:00:00,23.25833333,13013.57995,0,0,59.89473406
 07/31  17:00:00,23.09166667,14100.21378,0,0,59.90872263
 07/31  18:00:00,23.00833333,16886.30636,1187.130188,0,59.56244569
 07/31  19:00:00,21.80833333,16564.43455,1153.57082,0,59.5316565
 07/31  20:00:00,19.46666667,15955.57124,475.5399983,0,59.48929839
 07/31  21:00:00,17.36666667,10229.11869,0,0,59.64260452
 07/31  22:00:00,15.88333333,14056.65492,0,0,59.90203653
 07/31  23:00:00,14.54166667,8111.871457,0,0,59.89829519
 07/31  24:00:00,13.18333333,1245.761532,0,0,59.97724251
 08/01  01:00:00,11.84166667,1025.246633,0,0,59.96574456
 08/01  02:00:00,10.48333333,557.6544632,0,0,59.96551131
 08/01  03:00:00,9.141666667,352.0923819,0,0,59.95972357
 08/01  04:00:00,7.783333333,626.5451773,0,0,59.96114828
 08/01  05:00:00,7.2,5488.206407,0,0,59.96332987
 08/01  06:00:00,8.833333333,13507.13802,0,0,59.85034545
 08/01  07:00:00,10.99166667,13960.67866,1972.905347,0,59.56527961
 08/01  08:00:00,12.98333333,14399.63066,3794.794711,0,59.59337183
 08/01  09:00:00,15.53333333,14988.64278,4787.192484,0,59.59589075
 08/01  10:00:00,17.34166667,15423.00636,3388.94645,0,59.58698188
 08/01  11:00:00,18.73333333,15768.84934,2018.510127,0,59.58121014
 08/01  12:00:00,20.1,10323.33256,236.5101293,0,59.74247667
 08/01  13:00:00,20.89166667,12355.33206,0,0,59.92077738
 08/01  14:00:00,22.09166667,9109.47462,0,0,59.94920349
 08/01  15:00:00,22.8,10835.72311,0,0,59.94169081
 08/01  16:00:00,23.09166667,11287.72148,0,0,59.88753779
 08/01  17:00:00,23.3,12710.18361,0,0,59.94779378
 08/01  18:00:00,22.65833333,14777.99876,242.5772383,0,59.63602775
 08/01  19:00:00,21.26666667,16421.05093,1997.703457,0,59.52370924
 08/01  20:00:00,18.61666667,15741.22656,1395.706985,0,59.52916207
 08/01  21:00:00,16.90833333,15317.05483,479.0183971,0,59.60642951
 08/01  22:00:00,15.70833333,8883.961273,0,0,59.93210302
 08/01  23:00:00,14.35833333,9160.146089,0,0,59.90933421
 08/01  24:00:00,12.90833333,2563.357751,0,0,59.97722271
 08/02  01:00:00,12.2,778.78192,0,0,59.96569706
 08/02  02:00:00,11.55833333,401.5910167,0,0,59.96547455
 08/02  03:00:00,10.10833333,351.3485881,0,0,59.95969929
 08/02  04:00:00,9.108333333,753.5297572,0,0,59.9611189
 08/02  05:00:00,9.891666667,3972.876823,0,0,59.96491122
 08/02  06:00:00,11.24166667,11985.0852,243.5491096,0,59.85578343
 08/02  07:00:00,13.625,14545.99756,2556.836256,0,59.57942663
 08/02  08:00:00,16.925,15323.10995,4437.057991,0,59.58256231
 08/02  09:00:00,19.64166667,15999.78196,4155.2563,0,59.59936097
 08/02  10:00:00,21.24166667,16414.21485,3033.402403,0,59.59587812
 08/02  11:00:00,22.98333333,16880.38623,911.6161377,0,59.53040397
 08/02  12:00:00,24.19166667,10656.59796,0,0,59.91461564
 08/02  13:00:00,25.1,11455.86267,0,0,59.93140348
 08/02  14:00:00,25.89166667,9899.630326,0,0,59.95492226
 08/02  15:00:00,26.1,8490.142064,0,0,59.95933657
 08/02  16:00:00,26.45,11513.39259,0,0,59.94224278
 08/02  17:00:00,26.35,13845.09679,0,0,59.93302395
 08/02  18:00:00,25.80833333,17664.52628,955.8968,0,59.56828556
 08/02  19:00:00,24.25833333,17230.17257,237.2094319,0,59.45799327
 08/02  20:00:00,22.01666667,16620.2884,0,0,59.4219134
 08/02  21:00:00,20.10833333,9544.86613,0,0,59.94374465
 08/02  22:00:00,18.46666667,13874.03312,0,0,59.74141509
 08/02  23:00:00,17.15833333,7084.104833,0,0,59.97410691
 08/02  24:00:00,16.05833333,2161.98069,0,0,59.97395343
 08/03  01:00:00,14.9,904.1607842,0,0,59.9675593
 08/03  02:00:00,14.4,454.95995,0,0,59.96718627
 08/03  03:00:00,13.11666667,351.9259504,0,0,59.9573504
 08/03  04:00:00,12.2,712.9803387,0,0,59.96230361
 08/03  05:00:00,12.84166667,4121.526687,0,0,59.95775509
 08/03  06:00:00,14.29166667,12621.0531,244.4151088,0,59.86102452
 08/03  07:00:00,15.99166667,15096.68156,2487.552829,0,59.5723389
 08/03  08:00:00,17.63333333,15494.94378,3799.236316,0,59.60041004
 08/03  09:00:00,19.29166667,15910.09085,4103.612163,0,59.59612084
 08/03  10:00:00,20.64166667,16257.12022,2664.715576,0,59.58765834
 08/03  11:00:00,22.73333333,16813.26801,1105.931877,0,59.53041671
 08/03  12:00:00,24.54166667,11545.9197,0,0,59.92510454
 08/03  13:00:00,25.99166667,11066.55572,0,0,59.94385694
 08/03  14:00:00,26.99166667,7460.050949,0,0,59.96527225
 08/03  15:00:00,27.84166667,8216.805835,0,0,59.96322689
 08/03  16:00:00,28.65,11232.865,0,0,59.95013458
 08/03  17:00:00,28.55,17432.06885,0,0,59.89576216
 08/03  18:00:00,28.3,18387.64103,0,0,59.52499048
 08/03  19:00:00,27.01666667,12004.44625,0,0,59.45777287
 08/03  20:00:00,24.46666667,17288.51154,242.190134,0,59.95806209
 08/03  21:00:00,22.36666667,16668.45009,484.0285068,0,59.68116127
 08/03  22:00:00,21.05833333,9512.765882,0,0,59.88584094
 08/03  23:00:00,18.325,8319.602113,0,0,59.93241135
 08/03  24:00:00,16.7,1243.155644,0,0,59.97395933
 08/04  01:00:00,16.7,1023.598677,0,0,59.96756161
 08/04  02:00:00,15.70833333,557.326697,0,0,59.9671641
 08/04  03:00:00,14.35833333,351.6908807,0,0,59.95740165
 08/04  04:00:00,13.25833333,625.5493075,0,0,59.96221782
 08/04  05:00:00,14.08333333,6261.103415,0,0,59.95769457
 08/04  06:00:00,15.64166667,10037.66429,0,0,59.86225814
 08/04  07:00:00,17.09166667,15362.19453,2544.823818,0,59.5794037
 08/04  08:00:00,19.08333333,15857.60966,4108.303226,0,59.5876945
 08/04  09:00:00,21.63333333,16518.91349,4054.847058,0,59.60043032
 08/04  10:00:00,25.075,17460.00148,2378.552467,0,59.58420768
 08/04  11:00:00,28.275,14884.20684,481.4269273,0,59.65758598
 08/04  12:00:00,30.1,11735.98126,0,0,59.94470954
 08/04  13:00:00,31.24166667,8738.535909,0,0,59.96057696
 08/04  14:00:00,31.7,11168.39942,0,0,59.9690743
 08/04  15:00:00,31.7,11414.18902,0,0,59.95773876
 08/04  16:00:00,31.7,11801.91901,0,0,59.95242702
 08/04  17:00:00,31.35,12854.10524,0,0,59.93304188
 08/04  18:00:00,30.10833333,18931.09067,237.1471379,0,59.55682742
 08/04  19:00:00,27.825,12175.73168,0,0,59.81278539
 08/04  20:00:00,24.71666667,17358.90883,241.7502022,0,59.82119243
 08/04  21:00:00,22.36666667,16533.44714,481.7475333,0,59.59308939
 08/04  22:00:00,20.35833333,9370.401357,0,0,59.9402736
 08/04  23:00:00,18.75833333,8449.037779,0,0,59.95803932
 08/04  24:00:00,16.725,1239.846785,0,0,59.97116433
 08/05  01:00:00,14.60833333,1024.798133,0,0,59.96200515
 08/05  02:00:00,13.55,556.7962634,0,0,59.96430198
 08/05  03:00:00,13.3,351.469233,0,0,59.96252135
 08/05  04:00:00,12.65833333,625.3056651,0,0,59.95503803
 08/05  05:00:00,11.55833333,5640.436515,0,0,59.97036905
 08/05  06:00:00,12.09166667,14200.63043,0,0,59.85770781
 08/05  07:00:00,14.725,14799.41156,1562.770377,0,59.57361548
 08/05  08:00:00,17.73333333,15520.60596,3344.275258,0,59.57496637
 08/05  09:00:00,20.53333333,16230.18244,3729.24976,0,59.59658957
 08/05  10:00:00,21.99166667,16612.7552,2563.664268,0,59.58712085
 08/05  11:00:00,22.84166667,16841.31345,695.3226715,0,59.51078521
 08/05  12:00:00,24.29166667,10075.64719,0,0,59.94057039
 08/05  13:00:00,25.64166667,10675.5145,0,0,59.93069612
 08/05  14:00:00,25.80833333,10277.70083,0,0,59.96145475
 08/05  15:00:00,26.24166667,10188.67,0,0,59.96683115
 08/05  16:00:00,26.05833333,11789.03332,0,0,59.94830275
 08/05  17:00:00,26.24166667,12494.99442,0,0,59.89740631
 08/05  18:00:00,25.70833333,17636.60232,478.3246215,0,59.5238381
 08/05  19:00:00,24.35833333,17257.15154,237.766572,0,59.29501904
 08/05  20:00:00,21.975,16610.31393,0,0,59.7128467
 08/05  21:00:00,19.25833333,9616.069126,0,0,59.93808834
 08/05  22:00:00,17.01666667,13988.63916,0,0,59.73769895
 08/05  23:00:00,15.45833333,6196.856809,0,0,59.97019526
 08/05  24:00:00,15,1957.413856,0,0,59.97088064
 08/06  01:00:00,15.64166667,1172.350002,0,0,59.96342375
 08/06  02:00:00,15.10833333,672.1965982,0,0,59.95819792
 08/06  03:00:00,14.10833333,348.3164762,0,0,59.96466561
 08/06  04:00:00,14.19166667,668.6079373,0,0,59.95758651
 08/06  05:00:00,14.10833333,6251.288803,0,0,59.97360035
 08/06  06:00:00,13.9,9737.849091,0,0,59.89960629
 08/06  07:00:00,14.54166667,14754.96295,2550.998089,0,59.59775057
 08/06  08:00:00,16.63333333,15251.81264,4621.793591,0,59.59429455
 08/06  09:00:00,20.075,16112.92506,4107.192499,0,59.59720496
 08/06  10:00:00,22.98333333,16880.38623,2862.925808,0,59.58898152
 08/06  11:00:00,24.89166667,17406.23724,983.7550537,0,59.51591452
 08/06  12:00:00,25.89166667,10237.8679,0,0,59.94395306
 08/06  13:00:00,27.09166667,10969.26068,0,0,59.95132192
 08/06  14:00:00,28.09166667,8208.819384,0,0,59.97641121
 08/06  15:00:00,28.3,8196.271921,0,0,59.96819
 08/06  16:00:00,28.3,11162.83587,0,0,59.95827037
 08/06  17:00:00,28.3,18387.64103,0,0,59.9308794
 08/06  18:00:00,27.65833333,18198.87804,0,0,59.82806914
 08/06  19:00:00,25.91666667,11598.91289,0,0,59.54578931
 08/06  20:00:00,24.35833333,17257.15154,975.2006365,0,59.43548749
 08/06  21:00:00,20.98333333,13585.94462,253.1702609,0,59.93511018
 08/06  22:00:00,19.19166667,12364.94102,0,0,59.84828012
 08/06  23:00:00,18.75833333,6506.813019,0,0,59.9616448
 08/06  24:00:00,17.65833333,1954.300484,0,0,59.9638785
 08/07  01:00:00,17.2,1173.443293,0,0,59.97201823
 08/07  02:00:00,16.55833333,668.8148333,0,0,59.96291676
 08/07  03:00:00,15.10833333,347.7265034,0,0,59.95395533
 08/07  04:00:00,14.10833333,667.7818552,0,0,59.97268976
 08/07  05:00:00,13.55,6246.020523,0,0,59.96931016
 08/07  06:00:00,14.64166667,9911.918031,0,0,59.86278243
 08/07  07:00:00,16.53333333,15226.66168,2593.404517,0,59.59166598
 08/07  08:00:00,18.83333333,15795.02274,4322.225718,0,59.59056734
 08/07  09:00:00,21.28333333,16425.86974,3834.600011,0,59.59986081
 08/07  10:00:00,23.48333333,17016.62367,2450.106697,0,59.58896174
 08/07  11:00:00,26.03333333,17345.86623,734.1230924,0,59.62446535
 08/07  12:00:00,27.55,11413.60358,0,0,59.94457373
 08/07  13:00:00,28.44166667,8500.13676,0,0,59.96375718
 08/07  14:00:00,28.9,7667.01308,0,0,59.97113983
 08/07  15:00:00,29.54166667,11130.48009,0,0,59.96481493
 08/07  16:00:00,30,12141.32429,0,0,59.95469544
 08/07  17:00:00,30.35,12342.94859,0,0,59.94059534
 08/07  18:00:00,30.25,18973.78807,240.1350899,0,59.76458345
 08/07  19:00:00,28.71666667,18512.29823,477.405945,0,59.48368294
 08/07  20:00:00,26.16666667,11520.38079,0,0,59.89565123
 08/07  21:00:00,25.64166667,17617.36453,0,0,59.74221381
 08/07  22:00:00,24.175,11153.7346,0,0,59.92652365
 08/07  23:00:00,22.45,6339.373873,0,0,59.96270982
 08/07  24:00:00,20.56666667,1956.755187,0,0,59.97098818
 08/08  01:00:00,18.75833333,1172.153853,0,0,59.96234311
 08/08  02:00:00,17.65833333,671.9288981,0,0,59.96435428
 08/08  03:00:00,17.2,348.8240186,0,0,59.96272368
 08/08  04:00:00,16.90833333,668.6989145,0,0,59.95528554
 08/08  05:00:00,16.7,6251.646655,0,0,59.96352919
 08/08  06:00:00,17.34166667,10311.92539,0,0,59.92559314
 08/08  07:00:00,19.43333333,15947.07485,2560.960454,0,59.60776077
 08/08  08:00:00,21.88333333,16584.75365,3798.584379,0,59.59896003
 08/08  09:00:00,24.08333333,17181.64227,3426.738864,0,59.59332754
 08/08  10:00:00,26.63333333,17902.20161,1749.814991,0,59.58025239
 08/08  11:00:00,29.725,11693.78365,239.1226536,0,59.75300698
 08/08  12:00:00,31.74166667,12096.114,0,0,59.94404016
 08/08  13:00:00,32.55,12271.1487,0,0,59.95819151
 08/08  14:00:00,33.44166667,10777.28765,0,0,59.96269586
 08/08  15:00:00,33.9,8460.555541,0,0,59.9702716
 08/08  16:00:00,33.9,9616.385458,0,0,59.96044272
 08/08  17:00:00,33.55,18666.80298,0,0,59.85159187
 08/08  18:00:00,33.00833333,15399.46856,0,0,59.92598406
 08/08  19:00:00,31.80833333,19455.33114,0,0,59.60941669
 08/08  20:00:00,29.175,12140.07882,0,0,59.90434191
 08/08  21:00:00,25.175,17489.07698,0,0,59.69369856
 08/08  22:00:00,22.36666667,10568.61423,0,0,59.95096937
 08/08  23:00:00,22.34166667,6396.185486,0,0,59.92958977
 08/08  24:00:00,22.45,1955.815131,0,0,59.97733301
 08/09  01:00:00,20.91666667,1172.548228,0,0,59.96574461
 08/09  02:00:00,19.35833333,671.4985082,0,0,59.96557758
 08/09  03:00:00,18.55,348.903397,0,0,59.96002034
 08/09  04:00:00,17.65833333,668.6292414,0,0,59.96136917
 08/09  05:00:00,16.90833333,6249.561053,0,0,59.96383161
 08/09  06:00:00,18.275,10511.2396,0,0,59.92550649
 08/09  07:00:00,20.74166667,16283.9546,2530.084281,0,59.60609609
 08/09  08:00:00,22.98333333,16880.38623,3738.240501,0,59.59338802
 08/09  09:00:00,25.53333333,17587.90935,3060.144558,0,59.58733756
 08/09  10:00:00,28.625,18486.1439,1415.732066,0,59.54559317
 08/09  11:00:00,31.63333333,12094.53057,0,0,59.80768731
 08/09  12:00:00,33.44166667,12455.51196,0,0,59.94281388
 08/09  13:00:00,34.19166667,12597.87249,0,0,59.95445922
 08/09  14:00:00,34.75,7496.893,0,0,59.97167462
 08/09  15:00:00,35,10039.49614,0,0,59.96826363
 08/09  16:00:00,34.65,12323.38589,0,0,59.96117648
 08/09  17:00:00,34.10833333,15488.13475,0,0,59.95123235
 08/09  18:00:00,33.25833333,13001.61682,0,0,59.91751096
 08/09  19:00:00,31.51666667,19364.80053,240.5550776,0,59.78327069
 08/09  20:00:00,28.96666667,18587.49792,442.6329265,0,59.74757564
 08/09  21:00:00,27.45,11509.45997,0,0,59.83965324
 08/09  22:00:00,26.55833333,11582.27947,0,0,59.94505522
 08/09  23:00:00,25.45833333,8165.565922,0,0,59.9686493
 08/09  24:00:00,24.00833333,1240.671155,0,0,59.97068825
 08/10  01:00:00,22.01666667,1020.703897,0,0,59.96225437
 08/10  02:00:00,20.45833333,555.9820937,0,0,59.96437084
 08/10  03:00:00,19.35833333,349.919829,0,0,59.96272561
 08/10  04:00:00,18.55,623.7764941,0,0,59.95529015
 08/10  05:00:00,17.65833333,6246.983105,0,0,59.96467471
 08/10  06:00:00,17.2,10258.73575,0,0,59.92529072
 08/10  07:00:00,17.55,15474.00832,2561.778166,0,59.60782662
 08/10  08:00:00,18.73333333,15768.84934,4067.517407,0,59.5910806
 08/10  09:00:00,20.74166667,16283.9546,3799.228685,0,59.59653678
 08/10  10:00:00,22.63333333,16785.28209,2514.973522,0,59.59182721
 08/10  11:00:00,24.93333333,17252.45503,727.1511443,0,59.56290264
 08/10  12:00:00,26.45,11420.91843,0,0,59.94441271
 08/10  13:00:00,27.34166667,8486.079511,0,0,59.96438114
 08/10  14:00:00,27.8,7641.135902,0,0,59.96739629
 08/10  15:00:00,28.09166667,11018.73341,0,0,59.96447208
 08/10  16:00:00,28.3,12068.15179,0,0,59.95412038
 08/10  17:00:00,28.00833333,13586.33626,0,0,59.92241827
 08/10  18:00:00,27.45,18137.76887,239.5977282,0,59.79656719
 08/10  19:00:00,25.91666667,17696.23226,238.587571,0,59.44661475
 08/10  20:00:00,23.36666667,16013.81445,0,0,59.64120499
 08/10  21:00:00,21.26666667,10900.47877,0,0,59.92533523
 08/10  22:00:00,20.6,10635.40367,0,0,59.75971186
 08/10  23:00:00,19.9,8116.638258,0,0,59.95243256
 08/10  24:00:00,18.46666667,3735.504368,0,0,59.96476844
 08/11  01:00:00,15.81666667,900.8160719,0,0,59.97177566
 08/11  02:00:00,13.75833333,453.6397412,0,0,59.96273761
 08/11  03:00:00,12.65833333,350.2342071,0,0,59.95342306
 08/11  04:00:00,11.55833333,710.1895555,0,0,59.97236681
 08/11  05:00:00,10.80833333,4109.632401,0,0,59.96731781
 08/11  06:00:00,11.24166667,11985.0852,243.5790818,0,59.8610759
 08/11  07:00:00,13.275,14465.86737,2603.853329,0,59.59357498
 08/11  08:00:00,16.03333333,15107.56832,4350.177539,0,59.58810255
 08/11  09:00:00,17.84166667,15546.13401,4312.784661,0,59.59891835
 08/11  10:00:00,19.93333333,16075.06299,3026.552285,0,59.59634404
 08/11  11:00:00,21.45,16468.9929,1481.992826,0,59.56242735
 08/11  12:00:00,22.63333333,10172.2152,0,0,59.85550926
 08/11  13:00:00,23.94166667,10455.62065,0,0,59.92397033
 08/11  14:00:00,24.75,10150.19201,0,0,59.94735904
 08/11  15:00:00,25.64166667,10741.45416,0,0,59.95210868
 08/11  16:00:00,25.45833333,11580.88558,0,0,59.94929684
 08/11  17:00:00,25.64166667,11551.61659,0,0,59.92463246
 08/11  18:00:00,25.45833333,17565.43691,485.2816353,0,59.76319721
 08/11  19:00:00,23.36666667,16985.29581,1212.574605,0,59.54552027
 08/11  20:00:00,20.91666667,16329.59765,538.3173413,0,59.47343299
 08/11  21:00:00,19.00833333,10343.67272,0,0,59.84642904
 08/11  22:00:00,17.01666667,15338.99599,0,0,59.82284153
 08/11  23:00:00,14.175,4269.372312,0,0,59.97668671
 08/11  24:00:00,13.73333333,2831.878924,0,0,59.9710148
 08/12  01:00:00,13.75833333,2076.493383,0,0,59.96319766
 08/12  02:00:00,12.65833333,0,0,0,59.95819503
 08/12  03:00:00,11.26666667,361.0955075,0,0,59.96439571
 08/12  04:00:00,8.616666667,570.6855867,0,0,59.95728234
 08/12  05:00:00,8.833333333,5353.91655,0,0,59.97190661
 08/12  06:00:00,11.925,10689.23029,243.6695075,0,59.89616949
 08/12  07:00:00,14.29166667,14697.40437,2573.376041,0,59.59255851
 08/12  08:00:00,16.28333333,15166.90199,4493.219986,0,59.59971462
 08/12  09:00:00,17.55,15474.00832,4175.305021,0,59.60164434
 08/12  10:00:00,18.73333333,15768.84934,3160.58457,0,59.59888871
 08/12  11:00:00,20.1,16116.779,1491.117764,0,59.56810107
 08/12  12:00:00,21.24166667,10406.41283,0,0,59.7995793
 08/12  13:00:00,23.275,10025.94374,0,0,59.92170993
 08/12  14:00:00,23.75833333,9844.19935,0,0,59.95471361
 08/12  15:00:00,22.01666667,9191.022791,0,0,59.95909746
 08/12  16:00:00,20.80833333,10870.37195,0,0,59.88121084
 08/12  17:00:00,20.6,15085.6134,241.069608,0,59.93698207
 08/12  18:00:00,20.6,16246.0452,972.8834912,0,59.60262552
 08/12  19:00:00,19.9,16065.2894,1221.410405,0,59.53720254
 08/12  20:00:00,18.46666667,15701.93161,958.3987547,0,59.51651039
 08/12  21:00:00,16.80833333,12565.37165,0,0,59.63716651
 08/12  22:00:00,16.45,11839.04272,0,0,59.94117649
 08/12  23:00:00,16.35,8007.874789,0,0,59.90831264
 08/12  24:00:00,15.45833333,1236.24594,0,0,59.9777966
 08/13  01:00:00,14.65,1022.101673,0,0,59.96585586
 08/13  02:00:00,14.4,555.2383631,0,0,59.96567206
 08/13  03:00:00,14.10833333,349.6804019,0,0,59.96007143
 08/13  04:00:00,14.19166667,623.3869324,0,0,59.9613626
 08/13  05:00:00,14.4,6243.3383,0,0,59.9643834
 08/13  06:00:00,13.11666667,9564.516172,0,0,59.92571739
 08/13  07:00:00,11.55833333,14083.27161,2602.439604,0,59.60740482
 08/13  08:00:00,11.74166667,14123.35587,4767.181559,0,59.60059049
 08/13  09:00:00,12.2,14224.02214,5177.207551,0,59.59734762
 08/13  10:00:00,12.84166667,14367.14182,4085.445195,0,59.60009859
 08/13  11:00:00,13.94166667,14616.55124,2574.608933,0,59.58850469
 08/13  12:00:00,14.4,14721.90373,736.2410077,0,59.54113571
 08/13  13:00:00,15.1,9720.45667,0,0,59.9371922
 08/13  14:00:00,15.6,9811.132325,0,0,59.94918025
 08/13  15:00:00,14.60833333,9803.19555,0,0,59.94253337
 08/13  16:00:00,14.19166667,9463.184019,0,0,59.95077907
 08/13  17:00:00,14.75,14803.25388,237.9186226,0,59.65146445
 08/13  18:00:00,15,14861.5935,714.1305413,0,59.45975126
 08/13  19:00:00,15,14861.5935,1221.632839,0,59.51951789
 08/13  20:00:00,14.65,14779.97225,1483.988021,0,59.56021496
 08/13  21:00:00,14.4,14721.90373,721.1586686,0,59.51254014
 08/13  22:00:00,14.4,9796.27722,0,0,59.87051916
 08/13  23:00:00,14.10833333,8467.072472,0,0,59.94458642
 08/13  24:00:00,13.25833333,2541.480923,0,0,59.96259205
 08/14  01:00:00,12.8,776.2226201,0,0,59.97162409
 08/14  02:00:00,12.8,400.7447703,0,0,59.96258928
 08/14  03:00:00,12.45,350.6170092,0,0,59.95306072
 08/14  04:00:00,12.2,750.481554,0,0,59.9721667
 08/14  05:00:00,11.90833333,3954.381449,0,0,59.96794238
 08/14  06:00:00,11.7,12097.71797,243.5778337,0,59.86077319
 08/14  07:00:00,11.7,14114.00429,2557.915755,0,59.58251409
 08/14  08:00:00,11.99166667,14178.08724,4371.887978,0,59.58807556
 08/14  09:00:00,12.55,14301.79373,4860.786724,0,59.59418417
 08/14  10:00:00,12.8,14357.57723,4033.663714,0,59.6005204
 08/14  11:00:00,13.09166667,14423.15125,2571.995087,0,59.59339791
 08/14  12:00:00,13.3,14470.1512,728.9324378,0,59.51543044
 08/14  13:00:00,13.65,9000.187084,0,0,59.92423315
 08/14  14:00:00,13.9,9724.5434,0,0,59.94224601
 08/14  15:00:00,14.19166667,9168.325901,0,0,59.95328106
 08/14  16:00:00,15.1,9409.128464,0,0,59.92319061
 08/14  17:00:00,15.25,13810.78288,188.5214872,0,59.83905031
 08/14  18:00:00,15,14861.5935,1662.406455,0,59.56831241
 08/14  19:00:00,14.65,14779.97225,2025.156677,0,59.56976433
 08/14  20:00:00,14.10833333,14654.65037,1738.092202,0,59.56685894
 08/14  21:00:00,13.55,14526.94167,973.1832661,0,59.53767587
 08/14  22:00:00,13.3,9238.983206,0,0,59.75395968
 08/14  23:00:00,13.3,8247.934863,0,0,59.96515083
 08/14  24:00:00,13.3,4001.425431,0,0,59.97239781
 08/15  01:00:00,12.65833333,776.8234761,0,0,59.97169302
 08/15  02:00:00,11.90833333,402.8176481,0,0,59.96208431
 08/15  03:00:00,11.35,353.5280923,0,0,59.95233495
 08/15  04:00:00,11.1,753.0974011,0,0,59.9718045
 08/15  05:00:00,11.1,3958.040054,0,0,59.96707668
 08/15  06:00:00,11.45,12058.76337,243.5707034,0,59.85969399
 08/15  07:00:00,12.34166667,14255.6329,2601.494589,0,59.5924268
 08/15  08:00:00,12.8,14357.57723,4236.92733,0,59.60010352
 08/15  09:00:00,13.09166667,14423.15125,4797.261752,0,59.59527224
 08/15  10:00:00,12.65833333,14326.12031,4021.894136,0,59.59648639
 08/15  11:00:00,12.55,14301.79373,2515.112246,0,59.58163166
 08/15  12:00:00,14.43333333,14731.09638,728.1360109,0,59.53390767
 08/15  13:00:00,17.175,9934.331471,0,0,59.93626906
 08/15  14:00:00,19.64166667,9481.887246,0,0,59.95015114
 08/15  15:00:00,18.61666667,10035.34497,0,0,59.93968111
 08/15  16:00:00,16.26666667,10065.55623,0,0,59.93205043
 08/15  17:00:00,15.89166667,15072.32584,0,0,59.71590186
 08/15  18:00:00,14.46666667,14738.8182,366.38896,0,59.38064756
 08/15  19:00:00,12.65833333,14326.12031,972.428168,0,59.46997463
 08/15  20:00:00,11.90833333,14159.75093,1492.107422,0,59.55529245
 08/15  21:00:00,11.7,14114.00429,1204.192504,0,59.54163409
 08/15  22:00:00,11.7,11454.64111,0,0,59.7091324
 08/15  23:00:00,11.7,6170.997381,0,0,59.96395342
 08/15  24:00:00,11.7,3993.932116,0,0,59.97240157
 08/16  01:00:00,11.7,777.7169906,0,0,59.97150804
 08/16  02:00:00,10.70833333,403.2823299,0,0,59.96197384
 08/16  03:00:00,9.65,354.3338752,0,0,59.95211878
 08/16  04:00:00,9.4,753.9507969,0,0,59.9717007
 08/16  05:00:00,9.108333333,3963.053838,0,0,59.96643039
 08/16  06:00:00,8.9,11547.80011,242.7701514,0,59.85928191
 08/16  07:00:00,8.9,13519.37574,2814.366605,0,59.57623188
 08/16  08:00:00,9.891666667,13726.35036,4756.747595,0,59.59981761
 08/16  09:00:00,11.24166667,14014.40307,5292.743606,0,59.59350909
 08/16  10:00:00,13.275,14465.86737,4400.239882,0,59.59941135
 08/16  11:00:00,15.39166667,14954.22653,2561.417468,0,59.59392801
 08/16  12:00:00,17.09166667,15362.19453,729.4948847,0,59.54206184
 08/16  13:00:00,17.45,9447.553263,0,0,59.95193977
 08/16  14:00:00,17.84166667,9555.566585,0,0,59.94668225
 08/16  15:00:00,18.3,10041.64258,0,0,59.94664778
 08/16  16:00:00,19.64166667,10731.73622,0,0,59.93695449
 08/16  17:00:00,19.9,13407.13157,0,0,59.8388852
 08/16  18:00:00,19.10833333,13210.42631,243.5362859,0,59.87720587
 08/16  19:00:00,17.90833333,15562.9551,2020.844568,0,59.58661065
 08/16  20:00:00,15.91666667,15079.1503,1747.001498,0,59.57542209
 08/16  21:00:00,14.65,14779.97225,970.9875622,0,59.53458287
 08/16  22:00:00,14.10833333,9556.826316,0,0,59.80562356
 08/16  23:00:00,13.9,9168.789116,0,0,59.9455403
 08/16  24:00:00,12.90833333,2275.006653,0,0,59.97298684
 08/17  01:00:00,11.90833333,902.1517755,0,0,59.96715618
 08/17  02:00:00,11.05833333,456.6315878,0,0,59.96646654
 08/17  03:00:00,9.9,354.7216453,0,0,59.95649554
 08/17  04:00:00,8.758333333,713.0260431,0,0,59.96149878
 08/17  05:00:00,7.658333333,4127.823297,0,0,59.95730329
 08/17  06:00:00,8.833333333,11572.07328,243.051671,0,59.8598349
 08/17  07:00:00,10.99166667,13960.67866,2835.168722,0,59.58430682
 08/17  08:00:00,12.63333333,14320.79273,4427.213113,0,59.5882774
 08/17  09:00:00,14.64166667,14778.96236,4903.965049,0,59.59978736
 08/17  10:00:00,16.53333333,15226.66168,3809.932888,0,59.60032064
 08/17  11:00:00,17.84166667,15546.13401,2115.936039,0,59.58260361
 08/17  12:00:00,18.94166667,12522.90205,365.6520767,0,59.64411872
 08/17  13:00:00,20.1,12038.38781,0,0,59.92512802
 08/17  14:00:00,20.89166667,8682.629648,0,0,59.94882985
 08/17  15:00:00,21.1,10235.46524,0,0,59.93926107
 08/17  16:00:00,20.80833333,9616.618303,0,0,59.93978612
 08/17  17:00:00,20.89166667,16322.19226,0,0,59.61129747
 08/17  18:00:00,20.80833333,16300.40906,0,0,59.25820314
 08/17  19:00:00,19.25833333,15902.07341,300.8145563,0,59.3335052
 08/17  20:00:00,17.36666667,15429.38931,474.6710829,0,59.44666045
 08/17  21:00:00,15.35833333,12436.11353,0,0,59.61006445
 08/17  22:00:00,14.10833333,11388.46693,0,0,59.89996847
 08/17  23:00:00,13.9,8486.154407,0,0,59.8846225
 08/17  24:00:00,12.90833333,1239.598396,0,0,59.97752453
 08/18  01:00:00,11.55833333,1022.982198,0,0,59.96535987
 08/18  02:00:00,10.80833333,557.0463735,0,0,59.96511438
 08/18  03:00:00,9.608333333,353.5395123,0,0,59.95918905
 08/18  04:00:00,9.191666667,626.3196766,0,0,59.96073981
 08/18  05:00:00,8.758333333,5523.416174,0,0,59.96424397
 08/18  06:00:00,8.941666667,13528.18511,0,0,59.85154442
 08/18  07:00:00,10.39166667,13832.1661,1813.623311,0,59.56406108
 08/18  08:00:00,12.38333333,14265.56434,3786.977546,0,59.58587984
 08/18  09:00:00,14.93333333,14847.4658,4803.378602,0,59.59303937
 08/18  10:00:00,18.025,15593.39434,3671.696891,0,59.59214192
 08/18  11:00:00,20.74166667,16283.9546,1673.983291,0,59.57570476
 08/18  12:00:00,22.34166667,11078.33596,0,0,59.80892675
 08/18  13:00:00,23.44166667,10777.31935,0,0,59.94583944
 08/18  14:00:00,24.19166667,11332.37777,0,0,59.95295889
 08/18  15:00:00,24.75,10282.83743,0,0,59.95804467
 08/18  16:00:00,25,11624.04898,0,0,59.93864154
 08/18  17:00:00,25,11121.38667,0,0,59.94073154
 08/18  18:00:00,24.35833333,17257.15154,973.4411682,0,59.60896323
 08/18  19:00:00,22.61666667,16781.21721,937.9700929,0,59.51696566
 08/18  20:00:00,20.35833333,16184.28636,238.3782291,0,59.43233627
 08/18  21:00:00,17.825,10003.37429,0,0,59.84022301
 08/18  22:00:00,15.70833333,14184.86623,0,0,59.73634877
 08/18  23:00:00,14.65,7844.202121,0,0,59.92836169
 08/18  24:00:00,15.1,1240.156761,0,0,59.97073919
 08/19  01:00:00,15.25,1022.142688,0,0,59.96175222
 08/19  02:00:00,14.35833333,556.9296468,0,0,59.96400966
 08/19  03:00:00,13.25833333,352.6705294,0,0,59.9621581
 08/19  04:00:00,12.15833333,625.472783,0,0,59.95465272
 08/19  05:00:00,10.70833333,5592.15617,0,0,59.96864067
 08/19  06:00:00,10.99166667,13960.67866,0,0,59.85492947
 08/19  07:00:00,12.98333333,14399.63066,1674.775425,0,59.55445348
 08/19  08:00:00,15.825,15058.44902,3439.644593,0,59.59101953
 08/19  09:00:00,18.83333333,15795.02274,4055.117522,0,59.5975555
 08/19  10:00:00,21.63333333,16518.91349,2979.726972,0,59.59658563
 08/19  11:00:00,23.73333333,17084.74885,913.6736538,0,59.55055825
 08/19  12:00:00,24.75,9775.824282,0,0,59.93918582
 08/19  13:00:00,25.64166667,11523.97454,0,0,59.92983992
 08/19  14:00:00,26.74166667,9786.915011,0,0,59.96852897
 08/19  15:00:00,27.2,8425.13028,0,0,59.9666418
 08/19  16:00:00,27.2,11443.3502,0,0,59.94998706
 08/19  17:00:00,27.2,15054.02365,0,0,59.89844675
 08/19  18:00:00,26.55833333,17879.34575,236.9279108,0,59.49705436
 08/19  19:00:00,24.175,17208.13979,0,0,59.35828415
 08/19  20:00:00,20.81666667,16247.36978,0,0,59.79494139
 08/19  21:00:00,19.10833333,10561.30483,0,0,59.91718248
 08/19  22:00:00,18.9,9198.86031,0,0,59.79894678
 08/19  23:00:00,19.54166667,9088.75195,0,0,59.96139402
 08/19  24:00:00,17.43333333,4003.026152,0,0,59.9633476
 08/20  01:00:00,15.25,774.9153646,0,0,59.97180594
 08/20  02:00:00,14.35833333,400.0662416,0,0,59.96274485
 08/20  03:00:00,13.9,349.3647245,0,0,59.95344497
 08/20  04:00:00,13.55,749.1907818,0,0,59.97234774
 08/20  05:00:00,12.65833333,3949.145025,0,0,59.9684919
 08/20  06:00:00,12.55,12266.62728,243.9457604,0,59.86145005
 08/20  07:00:00,13.73333333,14569.1371,2540.824618,0,59.58062324
 08/20  08:00:00,16.03333333,15107.56832,4189.641646,0,59.59884242
 08/20  09:00:00,18.48333333,15706.53353,4120.897965,0,59.59826555
 08/20  10:00:00,20.39166667,16192.47421,3058.58756,0,59.58681717
 08/20  11:00:00,21.74166667,16546.40511,1186.30202,0,59.5586704
 08/20  12:00:00,22.2,9675.322,0,0,59.87811253
 08/20  13:00:00,22.55,9425.353979,0,0,59.92086239
 08/20  14:00:00,23.09166667,9929.673636,0,0,59.94759506
 08/20  15:00:00,23.65,10023.23645,0,0,59.94991997
 08/20  16:00:00,23.55,14856.6123,0,0,59.92349635
 08/20  17:00:00,23.00833333,10303.69696,0,0,59.85285972
 08/20  18:00:00,22.45,16735.5035,1146.359437,0,59.54198765
 08/20  19:00:00,20.56666667,16238.84924,1391.637131,0,59.52245537
 08/20  20:00:00,18.46666667,15701.93161,981.2764765,0,59.46418338
 08/20  21:00:00,16.51666667,13912.87119,228.3810713,0,59.75986708
 08/20  22:00:00,15.25,10554.35634,0,0,59.84607611
 08/20  23:00:00,14.65,8255.768897,0,0,59.91767506
 08/20  24:00:00,13.75833333,1237.664402,0,0,59.9778474
 08/21  01:00:00,12.65833333,1019.806587,0,0,59.96605727
 08/21  02:00:00,11.26666667,554.8271982,0,0,59.96587387
 08/21  03:00:00,9.258333333,348.7414881,0,0,59.96032411
 08/21  04:00:00,8.3,766.2143743,0,0,59.95390804
 08/21  05:00:00,8.008333333,4119.336042,0,0,59.95906989
 08/21  06:00:00,9.083333333,11577.41573,243.0543693,0,59.86174617
 08/21  07:00:00,11.63333333,14100.89904,2825.178839,0,59.58493902
 08/21  08:00:00,13.73333333,14569.1371,4406.783113,0,59.58480466
 08/21  09:00:00,15.74166667,15037.57381,4813.690794,0,59.58812273
 08/21  10:00:00,17.98333333,15581.91481,3625.275347,0,59.59361379
 08/21  11:00:00,20.18333333,16138.92797,1718.105528,0,59.55965652
 08/21  12:00:00,22.09166667,9936.073026,257.5,0,59.77368028
 08/21  13:00:00,24.08333333,10386.60898,0,0,59.9262218
 08/21  14:00:00,24.65,11350.41096,0,0,59.95574694
 08/21  15:00:00,25.1,10721.23652,0,0,59.95886324
 08/21  16:00:00,25.25,11615.29883,0,0,59.94951735
 08/21  17:00:00,24.65,11472.57142,0,0,59.91968811
 08/21  18:00:00,23.75833333,17091.3661,446.6733768,0,59.7561093
 08/21  19:00:00,22.01666667,16620.2884,1429.745107,0,59.55177124
 08/21  20:00:00,20.45833333,16209.4528,723.4362721,0,59.50564686
 08/21  21:00:00,18.71666667,10368.15041,257.5,0,59.6573897
 08/21  22:00:00,16.80833333,14434.0593,0,0,59.90374578
 08/21  23:00:00,14.81666667,6656.718599,0,0,59.93297961
 08/21  24:00:00,13.9,1953.131924,0,0,59.97748555
 08/22  01:00:00,12.26666667,1171.444624,0,0,59.96579689
 08/22  02:00:00,11.45,672.0607112,0,0,59.96560702
 08/22  03:00:00,10.06666667,348.4003343,0,0,59.95993887
 08/22  04:00:00,9.541666667,668.7619052,0,0,59.96128313
 08/22  05:00:00,9.65,5563.864874,0,0,59.96610169
 08/22  06:00:00,10.74166667,13907.38027,0,0,59.85487416
 08/22  07:00:00,12.98333333,14399.63066,1751.313178,0,59.57808231
 08/22  08:00:00,15.18333333,14905.52142,3485.693017,0,59.58292769
 08/22  09:00:00,17.38333333,15433.90603,4123.941507,0,59.58067822
 08/22  10:00:00,19.93333333,16075.06299,3041.521873,0,59.58098076
 08/22  11:00:00,21.74166667,16546.40511,1211.369095,0,59.52584579
 08/22  12:00:00,23.83333333,11340.00599,0,0,59.84556679
 08/22  13:00:00,25.64166667,11165.62871,0,0,59.94284505
 08/22  14:00:00,26.45,9808.000209,0,0,59.96357297
 08/22  15:00:00,26.99166667,8439.760786,0,0,59.96370125
 08/22  16:00:00,26.90833333,11472.56168,0,0,59.94681901
 08/22  17:00:00,26.7,13937.74227,0,0,59.89538113
 08/22  18:00:00,25.70833333,17636.60232,721.3416752,0,59.54837783
 08/22  19:00:00,23.075,16906.41513,474.8348939,0,59.44696238
 08/22  20:00:00,21.05833333,16366.03621,0,0,59.37788806
 08/22  21:00:00,19.9,9829.421643,0,0,59.92904841
 08/22  22:00:00,18.11666667,14236.7017,0,0,59.70175614
 08/22  23:00:00,17.55,6225.58703,0,0,59.97696564
 08/22  24:00:00,16.80833333,1952.639861,0,0,59.96502306
 08/23  01:00:00,15.80833333,1171.693082,0,0,59.97170647
 08/23  02:00:00,15.6,672.582607,0,0,59.96261253
 08/23  03:00:00,15.6,349.3537754,0,0,59.95329981
 08/23  04:00:00,15.25,669.0461629,0,0,59.97245486
 08/23  05:00:00,15.64166667,6247.336098,0,0,59.96879971
 08/23  06:00:00,15.80833333,10021.75849,0,0,59.86205848
 08/23  07:00:00,16.53333333,15226.66168,2543.326118,0,59.5790096
 08/23  08:00:00,18.83333333,15795.02274,4113.826945,0,59.5850878
 08/23  09:00:00,20.99166667,16348.87172,4056.618022,0,59.59548843
 08/23  10:00:00,22.98333333,16880.38623,2421.723279,0,59.5837861
 08/23  11:00:00,23.55,17034.03302,732.5725337,0,59.55135779
 08/23  12:00:00,24.93333333,10450.25592,0,0,59.9460182
 08/23  13:00:00,26.74166667,9932.416521,0,0,59.94287713
 08/23  14:00:00,27.55,10552.81315,0,0,59.97374832
 08/23  15:00:00,27.8,8441.885802,0,0,59.964221
 08/23  16:00:00,27.45,11464.08533,0,0,59.95342676
 08/23  17:00:00,27.2,14050.42207,0,0,59.90799647
 08/23  18:00:00,26.55833333,17879.34575,718.0469438,0,59.82571023
 08/23  19:00:00,24.81666667,17385.60378,236.2128597,0,59.55668333
 08/23  20:00:00,22.61666667,13956.20649,0,0,59.47659237
 08/23  21:00:00,21.35,13691.16321,0,0,59.87248843
 08/23  22:00:00,21.1,9056.169324,0,0,59.88243942
 08/23  23:00:00,20.10833333,10497.91522,0,0,59.96040329
 08/23  24:00:00,17.18333333,2033.855962,0,0,59.97384893
 08/24  01:00:00,17.525,901.3497987,0,0,59.96756598
 08/24  02:00:00,17.26666667,454.0707667,0,0,59.96721013
 08/24  03:00:00,15.80833333,350.747946,0,0,59.9574914
 08/24  04:00:00,15.89166667,710.8166688,0,0,59.96234809
 08/24  05:00:00,16.74166667,4096.298438,0,0,59.95980293
 08/24  06:00:00,16.90833333,13268.02147,241.8679741,0,59.8624979
 08/24  07:00:00,17.63333333,15494.94378,2242.991284,0,59.58891532
 08/24  08:00:00,18.94166667,15821.10462,3434.647341,0,59.58079874
 08/24  09:00:00,19.75,16026.59087,3712.807487,0,59.59610601
 08/24  10:00:00,21.63333333,16518.91349,2539.784069,0,59.5822265
 08/24  11:00:00,23.44166667,17004.54277,468.4909962,0,59.54242567
 08/24  12:00:00,24.54166667,10005.11196,0,0,59.94326841
 08/24  13:00:00,25,10949.32173,0,0,59.93782745
 08/24  14:00:00,25.64166667,9899.347734,0,0,59.9700611
 08/24  15:00:00,25.10833333,8468.417175,0,0,59.96080307
 08/24  16:00:00,24.4,11482.15972,0,0,59.9077949
 08/24  17:00:00,20.2,12221.35865,0,0,59.93215501
 08/24  18:00:00,16.26666667,15162.47048,1481.44618,0,59.6041083
 08/24  19:00:00,14.9,14838.46679,1982.653024,0,59.57459813
 08/24  20:00:00,13.75833333,14574.59248,1749.231896,0,59.57760475
 08/24  21:00:00,13.3,14470.1512,973.4870627,0,59.54514082
 08/24  22:00:00,13.3,8352.49253,0,0,59.74977799
 08/24  23:00:00,13.00833333,9170.168796,0,0,59.93512335
 08/24  24:00:00,12.15833333,2832.083384,0,0,59.97079734
 08/25  01:00:00,11.7,2078.956469,0,0,59.96313854
 08/25  02:00:00,10.70833333,0,0,0,59.95808342
 08/25  03:00:00,10.99166667,363.6856481,0,0,59.96417045
 08/25  04:00:00,11.05833333,570.4485995,0,0,59.95703508
 08/25  05:00:00,10.6,5344.901972,0,0,59.97309866
 08/25  06:00:00,10.89166667,10077.2497,245.1080982,0,59.89604967
 08/25  07:00:00,12.09166667,14200.63043,2610.854545,0,59.59284298
 08/25  08:00:00,13.73333333,14569.1371,4750.29947,0,59.59889921
 08/25  09:00:00,15.74166667,15037.57381,4969.661974,0,59.57380772
 08/25  10:00:00,17.98333333,15581.91481,3532.44948,0,59.58444551
 08/25  11:00:00,19.89166667,16063.42102,1969.226592,0,59.57500507
 08/25  12:00:00,21.24166667,9525.331023,0,0,59.77592096
 08/25  13:00:00,22.34166667,12615.974,0,0,59.95429969
 08/25  14:00:00,23.44166667,8762.802349,0,0,59.94118898
 08/25  15:00:00,23.9,10033.26692,0,0,59.95106673
 08/25  16:00:00,23.9,10276.95901,0,0,59.93701605
 08/25  17:00:00,23.9,17130.1312,237.7917006,0,59.75691834
 08/25  18:00:00,23.55,17034.03302,236.5937445,0,59.42215306
 08/25  19:00:00,21.725,16543.1247,576.7378588,0,59.3512857
 08/25  20:00:00,19.60833333,15990.80662,0,0,59.44791007
 08/25  21:00:00,18.55,9779.249345,0,0,59.91406181
 08/25  22:00:00,17.65833333,15500.8523,0,0,59.82631804
 08/25  23:00:00,16.90833333,5273.084068,0,0,59.97074434
 08/25  24:00:00,15.70833333,1954.602402,0,0,59.97486238
 08/26  01:00:00,15,1172.837722,0,0,59.97230675
 08/26  02:00:00,14.35833333,673.2347482,0,0,59.96248092
 08/26  03:00:00,13.25833333,349.7461554,0,0,59.95318099
 08/26  04:00:00,13.09166667,669.6910698,0,0,59.97221377
 08/26  05:00:00,13.00833333,6245.126158,0,0,59.96853257
 08/26  06:00:00,12.8,9571.718156,0,0,59.86129349
 08/26  07:00:00,13.73333333,14569.1371,2608.147434,0,59.57612295
 08/26  08:00:00,15.39166667,14954.22653,4741.806437,0,59.57849579
 08/26  09:00:00,17.38333333,15433.90603,4391.482235,0,59.58150315
 08/26  10:00:00,19.64166667,15999.78196,3441.922547,0,59.58466303
 08/26  11:00:00,21.88333333,16584.75365,1247.515569,0,59.54610524
 08/26  12:00:00,23.73333333,10042.6857,0,0,59.85033933
 08/26  13:00:00,24.75,11495.05906,0,0,59.9274898
 08/26  14:00:00,25.64166667,11103.08743,0,0,59.95919586
 08/26  15:00:00,26.1,10149.2543,0,0,59.96356486
 08/26  16:00:00,26.1,11807.71828,0,0,59.94588932
 08/26  17:00:00,26.1,11831.75946,0,0,59.93381511
 08/26  18:00:00,25.45833333,17565.43691,721.0364219,0,59.58687404
 08/26  19:00:00,24.35833333,17257.15154,476.8676536,0,59.46479669
 08/26  20:00:00,21.975,16610.31393,0,0,59.47131805
 08/26  21:00:00,19.60833333,10130.77009,0,0,59.94509049
 08/26  22:00:00,18.9,12711.82392,0,0,59.79124879
 08/26  23:00:00,17.90833333,6225.461442,0,0,59.96135285
 08/26  24:00:00,16.55833333,2858.454305,0,0,59.97456063
 08/27  01:00:00,17.09166667,2077.765989,0,0,59.96342212
 08/27  02:00:00,16.80833333,0,0,0,59.95903499
 08/27  03:00:00,16.45,358.8775871,0,0,59.96476711
 08/27  04:00:00,16.7,569.9201255,0,0,59.95756591
 08/27  05:00:00,15.70833333,5350.740422,0,0,59.97277001
 08/27  06:00:00,15,11146.19513,244.4504324,0,59.89694019
 08/27  07:00:00,15.99166667,15096.68156,2334.530428,0,59.59501672
 08/27  08:00:00,17.34166667,15423.00636,4231.124319,0,59.59685749
 08/27  09:00:00,18.73333333,15768.84934,3989.974256,0,59.59753236
 08/27  10:00:00,21.38333333,16453.49935,2833.517319,0,59.59236371
 08/27  11:00:00,24.725,17361.11092,981.6660089,0,59.54755166
 08/27  12:00:00,26.74166667,11435.83935,0,0,59.94953251
 08/27  13:00:00,27.55,10642.18392,0,0,59.95312027
 08/27  14:00:00,27.8,6020.90613,0,0,59.97639736
 08/27  15:00:00,28.44166667,11045.77401,0,0,59.96791249
 08/27  16:00:00,28.55,12008.32183,0,0,59.95887336
 08/27  17:00:00,28.3,11748.8592,0,0,59.93203628
 08/27  18:00:00,27.01666667,18012.4842,241.3406882,0,59.8278247
 08/27  19:00:00,24.81666667,17385.60378,1214.150572,0,59.55573128
 08/27  20:00:00,22.61666667,16781.21721,239.5962448,0,59.40185831
 08/27  21:00:00,20.70833333,9670.745221,0,0,59.84069278
 08/27  22:00:00,19.65,16000.98549,0,0,59.82984259
 08/27  23:00:00,18.75833333,5270.9797,0,0,59.97324228
 08/27  24:00:00,18.00833333,1953.757317,0,0,59.96400172
 08/28  01:00:00,16.80833333,1173.054199,0,0,59.97199959
 08/28  02:00:00,16.74166667,669.4443271,0,0,59.9629428
 08/28  03:00:00,15.91666667,347.8186157,0,0,59.95390774
 08/28  04:00:00,15,668.0192633,0,0,59.97268071
 08/28  05:00:00,15,6252.597836,0,0,59.96899907
 08/28  06:00:00,15,9907.729003,0,0,59.86266293
 08/28  07:00:00,16.28333333,15166.90199,2545.132018,0,59.58200798
 08/28  08:00:00,19.18333333,15884.21683,4414.697786,0,59.59017041
 08/28  09:00:00,21.88333333,16584.75365,3784.247861,0,59.59527348
 08/28  10:00:00,24.08333333,17181.64227,2503.753501,0,59.58488892
 08/28  11:00:00,25.99166667,17225.25731,486.9939985,0,59.55758385
 08/28  12:00:00,26.99166667,11431.79279,0,0,59.94485738
 08/28  13:00:00,27.84166667,8501.015037,0,0,59.96384576
 08/28  14:00:00,28.65,7662.47445,0,0,59.9688832
 08/28  15:00:00,29.19166667,11100.94446,0,0,59.96466779
 08/28  16:00:00,29.4,12120.56541,0,0,59.9552941
 08/28  17:00:00,28.46666667,12252.79612,0,0,59.92994774
 08/28  18:00:00,27.45,18137.76887,482.4991902,0,59.76367261
 08/28  19:00:00,24.28333333,17240.81572,857.8470987,0,59.52983639
 08/28  20:00:00,22.2,16668.37237,128.75,0,59.40012155
 08/28  21:00:00,21.90833333,10111.05919,0,0,59.89067247
 08/28  22:00:00,20.70833333,13405.33664,0,0,59.81055964
 08/28  23:00:00,19.00833333,7834.377534,0,0,59.97063037
 08/28  24:00:00,17.01666667,2083.113551,0,0,59.97427541
 08/29  01:00:00,16.1,902.1870585,0,0,59.96768298
 08/29  02:00:00,15.80833333,454.3020534,0,0,59.96728078
 08/29  03:00:00,14.60833333,350.6161255,0,0,59.95760558
 08/29  04:00:00,13.55,710.5453313,0,0,59.96220383
 08/29  05:00:00,12.36666667,4118.553472,0,0,59.95752218
 08/29  06:00:00,12.34166667,12191.47739,243.94047,0,59.86121912
 08/29  07:00:00,13.73333333,14569.1371,2535.894868,0,59.59253715
 08/29  08:00:00,16.03333333,15107.56832,4186.347953,0,59.59540847
 08/29  09:00:00,19.825,16049.57001,4349.311522,0,59.59143852
 08/29  10:00:00,22.34166667,16706.56708,2804.309247,0,59.59519189
 08/29  11:00:00,23.44166667,17004.54277,969.4013465,0,59.51987231
 08/29  12:00:00,24.54166667,10394.0236,0,0,59.91647563
 08/29  13:00:00,25.64166667,11310.99611,0,0,59.92754749
 08/29  14:00:00,26.45,9840.326314,0,0,59.96249911
 08/29  15:00:00,26.7,8466.082354,0,0,59.96390658
 08/29  16:00:00,26.7,11498.6766,0,0,59.9462657
 08/29  17:00:00,26.7,13937.74227,0,0,59.89482752
 08/29  18:00:00,26.05833333,17735.96279,720.2239116,0,59.54847214
 08/29  19:00:00,23.325,16975.30843,538.7640043,0,59.47593658
 08/29  20:00:00,19.71666667,16020.15916,0,0,59.39084841
 08/29  21:00:00,18.3,10327.83594,0,0,59.89614516
 08/29  22:00:00,17.01666667,13562.19822,0,0,59.81672082
 08/29  23:00:00,16.1,7063.598766,0,0,59.97316074
 08/29  24:00:00,15.10833333,2185.309204,0,0,59.9735194
 08/30  01:00:00,13.11666667,904.1717347,0,0,59.96776014
 08/30  02:00:00,13.19166667,453.8608141,0,0,59.9674446
 08/30  03:00:00,12.26666667,351.4985744,0,0,59.95741345
 08/30  04:00:00,10.80833333,712.7176181,0,0,59.96240659
 08/30  05:00:00,10.89166667,4118.406599,0,0,59.95858329
 08/30  06:00:00,11.74166667,12078.30437,243.7210468,0,59.86139455
 08/30  07:00:00,13.19166667,14446.20567,2604.143309,0,59.59281396
 08/30  08:00:00,16.175,15142.86265,4315.142311,0,59.5921701
 08/30  09:00:00,18.73333333,15768.84934,4261.626933,0,59.59404104
 08/30  10:00:00,21.03333333,16360.7267,3157.964356,0,59.5984779
 08/30  11:00:00,23.83333333,17113.24599,1197.346902,0,59.54534643
 08/30  12:00:00,25.99166667,10742.43021,0,0,59.903887
 08/30  13:00:00,27.63333333,11230.84834,0,0,59.93511992
 08/30  14:00:00,28.65,8192.901934,0,0,59.9650342
 08/30  15:00:00,29.54166667,8227.134005,0,0,59.96534182
 08/30  16:00:00,29.65,11206.87149,0,0,59.94453916
 08/30  17:00:00,29.10833333,17849.6994,0,0,59.84752842
 08/30  18:00:00,27.90833333,18272.59957,0,0,59.5505342
 08/30  19:00:00,26.26666667,11823.85226,0,0,59.92300143
 08/30  20:00:00,23.96666667,17149.98909,483.7166689,0,59.75618994
 08/30  21:00:00,21.16666667,16395.73473,484.3407425,0,59.56970254
 08/30  22:00:00,19.35833333,9781.397441,0,0,59.94714747
 08/30  23:00:00,17.90833333,8035.542675,0,0,59.9388814
 08/30  24:00:00,16.26666667,1242.274891,0,0,59.97757088
 08/31  01:00:00,15.6,1023.669711,0,0,59.96564928
 08/31  02:00:00,15.6,557.4871033,0,0,59.96546047
 08/31  03:00:00,15.25,351.8361475,0,0,59.95975184
 08/31  04:00:00,14.35833333,625.7621239,0,0,59.96111842
 08/31  05:00:00,13.55,6259.579512,0,0,59.96381446
 08/31  06:00:00,13.94166667,9772.35735,0,0,59.92489571
 08/31  07:00:00,16.38333333,15192.20786,2568.870891,0,59.60084308
 08/31  08:00:00,18.73333333,15768.84934,4466.047718,0,59.5996667
 08/31  09:00:00,20.74166667,16283.9546,4032.985157,0,59.59889215
 08/31  10:00:00,22.98333333,16880.38623,2577.267464,0,59.5852581
 08/31  11:00:00,25.53333333,17587.90935,716.4591245,0,59.57380009
 08/31  12:00:00,28.625,9655.636787,0,0,59.97083479
 08/31  13:00:00,30.99166667,8744.340829,0,0,59.95996195
 08/31  14:00:00,31.7,11171.03282,0,0,59.96881669
 08/31  15:00:00,31.99166667,11423.22722,0,0,59.95904999
 08/31  16:00:00,31.90833333,11809.66641,0,0,59.95306668
 08/31  17:00:00,31.35,12854.10524,0,0,59.93304186
 08/31  18:00:00,30.10833333,18931.09067,237.233327,0,59.55612891
 08/31  19:00:00,28.11666667,12211.59055,0,0,59.80913936
 08/31  20:00:00,25.56666667,17597.35074,238.7194956,0,59.8207571
 08/31  21:00:00,23.11666667,16314.81908,480.4197719,0,59.64252304
 08/31  22:00:00,21.55833333,9589.326586,0,0,59.94111493
 08/31  23:00:00,20.45833333,8226.671409,0,0,59.93120269
 08/31  24:00:00,19.35833333,1242.643073,0,0,59.9777559
 09/01  01:00:00,18.2,1023.583034,0,0,59.96569162
 09/01  02:00:00,17.05833333,557.7360256,0,0,59.96547352
 09/01  03:00:00,15.95833333,351.6911294,0,0,59.95981654
 09/01  04:00:00,14.85833333,625.8025592,0,0,59.96117789
 09/01  05:00:00,13.75833333,6262.527028,0,0,59.9641337
 09/01  06:00:00,13.3,9646.767468,0,0,59.92490499
 09/01  07:00:00,15.28333333,14930.31606,2594.577677,0,59.60419583
 09/01  08:00:00,17.98333333,15581.91481,4440.924494,0,59.59222273
 09/01  09:00:00,20.53333333,16230.18244,4279.892707,0,59.5994369
 09/01  10:00:00,22.98333333,16880.38623,2724.214711,0,59.58933966
 09/01  11:00:00,24.89166667,17406.23724,976.6440367,0,59.5448821
 09/01  12:00:00,26.24166667,9912.127509,0,0,59.96257646
 09/01  13:00:00,27.34166667,8770.219889,0,0,59.96065418
 09/01  14:00:00,28.44166667,10995.48769,0,0,59.96206362
 09/01  15:00:00,29.54166667,11586.8229,0,0,59.95713647
 09/01  16:00:00,29.65,11804.28131,0,0,59.94615087
 09/01  17:00:00,29.4,12477.38476,0,0,59.93293128
 09/01  18:00:00,28.75833333,18524.0338,476.0953833,0,59.56723553
 09/01  19:00:00,25.38333333,17548.71767,0,0,59.44738832
 09/01  20:00:00,22.65833333,11080.52221,0,0,59.86534725
 09/01  21:00:00,18.99166667,15382.9553,239.6872978,0,59.79710674
 09/01  22:00:00,16.7,12160.60905,0,0,59.69418183
 09/01  23:00:00,17.63333333,6227.937188,0,0,59.97187809
 09/01  24:00:00,16.375,4016.929342,0,0,59.96503271
 09/02  01:00:00,14.65,778.6177782,0,0,59.97171438
 09/02  02:00:00,14.4,401.5829593,0,0,59.96265941
 09/02  03:00:00,13.11666667,350.8791354,0,0,59.9532961
 09/02  04:00:00,11.90833333,753.0513654,0,0,59.9722832
 09/02  05:00:00,11.35,3974.166824,0,0,59.96741989
 09/02  06:00:00,13.025,12353.44477,242.1094781,0,59.8610343
 09/02  07:00:00,16.38333333,15192.20786,2557.703706,0,59.58566714
 09/02  08:00:00,19.08333333,15857.60966,4029.124763,0,59.57515712
 09/02  09:00:00,20.99166667,16348.87172,3724.025863,0,59.59283732
 09/02  10:00:00,22.98333333,16880.38623,2538.522508,0,59.58678748
 09/02  11:00:00,25.53333333,17571.74179,488.5467807,0,59.59968203
 09/02  12:00:00,27.98333333,11434.86908,0,0,59.94990545
 09/02  13:00:00,29.54166667,8507.948619,0,0,59.9677766
 09/02  14:00:00,30.64166667,9467.923269,0,0,59.97074563
 09/02  15:00:00,31.45,11449.72282,0,0,59.9611017
 09/02  16:00:00,31.99166667,11815.34366,0,0,59.95637842
 09/02  17:00:00,31.90833333,12973.34221,0,0,59.9355627
 09/02  18:00:00,31.05833333,19222.07663,236.1673025,0,59.57642814
 09/02  19:00:00,28.325,12091.12319,0,0,59.91779575
 09/02  20:00:00,23.78333333,17102.71928,452.8277416,0,59.75187763
 09/02  21:00:00,20.06666667,16109.38939,448.646612,0,59.48936661
 09/02  22:00:00,17.61666667,9493.31825,0,0,59.94846258
 09/02  23:00:00,16.7,8794.321267,0,0,59.92782927
 09/02  24:00:00,16.35,1240.821997,0,0,59.9778987
 09/03  01:00:00,15.80833333,1024.324722,0,0,59.96586742
 09/03  02:00:00,16.53333333,556.6906343,0,0,59.96593258
 09/03  03:00:00,16.26666667,349.5825514,0,0,59.96039199
 09/03  04:00:00,14.9,769.1746718,0,0,59.9540528
 09/03  05:00:00,14.75,4122.088995,0,0,59.9590277
 09/03  06:00:00,15.99166667,13023.32882,241.9039825,0,59.86213145
 09/03  07:00:00,16.99166667,15337.32759,2313.703066,0,59.58196666
 09/03  08:00:00,18.19166667,15633.33096,3655.425704,0,59.59418362
 09/03  09:00:00,20.18333333,16138.92797,3968.798241,0,59.59786613
 09/03  10:00:00,22.73333333,16813.26801,2374.584568,0,59.57000316
 09/03  11:00:00,25.825,17150.19047,732.8854349,0,59.54494661
 09/03  12:00:00,28.83333333,11808.76051,0,0,59.95481508
 09/03  13:00:00,31.28333333,8507.45024,0,0,59.96754579
 09/03  14:00:00,33.48333333,9618.827248,0,0,59.97149293
 09/03  15:00:00,34.4,11267.2161,0,0,59.96613708
 09/03  16:00:00,34.75,9961.025455,0,0,59.96546374
 09/03  17:00:00,34.35833333,16863.99228,0,0,59.90349519
 09/03  18:00:00,32.90833333,13727.3788,0,0,59.92785272
 09/03  19:00:00,30.91666667,19179.05412,724.6862863,0,59.66157055
 09/03  20:00:00,27.08333333,16556.31263,0,0,59.88444083
 09/03  21:00:00,23.71666667,14191.68745,0,0,59.71283189
 09/03  22:00:00,23.73333333,9821.334253,0,0,59.92727223
 09/03  23:00:00,24.4,8316.230785,0,0,59.94473309
 09/03  24:00:00,22.475,1243.513675,0,0,59.97771544
 09/04  01:00:00,19.175,1022.650884,0,0,59.96632857
 09/04  02:00:00,17.8,556.3409536,0,0,59.96613855
 09/04  03:00:00,16.51666667,348.2422995,0,0,59.96072717
 09/04  04:00:00,15.25,768.2391165,0,0,59.95443156
 09/04  05:00:00,17.56666667,4107.412746,0,0,59.96119747
 09/04  06:00:00,18.75833333,13788.5734,241.9561651,0,59.86395008
 09/04  07:00:00,18.94166667,15821.10462,2035.321974,0,59.57641466
 09/04  08:00:00,21.03333333,16360.7267,3405.385968,0,59.58804469
 09/04  09:00:00,24.18333333,17210.57318,3178.330613,0,59.59512687
 09/04  10:00:00,26.88333333,17973.85113,1708.835496,0,59.57620713
 09/04  11:00:00,28.73333333,11434.30293,235.4383308,0,59.74496092
 09/04  12:00:00,30.39166667,12137.23202,0,0,59.94647046
 09/04  13:00:00,31.45,12254.9567,0,0,59.96131861
 09/04  14:00:00,31.99166667,10865.95173,0,0,59.96566051
 09/04  15:00:00,32.2,8465.083088,0,0,59.97242863
 09/04  16:00:00,32.2,9658.238301,0,0,59.96417051
 09/04  17:00:00,32.2,18489.83432,0,0,59.85523217
 09/04  18:00:00,30.91666667,12732.38116,0,0,59.89095286
 09/04  19:00:00,28.71666667,18512.29823,484.6843917,0,59.75502037
 09/04  20:00:00,25.175,17489.07698,726.9736715,0,59.50252725
 09/04  21:00:00,24.29166667,10346.52161,0,0,59.79346791
 09/04  22:00:00,24.35833333,14017.38227,0,0,59.86786132
 09/04  23:00:00,21.975,7926.943767,0,0,59.97090746
 09/04  24:00:00,20.6,2271.710075,0,0,59.96406029
 09/05  01:00:00,18.96666667,776.2004098,0,0,59.97215911
 09/05  02:00:00,18.44166667,399.894715,0,0,59.96307588
 09/05  03:00:00,18.55,347.2036449,0,0,59.95438412
 09/05  04:00:00,18.3,753.2910299,0,0,59.97311894
 09/05  05:00:00,17.36666667,3969.851575,0,0,59.9689807
 09/05  06:00:00,16.35,13065.09732,241.8332211,0,59.86312023
 09/05  07:00:00,17.38333333,15433.90603,2289.076877,0,59.57442874
 09/05  08:00:00,19.29166667,15910.09085,3820.105883,0,59.58744605
 09/05  09:00:00,22.275,16691.32441,3504.064039,0,59.60078888
 09/05  10:00:00,25.18333333,17488.52178,2284.764483,0,59.57905068
 09/05  11:00:00,28.025,14794.37349,243.5327592,0,59.6365346
 09/05  12:00:00,30.1,11773.55308,0,0,59.94385829
 09/05  13:00:00,31.24166667,8767.982107,0,0,59.96018113
 09/05  14:00:00,31.99166667,11219.86179,0,0,59.96834707
 09/05  15:00:00,32.55,11431.44726,0,0,59.96087138
 09/05  16:00:00,32.45,11855.40617,0,0,59.95542874
 09/05  17:00:00,31.90833333,12973.34221,0,0,59.93314429
 09/05  18:00:00,30.35833333,19007.79434,236.9172313,0,59.56065411
 09/05  19:00:00,26.48333333,16412.64179,0,0,59.80263845
 09/05  20:00:00,23.11666667,14055.45001,0,0,59.90887026
 09/05  21:00:00,20.91666667,15430.33222,184.2530053,0,59.63899159
 09/05  22:00:00,19.65,10650.25857,0,0,59.93031883
 09/05  23:00:00,19.10833333,7919.465877,0,0,59.94032295
 09/05  24:00:00,18.9,1244.917884,0,0,59.97812426
 09/06  01:00:00,18.25833333,1024.815083,0,0,59.96607447
 09/06  02:00:00,17.8,558.020634,0,0,59.96580177
 09/06  03:00:00,16.16666667,350.5811435,0,0,59.96025188
 09/06  04:00:00,15.99166667,626.0791227,0,0,59.9539098
 09/06  05:00:00,16.05833333,6285.202708,0,0,59.95994212
 09/06  06:00:00,15.25,9931.204278,0,0,59.86196821
 09/06  07:00:00,16.28333333,15166.90199,2603.766366,0,59.59183215
 09/06  08:00:00,19.18333333,15884.21683,4392.157983,0,59.59843802
 09/06  09:00:00,22.175,16663.05448,3809.846955,0,59.59657036
 09/06  10:00:00,24.93333333,17418.84744,2469.038227,0,59.58831749
 09/06  11:00:00,28.025,15084.47704,728.1116939,0,59.62941434
 09/06  12:00:00,30.39166667,11787.55947,0,0,59.94406345
 09/06  13:00:00,32.09166667,8771.799517,0,0,59.96161352
 09/06  14:00:00,32.8,12546.33279,0,0,59.96253631
 09/06  15:00:00,33.09166667,8489.511865,0,0,59.97000952
 09/06  16:00:00,33.3,9673.388993,0,0,59.96084469
 09/06  17:00:00,33.00833333,18506.35573,0,0,59.84953323
 09/06  18:00:00,31.80833333,12918.1087,0,0,59.88432102
 09/06  19:00:00,28.18333333,18357.8434,484.0613492,0,59.75383084
 09/06  20:00:00,26.74166667,17932.21061,728.4668769,0,59.49826267
 09/06  21:00:00,27.2,11753.8063,0,0,59.85309805
 09/06  22:00:00,25.56666667,11374.09143,0,0,59.92449527
 09/06  23:00:00,23.11666667,9504.185466,0,0,59.95969919
 09/06  24:00:00,20.91666667,1247.766407,0,0,59.97724845
 09/07  01:00:00,20.35,1026.18077,0,0,59.96577869
 09/07  02:00:00,19.9,558.8027812,0,0,59.9656491
 09/07  03:00:00,19.10833333,351.4842938,0,0,59.96005895
 09/07  04:00:00,17.90833333,626.9389954,0,0,59.96149719
 09/07  05:00:00,16.90833333,6290.475224,0,0,59.96337319
 09/07  06:00:00,16.7,10177.6447,0,0,59.92570839
 09/07  07:00:00,16.99166667,15337.32759,2543.20385,0,59.60654238
 09/07  08:00:00,17.55,15474.00832,4147.21018,0,59.60119805
 09/07  09:00:00,19.43333333,15947.07485,4349.629849,0,59.59584545
 09/07  10:00:00,21.24166667,16414.21485,2854.484315,0,59.59574456
 09/07  11:00:00,20.35833333,16184.28636,949.6953953,0,59.5432437
 09/07  12:00:00,19.75,9903.229037,0,0,59.83824203
 09/07  13:00:00,20.64166667,9127.005442,0,0,59.93507742
 09/07  14:00:00,21.74166667,9543.923998,0,0,59.95048854
 09/07  15:00:00,21.55833333,9618.646059,0,0,59.94729373
 09/07  16:00:00,21.1,15197.88212,0,0,59.90193718
 09/07  17:00:00,20.80833333,11759.81243,0,0,59.85019672
 09/07  18:00:00,20.6,16246.0452,1163.821601,0,59.54689065
 09/07  19:00:00,18.61666667,15741.22656,1473.010628,0,59.53189306
 09/07  20:00:00,16.26666667,15162.47048,1446.992983,0,59.52688445
 09/07  21:00:00,14.60833333,14770.7616,238.2342185,0,59.40129673
 09/07  22:00:00,13.55,8463.141514,0,0,59.91668765
 09/07  23:00:00,12.65833333,8228.199736,0,0,59.91157529
 09/07  24:00:00,11.90833333,2843.777711,0,0,59.97103154
 09/08  01:00:00,11.7,2090.966412,0,0,59.96329443
 09/08  02:00:00,11.35,0,0,0,59.95822076
 09/08  03:00:00,10.45833333,364.6194409,0,0,59.96502603
 09/08  04:00:00,10,572.6096309,0,0,59.95737006
 09/08  05:00:00,10.64166667,5385.82448,0,0,59.9733588
 09/08  06:00:00,10.925,10453.5091,245.4917467,0,59.89581315
 09/08  07:00:00,10.33333333,13819.33746,2627.355579,0,59.59852656
 09/08  08:00:00,10.46666667,13847.71507,4799.352533,0,59.59198561
 09/08  09:00:00,10.74166667,13906.38623,5586.571911,0,59.59416652
 09/08  10:00:00,10.64166667,13884.96747,4441.753993,0,59.59752911
 09/08  11:00:00,10.89166667,13938.64669,3147.336818,0,59.59446276
 09/08  12:00:00,11.45,14059.49885,1474.290597,0,59.557742
 09/08  13:00:00,11.35,9326.071499,0,0,59.79063615
 09/08  14:00:00,10.80833333,8659.652909,0,0,59.9313873
 09/08  15:00:00,10.6,11213.78737,0,0,59.930429
 09/08  16:00:00,10.6,10407.04111,0,0,59.90108391
 09/08  17:00:00,10.25,13801.5907,705.4237438,0,59.55138645
 09/08  18:00:00,10,13748.63441,1212.567342,0,59.52215987
 09/08  19:00:00,10,13748.63441,2013.672341,0,59.56781137
 09/08  20:00:00,10,13748.63441,2586.846477,0,59.58806876
 09/08  21:00:00,9.65,13675.14626,1746.387383,0,59.58086719
 09/08  22:00:00,9.4,13622.8871,482.2797149,0,59.47576087
 09/08  23:00:00,9.4,6316.705857,0,0,59.93433329
 09/08  24:00:00,9.75,1972.377673,0,0,59.96995551
 09/09  01:00:00,10,1825.157989,0,0,59.96587639
 09/09  02:00:00,9.65,0,0,0,59.95763386
 09/09  03:00:00,9.108333333,367.8574408,0,0,59.96416886
 09/09  04:00:00,8.55,576.1663728,0,0,59.95653172
 09/09  05:00:00,7.658333333,5414.770261,0,0,59.97119282
 09/09  06:00:00,7.2,9662.493804,243.7544326,0,59.89395004
 09/09  07:00:00,8.191666667,13375.26763,2862.137867,0,59.59407535
 09/09  08:00:00,9.891666667,13726.35036,5223.907614,0,59.59173044
 09/09  09:00:00,11.88333333,14155.12047,5703.436595,0,59.59542302
 09/09  10:00:00,13.73333333,14569.1371,4520.427415,0,59.6011916
 09/09  11:00:00,14.75,14803.25388,2869.933306,0,59.59719891
 09/09  12:00:00,15.64166667,15013.06318,938.1212385,0,59.53526443
 09/09  13:00:00,16.1,9206.975586,0,0,59.92722688
 09/09  14:00:00,16.45,9824.634553,0,0,59.94875242
 09/09  15:00:00,16.99166667,10223.47237,0,0,59.94762477
 09/09  16:00:00,16.90833333,9687.685581,0,0,59.93849226
 09/09  17:00:00,16.05833333,15112.29689,237.8176248,0,59.55334761
 09/09  18:00:00,14.9,14838.46679,719.1202239,0,59.24971638
 09/09  19:00:00,14.10833333,14654.65037,1474.663684,0,59.49502153
 09/09  20:00:00,13.9,14606.77364,1740.236349,0,59.55921299
 09/09  21:00:00,13.55,14526.94167,968.497799,0,59.50817436
 09/09  22:00:00,12.65833333,9259.277418,0,0,59.79217347
 09/09  23:00:00,12.2,8281.346872,0,0,59.95485004
 09/09  24:00:00,11.90833333,4026.663083,0,0,59.97237621
 09/10  01:00:00,11.7,784.8407095,0,0,59.97131262
 09/10  02:00:00,11.35,405.1746904,0,0,59.96207998
 09/10  03:00:00,11.1,355.460632,0,0,59.95230877
 09/10  04:00:00,11.1,760.0464964,0,0,59.97174763
 09/10  05:00:00,10.80833333,3999.803948,0,0,59.96627292
 09/10  06:00:00,10.25,11781.11334,243.0280135,0,59.85934097
 09/10  07:00:00,10.35,13822.82743,2833.830037,0,59.58413741
 09/10  08:00:00,11.88333333,14155.12047,4569.015251,0,59.59696274
 09/10  09:00:00,13.73333333,14569.1371,5271.754131,0,59.59933509
 09/10  10:00:00,14.75,14803.25388,4083.606582,0,59.59823122
 09/10  11:00:00,15.99166667,15096.68156,2557.599063,0,59.59202736
 09/10  12:00:00,16.99166667,15261.15683,482.5064451,0,59.58031791
 09/10  13:00:00,17.55,10192.79455,0,0,59.94691959
 09/10  14:00:00,17.8,7455.845817,0,0,59.96732943
 09/10  15:00:00,18.09166667,9897.615792,0,0,59.94989053
 09/10  16:00:00,18.3,13049.82824,0,0,59.90774484
 09/10  17:00:00,17.65833333,12928.76557,0,0,59.92233963
 09/10  18:00:00,16.90833333,12755.76313,242.9254456,0,59.87631711
 09/10  19:00:00,16.35,15182.08054,2230.254123,0,59.58044972
 09/10  20:00:00,16.1,15122.03683,2295.732847,0,59.58685918
 09/10  21:00:00,15.10833333,14887.53767,978.405658,0,59.54880125
 09/10  22:00:00,14.10833333,9373.749742,236.1397859,0,59.76233802
 09/10  23:00:00,13.9,8328.069828,0,0,59.96502881
 09/10  24:00:00,13.9,4036.965718,0,0,59.97251637
 09/11  01:00:00,13.9,784.5064195,0,0,59.97149592
 09/11  02:00:00,13.9,405.134792,0,0,59.96211832
 09/11  03:00:00,13.55,355.0018667,0,0,59.95248627
 09/11  04:00:00,13.00833333,759.8613492,0,0,59.9718187
 09/11  05:00:00,12.8,3998.872244,0,0,59.9676841
 09/11  06:00:00,12.8,12306.49477,243.8211217,0,59.85983234
 09/11  07:00:00,12.8,14357.57723,2601.953883,0,59.59227325
 09/11  08:00:00,13.09166667,14423.15125,4402.322109,0,59.5847734
 09/11  09:00:00,13.65,14549.71207,4771.126603,0,59.5958668
 09/11  10:00:00,14.89166667,14836.79206,4078.624653,0,59.60017757
 09/11  11:00:00,16.53333333,15226.66168,2256.185082,0,59.58828068
 09/11  12:00:00,17.55,14926.88462,480.5397709,0,59.5412157
 09/11  13:00:00,18.73333333,10198.8759,0,0,59.94493165
 09/11  14:00:00,20.1,7475.595542,0,0,59.96482212
 09/11  15:00:00,20.25,9916.944336,0,0,59.95386484
 09/11  16:00:00,20,12068.05489,0,0,59.90364408
 09/11  17:00:00,19.65,16000.98549,0,0,59.63786212
 09/11  18:00:00,19.10833333,15863.07666,0,0,59.76326947
 09/11  19:00:00,18.55,15722.39371,237.7866513,0,59.53738974
 09/11  20:00:00,17.65833333,15500.8523,955.9360112,0,59.48283142
 09/11  21:00:00,16.26666667,13894.00558,0,0,59.60654587
 09/11  22:00:00,14.9,10689.35536,0,0,59.92132281
 09/11  23:00:00,14.10833333,8366.897921,0,0,59.91424691
 09/11  24:00:00,12.26666667,1253.497903,0,0,59.97641097
 09/12  01:00:00,10.80833333,1034.908838,0,0,59.96495683
 09/12  02:00:00,11.24166667,562.0794877,0,0,59.96504297
 09/12  03:00:00,12.34166667,357.126566,0,0,59.9588962
 09/12  04:00:00,11.16666667,632.0678087,0,0,59.96053154
 09/12  05:00:00,9.008333333,5560.176098,0,0,59.96385807
 09/12  06:00:00,8.65,13468.12354,0,0,59.84998456
 09/12  07:00:00,10.53333333,13863.29038,1978.808951,0,59.56571035
 09/12  08:00:00,12.63333333,14320.79273,4013.785409,0,59.59692849
 09/12  09:00:00,13.94166667,14616.55124,4845.89131,0,59.59988988
 09/12  10:00:00,15.1,14885.3089,3939.301934,0,59.59739707
 09/12  11:00:00,16.24166667,15156.21533,2495.245681,0,59.58394411
 09/12  12:00:00,16.99166667,15081.14416,437.002052,0,59.58520019
 09/12  13:00:00,17.55,9043.929057,0,0,59.93901729
 09/12  14:00:00,18.09166667,9098.171301,0,0,59.93304131
 09/12  15:00:00,18.00833333,11167.1967,0,0,59.94291307
 09/12  16:00:00,18.44166667,9281.227806,0,0,59.94714155
 09/12  17:00:00,18.25833333,15649.62792,238.7720237,0,59.61250868
 09/12  18:00:00,16.80833333,15293.26714,777.2140435,0,59.47209397
 09/12  19:00:00,14.46666667,14738.8182,972.1117169,0,59.51777948
 09/12  20:00:00,13.65,14549.71207,1496.532748,0,59.554693
 09/12  21:00:00,12.90833333,14382.41375,951.7909042,0,59.53229418
 09/12  22:00:00,11.26666667,11229.3823,0,0,59.68273045
 09/12  23:00:00,8.966666667,6249.943908,0,0,59.9639154
 09/12  24:00:00,6.516666667,4022.321583,0,0,59.97122196
 09/13  01:00:00,4.9,785.7941046,0,0,59.97179346
 09/13  02:00:00,5.1,406.2065445,0,0,59.96201902
 09/13  03:00:00,5.891666667,356.7848076,0,0,59.95215576
 09/13  04:00:00,5.458333333,762.8582826,0,0,59.97168035
 09/13  05:00:00,4.65,4042.241833,0,0,59.96692867
 09/13  06:00:00,3.466666667,10581.31105,244.7284601,0,59.85864848
 09/13  07:00:00,5.366666667,12824.65623,3213.304678,0,59.59680155
 09/13  08:00:00,9.183333333,13580.06589,5263.781133,0,59.59129226
 09/13  09:00:00,12.175,14219.86612,6090.012433,0,59.59676306
 09/13  10:00:00,14.93333333,14847.4658,4733.276838,0,59.60006493
 09/13  11:00:00,16.45,15206.15224,2933.920559,0,59.59257894
 09/13  12:00:00,17.63333333,15494.94378,732.7177646,0,59.54547369
 09/13  13:00:00,18.94166667,9571.696776,0,0,59.942495
 09/13  14:00:00,19.4,9002.315693,0,0,59.93533632
 09/13  15:00:00,19.4,9495.319478,0,0,59.94571194
 09/13  16:00:00,19.75,9639.222835,0,0,59.91838108
 09/13  17:00:00,20,16090.73986,238.9697283,0,59.78386503
 09/13  18:00:00,18.71666667,15765.08655,958.2641345,0,59.52612126
 09/13  19:00:00,15.525,14988.05805,1222.155806,0,59.53360844
 09/13  20:00:00,12.90833333,14382.41375,1641.592672,0,59.55578488
 09/13  21:00:00,12.2,14224.02214,997.8151936,0,59.53141068
 09/13  22:00:00,11.26666667,9286.385198,0,0,59.73663136
 09/13  23:00:00,10.6,8296.664756,0,0,59.95205875
 09/13  24:00:00,9.9,4029.980725,0,0,59.97229861
 09/14  01:00:00,8.758333333,785.9924247,0,0,59.97195166
 09/14  02:00:00,8.65,406.2979889,0,0,59.96208575
 09/14  03:00:00,8.9,356.6170584,0,0,59.9523109
 09/14  04:00:00,9.191666667,763.0996834,0,0,59.97174556
 09/14  05:00:00,8.466666667,4018.454199,0,0,59.96692995
 09/14  06:00:00,8.091666667,11382.31685,242.6532375,0,59.85881069
 09/14  07:00:00,9.641666667,13674.33002,2788.465467,0,59.57855296
 09/14  08:00:00,12.525,14298.20702,5102.337063,0,59.5934809
 09/14  09:00:00,14.19166667,14673.83872,5282.147115,0,59.59020057
 09/14  10:00:00,16.03333333,15107.56832,4087.200864,0,59.59714999
 09/14  11:00:00,18.48333333,15706.53353,2313.862145,0,59.58641971
 09/14  12:00:00,20.74166667,13218.47465,483.8953118,0,59.65037999
 09/14  13:00:00,21.99166667,9870.16363,0,0,59.95140961
 09/14  14:00:00,22.55,9203.323055,0,0,59.95156702
 09/14  15:00:00,23.09166667,10212.60676,0,0,59.94102988
 09/14  16:00:00,23.3,14138.01986,0,0,59.89855886
 09/14  17:00:00,22.65833333,10644.84751,0,0,59.94246232
 09/14  18:00:00,20.91666667,16329.59765,1202.643166,0,59.61109299
 09/14  19:00:00,19.00833333,15838.26653,1707.192876,0,59.57095513
 09/14  20:00:00,17.65833333,15500.8523,1312.713092,0,59.54445901
 09/14  21:00:00,17.2,15388.10363,303.5373728,0,59.5267853
 09/14  22:00:00,16.55833333,9445.733642,0,0,59.94668036
 09/14  23:00:00,15.45833333,9106.125821,0,0,59.92230896
 09/14  24:00:00,14.65,1257.226072,0,0,59.97695261
 09/15  01:00:00,13.75833333,1034.252631,0,0,59.96544612
 09/15  02:00:00,12.65833333,562.95762,0,0,59.96522381
 09/15  03:00:00,10.56666667,356.4089851,0,0,59.95925135
 09/15  04:00:00,8.116666667,632.4183616,0,0,59.96083912
 09/15  05:00:00,7.2,5517.731787,0,0,59.96303273
 09/15  06:00:00,7.2,13176.12791,0,0,59.84759786
 09/15  07:00:00,8.833333333,13507.13802,1983.367862,0,59.57291257
 09/15  08:00:00,11.63333333,14100.89904,4379.881689,0,59.58853602
 09/15  09:00:00,14.08333333,14649.76431,5172.630478,0,59.59933122
 09/15  10:00:00,15.35,14943.91963,4120.565195,0,59.59744836
 09/15  11:00:00,16.53333333,15226.66168,2522.364609,0,59.59180623
 09/15  12:00:00,17.2,15314.00542,483.7448397,0,59.58307279
 09/15  13:00:00,17.55,9043.929057,0,0,59.93868532
 09/15  14:00:00,18.09166667,8683.141475,0,0,59.93594335
 09/15  15:00:00,18.3,9785.118964,0,0,59.94418901
 09/15  16:00:00,18.3,10425.90386,0,0,59.92579071
 09/15  17:00:00,17.65833333,15500.8523,239.5612069,0,59.78209631
 09/15  18:00:00,16.26666667,15162.47048,843.4269545,0,59.51722875
 09/15  19:00:00,14.25833333,14690.1615,1358.748702,0,59.54689194
 09/15  20:00:00,12.65833333,14326.12031,1978.403772,0,59.56792808
 09/15  21:00:00,11.90833333,14159.75093,976.9102887,0,59.54401532
 09/15  22:00:00,11.35,11553.96686,237.8854873,0,59.67895651
 09/15  23:00:00,10.45833333,6263.342458,0,0,59.9646849
 09/15  24:00:00,8.075,4029.945382,0,0,59.97260482
 09/16  01:00:00,6.991666667,787.807217,0,0,59.9717855
 09/16  02:00:00,7.2,406.7398173,0,0,59.9621014
 09/16  03:00:00,7.841666667,357.0150854,0,0,59.95230716
 09/16  04:00:00,7.366666667,764.5728693,0,0,59.97174415
 09/16  05:00:00,6.35,4036.58176,0,0,59.96703585
 09/16  06:00:00,6.1,11017.00599,245.227045,0,59.85793251
 09/16  07:00:00,6.741666667,13086.11214,3022.476037,0,59.5891553
 09/16  08:00:00,8.833333333,13507.13802,5284.498436,0,59.58949118
 09/16  09:00:00,10.99166667,13960.67866,5828.562816,0,59.59422322
 09/16  10:00:00,11.99166667,14178.08724,4881.672106,0,59.59355731
 09/16  11:00:00,12.2,14224.02214,3404.62743,0,59.5999628
 09/16  12:00:00,11.90833333,14159.75093,1238.096904,0,59.56829947
 09/16  13:00:00,13.275,8986.699891,0,0,59.7606876
 09/16  14:00:00,11.83333333,9405.1382,0,0,59.94686244
 09/16  15:00:00,11.28333333,11285.81809,0,0,59.93342066
 09/16  16:00:00,12.55,11927.43287,0,0,59.90425471
 09/16  17:00:00,11.80833333,14138.28699,287.0258588,0,59.50065936
 09/16  18:00:00,10.45833333,13846.04636,527.3978248,0,59.47566882
 09/16  19:00:00,9.65,13675.14626,1714.300344,0,59.54219987
 09/16  20:00:00,8.758333333,13490.48656,2495.446985,0,59.58286201
 09/16  21:00:00,7.658333333,13267.57559,2015.200965,0,59.58086352
 09/16  22:00:00,7.2,13176.12791,974.0309402,0,59.533953
 09/16  23:00:00,6.908333333,8170.031111,0,0,59.86765123
 09/16  24:00:00,7.341666667,1260.482648,0,0,59.97667891
 09/17  01:00:00,7.45,1038.661506,0,0,59.96527272
 09/17  02:00:00,6.558333333,564.2855893,0,0,59.9650523
 09/17  03:00:00,5.808333333,358.5596482,0,0,59.95885024
 09/17  04:00:00,5.25,634.7524704,0,0,59.96056327
 09/17  05:00:00,4.65,5419.496642,0,0,59.96242131
 09/17  06:00:00,4.108333333,12586.35957,0,0,59.84149738
 09/17  07:00:00,4.891666667,12732.09591,2305.001144,0,59.58181163
 09/17  08:00:00,6.533333333,13045.66924,4802.659981,0,59.58860227
 09/17  09:00:00,8.483333333,13434.91502,5950.118392,0,59.59659663
 09/17  10:00:00,10.1,13770.02606,5137.669516,0,59.59428873
 09/17  11:00:00,10.89166667,13938.64669,3601.293169,0,59.5978224
 09/17  12:00:00,11.45,14059.49885,1748.447072,0,59.57726385
 09/17  13:00:00,12.63333333,9290.453989,235.6535095,0,59.72131849
 09/17  14:00:00,13.94166667,9419.641724,0,0,59.94710868
 09/17  15:00:00,14.75,9707.411055,0,0,59.94828905
 09/17  16:00:00,15,14861.5935,0,0,59.87449088
 09/17  17:00:00,14.65,14779.97225,0,0,59.86431978
 09/17  18:00:00,13.11666667,14429.65038,0,0,59.73541326
 09/17  19:00:00,11.26666667,14020.07728,973.5428153,0,59.52900511
 09/17  20:00:00,10.25,13801.5907,2019.970005,0,59.57214312
 09/17  21:00:00,9.65,13675.14626,1739.061051,0,59.5745676
 09/17  22:00:00,8.758333333,13490.48656,455.0953541,0,59.47448966
 09/17  23:00:00,7.366666667,6255.762435,0,0,59.9385258
 09/17  24:00:00,6.058333333,1985.870135,0,0,59.97042807
 09/18  01:00:00,5.891666667,1842.214275,0,0,59.9652092
 09/18  02:00:00,6.1,0,0,0,59.95760902
 09/18  03:00:00,6.1,370.6688049,0,0,59.96386827
 09/18  04:00:00,6.1,580.8843406,0,0,59.95619313
 09/18  05:00:00,5.808333333,5465.730094,0,0,59.97141809
 09/18  06:00:00,5.6,9434.583042,246.1278586,0,59.89396914
 09/18  07:00:00,6.533333333,13045.66924,2946.942554,0,59.60248384
 09/18  08:00:00,8.833333333,13507.13802,5591.870656,0,59.5916139
 09/18  09:00:00,11.28333333,14024.1215,6100.021901,0,59.59330063
 09/18  10:00:00,13.83333333,14592.98675,4884.389461,0,59.59757951
 09/18  11:00:00,15.99166667,15096.68156,3108.915701,0,59.59752673
 09/18  12:00:00,17.63333333,15494.94378,978.7209521,0,59.53880514
 09/18  13:00:00,18.65,9041.847242,0,0,59.92846603
 09/18  14:00:00,18.9,10297.88306,0,0,59.93064584
 09/18  15:00:00,19.19166667,9343.441812,0,0,59.94932619
 09/18  16:00:00,19.10833333,9598.789247,0,0,59.92330841
 09/18  17:00:00,18.9,15810.35879,240.1669347,0,59.75069505
 09/18  18:00:00,18.25833333,15649.62792,942.4332049,0,59.51008808
 09/18  19:00:00,16.51666667,15223.0693,1422.916484,0,59.52659012
 09/18  20:00:00,15.25,14920.35915,1472.888856,0,59.55335343
 09/18  21:00:00,14.65,14779.97225,481.1848538,0,59.49102234
 09/18  22:00:00,14.10833333,10989.3695,0,0,59.80986011
 09/18  23:00:00,13.9,8458.937529,0,0,59.94444537
 09/18  24:00:00,13.55,1263.415499,0,0,59.97302675
 09/19  01:00:00,13.3,1040.553928,0,0,59.96767489
 09/19  02:00:00,13.3,565.7573287,0,0,59.96649207
 09/19  03:00:00,13.00833333,359.445642,0,0,59.9563646
 09/19  04:00:00,13.09166667,635.5749109,0,0,59.96158431
 09/19  05:00:00,12.65833333,5733.92805,0,0,59.95734742
 09/19  06:00:00,12.2,14224.02214,0,0,59.85875101
 09/19  07:00:00,12.55,14301.79373,1755.761978,0,59.57918129
 09/19  08:00:00,14.43333333,14731.09638,3646.85399,0,59.59663626
 09/19  09:00:00,15.89166667,15072.32584,4567.766932,0,59.59111771
 09/19  10:00:00,17.73333333,15520.60596,3497.377552,0,59.60045783
 09/19  11:00:00,19.54166667,15973.45881,2011.675434,0,59.58015919
 09/19  12:00:00,20.64166667,9874.362318,236.7935072,0,59.71412062
 09/19  13:00:00,21.1,12618.37325,0,0,59.9137981
 09/19  14:00:00,21.74166667,8904.754077,0,0,59.95408638
 09/19  15:00:00,22.2,9661.056872,0,0,59.93663468
 09/19  16:00:00,21.55833333,11768.3958,0,0,59.90298954
 09/19  17:00:00,20.80833333,14483.20012,240.0898727,0,59.67525631
 09/19  18:00:00,19.25833333,15902.07341,1150.29581,0,59.82625573
 09/19  19:00:00,17.01666667,15344.27985,1736.896706,0,59.58763072
 09/19  20:00:00,15.10833333,14887.53767,1462.795186,0,59.51402842
 09/19  21:00:00,12.475,14287.07743,724.7108284,0,59.49578479
 09/19  22:00:00,10.10833333,9137.312123,235.6416005,0,59.77453448
 09/19  23:00:00,9.75,8341.901163,0,0,59.92102903
 09/19  24:00:00,9.65,4048.844684,0,0,59.97028287
 09/20  01:00:00,8.116666667,791.1467758,0,0,59.96585032
 09/20  02:00:00,6.558333333,408.2221895,0,0,59.95781774
 09/20  03:00:00,6.1,358.4932122,0,0,59.96416758
 09/20  04:00:00,5.808333333,768.1533639,0,0,59.95649142
 09/20  05:00:00,4.9,4072.063368,0,0,59.97111815
 09/20  06:00:00,4.4,10744.04908,245.1219448,0,59.89381125
 09/20  07:00:00,6.033333333,12949.81333,3186.9384,0,59.59808983
 09/20  08:00:00,8.833333333,13507.13802,5276.375113,0,59.59230761
 09/20  09:00:00,11.28333333,14024.1215,6147.415822,0,59.59455119
 09/20  10:00:00,13.83333333,14592.98675,4891.770596,0,59.59591315
 09/20  11:00:00,15.99166667,15096.68156,3165.375476,0,59.59225844
 09/20  12:00:00,17.63333333,15494.94378,936.3663509,0,59.54812689
 09/20  13:00:00,18.65,9142.835264,0,0,59.91939207
 09/20  14:00:00,19.54166667,9713.86055,0,0,59.93060085
 09/20  15:00:00,19.65,9748.821903,0,0,59.94089113
 09/20  16:00:00,19.4,9887.025748,0,0,59.8940686
 09/20  17:00:00,19.10833333,15863.07666,240.0475596,0,59.86074756
 09/20  18:00:00,16.975,15335.27361,959.8712769,0,59.575514
 09/20  19:00:00,13.325,14478.67393,1633.725164,0,59.57870281
 09/20  20:00:00,11.35,14037.75089,2012.175174,0,59.57358535
 09/20  21:00:00,10.80833333,13920.7364,1416.347606,0,59.56919543
 09/20  22:00:00,9.608333333,13666.90384,240.2750879,0,59.52861447
 09/20  23:00:00,9.191666667,5753.56523,0,0,59.96333033
 09/20  24:00:00,8.758333333,1993.92111,0,0,59.97054172
 09/21  01:00:00,8.008333333,1844.731131,0,0,59.96596411
 09/21  02:00:00,6.808333333,0,0,0,59.95783605
 09/21  03:00:00,6.1,370.1602356,0,0,59.96420135
 09/21  04:00:00,6.1,580.8218404,0,0,59.95653138
 09/21  05:00:00,4.816666667,5489.599112,0,0,59.97114926
 09/21  06:00:00,3.258333333,9098.221059,245.1084786,0,59.89478388
 09/21  07:00:00,6.008333333,12949.22038,3201.780441,0,59.59969271
 09/21  08:00:00,10.28333333,13810.77303,5617.636342,0,59.59017754
 09/21  09:00:00,13.625,14545.99756,6072.096578,0,59.59196589
 09/21  10:00:00,15.99166667,15096.68156,4730.318964,0,59.58748553
 09/21  11:00:00,16.99166667,15337.32759,2872.49099,0,59.59547861
 09/21  12:00:00,17.84166667,15546.13401,734.2805178,0,59.52785344
 09/21  13:00:00,18.94166667,8974.303261,0,0,59.93899772
 09/21  14:00:00,20.1,9797.384189,0,0,59.93985618
 09/21  15:00:00,20.89166667,9597.493678,0,0,59.94708001
 09/21  16:00:00,21.1,9723.424997,0,0,59.9360471
 09/21  17:00:00,20.45833333,16209.4528,240.2314266,0,59.69982258
 09/21  18:00:00,18.71666667,15765.08655,940.1805363,0,59.46478761
 09/21  19:00:00,15.525,14988.05805,1181.581715,0,59.51102216
 09/21  20:00:00,12.90833333,14382.41375,1686.690585,0,59.54539122
 09/21  21:00:00,12.2,14224.02214,1214.981676,0,59.54219467
 09/21  22:00:00,12.55,11483.18798,0,0,59.62274296
 09/21  23:00:00,10.81666667,6294.158816,0,0,59.96485674
 09/21  24:00:00,9.108333333,4053.06669,0,0,59.97272416
 09/22  01:00:00,9.191666667,792.4796371,0,0,59.97176959
 09/22  02:00:00,8.758333333,408.5124107,0,0,59.96209184
 09/22  03:00:00,8.008333333,358.4082724,0,0,59.95235336
 09/22  04:00:00,7.45,769.2510014,0,0,59.97173919
 09/22  05:00:00,7.2,4059.297052,0,0,59.96726486
 09/22  06:00:00,7.2,11224.10896,242.508346,0,59.85821102
 09/22  07:00:00,8.483333333,13434.91502,2880.838924,0,59.58829755
 09/22  08:00:00,11.675,14111.39743,5235.265853,0,59.59454652
 09/22  09:00:00,15.575,14999.89639,5667.482546,0,59.59518407
 09/22  10:00:00,18.48333333,15706.53353,4172.328871,0,59.59301776
 09/22  11:00:00,20.39166667,16192.47421,2363.141722,0,59.56690711
 09/22  12:00:00,21.74166667,12280.8822,241.659293,0,59.67168711
 09/22  13:00:00,22.55,11938.54552,0,0,59.92775481
 09/22  14:00:00,23.44166667,8734.162185,0,0,59.95343467
 09/22  15:00:00,24.19166667,10422.02085,0,0,59.94092699
 09/22  16:00:00,24.4,13622.74719,0,0,59.93077598
 09/22  17:00:00,23.46666667,10818.83709,0,0,59.93194826
 09/22  18:00:00,21.16666667,16395.73473,1225.772362,0,59.60205821
 09/22  19:00:00,18.075,15605.81361,1714.907923,0,59.56418905
 09/22  20:00:00,16.7,15266.46705,1483.216359,0,59.54278927
 09/22  21:00:00,15.70833333,15029.20264,483.4482811,0,59.50345198
 09/22  22:00:00,15.99166667,10432.80491,0,0,59.88877019
 09/22  23:00:00,15.70833333,9018.09479,0,0,59.92468748
 09/22  24:00:00,14.35833333,1266.194838,0,0,59.97323702
 09/23  01:00:00,13.55,1043.454521,0,0,59.96799569
 09/23  02:00:00,12.36666667,566.517778,0,0,59.96674199
 09/23  03:00:00,11.99166667,358.3378223,0,0,59.95693809
 09/23  04:00:00,12.2,636.1748824,0,0,59.96201511
 09/23  05:00:00,11.26666667,5681.610032,0,0,59.95801012
 09/23  06:00:00,9.608333333,13666.90384,0,0,59.85929876
 09/23  07:00:00,9.891666667,13726.35036,2027.209199,0,59.57776072
 09/23  08:00:00,11.53333333,14078.07183,4123.591082,0,59.59837689
 09/23  09:00:00,14.825,14824.49022,5165.78926,0,59.5984419
 09/23  10:00:00,17.63333333,15494.94378,3938.447911,0,59.58577244
 09/23  11:00:00,19.64166667,15999.78196,2260.77957,0,59.58487833
 09/23  12:00:00,20.89166667,12666.1031,241.2291956,0,59.66559061
 09/23  13:00:00,21.74166667,12728.23683,0,0,59.9159573
 09/23  14:00:00,22.84166667,8706.598645,0,0,59.95466726
 09/23  15:00:00,23.65,10901.4425,0,0,59.93949658
 09/23  16:00:00,23.25833333,10703.66606,0,0,59.93629368
 09/23  17:00:00,22.45,16735.5035,0,0,59.59703936
 09/23  18:00:00,20.91666667,16329.59765,0,0,59.63353721
 09/23  19:00:00,19.00833333,15838.26653,238.0424067,0,59.48194974
 09/23  20:00:00,16.725,15273.89375,728.4678515,0,59.50307429
 09/23  21:00:00,14.9,14838.46679,237.957279,0,59.41903115
 09/23  22:00:00,14.4,10293.6927,0,0,59.92846772
 09/23  23:00:00,13.46666667,8354.233436,0,0,59.91074106
 09/23  24:00:00,12.45,1266.521068,0,0,59.97297936
 09/24  01:00:00,10.275,1045.149737,0,0,59.97243228
 09/24  02:00:00,9.891666667,565.611194,0,0,59.96263665
 09/24  03:00:00,10.89166667,356.5990964,0,0,59.95319367
 09/24  04:00:00,10.80833333,635.5016648,0,0,59.97215118
 09/24  05:00:00,9.258333333,5595.117017,0,0,59.96732978
 09/24  06:00:00,8.941666667,13528.18511,0,0,59.85949247
 09/24  07:00:00,10.1,13770.02606,1947.363575,0,59.58531509
 09/24  08:00:00,11.24166667,14014.40307,4380.401139,0,59.5930529
 09/24  09:00:00,13.275,14465.86737,5206.728276,0,59.59844803
 09/24  10:00:00,15.74166667,15037.57381,4167.247604,0,59.60137039
 09/24  11:00:00,17.98333333,15581.91481,2524.775111,0,59.59485174
 09/24  12:00:00,20.18333333,15680.67664,489.2774018,0,59.61433962
 09/24  13:00:00,22.09166667,9760.212977,0,0,59.93834497
 09/24  14:00:00,23.44166667,9283.775444,0,0,59.95343654
 09/24  15:00:00,25.18333333,10175.59834,0,0,59.94468815
 09/24  16:00:00,25.45833333,11327.53535,0,0,59.94107163
 09/24  17:00:00,24.65,11446.54642,0,0,59.94730797
 09/24  18:00:00,22.825,16837.94784,241.6563574,0,59.64202934
 09/24  19:00:00,20.70833333,16274.80885,1992.836267,0,59.56093718
 09/24  20:00:00,19.65,16000.98549,1480.534967,0,59.53537279
 09/24  21:00:00,19.4,15937.10761,480.3052524,0,59.62382613
 09/24  22:00:00,19.4,9499.128469,0,0,59.9137934
 09/24  23:00:00,18.75833333,9064.865762,0,0,59.91583252
 09/24  24:00:00,17.65833333,1267.660364,0,0,59.97752732
 09/25  01:00:00,17.2,1043.974216,0,0,59.96642178
 09/25  02:00:00,16.26666667,564.7943043,0,0,59.96608765
 09/25  03:00:00,15.6,355.3978645,0,0,59.96013773
 09/25  04:00:00,15.89166667,635.2804693,0,0,59.96173582
 09/25  05:00:00,15.45833333,6394.175892,0,0,59.96436982
 09/25  06:00:00,14.41666667,9791.548925,0,0,59.92475607
 09/25  07:00:00,15.225,14915.23877,2850.138809,0,59.606283
 09/25  08:00:00,17.73333333,15520.60596,4519.896958,0,59.59428417
 09/25  09:00:00,20.53333333,16230.18244,4521.157375,0,59.59762469
 09/25  10:00:00,22.34166667,16706.56708,3324.823664,0,59.59164011
 09/25  11:00:00,23.44166667,17004.54277,1207.960156,0,59.56274922
 09/25  12:00:00,24.89166667,10432.85363,0,0,59.85702907
 09/25  13:00:00,25.89166667,11076.99779,0,0,59.93837759
 09/25  14:00:00,26.45,11338.25596,0,0,59.95881424
 09/25  15:00:00,26.99166667,10496.68655,0,0,59.96257139
 09/25  16:00:00,26.90833333,11970.72273,0,0,59.94461866
 09/25  17:00:00,26.05833333,11040.20928,0,0,59.89305687
 09/25  18:00:00,23.96666667,17149.98909,1227.38479,0,59.5400519
 09/25  19:00:00,22.15833333,16657.45119,1189.529091,0,59.53232811
 09/25  20:00:00,21.35,16442.59745,957.3329335,0,59.46629058
 09/25  21:00:00,20.45833333,10678.82637,0,0,59.80544435
 09/25  22:00:00,19.35833333,15035.41645,0,0,59.77129258
 09/25  23:00:00,18.55,6575.196662,0,0,59.94639945
 09/25  24:00:00,17.65833333,2000.400411,0,0,59.9712342
 09/26  01:00:00,16.55833333,1850.145527,0,0,59.96659748
 09/26  02:00:00,14.175,0,0,0,59.95810397
 09/26  03:00:00,12.8,369.2195829,0,0,59.96501319
 09/26  04:00:00,12.45,579.9667205,0,0,59.95734124
 09/26  05:00:00,11.55833333,5489.687806,0,0,59.97224054
 09/26  06:00:00,10.45833333,10363.33339,244.7999616,0,59.8954649
 09/26  07:00:00,11.925,14165.41876,2912.841298,0,59.60148037
 09/26  08:00:00,16.21666667,15154.69611,4907.460219,0,59.59323425
 09/26  09:00:00,19.93333333,16075.06299,5046.435162,0,59.59374829
 09/26  10:00:00,22.38333333,16718.43497,3401.268153,0,59.59396557
 09/26  11:00:00,23.3,16965.62383,1483.344993,0,59.56505091
 09/26  12:00:00,24.64166667,10514.11936,0,0,59.80998066
 09/26  13:00:00,25.6,11565.5419,0,0,59.95282774
 09/26  14:00:00,26.88333333,11468.58236,0,0,59.97007562
 09/26  15:00:00,27.8,10436.85481,0,0,59.9618935
 09/26  16:00:00,27.45,12072.36413,0,0,59.92874434
 09/26  17:00:00,26.55833333,11040.18724,0,0,59.89342694
 09/26  18:00:00,24.81666667,17385.60378,1220.429244,0,59.54806207
 09/26  19:00:00,22.26666667,16687.70354,1206.008499,0,59.521083
 09/26  20:00:00,18.53333333,15721.79293,728.5169512,0,59.49007914
 09/26  21:00:00,16.7,15266.46705,238.2377447,0,59.64722253
 09/26  22:00:00,14.425,9043.175044,0,0,59.93948309
 09/26  23:00:00,13.73333333,8506.414049,0,0,59.91389332
 09/26  24:00:00,12.825,2380.125038,0,0,59.97690266
 09/27  01:00:00,12.63333333,921.6584696,0,0,59.96543
 09/27  02:00:00,11.725,463.6114479,0,0,59.96563759
 09/27  03:00:00,11.24166667,357.9254686,0,0,59.95965783
 09/27  04:00:00,10.70833333,726.208678,0,0,59.96123404
 09/27  05:00:00,11.28333333,4235.155323,0,0,59.96447378
 09/27  06:00:00,11.55833333,12014.83762,243.2535454,0,59.85451829
 09/27  07:00:00,12.73333333,14344.13117,2851.170053,0,59.56577036
 09/27  08:00:00,15.18333333,14905.52142,4534.047572,0,59.5861144
 09/27  09:00:00,16.74166667,15276.78686,5169.462853,0,59.59872326
 09/27  10:00:00,18.48333333,15706.53353,3803.356868,0,59.59605652
 09/27  11:00:00,20.74166667,16283.9546,1934.514273,0,59.56862792
 09/27  12:00:00,22.63333333,10875.38654,240.3248575,0,59.7491632
 09/27  13:00:00,24.29166667,11878.41467,0,0,59.92821243
 09/27  14:00:00,25,10203.56199,0,0,59.94866088
 09/27  15:00:00,25.64166667,8462.860968,0,0,59.95918635
 09/27  16:00:00,26.1,13418.52888,0,0,59.95189765
 09/27  17:00:00,25.45833333,13636.04123,0,0,59.79139398
 09/27  18:00:00,24.00833333,17160.55633,1216.305077,0,59.45203793
 09/27  19:00:00,20.73333333,16284.42955,1214.320513,0,59.2727359
 09/27  20:00:00,16.275,15167.80188,964.5388611,0,59.4624489
 09/27  21:00:00,14.4,14721.90373,257.5,0,59.49053323
 09/27  22:00:00,14.10833333,9104.627033,0,0,59.9435831
 09/27  23:00:00,15.53333333,9441.177355,0,0,59.89024714
 09/27  24:00:00,16.35,2293.028517,0,0,59.97282594
 09/28  01:00:00,15.10833333,923.3149698,0,0,59.96769962
 09/28  02:00:00,14.4,464.9468588,0,0,59.9668268
 09/28  03:00:00,13.75833333,358.7804009,0,0,59.95718279
 09/28  04:00:00,13.00833333,727.4711175,0,0,59.96236026
 09/28  05:00:00,12.8,4228.808235,0,0,59.95872589
 09/28  06:00:00,12.8,12306.49477,243.6524479,0,59.8604526
 09/28  07:00:00,13.09166667,14423.15125,2610.590385,0,59.59416534
 09/28  08:00:00,14.93333333,14847.4658,4766.726054,0,59.59195196
 09/28  09:00:00,17.09166667,15362.19453,4838.594571,0,59.59013271
 09/28  10:00:00,19.08333333,15857.60966,3800.959768,0,59.59712513
 09/28  11:00:00,21.28333333,16425.86974,1998.850313,0,59.58368752
 09/28  12:00:00,23.19166667,9990.873555,257.5,0,59.73244856
 09/28  13:00:00,24.54166667,13278.40365,0,0,59.928673
 09/28  14:00:00,25.99166667,7831.568841,0,0,59.96207024
 09/28  15:00:00,27.34166667,11219.42569,0,0,59.95946714
 09/28  16:00:00,27.45,11153.27827,0,0,59.95531337
 09/28  17:00:00,26.55833333,17879.34575,0,0,59.79758817
 09/28  18:00:00,24.175,17208.13979,0,0,59.60646142
 09/28  19:00:00,22.15833333,16657.45119,0,0,59.4660144
 09/28  20:00:00,20.35833333,16184.28636,0,0,59.19278689
 09/28  21:00:00,18.75833333,11635.60053,0,0,59.7680179
 09/28  22:00:00,17.01666667,12719.80229,0,0,59.90222659
 09/28  23:00:00,16.74166667,6356.183648,0,0,59.96992022
 09/28  24:00:00,16.90833333,4129.170261,0,0,59.97272177
 09/29  01:00:00,16.05833333,797.8797768,0,0,59.97172567
 09/29  02:00:00,15.6,409.8869637,0,0,59.96231869
 09/29  03:00:00,15.25,358.4569013,0,0,59.95294356
 09/29  04:00:00,14.35833333,773.3853591,0,0,59.97196302
 09/29  05:00:00,14.19166667,4080.051371,0,0,59.96776069
 09/29  06:00:00,14.10833333,12554.27399,243.9725345,0,59.85986251
 09/29  07:00:00,15.18333333,14905.52142,2609.09121,0,59.59291455
 09/29  08:00:00,17.38333333,15433.90603,4456.397254,0,59.58963102
 09/29  09:00:00,18.94166667,15821.10462,4384.157073,0,59.59584151
 09/29  10:00:00,20.1,16116.779,3449.429938,0,59.59955889
 09/29  11:00:00,21.24166667,16414.21485,1711.399387,0,59.56289681
 09/29  12:00:00,22.34166667,9928.964492,0,0,59.7712701
 09/29  13:00:00,23.09166667,11714.66607,0,0,59.95242688
 09/29  14:00:00,23.65,9571.838925,0,0,59.94023142
 09/29  15:00:00,23.9,9980.002471,0,0,59.95001836
 09/29  16:00:00,23.55,11304.26642,0,0,59.91305586
 09/29  17:00:00,22.65833333,15664.05878,240.6802267,0,59.82717964
 09/29  18:00:00,20.91666667,16329.59765,1175.406427,0,59.53506897
 09/29  19:00:00,19.35833333,15926.72863,1479.810505,0,59.54075982
 09/29  20:00:00,18.25833333,15649.62792,1176.856489,0,59.52258332
 09/29  21:00:00,16.16666667,15139.47802,239.6764027,0,59.47301439
 09/29  22:00:00,14.65,8594.231397,0,0,59.92944263
 09/29  23:00:00,14.4,8450.176932,0,0,59.90078005
 09/29  24:00:00,13.75833333,4113.718571,0,0,59.97359403
 09/30  01:00:00,12.36666667,798.0597787,0,0,59.96820525
 09/30  02:00:00,11.99166667,409.8563206,0,0,59.96709829
 09/30  03:00:00,11.55833333,358.5736316,0,0,59.95725702
 09/30  04:00:00,10.80833333,774.688339,0,0,59.96243108
 09/30  05:00:00,10.6,4088.217053,0,0,59.9580653
 09/30  06:00:00,10.6,11852.46349,243.1565983,0,59.85937227
 09/30  07:00:00,11.24166667,14014.40307,2801.375762,0,59.58115106
 09/30  08:00:00,12.98333333,14399.63066,5027.317855,0,59.59662974
 09/30  09:00:00,15.53333333,14988.64278,5344.592089,0,59.59583648
 09/30  10:00:00,17.63333333,15494.94378,4091.098215,0,59.58288375
 09/30  11:00:00,19.29166667,15910.09085,2468.295025,0,59.57833896
 09/30  12:00:00,20.64166667,13505.39877,484.0619919,0,59.65247294
 09/30  13:00:00,21.74166667,12436.13461,0,0,59.91528283
 09/30  14:00:00,22.84166667,8196.78739,0,0,59.95608157
 09/30  15:00:00,23.3,9712.229312,0,0,59.95501966
 09/30  16:00:00,23.3,10357.16258,0,0,59.93052497
 09/30  17:00:00,22.65833333,16791.77154,187.4952682,0,59.73609788
 09/30  18:00:00,20.275,16163.76401,503.1197766,0,59.46256981
 09/30  19:00:00,18.25833333,15649.62792,965.1093411,0,59.49871318
 09/30  20:00:00,16.80833333,15293.26714,1189.591136,0,59.51683967
 09/30  21:00:00,15.80833333,15052.4791,478.0632255,0,59.45530281
 09/30  22:00:00,14.60833333,9120.788235,0,0,59.88000021
 09/30  23:00:00,12.96666667,9381.580698,0,0,59.89737023
 09/30  24:00:00,11.30833333,2481.497875,0,0,59.97346052
 10/01  01:00:00,9.608333333,924.3100228,0,0,59.97233815
 10/01  02:00:00,7.908333333,465.3174694,0,0,59.9628211
 10/01  03:00:00,6.266666667,357.8678887,0,0,59.95343079
 10/01  04:00:00,4.608333333,728.9221492,0,0,59.97223651
 10/01  05:00:00,4.016666667,5233.871371,0,0,59.96672852
 10/01  06:00:00,4.158333333,9238.435637,245.2960413,0,59.8587073
 10/01  07:00:00,4.316666667,12624.66915,3152.155994,0,59.5846514
 10/01  08:00:00,5.625,12870.93532,5951.349081,0,59.59662322
 10/01  09:00:00,7.666666667,13269.76843,6821.780819,0,59.59344499
 10/01  10:00:00,9.725,13691.6228,5726.638767,0,59.5979261
 10/01  11:00:00,11.00833333,13963.8205,4086.398267,0,59.60164961
 10/01  12:00:00,11.76666667,14128.7267,2046.33744,0,59.58534285
 10/01  13:00:00,12.50833333,11831.64554,480.3255407,0,59.65929587
 10/01  14:00:00,12.91666667,9324.129691,0,0,59.94837343
 10/01  15:00:00,13.05833333,11767.04853,0,0,59.92440024
 10/01  16:00:00,13.21666667,9639.229832,0,0,59.93821619
 10/01  17:00:00,12.54166667,14300.18741,477.8972683,0,59.58787088
 10/01  18:00:00,11.24166667,14014.49344,967.3522277,0,59.50323485
 10/01  19:00:00,9.941666667,13736.65373,2013.569879,0,59.56297572
 10/01  20:00:00,8.641666667,13466.66827,2611.67077,0,59.5905019
 10/01  21:00:00,7.4,13216.08399,2293.27455,0,59.58941678
 10/01  22:00:00,6.141666667,12969.54105,1164.381533,0,59.53385567
 10/01  23:00:00,5.25,7688.237904,237.3402902,0,59.82614215
 10/01  24:00:00,4.708333333,2785.569106,0,0,59.97316818
 10/02  01:00:00,4.15,929.63005,0,0,59.96782402
 10/02  02:00:00,3.783333333,466.3061738,0,0,59.9670338
 10/02  03:00:00,3.583333333,361.3337587,0,0,59.95685965
 10/02  04:00:00,3.383333333,733.1848747,0,0,59.96211968
 10/02  05:00:00,3.416666667,5236.918856,0,0,59.95325657
 10/02  06:00:00,3.616666667,9167.6084,245.1002574,0,59.89413539
 10/02  07:00:00,3.816666667,12532.97016,3188.413062,0,59.59146165
 10/02  08:00:00,4.25,12612.43573,6127.231986,0,59.59350862
 10/02  09:00:00,4.791666667,12712.89891,6798.905207,0,59.58700841
 10/02  10:00:00,5.35,12817.92249,6215.982676,0,59.59533232
 10/02  11:00:00,6.65,13068.56277,4725.474774,0,59.59806756
 10/02  12:00:00,8.508333333,13439.78302,2864.465009,0,59.594863
 10/02  13:00:00,10.35,13823.36964,732.0544454,0,59.52523777
 10/02  14:00:00,11.625,8590.301834,0,0,59.92602248
 10/02  15:00:00,12.58333333,8824.535689,0,0,59.95540082
 10/02  16:00:00,13.525,14521.34105,0,0,59.84015709
 10/02  17:00:00,12.61666667,14317.50243,0,0,59.94816754
 10/02  18:00:00,10.35833333,13825.52741,0,0,59.74024593
 10/02  19:00:00,8.116666667,13360.45516,1729.900634,0,59.55364554
 10/02  20:00:00,6.675,13072.99183,2828.888545,0,59.58950663
 10/02  21:00:00,5.716666667,12887.78822,2595.071429,0,59.5926146
 10/02  22:00:00,4.775,12709.89219,1422.981131,0,59.52534481
 10/02  23:00:00,4.283333333,7399.198958,240.6603805,0,59.75114774
 10/02  24:00:00,4.141666667,4112.995958,0,0,59.96852771
 10/03  01:00:00,3.983333333,807.4340694,0,0,59.97032367
 10/03  02:00:00,3.258333333,414.2930016,0,0,59.96161753
 10/03  03:00:00,2.158333333,366.0146453,0,0,59.95169165
 10/03  04:00:00,1.058333333,780.2624869,0,0,59.97193113
 10/03  05:00:00,0.833333333,5099.900019,0,0,59.96153997
 10/03  06:00:00,1.175,8720.579397,243.8795288,0,59.89371362
 10/03  07:00:00,1.533333333,12129.00207,3274.471771,0,59.60348483
 10/03  08:00:00,2.983333333,12383.62412,6329.0417,0,59.59121313
 10/03  09:00:00,5.183333333,12787.27009,7310.502465,0,59.58425663
 10/03  10:00:00,7.383333333,13213.40992,6237.211155,0,59.59481552
 10/03  11:00:00,9.175,13576.58681,4747.092135,0,59.60043203
 10/03  12:00:00,10.675,13892.52361,2605.903111,0,59.58649018
 10/03  13:00:00,12.175,14218.91725,478.013786,0,59.50942835
 10/03  14:00:00,12.91666667,8939.44656,0,0,59.94794714
 10/03  15:00:00,13.05833333,9293.528186,0,0,59.94796371
 10/03  16:00:00,13.21666667,9261.883077,0,0,59.90377859
 10/03  17:00:00,11.9,13200.28982,241.7507215,0,59.83452389
 10/03  18:00:00,9.5,13644.81322,2020.63246,0,59.57645604
 10/03  19:00:00,7.1,13157.43955,2876.673047,0,59.59386944
 10/03  20:00:00,5.341666667,12816.59502,3742.48583,0,59.59666938
 10/03  21:00:00,4.041666667,12574.40156,2897.418999,0,59.59699048
 10/03  22:00:00,2.741666667,12340.06235,1942.041929,0,59.57805
 10/03  23:00:00,1.908333333,9230.929357,482.8782857,0,59.65820454
 10/03  24:00:00,1.35,2328.825932,0,0,59.9759338
 10/04  01:00:00,0.808333333,1061.81634,0,0,59.9671151
 10/04  02:00:00,0.366666667,574.5328131,0,0,59.96257698
 10/04  03:00:00,-0.033333333,368.2059603,0,0,59.96133362
 10/04  04:00:00,-0.433333333,646.3610695,0,0,59.95406284
 10/04  05:00:00,-0.6,5355.851068,0,0,59.95721784
 10/04  06:00:00,-0.6,11773.41564,242.9428529,0,59.83163343
 10/04  07:00:00,-0.6,11773.41564,2532.581983,0,59.58104043
 10/04  08:00:00,0.683333333,11985.68137,5643.697331,0,59.58538994
 10/04  09:00:00,2.941666667,12376.28108,7238.301907,0,59.58774962
 10/04  10:00:00,5.183333333,12787.27009,6590.465785,0,59.59119872
 10/04  11:00:00,7.208333333,13178.45739,4846.756353,0,59.59663806
 10/04  12:00:00,9.05,13550.91714,3077.971015,0,59.59419021
 10/04  13:00:00,10.90833333,13942.8652,731.7276588,0,59.52120593
 10/04  14:00:00,11.81666667,8798.352084,0,0,59.90937844
 10/04  15:00:00,11.95833333,8814.523664,0,0,59.95135662
 10/04  16:00:00,12.11666667,14205.61268,0,0,59.81117469
 10/04  17:00:00,11.15,13994.9366,0,0,59.71048794
 10/04  18:00:00,9.291666667,13601.04069,239.0396576,0,59.51914607
 10/04  19:00:00,7.45,13226.37316,2001.980985,0,59.55259144
 10/04  20:00:00,6.233333333,12987.05837,3083.155888,0,59.59220754
 10/04  21:00:00,5.491666667,12844.81992,2867.896382,0,59.59420661
 10/04  22:00:00,4.733333333,12702.08548,1493.282487,0,59.56360888
 10/04  23:00:00,4.4,7688.115812,240.2767263,0,59.73144131
 10/04  24:00:00,4.4,4129.14665,0,0,59.96825343
 10/05  01:00:00,4.4,810.3782502,0,0,59.97034346
 10/05  02:00:00,4.4,417.1547232,0,0,59.96110156
 10/05  03:00:00,4.4,369.145368,0,0,59.95101636
 10/05  04:00:00,4.4,784.5869344,0,0,59.97150611
 10/05  05:00:00,4.4,4162.003673,0,0,59.96561175
 10/05  06:00:00,4.4,10744.04908,242.6914284,0,59.85561969
 10/05  07:00:00,4.4,12640.05774,3186.249532,0,59.59357463
 10/05  08:00:00,5.391666667,12826.29293,5853.681114,0,59.59581303
 10/05  09:00:00,7.033333333,13143.68107,6951.200617,0,59.58945373
 10/05  10:00:00,8.691666667,13477.13301,5723.798888,0,59.59654771
 10/05  11:00:00,9.925,13732.977,4442.145356,0,59.60140509
 10/05  12:00:00,10.88333333,13936.99541,2309.711895,0,59.59003987
 10/05  13:00:00,11.825,14065.89886,482.8033147,0,59.57138635
 10/05  14:00:00,12.43333333,9135.972184,0,0,59.94659949
 10/05  15:00:00,12.775,9575.457066,0,0,59.93843507
 10/05  16:00:00,13.13333333,9529.322972,0,0,59.92923709
 10/05  17:00:00,12.54166667,14300.18741,481.917348,0,59.70921648
 10/05  18:00:00,11.24166667,14014.49344,1223.84445,0,59.54629076
 10/05  19:00:00,9.941666667,13736.65373,2287.029457,0,59.57784204
 10/05  20:00:00,9.4,13622.8871,3036.122526,0,59.58956774
 10/05  21:00:00,9.4,13622.8871,2225.452416,0,59.58278011
 10/05  22:00:00,9.4,13622.8871,1217.392216,0,59.53943886
 10/05  23:00:00,9.108333333,8432.254046,0,0,59.83192945
 10/05  24:00:00,8.55,1291.821591,0,0,59.97611073
 10/06  01:00:00,8.008333333,941.4426968,0,0,59.96697398
 10/06  02:00:00,7.391666667,703.2939399,0,0,59.96238164
 10/06  03:00:00,6.633333333,369.0976585,0,0,59.96103688
 10/06  04:00:00,5.891666667,693.9464824,0,0,59.95377712
 10/06  05:00:00,5.483333333,5528.402351,0,0,59.96235585
 10/06  06:00:00,5.283333333,12805.24842,0,0,59.83812278
 10/06  07:00:00,5.083333333,12767.53088,2521.503215,0,59.57229455
 10/06  08:00:00,6.108333333,12963.47038,4949.561049,0,59.59319391
 10/06  09:00:00,7.95,13326.51509,6354.16096,0,59.59264081
 10/06  10:00:00,9.808333333,13708.96291,5743.464801,0,59.59517725
 10/06  11:00:00,11.35833333,14039.81184,4043.621869,0,59.59757721
 10/06  12:00:00,12.6,14313.14407,1965.409481,0,59.58454347
 10/06  13:00:00,13.85833333,11851.52261,240.2035946,0,59.65212973
 10/06  14:00:00,14.28333333,9393.480224,0,0,59.94607808
 10/06  15:00:00,14.14166667,11882.08783,0,0,59.92333524
 10/06  16:00:00,13.98333333,9745.491726,0,0,59.93565801
 10/06  17:00:00,13.14166667,14434.69524,477.8162371,0,59.58346107
 10/06  18:00:00,11.84166667,14145.37622,965.2785382,0,59.50145723
 10/06  19:00:00,10.54166667,13863.91147,1914.947502,0,59.56212487
 10/06  20:00:00,9.65,13675.14626,2601.395558,0,59.57486926
 10/06  21:00:00,9.108333333,13562.41134,2461.121989,0,59.5869778
 10/06  22:00:00,8.55,13447.67688,969.8358396,0,59.53674943
 10/06  23:00:00,8.3,8564.499907,0,0,59.86008917
 10/06  24:00:00,8.3,1294.126311,0,0,59.97645937
 10/07  01:00:00,8.3,942.4864825,0,0,59.96695293
 10/07  02:00:00,7.891666667,704.3198859,0,0,59.96237937
 10/07  03:00:00,7.133333333,369.3498143,0,0,59.96104917
 10/07  04:00:00,6.391666667,694.582864,0,0,59.95380184
 10/07  05:00:00,5.983333333,5551.960336,0,0,59.96243279
 10/07  06:00:00,5.841666667,12911.52144,0,0,59.83883228
 10/07  07:00:00,5.683333333,12881.24119,2517.263311,0,59.57756332
 10/07  08:00:00,6.241666667,12988.77807,4959.184766,0,59.58518695
 10/07  09:00:00,7.341666667,13204.4467,6217.145368,0,59.59028071
 10/07  10:00:00,8.441666667,13425.7388,5719.322754,0,59.5928645
 10/07  11:00:00,9.425,13628.24567,4156.390825,0,59.6008062
 10/07  12:00:00,10.38333333,13830.03716,2305.336029,0,59.58001382
 10/07  13:00:00,11.325,14032.40588,486.0276854,0,59.53000841
 10/07  14:00:00,11.99166667,8680.350145,0,0,59.95772548
 10/07  15:00:00,12.55,9394.680344,0,0,59.94862921
 10/07  16:00:00,13.09166667,9353.27736,0,0,59.8916983
 10/07  17:00:00,12.425,13313.41824,241.222711,0,59.83533248
 10/07  18:00:00,10.98333333,13958.70722,2023.500287,0,59.576361
 10/07  19:00:00,9.525,13649.37009,2860.649791,0,59.59361932
 10/07  20:00:00,8.666666667,13471.49818,3425.85096,0,59.59655882
 10/07  21:00:00,8.325,13401.79098,2558.364647,0,59.58851588
 10/07  22:00:00,7.966666667,13329.29331,1479.028171,0,59.55910319
 10/07  23:00:00,7.275,8034.426445,0,0,59.81615728
 10/07  24:00:00,6.316666667,2769.15093,0,0,59.97206105
 10/08  01:00:00,5.375,940.6566463,0,0,59.96668497
 10/08  02:00:00,5.35,473.1734734,0,0,59.9660741
 10/08  03:00:00,5.891666667,370.8462901,0,0,59.95560665
 10/08  04:00:00,6.45,743.9053051,0,0,59.96131706
 10/08  05:00:00,6.816666667,4323.650988,0,0,59.95628071
 10/08  06:00:00,6.958333333,11215.05889,242.895926,0,59.85548534
 10/08  07:00:00,7.116666667,13159.65491,3194.967997,0,59.59071791
 10/08  08:00:00,7.841666667,13304.3369,5499.87611,0,59.59461677
 10/08  09:00:00,9,13540.25617,6434.576358,0,59.58766755
 10/08  10:00:00,10.14166667,13778.79671,5591.059296,0,59.59816383
 10/08  11:00:00,10.71666667,13901.03283,4054.035536,0,59.59713662
 10/08  12:00:00,10.85833333,13931.43352,2154.290319,0,59.58113197
 10/08  13:00:00,11.01666667,13797.06334,305.267565,0,59.54977378
 10/08  14:00:00,11.21666667,9188.122226,0,0,59.94657751
 10/08  15:00:00,11.41666667,9372.956199,0,0,59.93979874
 10/08  16:00:00,11.61666667,9219.148849,0,0,59.90724309
 10/08  17:00:00,11.35,14037.75089,241.4486119,0,59.77298883
 10/08  18:00:00,10.80833333,13920.7364,1669.651158,0,59.52676218
 10/08  19:00:00,10.25,13801.5907,2578.781031,0,59.58130302
 10/08  20:00:00,9.766666667,13699.56399,3153.096971,0,59.59597947
 10/08  21:00:00,9.425,13628.11012,2561.02662,0,59.59198295
 10/08  22:00:00,9.066666667,13553.78056,976.712679,0,59.54548336
 10/08  23:00:00,8.258333333,7814.916278,0,0,59.85396053
 10/08  24:00:00,7.158333333,2743.231708,0,0,59.9754223
 10/09  01:00:00,6.058333333,940.6626175,0,0,59.9672533
 10/09  02:00:00,5.366666667,475.4603355,0,0,59.96228217
 10/09  03:00:00,4.966666667,371.6483582,0,0,59.96083297
 10/09  04:00:00,4.566666667,745.5582663,0,0,59.95362133
 10/09  05:00:00,4.516666667,5297.166191,0,0,59.96151671
 10/09  06:00:00,4.716666667,9527.513272,245.7715694,0,59.83603293
 10/09  07:00:00,4.916666667,12736.24161,3219.962062,0,59.58730178
 10/09  08:00:00,5.35,12817.92249,5981.6438,0,59.59712076
 10/09  09:00:00,5.891666667,12921.1548,6825.176183,0,59.58941049
 10/09  10:00:00,6.45,13029.03271,6176.043824,0,59.59580407
 10/09  11:00:00,7.341666667,13204.4467,4774.92002,0,59.60014098
 10/09  12:00:00,8.441666667,13425.7388,2852.043053,0,59.59436457
 10/09  13:00:00,9.541666667,13652.65436,731.5581395,0,59.53704488
 10/09  14:00:00,10.11666667,8817.39735,0,0,59.9114408
 10/09  15:00:00,10.31666667,8923.95942,0,0,59.93792942
 10/09  16:00:00,10.51666667,13858.26502,0,0,59.79834082
 10/09  17:00:00,9.083333333,13558.46768,0,0,59.45791484
 10/09  18:00:00,6.483333333,13036.72268,784.4645545,0,59.43242313
 10/09  19:00:00,3.883333333,12546.39471,2288.180496,0,59.57244025
 10/09  20:00:00,2.391666667,12278.08707,3717.928831,0,59.59520144
 10/09  21:00:00,1.633333333,12146.27811,3712.3068,0,59.59433006
 10/09  22:00:00,0.891666667,12019.89534,2454.971677,0,59.58448402
 10/09  23:00:00,0.483333333,11419.46321,552.2657769,0,59.60026491
 10/09  24:00:00,0.283333333,1301.715406,0,0,59.97556602
 10/10  01:00:00,0.083333333,948.5521796,0,0,59.96711421
 10/10  02:00:00,-0.408333333,707.4038035,0,0,59.96175615
 10/10  03:00:00,-1.166666667,373.4720283,0,0,59.96022267
 10/10  04:00:00,-1.908333333,699.5398221,0,0,59.95307928
 10/10  05:00:00,-1.966666667,5356.351121,0,0,59.95699504
 10/10  06:00:00,-1.625,11610.12153,241.197645,0,59.82798175
 10/10  07:00:00,-1.266666667,11666.67207,2794.164017,0,59.58150036
 10/10  08:00:00,-0.05,11863.66889,5761.696636,0,59.57936522
 10/10  09:00:00,1.808333333,12177.02401,7488.490805,0,59.58567997
 10/10  10:00:00,3.65,12503.26447,6963.083607,0,59.58617885
 10/10  11:00:00,5.625,12870.93532,5273.667726,0,59.5954772
 10/10  12:00:00,7.666666667,13269.76843,3214.318104,0,59.59934682
 10/10  13:00:00,9.725,13691.6228,1477.302643,0,59.56093762
 10/10  14:00:00,10.83333333,8605.216925,0,0,59.81305239
 10/10  15:00:00,11.175,9100.26512,0,0,59.92977768
 10/10  16:00:00,11.53333333,12907.51128,0,0,59.8491031
 10/10  17:00:00,10.825,13924.69241,683.5296119,0,59.49848032
 10/10  18:00:00,9.325,13607.70993,1211.027952,0,59.52108895
 10/10  19:00:00,7.825,13301.1843,2323.796356,0,59.5717882
 10/10  20:00:00,6.208333333,12982.64673,3241.621936,0,59.59393484
 10/10  21:00:00,4.566666667,12671.42878,3050.690421,0,59.59569843
 10/10  22:00:00,2.908333333,12369.89283,2005.149276,0,59.58135227
 10/10  23:00:00,1.966666667,9336.972911,240.1875066,0,59.67236034
 10/10  24:00:00,1.625,3036.838443,0,0,59.97174749
 10/11  01:00:00,1.266666667,821.4627876,0,0,59.96940931
 10/11  02:00:00,0.866666667,421.6460517,0,0,59.96058518
 10/11  03:00:00,0.525,374.8557407,0,0,59.94995156
 10/11  04:00:00,0.166666667,794.8765045,0,0,59.97076578
 10/11  05:00:00,0,5150.532757,0,0,59.96075778
 10/11  06:00:00,0,8903.458503,244.4161336,0,59.89027579
 10/11  07:00:00,0,11871.278,3528.9137,0,59.59338498
 10/11  08:00:00,1.283333333,12087.1223,6392.789172,0,59.58816549
 10/11  09:00:00,3.541666667,12484.01936,7594.703636,0,59.58553248
 10/11  10:00:00,5.783333333,12901.25925,6751.010223,0,59.5916933
 10/11  11:00:00,7.75,13286.3189,5211.935236,0,59.59976913
 10/11  12:00:00,9.608333333,13667.03939,3112.985148,0,59.59048594
 10/11  13:00:00,11.45,14060.04105,981.7654389,0,59.54541324
 10/11  14:00:00,12.55,8947.113147,0,0,59.89194383
 10/11  15:00:00,13.09166667,8923.562299,0,0,59.95368939
 10/11  16:00:00,13.65,14549.71207,0,0,59.82402505
 10/11  17:00:00,12.79166667,14356.39049,0,0,59.83496327
 10/11  18:00:00,10.95,13951.76601,239.587224,0,59.62603503
 10/11  19:00:00,9.091666667,13559.59741,1740.374353,0,59.54765309
 10/11  20:00:00,7.891666667,13314.25427,2853.683407,0,59.590139
 10/11  21:00:00,7.133333333,13163.06139,2591.887317,0,59.59265452
 10/11  22:00:00,6.391666667,13017.72074,1669.83432,0,59.54630192
 10/11  23:00:00,5.983333333,8533.696586,0,0,59.77373467
 10/11  24:00:00,5.841666667,2846.82253,0,0,59.97109443
 10/12  01:00:00,5.683333333,948.5139451,0,0,59.96579435
 10/12  02:00:00,5.133333333,477.2634771,0,0,59.96567485
 10/12  03:00:00,4.391666667,374.8964452,0,0,59.95496018
 10/12  04:00:00,3.633333333,751.291998,0,0,59.96077662
 10/12  05:00:00,3.183333333,5308.614189,0,0,59.94891477
 10/12  06:00:00,3.041666667,8948.854849,244.2688452,0,59.89180105
 10/12  07:00:00,2.883333333,12364.90736,3307.733742,0,59.60216319
 10/12  08:00:00,3.966666667,12561.10339,6380.164285,0,59.5869985
 10/12  09:00:00,6.025,12947.56325,7289.504167,0,59.58929245
 10/12  10:00:00,8.066666667,13350.19181,6498.957179,0,59.59054988
 10/12  11:00:00,10.70833333,13901.04883,4531.143361,0,59.59847869
 10/12  12:00:00,13.86666667,14601.06746,2586.291248,0,59.59271506
 10/12  13:00:00,17.00833333,12614.58214,482.6726937,0,59.65370572
 10/12  14:00:00,18.18333333,9487.89388,0,0,59.95473178
 10/12  15:00:00,18.04166667,10355.78243,0,0,59.90259393
 10/12  16:00:00,17.88333333,11662.69807,0,0,59.93507466
 10/12  17:00:00,16.69166667,15265.12926,474.863923,0,59.57047572
 10/12  18:00:00,14.85,14827.12419,715.1711261,0,59.46362432
 10/12  19:00:00,12.99166667,14401.2729,1488.912883,0,59.53429134
 10/12  20:00:00,11.96666667,14172.56601,2305.376211,0,59.57836294
 10/12  21:00:00,11.625,14097.61877,1966.448227,0,59.57913571
 10/12  22:00:00,11.26666667,14019.62544,480.1167797,0,59.49072258
 10/12  23:00:00,10.69166667,6552.034229,0,0,59.93012472
 10/12  24:00:00,9.933333333,3043.882245,0,0,59.9718543
 10/13  01:00:00,9.191666667,822.4156822,0,0,59.96938061
 10/13  02:00:00,8.9,422.061632,0,0,59.96070736
 10/13  03:00:00,8.9,373.7580931,0,0,59.95051486
 10/13  04:00:00,8.9,795.3097607,0,0,59.97114251
 10/13  05:00:00,8.55,4191.833074,0,0,59.96607904
 10/13  06:00:00,8.008333333,11386.49183,243.1082874,0,59.85457071
 10/13  07:00:00,7.45,13225.83095,3221.683488,0,59.59579487
 10/13  08:00:00,8.308333333,13399.06785,5560.973276,0,59.59215896
 10/13  09:00:00,10.15,13780.94264,6455.864328,0,59.5860542
 10/13  10:00:00,12.00833333,14182.39095,5483.182879,0,59.5955723
 10/13  11:00:00,13.55833333,14529.08782,4010.180445,0,59.5967415
 10/13  12:00:00,14.85833333,14828.77848,1677.485519,0,59.55723856
 10/13  13:00:00,16.15833333,9170.724899,238.75389,0,59.73920381
 10/13  14:00:00,16.93333333,10928.78524,0,0,59.92719932
 10/13  15:00:00,17.275,13055.61039,0,0,59.8983971
 10/13  16:00:00,17.63333333,9308.193361,0,0,59.94096228
 10/13  17:00:00,16.4,15195.12722,478.9839864,0,59.59957084
 10/13  18:00:00,14,14630.79112,1115.309112,0,59.50857717
 10/13  19:00:00,11.6,14093.22456,1747.950961,0,59.55668375
 10/13  20:00:00,9.958333333,13740.0757,2587.195455,0,59.58001788
 10/13  21:00:00,8.8,13499.084,2285.240776,0,59.58161033
 10/13  22:00:00,7.658333333,13267.57559,1179.212075,0,59.5318556
 10/13  23:00:00,6.966666667,7757.412975,0,0,59.84130925
 10/13  24:00:00,6.625,2818.875628,0,0,59.97219715
 10/14  01:00:00,6.266666667,947.0270923,0,0,59.96637773
 10/14  02:00:00,5.983333333,478.3335754,0,0,59.96568071
 10/14  03:00:00,5.841666667,373.5536968,0,0,59.9554979
 10/14  04:00:00,5.683333333,751.0596906,0,0,59.96120248
 10/14  05:00:00,5.25,5339.806224,0,0,59.95388393
 10/14  06:00:00,4.708333333,9302.581631,245.1402249,0,59.89113711
 10/14  07:00:00,4.15,12594.03397,3226.571997,0,59.59682365
 10/14  08:00:00,5.066666667,12765.14168,6204.886113,0,59.58989636
 10/14  09:00:00,7.125,13162.12423,7121.961539,0,59.58660878
 10/14  10:00:00,9.166666667,13575.19028,6194.455504,0,59.59346383
 10/14  11:00:00,10.99166667,13960.67866,4611.602136,0,59.60163765
 10/14  12:00:00,12.63333333,14320.79273,2445.061843,0,59.59091787
 10/14  13:00:00,14.29166667,14353.68369,485.8276859,0,59.59666581
 10/14  14:00:00,15.35,9262.423334,0,0,59.95535114
 10/14  15:00:00,15.89166667,9224.654679,0,0,59.9412071
 10/14  16:00:00,16.45,9214.349981,0,0,59.90392571
 10/14  17:00:00,15.825,15056.8224,483.947771,0,59.77947874
 10/14  18:00:00,14.325,14704.98374,1484.997363,0,59.53909618
 10/14  19:00:00,12.825,14363.60194,2246.607304,0,59.57182653
 10/14  20:00:00,11.675,14108.6864,2830.879095,0,59.58994043
 10/14  21:00:00,10.71666667,13901.21356,2008.530197,0,59.58565826
 10/14  22:00:00,9.775,13701.4356,937.0785003,0,59.49697234
 10/14  23:00:00,8.875,8223.480674,0,0,59.84591864
 10/14  24:00:00,7.975,1310.964392,0,0,59.97537607
 10/15  01:00:00,7.075,952.6677603,0,0,59.96719831
 10/15  02:00:00,6.583333333,711.8055786,0,0,59.96242729
 10/15  03:00:00,6.383333333,372.07857,0,0,59.9611253
 10/15  04:00:00,6.183333333,700.7371224,0,0,59.95400944
 10/15  05:00:00,6.1,5597.451664,0,0,59.96271304
 10/15  06:00:00,6.1,12961.18351,0,0,59.83772463
 10/15  07:00:00,6.1,12961.18351,2521.365913,0,59.58307612
 10/15  08:00:00,6.975,13132.12813,4980.765737,0,59.5979912
 10/15  09:00:00,8.475,13432.72821,6497.384338,0,59.59004866
 10/15  10:00:00,9.975,13743.78514,5739.503855,0,59.59569716
 10/15  11:00:00,11.88333333,14155.12047,4368.671463,0,59.59746062
 10/15  12:00:00,14.08333333,14649.76431,1995.487381,0,59.58040805
 10/15  13:00:00,16.28333333,11572.99818,241.4638464,0,59.6673451
 10/15  14:00:00,17.43333333,10218.54265,0,0,59.93841663
 10/15  15:00:00,17.775,11653.76883,0,0,59.910197
 10/15  16:00:00,18.13333333,10324.82763,0,0,59.92961836
 10/15  17:00:00,16.9,15316.06667,238.2531805,0,59.66483433
 10/15  18:00:00,14.5,14746.15358,925.6864688,0,59.45845978
 10/15  19:00:00,12.1,14203.01004,1728.24128,0,59.54011157
 10/15  20:00:00,10.69166667,13895.7614,2569.044813,0,59.58216823
 10/15  21:00:00,9.933333333,13734.70036,2272.857834,0,59.58582793
 10/15  22:00:00,9.191666667,13579.70842,968.0319984,0,59.54053125
 10/15  23:00:00,8.783333333,8507.39375,0,0,59.85289585
 10/15  24:00:00,8.583333333,1312.525259,0,0,59.97556036
 10/16  01:00:00,8.383333333,952.8767281,0,0,59.96715659
 10/16  02:00:00,8.416666667,712.888859,0,0,59.96261575
 10/16  03:00:00,8.616666667,371.4428964,0,0,59.961415
 10/16  04:00:00,8.816666667,700.6045901,0,0,59.95429426
 10/16  05:00:00,8.491666667,5684.959018,0,0,59.96313998
 10/16  06:00:00,7.733333333,13282.48811,0,0,59.84150814
 10/16  07:00:00,6.991666667,13135.07933,2313.249408,0,59.58584769
 10/16  08:00:00,7.866666667,13309.88717,4876.739877,0,59.59026864
 10/16  09:00:00,9.925,13733.65476,6532.699157,0,59.59384557
 10/16  10:00:00,11.96666667,14173.28896,5365.52602,0,59.59764813
 10/16  11:00:00,13.675,14555.76776,4074.743857,0,59.59633878
 10/16  12:00:00,15.11666667,14889.3187,1759.893399,0,59.58023172
 10/16  13:00:00,16.575,9171.764303,237.2414002,0,59.74639595
 10/16  14:00:00,17.31666667,11516.60692,0,0,59.91664071
 10/16  15:00:00,17.51666667,12462.27523,0,0,59.89558176
 10/16  16:00:00,17.71666667,9324.393536,0,0,59.94868071
 10/16  17:00:00,16.16666667,15139.47802,480.8347082,0,59.6310085
 10/16  18:00:00,13.36666667,14486.72486,1212.53543,0,59.52999542
 10/16  19:00:00,10.56666667,13870.40802,1925.832177,0,59.56081652
 10/16  20:00:00,8.875,13514.38317,3000.572338,0,59.59264422
 10/16  21:00:00,7.975,13331.0952,2570.716105,0,59.59019708
 10/16  22:00:00,7.075,13151.5717,1212.143766,0,59.56334963
 10/16  23:00:00,6.233333333,8221.146689,238.6148388,0,59.77990582
 10/16  24:00:00,5.491666667,2885.282956,0,0,59.97175764
 10/17  01:00:00,4.733333333,951.2695424,0,0,59.96675181
 10/17  02:00:00,4.4,478.9704903,0,0,59.96604506
 10/17  03:00:00,4.4,372.979453,0,0,59.95599095
 10/17  04:00:00,4.4,752.6481214,0,0,59.96158468
 10/17  05:00:00,4.108333333,5350.574782,0,0,59.94977429
 10/17  06:00:00,3.55,9145.105011,244.7000883,0,59.89210922
 10/17  07:00:00,3.008333333,12387.22051,3427.253826,0,59.59797459
 10/17  08:00:00,4.2,12604.24568,6227.826609,0,59.58363626
 10/17  09:00:00,6.6,13059.27281,7590.85307,0,59.581143
 10/17  10:00:00,9,13541.06948,6277.110098,0,59.59186395
 10/17  11:00:00,11.16666667,13998.68563,4836.053168,0,59.60052102
 10/17  12:00:00,13.225,14454.02129,2586.811547,0,59.59343046
 10/17  13:00:00,15.26666667,14013.94846,484.7093361,0,59.56180426
 10/17  14:00:00,16.33333333,9999.884063,0,0,59.93979264
 10/17  15:00:00,16.675,9334.220849,0,0,59.94653027
 10/17  16:00:00,17.03333333,9096.839768,0,0,59.82211582
 10/17  17:00:00,16.15,15134.61877,485.4646409,0,59.88709241
 10/17  18:00:00,14.29166667,14697.53992,1455.150151,0,59.5880151
 10/17  19:00:00,12.45,14280.07675,2399.828486,0,59.58690716
 10/17  20:00:00,10.94166667,13949.67946,3007.018008,0,59.59738282
 10/17  21:00:00,9.641666667,13673.65227,2277.612663,0,59.58993055
 10/17  22:00:00,8.341666667,13405.47933,975.9033101,0,59.54725439
 10/17  23:00:00,7.391666667,7841.507728,0,0,59.84131747
 10/17  24:00:00,6.633333333,2843.255403,0,0,59.97233864
 10/18  01:00:00,5.891666667,951.2889455,0,0,59.96672753
 10/18  02:00:00,5.25,479.6856849,0,0,59.96602187
 10/18  03:00:00,4.708333333,373.6326518,0,0,59.95592251
 10/18  04:00:00,4.15,754.1104145,0,0,59.96152443
 10/18  05:00:00,4.016666667,5357.857172,0,0,59.94971574
 10/18  06:00:00,4.158333333,9238.435637,244.9284307,0,59.8920285
 10/18  07:00:00,4.316666667,12624.66915,3384.302718,0,59.59651714
 10/18  08:00:00,5.508333333,12848.57497,6301.011367,0,59.58909019
 10/18  09:00:00,7.35,13206.4842,7196.669745,0,59.58662176
 10/18  10:00:00,9.208333333,13583.75006,6221.244762,0,59.59248225
 10/18  11:00:00,11.4,14049.6357,4800.911562,0,59.59777254
 10/18  12:00:00,13.8,14584.97146,2328.518373,0,59.5905802
 10/18  13:00:00,16.2,13664.6493,486.5836338,0,59.58344841
 10/18  14:00:00,17.31666667,10283.21626,0,0,59.92936972
 10/18  15:00:00,17.51666667,10813.9336,0,0,59.95147921
 10/18  16:00:00,17.71666667,9487.115919,0,0,59.93596069
 10/18  17:00:00,16.16666667,15139.47802,478.4891979,0,59.58934852
 10/18  18:00:00,13.36666667,14486.72486,1208.557704,0,59.51640249
 10/18  19:00:00,10.56666667,13870.40802,1759.409084,0,59.56400225
 10/18  20:00:00,9.4,13622.8871,2933.376614,0,59.58604882
 10/18  21:00:00,9.4,13622.8871,2628.779085,0,59.58534546
 10/18  22:00:00,9.4,13622.8871,1221.383198,0,59.55466181
 10/18  23:00:00,9.166666667,7940.066592,0,0,59.84709891
 10/18  24:00:00,8.825,2777.410455,0,0,59.97206094
 10/19  01:00:00,8.466666667,952.6966074,0,0,59.96674046
 10/19  02:00:00,8.008333333,480.1708035,0,0,59.96605839
 10/19  03:00:00,7.45,373.855255,0,0,59.9559588
 10/19  04:00:00,6.908333333,754.9179799,0,0,59.96156163
 10/19  05:00:00,6.7,5392.741253,0,0,59.9575653
 10/19  06:00:00,6.7,9808.296594,246.1564091,0,59.89223487
 10/19  07:00:00,6.7,13077.72879,3212.596789,0,59.59576608
 10/19  08:00:00,7.691666667,13274.56413,6078.302018,0,59.58937719
 10/19  09:00:00,9.333333333,13609.50042,6704.027879,0,59.58865149
 10/19  10:00:00,10.99166667,13960.67866,6088.895937,0,59.59498537
 10/19  11:00:00,12.45833333,14281.6381,4158.210201,0,59.59801921
 10/19  12:00:00,13.75833333,14574.68285,2248.069693,0,59.58045366
 10/19  13:00:00,15.05833333,12187.03992,477.1584548,0,59.64740131
 10/19  14:00:00,15.71666667,10625.30087,0,0,59.93097179
 10/19  15:00:00,15.85833333,10045.53844,0,0,59.92241625
 10/19  16:00:00,16.01666667,9434.799567,0,0,59.88193089
 10/19  17:00:00,14.81666667,14819.64422,483.0907364,0,59.77501532
 10/19  18:00:00,12.55833333,14304.57891,1480.618371,0,59.55463884
 10/19  19:00:00,10.31666667,13816.58679,2564.053375,0,59.57115691
 10/19  20:00:00,9.108333333,13562.41134,3125.473035,0,59.59758527
 10/19  21:00:00,8.55,13447.67688,2590.605734,0,59.59374339
 10/19  22:00:00,8.008333333,13337.71109,1454.798553,0,59.5570289
 10/19  23:00:00,7.45,8364.742607,240.0923305,0,59.798569
 10/19  24:00:00,6.908333333,2860.765005,0,0,59.97197961
 10/20  01:00:00,6.35,954.2416988,0,0,59.96668078
 10/20  02:00:00,5.866666667,481.1101111,0,0,59.96597254
 10/20  03:00:00,5.525,374.7408615,0,0,59.95580299
 10/20  04:00:00,5.166666667,756.7996541,0,0,59.96141919
 10/20  05:00:00,4.766666667,5380.769183,0,0,59.9503126
 10/20  06:00:00,4.425,9267.533565,244.9384586,0,59.89271266
 10/20  07:00:00,4.066666667,12578.69701,3432.618743,0,59.59734763
 10/20  08:00:00,4.891666667,12732.09591,6277.518993,0,59.58702126
 10/20  09:00:00,6.533333333,13045.66924,7276.485883,0,59.58746804
 10/20  10:00:00,8.191666667,13375.26763,6611.864091,0,59.59374797
 10/20  11:00:00,9.95,13738.70155,4844.556612,0,59.60060399
 10/20  12:00:00,11.80833333,14138.42254,2854.482583,0,59.59512073
 10/20  13:00:00,13.65,14550.25428,726.3612452,0,59.54990668
 10/20  14:00:00,14.51666667,9234.964793,0,0,59.94662737
 10/20  15:00:00,14.71666667,9557.07757,0,0,59.94664666
 10/20  16:00:00,14.91666667,9518.573694,0,0,59.90135698
 10/20  17:00:00,13.6,13718.87764,242.7325844,0,59.83364952
 10/20  18:00:00,11.2,14006.23273,2016.453609,0,59.57850793
 10/20  19:00:00,8.8,13499.89731,3045.545145,0,59.59541792
 10/20  20:00:00,7.391666667,13214.24789,3714.811898,0,59.59733135
 10/20  21:00:00,6.633333333,13064.81718,3152.720741,0,59.59707419
 10/20  22:00:00,5.891666667,12921.19998,1725.623634,0,59.58041438
 10/20  23:00:00,5.366666667,8361.045099,242.6195651,0,59.69313246
 10/20  24:00:00,4.966666667,4233.530763,0,0,59.96820223
 10/21  01:00:00,4.566666667,831.1943824,0,0,59.96947414
 10/21  02:00:00,4.4,425.1378896,0,0,59.96086652
 10/21  03:00:00,4.4,375.8648052,0,0,59.95080293
 10/21  04:00:00,4.4,804.6419785,0,0,59.97118489
 10/21  05:00:00,4.4,5260.715205,0,0,59.96640901
 10/21  06:00:00,4.4,9480.043307,245.4454225,0,59.89149278
 10/21  07:00:00,4.4,12640.05774,3293.656998,0,59.59873629
 10/21  08:00:00,5.508333333,12848.57497,6389.440301,0,59.5911879
 10/21  09:00:00,7.35,13206.4842,7345.92285,0,59.58779083
 10/21  10:00:00,9.208333333,13583.75006,6251.503729,0,59.59194641
 10/21  11:00:00,10.875,13935.43858,4811.777291,0,59.59954604
 10/21  12:00:00,12.31666667,14250.22916,2589.156837,0,59.58414533
 10/21  13:00:00,13.775,14578.59626,724.3126424,0,59.51510303
 10/21  14:00:00,14.28333333,8960.823219,0,0,59.9476988
 10/21  15:00:00,14.14166667,9524.094099,0,0,59.94790757
 10/21  16:00:00,13.98333333,9568.557096,0,0,59.88638136
 10/21  17:00:00,12.79166667,13387.42656,241.260436,0,59.83404915
 10/21  18:00:00,10.95,13951.76601,2022.352455,0,59.57959657
 10/21  19:00:00,9.091666667,13559.59741,3157.958968,0,59.59553124
 10/21  20:00:00,8.008333333,13337.71109,3714.856599,0,59.59161006
 10/21  21:00:00,7.45,13225.83095,3173.97445,0,59.5966855
 10/21  22:00:00,6.908333333,13118.63429,1933.527761,0,59.56595751
 10/21  23:00:00,6.35,7979.30485,235.4797075,0,59.70550554
 10/21  24:00:00,5.808333333,4241.92753,0,0,59.96803254
 10/22  01:00:00,5.25,832.5303826,0,0,59.9694262
 10/22  02:00:00,4.65,425.5149091,0,0,59.96090723
 10/22  03:00:00,4.108333333,376.1478603,0,0,59.95085007
 10/22  04:00:00,3.55,805.8177936,0,0,59.97118976
 10/22  05:00:00,3.3,5257.673309,0,0,59.96218377
 10/22  06:00:00,3.3,9329.570709,245.1337011,0,59.88981553
 10/22  07:00:00,3.3,12439.42761,3508.890848,0,59.59682496
 10/22  08:00:00,4.408333333,12642.27877,6213.301879,0,59.59008703
 10/22  09:00:00,6.25,12990.77296,7654.763902,0,59.58672675
 10/22  10:00:00,8.108333333,13358.53858,6600.551977,0,59.59040074
 10/22  11:00:00,9.95,13738.70155,4896.240859,0,59.59869834
 10/22  12:00:00,11.80833333,14138.42254,2851.799656,0,59.59291481
 10/22  13:00:00,13.65,14550.25428,736.0148392,0,59.50911004
 10/22  14:00:00,14.63333333,9646.402548,0,0,59.92941586
 10/22  15:00:00,15.03333333,9606.843937,0,0,59.94863303
 10/22  16:00:00,15.43333333,9517.784502,0,0,59.91183966
 10/22  17:00:00,14.60833333,13837.26203,242.1274812,0,59.83543994
 10/22  18:00:00,12.96666667,14395.45475,1997.820055,0,59.57091995
 10/22  19:00:00,11.30833333,14029.17927,2817.89818,0,59.59180363
 10/22  20:00:00,10.36666667,13826.33375,3403.65312,0,59.59878669
 10/22  21:00:00,9.966666667,13741.63468,2832.586491,0,59.59391551
 10/22  22:00:00,9.566666667,13657.67921,1196.016599,0,59.56280625
 10/22  23:00:00,9.166666667,8364.11038,0,0,59.80862794
 10/22  24:00:00,8.825,2814.236665,0,0,59.97204533
 10/23  01:00:00,8.466666667,958.6446144,0,0,59.96668112
 10/23  02:00:00,8.65,483.1091538,0,0,59.96597564
 10/23  03:00:00,9.191666667,376.2794582,0,0,59.95573527
 10/23  04:00:00,9.75,761.8928617,0,0,59.96159271
 10/23  05:00:00,10.35,4425.112824,0,0,59.95670526
 10/23  06:00:00,10.89166667,11953.80606,243.6872345,0,59.85547702
 10/23  07:00:00,11.45,14059.49885,3210.963246,0,59.5953366
 10/23  08:00:00,11.99166667,14178.08724,5345.480918,0,59.59846577
 10/23  09:00:00,12.55,14301.79373,6183.820216,0,59.5956635
 10/23  10:00:00,13.09166667,14423.15125,5275.504362,0,59.59877815
 10/23  11:00:00,13.53333333,14523.11346,3682.739568,0,59.59631115
 10/23  12:00:00,13.875,14601.06458,1751.859577,0,59.57223952
 10/23  13:00:00,14.23333333,11613.33336,238.0434255,0,59.70429808
 10/23  14:00:00,14.4,9670.372588,0,0,59.94359258
 10/23  15:00:00,14.4,12219.64334,0,0,59.91758786
 10/23  16:00:00,14.4,9814.602484,0,0,59.93384034
 10/23  17:00:00,13.525,14521.61215,477.8135593,0,59.58507433
 10/23  18:00:00,12.08333333,14198.61639,1175.247443,0,59.51010292
 10/23  19:00:00,10.625,13881.82391,2283.099217,0,59.57369767
 10/23  20:00:00,9.008333333,13542.2487,3132.199281,0,59.59644628
 10/23  21:00:00,7.366666667,13209.66778,2855.282423,0,59.59468326
 10/23  22:00:00,5.708333333,12886.55199,1693.124782,0,59.56263838
 10/23  23:00:00,5,7819.183569,236.3606042,0,59.74530014
 10/23  24:00:00,5,4253.307345,0,0,59.96797061
 10/24  01:00:00,5,835.3359494,0,0,59.96942671
 10/24  02:00:00,4.883333333,427.1860929,0,0,59.96069454
 10/24  03:00:00,4.683333333,377.7502174,0,0,59.95058654
 10/24  04:00:00,4.483333333,809.1447903,0,0,59.97101709
 10/24  05:00:00,4.4,5285.669449,0,0,59.96513454
 10/24  06:00:00,4.4,9480.043307,245.4057263,0,59.88996233
 10/24  07:00:00,4.4,12640.05774,3393.820968,0,59.60264801
 10/24  08:00:00,5.8,12904.6227,6352.510537,0,59.58847846
 10/24  09:00:00,8.258333333,13389.41513,7260.379532,0,59.58538367
 10/24  10:00:00,10.7,13898.53863,6540.376343,0,59.59196826
 10/24  11:00:00,13.1,14426.0666,4511.682918,0,59.60107563
 10/24  12:00:00,15.5,14980.36413,2565.654534,0,59.58975389
 10/24  13:00:00,17.9,12608.12953,240.6010024,0,59.65719316
 10/24  14:00:00,18.9,9667.854625,0,0,59.95284066
 10/24  15:00:00,18.9,12290.11233,0,0,59.94366992
 10/24  16:00:00,18.9,10540.23919,0,0,59.93502072
 10/24  17:00:00,17.90833333,15562.9551,236.9681583,0,59.56990788
 10/24  18:00:00,16.26666667,15162.47048,714.6417854,0,59.43199035
 10/24  19:00:00,14.60833333,14770.7616,1481.579508,0,59.53241052
 10/24  20:00:00,13.49166667,14513.70487,2307.387332,0,59.58155019
 10/24  21:00:00,12.73333333,14342.77565,1753.551197,0,59.57892346
 10/24  22:00:00,11.99166667,14178.13242,671.4186952,0,59.51167031
 10/24  23:00:00,11.175,6712.759073,0,0,59.93344358
 10/24  24:00:00,10.21666667,3106.824783,0,0,59.9725416
 10/25  01:00:00,9.275,835.7976009,0,0,59.96992991
 10/25  02:00:00,8.666666667,427.6213159,0,0,59.96071193
 10/25  03:00:00,8.325,378.3744198,0,0,59.95049573
 10/25  04:00:00,7.966666667,810.6563248,0,0,59.9709778
 10/25  05:00:00,7.683333333,4292.592672,0,0,59.9659323
 10/25  06:00:00,7.483333333,11300.26111,243.8040797,0,59.85470885
 10/25  07:00:00,7.283333333,13192.64826,3417.730512,0,59.58904037
 10/25  08:00:00,7.55,13245.76639,5781.971707,0,59.59152585
 10/25  09:00:00,8.091666667,13354.53696,7123.88251,0,59.58945715
 10/25  10:00:00,8.65,13468.12354,6162.173752,0,59.59309392
 10/25  11:00:00,9.016666667,13543.432,4567.786697,0,59.5999207
 10/25  12:00:00,9.158333333,13572.71342,2849.469135,0,59.59306916
 10/25  13:00:00,9.316666667,13605.56206,983.4834069,0,59.53127748
 10/25  14:00:00,9.4,8461.837785,0,0,59.82591549
 10/25  15:00:00,9.4,11160.96536,0,0,59.90004017
 10/25  16:00:00,9.4,10217.16533,0,0,59.89767162
 10/25  17:00:00,9.108333333,13562.41134,1204.609086,0,59.56599186
 10/25  18:00:00,8.55,13447.67688,1740.007789,0,59.56681701
 10/25  19:00:00,8.008333333,13337.71109,3082.002062,0,59.57915653
 10/25  20:00:00,7.683333333,13272.35902,3783.838738,0,59.59545881
 10/25  21:00:00,7.483333333,13232.41069,3389.686404,0,59.59851645
 10/25  22:00:00,7.283333333,13192.64826,1869.632577,0,59.57683268
 10/25  23:00:00,6.966666667,8248.146723,365.9534405,0,59.73403573
 10/25  24:00:00,6.625,4276.169484,0,0,59.9675243
 10/26  01:00:00,6.266666667,838.9983908,0,0,59.9691284
 10/26  02:00:00,5.75,429.2812534,0,0,59.96034589
 10/26  03:00:00,5.208333333,379.9116613,0,0,59.95012621
 10/26  04:00:00,4.65,812.9651073,0,0,59.97070574
 10/26  05:00:00,4.108333333,5298.232606,0,0,59.96306689
 10/26  06:00:00,3.55,9006.085752,244.1140489,0,59.88924787
 10/26  07:00:00,3.008333333,12387.22051,3470.666917,0,59.6025175
 10/26  08:00:00,3.675,12507.61608,6617.883495,0,59.58763745
 10/26  09:00:00,5.116666667,12774.1657,7709.439839,0,59.58275856
 10/26  10:00:00,6.575,13053.73415,7059.623558,0,59.58909553
 10/26  11:00:00,7.725,13280.84996,5281.873644,0,59.59504989
 10/26  12:00:00,8.683333333,13475.06991,3204.679887,0,59.59920347
 10/26  13:00:00,9.625,13669.99877,1482.030654,0,59.56059646
 10/26  14:00:00,10.11666667,9064.804342,0,0,59.75066697
 10/26  15:00:00,10.31666667,11157.49012,0,0,59.90762168
 10/26  16:00:00,10.51666667,10397.55006,0,0,59.89790544
 10/26  17:00:00,9.375,13618.5142,1218.874789,0,59.56758533
 10/26  18:00:00,7.333333333,13203.31697,1744.338345,0,59.56593526
 10/26  19:00:00,5.275,12804.49587,2890.833827,0,59.59214919
 10/26  20:00:00,3.875,12543.75347,4104.874653,0,59.5979602
 10/26  21:00:00,2.975,12381.37921,3988.375744,0,59.59706077
 10/26  22:00:00,2.075,12222.76942,2797.400846,0,59.59172512
 10/26  23:00:00,1.466666667,11951.03629,729.5235037,0,59.57906298
 10/26  24:00:00,1.125,1341.569691,0,0,59.97580858
 10/27  01:00:00,0.766666667,970.6127683,0,0,59.96672755
 10/27  02:00:00,0.716666667,727.510511,0,0,59.96127192
 10/27  03:00:00,0.858333333,381.0684,0,0,59.95993833
 10/27  04:00:00,1.016666667,561.2447778,0,0,59.9597203
 10/27  05:00:00,0.691666667,6796.092699,0,0,59.96325644
 10/27  06:00:00,-0.066666667,7892.348636,218.4364784,0,59.91903757
 10/27  07:00:00,-0.808333333,11739.91923,3538.128145,0,59.6046758
 10/27  08:00:00,-0.108333333,11854.02873,6837.498758,0,59.59186598
 10/27  09:00:00,1.533333333,12129.45391,8373.995549,0,59.58095621
 10/27  10:00:00,3.191666667,12420.51686,7488.787116,0,59.58494785
 10/27  11:00:00,4.425,12644.83537,5907.854828,0,59.59427406
 10/27  12:00:00,5.383333333,12824.35764,4079.601892,0,59.60114638
 10/27  13:00:00,6.325,13004.84442,2029.113672,0,59.5842712
 10/27  14:00:00,6.991666667,12591.15157,477.1860061,0,59.60617422
 10/27  15:00:00,7.55,8843.806383,0,0,59.93617408
 10/27  16:00:00,8.091666667,13354.53696,0,0,59.60840268
 10/27  17:00:00,8.066666667,13349.46887,0,0,59.61444084
 10/27  18:00:00,7.725,13280.7144,974.09592,0,59.48202712
 10/27  19:00:00,7.366666667,13209.21594,2585.93,0,59.58136712
 10/27  20:00:00,7.083333333,13153.07173,3720.031757,0,59.59329998
 10/27  21:00:00,6.941666667,13125.14518,3437.946176,0,59.59558469
 10/27  22:00:00,6.783333333,13094.05549,2228.152771,0,59.57713491
 10/27  23:00:00,5.825,9832.078133,196.3164152,0,59.71190154
 10/27  24:00:00,4.325,3127.497012,0,0,59.97141522
 10/28  01:00:00,2.825,842.1297654,0,0,59.96914219
 10/28  02:00:00,2.083333333,432.0000757,0,0,59.9598863
 10/28  03:00:00,1.941666667,382.7967771,0,0,59.94956053
 10/28  04:00:00,1.783333333,817.2593854,0,0,59.97030947
 10/28  05:00:00,1.466666667,5292.439357,0,0,59.96047387
 10/28  06:00:00,1.125,9039.872633,244.5714207,0,59.88830547
 10/28  07:00:00,0.766666667,11998.78925,3603.661022,0,59.60290313
 10/28  08:00:00,1.358333333,12099.32702,6770.191428,0,59.58539414
 10/28  09:00:00,2.6,12314.95292,8150.944178,0,59.58291285
 10/28  10:00:00,3.858333333,12540.878,7279.808984,0,59.58705701
 10/28  11:00:00,4.75,12705.14168,5937.394771,0,59.59595709
 10/28  12:00:00,5.291666667,12806.86355,3860.309391,0,59.59500181
 10/28  13:00:00,5.85,12913.18455,2025.250456,0,59.58044771
 10/28  14:00:00,5.983333333,12741.62639,240.8560045,0,59.61268217
 10/28  15:00:00,5.841666667,8605.551259,0,0,59.93695738
 10/28  16:00:00,5.683333333,12881.24119,0,0,59.5247199
 10/28  17:00:00,5.366666667,12821.04152,368.1838483,0,59.23594234
 10/28  18:00:00,4.966666667,12745.63743,1196.441573,0,59.52213325
 10/28  19:00:00,4.566666667,12670.97694,3171.119449,0,59.57669447
 10/28  20:00:00,4.75,12705.14168,4130.564254,0,59.59532405
 10/28  21:00:00,5.291666667,12806.86355,4062.706067,0,59.59669164
 10/28  22:00:00,5.85,12913.18455,2515.486338,0,59.59352549
 10/28  23:00:00,5.983333333,10747.42072,490.4662903,0,59.66319203
 10/28  24:00:00,5.841666667,3138.009614,0,0,59.97131595
 10/29  01:00:00,5.683333333,843.4733789,0,0,59.96856316
 10/29  02:00:00,5.833333333,435.4484959,0,0,59.95867945
 10/29  03:00:00,6.175,384.9819847,0,0,59.94902474
 10/29  04:00:00,6.533333333,820.1296521,0,0,59.97002182
 10/29  05:00:00,6.816666667,4327.444034,0,0,59.9649173
 10/29  06:00:00,6.958333333,11215.05889,244.5762595,0,59.85091384
 10/29  07:00:00,7.116666667,13159.65491,3510.989525,0,59.59049132
 10/29  08:00:00,7.55,13245.76639,5855.583529,0,59.59592037
 10/29  09:00:00,8.091666667,13354.53696,7154.948341,0,59.58822921
 10/29  10:00:00,8.65,13468.12354,6544.716254,0,59.59460391
 10/29  11:00:00,9.308333333,13603.91529,4795.968224,0,59.59679166
 10/29  12:00:00,10.06666667,13762.8301,2871.137043,0,59.59693691
 10/29  13:00:00,10.80833333,13920.78159,980.8279558,0,59.54588249
 10/29  14:00:00,11.1,9121.109967,0,0,59.86403811
 10/29  15:00:00,11.1,9279.86234,0,0,59.92991325
 10/29  16:00:00,11.1,13983.51655,0,0,59.78908156
 10/29  17:00:00,10.225,13796.6446,300.8564267,0,59.34115694
 10/29  18:00:00,8.783333333,13495.75927,970.7675415,0,59.48531208
 10/29  19:00:00,7.325,13201.33284,2573.709641,0,59.57962805
 10/29  20:00:00,6.7,13077.72879,3797.249797,0,59.59903085
 10/29  21:00:00,6.7,13077.72879,3420.279865,0,59.59507221
 10/29  22:00:00,6.7,13077.72879,2281.736436,0,59.58564223
 10/29  23:00:00,6.7,9938.326073,240.467398,0,59.70174195
 10/29  24:00:00,6.7,3140.122761,0,0,59.97146258
 10/30  01:00:00,6.7,846.1509857,0,0,59.96873356
 10/30  02:00:00,6.7,433.9825563,0,0,59.95961522
 10/30  03:00:00,6.7,384.7547352,0,0,59.94920729
 10/30  04:00:00,6.7,820.9736801,0,0,59.97011504
 10/30  05:00:00,6.583333333,4336.282573,0,0,59.96526662
 10/30  06:00:00,6.383333333,11115.48766,244.7203349,0,59.85140517
 10/30  07:00:00,6.183333333,12977.27784,3485.215452,0,59.588621
 10/30  08:00:00,6.216666667,12983.72159,6082.038762,0,59.58849391
 10/30  09:00:00,6.416666667,13022.49256,7329.16932,0,59.58928704
 10/30  10:00:00,6.616666667,13061.44943,6634.112616,0,59.59073601
 10/30  11:00:00,6.933333333,13123.53392,5227.914837,0,59.59624025
 10/30  12:00:00,7.275,13191.00494,3450.611771,0,59.59889176
 10/30  13:00:00,7.633333333,13262.3771,1490.226924,0,59.56988922
 10/30  14:00:00,7.916666667,8848.642917,0,0,59.68173585
 10/30  15:00:00,8.058333333,13347.75755,0,0,59.86346286
 10/30  16:00:00,8.216666667,8914.367242,0,0,59.93607365
 10/30  17:00:00,7.775,13290.87577,485.5799874,0,59.70505087
 10/30  18:00:00,6.875,13112.18882,2242.52256,0,59.57214963
 10/30  19:00:00,5.975,12937.26633,3297.057729,0,59.58581265
 10/30  20:00:00,5.075,12766.10832,4254.824714,0,59.59589924
 10/30  21:00:00,4.116666667,12588.03086,4009.68946,0,59.59380887
 10/30  22:00:00,3.175,12417.13705,2782.103949,0,59.58799056
 10/30  23:00:00,2.45,11889.52328,727.0602825,0,59.60049997
 10/30  24:00:00,1.908333333,1351.774089,0,0,59.975457
 10/31  01:00:00,1.35,978.3107079,0,0,59.96604923
 10/31  02:00:00,0.75,736.1540136,0,0,59.9609859
 10/31  03:00:00,0.208333333,385.3346303,0,0,59.95913455
 10/31  04:00:00,-0.35,567.2932727,0,0,59.95879219
 10/31  05:00:00,-0.6,6840.631665,0,0,59.96258551
 10/31  06:00:00,-0.6,7848.943759,244.4785294,0,59.91816063
 10/31  07:00:00,-0.6,11773.41564,3584.099325,0,59.60443128
 10/31  08:00:00,0.158333333,11897.69998,6821.915463,0,59.58975083
 10/31  09:00:00,1.458333333,12116.43136,8470.180975,0,59.58286067
 10/31  10:00:00,2.758333333,12343.017,7747.413357,0,59.58516328
 10/31  11:00:00,4.175,12598.98587,6168.172922,0,59.59538082
 10/31  12:00:00,5.675,12880.06649,4102.996713,0,59.59825105
 10/31  13:00:00,7.175,13171.60396,2187.522101,0,59.58566997
 10/31  14:00:00,7.8,12856.46395,304.2322798,0,59.59429526
 10/31  15:00:00,7.8,8863.827023,0,0,59.93591176
 10/31  16:00:00,7.8,13295.74053,0,0,59.57782213
 10/31  17:00:00,6.925,13122.28821,0,0,59.50118833
 10/31  18:00:00,5.425,12832.49355,1036.3069,0,59.49139365
 10/31  19:00:00,3.925,12553.15574,3070.980674,0,59.58594373
 10/31  20:00:00,3.3,12439.42761,4218.526627,0,59.59147566
 10/31  21:00:00,3.3,12439.42761,4268.836122,0,59.60007263
 10/31  22:00:00,3.241666667,12428.94703,2993.357619,0,59.58798653
 10/31  23:00:00,3.2,12368.0804,736.1199027,0,59.56276312
 10/31  24:00:00,3.141666667,1357.850706,0,0,59.97675794
 11/01  01:00:00,3.041666667,980.0373862,0,0,59.96569969
 11/01  02:00:00,2.941666667,737.7624703,0,0,59.96506211
 11/01  03:00:00,2.9,386.0281766,0,0,59.96361936
 11/01  04:00:00,2.841666667,568.2493896,0,0,59.95880203
 11/01  05:00:00,2.8,6875.078991,0,0,59.95557932
 11/01  06:00:00,3.091666667,8278.003153,213.8586831,0,59.82580776
 11/01  07:00:00,3.3,12439.42761,3485.605873,0,59.58941893
 11/01  08:00:00,3.941666667,12556.00625,6689.725154,0,59.59138964
 11/01  09:00:00,5.1,12770.93048,7921.918877,0,59.58513159
 11/01  10:00:00,5.25,12799.0095,7146.082044,0,59.58906433
 11/01  11:00:00,5.641666667,12873.51085,5623.739257,0,59.59323929
 11/01  12:00:00,7.091666667,13155.2536,3514.690188,0,59.59586888
 11/01  13:00:00,8.733333333,13485.61211,1968.750506,0,59.57534984
 11/01  14:00:00,9.75,10699.15476,0,0,59.68228531
 11/01  15:00:00,9.65,11387.21954,0,0,59.90336377
 11/01  16:00:00,9.108333333,9037.940057,0,0,59.85248862
 11/01  17:00:00,7.616666667,13259.92594,241.5101772,0,59.82547623
 11/01  18:00:00,6.058333333,12953.38002,2289.043004,0,59.58047431
 11/01  19:00:00,5.6,12865.34051,3791.132344,0,59.59700213
 11/01  20:00:00,3.616666667,12498.78471,4498.425173,0,59.59568636
 11/01  21:00:00,2.55,12305.92631,4212.674533,0,59.60022951
 11/01  22:00:00,3.091666667,12402.10993,3063.711986,0,59.58102115
 11/01  23:00:00,2.016666667,12213.37777,739.3761884,0,59.56511797
 11/01  24:00:00,1.741666667,2023.198964,0,0,59.9679731
 11/02  01:00:00,0.916666667,979.5508127,0,0,59.9652141
 11/02  02:00:00,0.35,494.220161,0,0,59.96478813
 11/02  03:00:00,0.25,327.5300073,0,0,59.96344143
 11/02  04:00:00,0.35,678.6499778,0,0,59.95889155
 11/02  05:00:00,0.6,5553.087356,0,0,59.95629039
 11/02  06:00:00,-0.741666667,11751.54933,241.7835358,0,59.8231755
 11/02  07:00:00,-2.341666667,11499.04791,2922.53144,0,59.58691029
 11/02  08:00:00,-1.808333333,11581.95334,6581.843851,0,59.58814177
 11/02  09:00:00,0.533333333,11961.14736,8091.177486,0,59.58284662
 11/02  10:00:00,3.625,12500.16962,7850.861068,0,59.58646682
 11/02  11:00:00,6.925,13123.91484,6141.427998,0,59.59332851
 11/02  12:00:00,7.366666667,13209.66778,3837.226223,0,59.6010442
 11/02  13:00:00,7.633333333,13262.82894,2031.54061,0,59.58288356
 11/02  14:00:00,8.3,12767.83128,242.2627202,0,59.59849851
 11/02  15:00:00,8.008333333,8880.593728,0,0,59.93599255
 11/02  16:00:00,7.45,13225.83095,0,0,59.56135666
 11/02  17:00:00,5.916666667,12926.81738,0,0,59.4229206
 11/02  18:00:00,5,12751.86258,1289.912529,0,59.49382794
 11/02  19:00:00,4.008333333,12568.52067,3091.180719,0,59.57687671
 11/02  20:00:00,3.3,12439.42761,4504.150725,0,59.59920216
 11/02  21:00:00,3.008333333,12387.22051,4141.273111,0,59.5990963
 11/02  22:00:00,1.516666667,12127.02339,3082.246588,0,59.59287337
 11/02  23:00:00,0.25,11912.61556,977.8583467,0,59.52515659
 11/02  24:00:00,0.641666667,2507.914141,0,0,59.94005914
 11/03  01:00:00,0.458333333,981.0294863,0,0,59.96556047
 11/03  02:00:00,-0.35,495.3592836,0,0,59.96470525
 11/03  03:00:00,0.1,328.3309386,0,0,59.96332492
 11/03  04:00:00,-0.1,680.1845197,0,0,59.95884568
 11/03  05:00:00,-0.891666667,5518.44172,0,0,59.95688988
 11/03  06:00:00,-1.45,11637.70908,242.9232165,0,59.82214323
 11/03  07:00:00,-1.7,11598.34671,3081.040519,0,59.5892485
 11/03  08:00:00,-1.35,11653.50825,6396.723923,0,59.58568888
 11/03  09:00:00,0.533333333,11961.14736,8421.129405,0,59.58120496
 11/03  10:00:00,1.991666667,12208.16831,7794.991404,0,59.57988615
 11/03  11:00:00,2.55,12305.92631,6228.44335,0,59.59472749
 11/03  12:00:00,2.8,12350.0911,4426.936412,0,59.59479438
 11/03  13:00:00,2.8,12350.0911,2571.619869,0,59.59312343
 11/03  14:00:00,2.8,12350.0911,734.5198214,0,59.50388993
 11/03  15:00:00,2.8,10117.97067,0,0,59.69746606
 11/03  16:00:00,2.8,10291.74258,0,0,59.8918664
 11/03  17:00:00,2.8,12350.0911,1172.715135,0,59.55298747
 11/03  18:00:00,2.8,12350.0911,2468.642512,0,59.57147535
 11/03  19:00:00,2.8,12350.0911,3831.898903,0,59.59813149
 11/03  20:00:00,2.8,12350.0911,5145.995002,0,59.59791236
 11/03  21:00:00,2.8,12350.0911,4385.018534,0,59.60008634
 11/03  22:00:00,2.8,12350.0911,3133.004626,0,59.59265958
 11/03  23:00:00,2.8,12350.0911,1237.395521,0,59.56242576
 11/03  24:00:00,2.8,2101.421831,0,0,59.95594229
 11/04  01:00:00,2.8,984.5040561,0,0,59.96525347
 11/04  02:00:00,2.45,497.0745325,0,0,59.96443876
 11/04  03:00:00,2.2,329.9134986,0,0,59.96297456
 11/04  04:00:00,2.2,682.054996,0,0,59.95839745
 11/04  05:00:00,2.55,5629.61014,0,0,59.95534627
 11/04  06:00:00,2.8,12350.0911,241.2959803,0,59.82372956
 11/04  07:00:00,2.8,12350.0911,2874.065339,0,59.57773179
 11/04  08:00:00,2.8,12350.0911,5816.186869,0,59.59281497
 11/04  09:00:00,2.8,12350.0911,7802.810463,0,59.58608569
 11/04  10:00:00,3.091666667,12402.10993,7251.845132,0,59.58527221
 11/04  11:00:00,3.3,12439.42761,6044.933609,0,59.59355672
 11/04  12:00:00,3.3,12439.42761,4115.785367,0,59.60135511
 11/04  13:00:00,3.3,12439.42761,2287.55572,0,59.59093949
 11/04  14:00:00,3.65,12502.72226,726.4843338,0,59.52030806
 11/04  15:00:00,3.9,8116.88637,0,0,59.89940559
 11/04  16:00:00,3.55,12484.59935,238.6319967,0,59.7790896
 11/04  17:00:00,3.3,12439.42761,965.962151,0,59.52447807
 11/04  18:00:00,3.3,12439.42761,2016.586497,0,59.56494261
 11/04  19:00:00,3.3,12439.42761,3651.173322,0,59.59608584
 11/04  20:00:00,3.3,12439.42761,4967.76682,0,59.59610794
 11/04  21:00:00,3.3,12439.42761,4476.485528,0,59.59747931
 11/04  22:00:00,3.3,12439.42761,2967.639089,0,59.59772149
 11/04  23:00:00,3.3,12439.42761,1113.397621,0,59.55214192
 11/04  24:00:00,3.008333333,1895.479196,0,0,59.96617456
 11/05  01:00:00,2.8,986.8854311,0,0,59.96466364
 11/05  02:00:00,2.8,498.8255563,0,0,59.96411079
 11/05  03:00:00,2.8,331.5574415,0,0,59.96276952
 11/05  04:00:00,2.8,683.7612792,0,0,59.95817857
 11/05  05:00:00,2.8,5636.53396,0,0,59.95495867
 11/05  06:00:00,2.8,12350.0911,241.3795708,0,59.82274145
 11/05  07:00:00,2.8,12350.0911,2932.597371,0,59.58942461
 11/05  08:00:00,3.091666667,12402.10993,5813.257928,0,59.58950537
 11/05  09:00:00,3.3,12439.42761,7724.905712,0,59.58305136
 11/05  10:00:00,3.65,12502.72226,7382.250817,0,59.58880358
 11/05  11:00:00,3.258333333,12432.16633,5962.384596,0,59.59663271
 11/05  12:00:00,3.091666667,12402.10993,4134.800839,0,59.60059898
 11/05  13:00:00,3.65,12502.72226,2246.238239,0,59.58249121
 11/05  14:00:00,3.55,12484.59935,728.2393081,0,59.51525616
 11/05  15:00:00,3.3,8129.80087,0,0,59.88558443
 11/05  16:00:00,3.65,12502.72226,238.6984858,0,59.77840671
 11/05  17:00:00,3.9,12548.16511,968.3350369,0,59.52448841
 11/05  18:00:00,3.9,12548.16511,1933.339948,0,59.54684368
 11/05  19:00:00,3.9,12548.16511,3787.058029,0,59.59246035
 11/05  20:00:00,3.55,12484.59935,4760.724839,0,59.59902903
 11/05  21:00:00,3.008333333,12387.22051,4503.04931,0,59.5940135
 11/05  22:00:00,2.45,12288.31462,2903.708783,0,59.58760918
 11/05  23:00:00,1.908333333,12193.70491,1241.714846,0,59.53982661
 11/05  24:00:00,1.991666667,2212.825066,0,0,59.94686414
 11/06  01:00:00,2.2,1292.933893,0,0,59.9693943
 11/06  02:00:00,2.55,2006.3198,0,0,59.96102841
 11/06  03:00:00,1.808333333,345.5155749,0,0,59.96160125
 11/06  04:00:00,1.1,332.341132,0,0,59.96287778
 11/06  05:00:00,1.45,836.9098802,0,0,59.96841486
 11/06  06:00:00,1.35,5389.154378,0,0,59.95778279
 11/06  07:00:00,1.45,10102.75016,245.910271,0,59.87974784
 11/06  08:00:00,1.991666667,12208.16831,3467.069232,0,59.58578175
 11/06  09:00:00,2.841666667,12357.71923,6649.156199,0,59.58104608
 11/06  10:00:00,4.933333333,12740.83321,8262.21389,0,59.5827064
 11/06  11:00:00,6.741666667,13086.11214,7305.138886,0,59.58901628
 11/06  12:00:00,7.2,13176.12791,5721.052064,0,59.59697519
 11/06  13:00:00,7.841666667,13304.3369,3755.517414,0,59.59639964
 11/06  14:00:00,8.008333333,13337.71109,1753.041607,0,59.57925664
 11/06  15:00:00,7.45,10808.86982,239.5760551,0,59.66008091
 11/06  16:00:00,7.2,10980.1066,0,0,59.90130244
 11/06  17:00:00,5.275,12805.71583,0,0,59.52802411
 11/06  18:00:00,3.9,12548.16511,0,0,59.41608294
 11/06  19:00:00,2.908333333,12369.89283,1565.029481,0,59.52092204
 11/06  20:00:00,3.191666667,12420.51686,3326.949521,0,59.58709025
 11/06  21:00:00,3.9,12548.16511,4950.991816,0,59.59301665
 11/06  22:00:00,3.258333333,12432.16633,4385.901373,0,59.59344976
 11/06  23:00:00,2.8,12350.0911,3161.659322,0,59.59768927
 11/06  24:00:00,2.45,12288.31462,988.889891,0,59.55222967
 11/07  01:00:00,1.908333333,2252.557784,0,0,59.95201208
 11/07  02:00:00,1.7,990.212557,0,0,59.96478371
 11/07  03:00:00,1.058333333,500.8326351,0,0,59.96397174
 11/07  04:00:00,0.6,333.2798289,0,0,59.96280484
 11/07  05:00:00,0.6,686.0823673,0,0,59.95829546
 11/07  06:00:00,0.25,5570.988047,0,0,59.95599282
 11/07  07:00:00,0,11871.278,242.8962756,0,59.82025512
 11/07  08:00:00,0,11871.278,3166.565521,0,59.57483642
 11/07  09:00:00,0.35,11929.2048,6297.261426,0,59.58527955
 11/07  10:00:00,0.6,11970.81347,8265.779717,0,59.58282314
 11/07  11:00:00,0.891666667,12019.85016,7819.339627,0,59.57745422
 11/07  12:00:00,1.1,12055.03774,6350.80342,0,59.59366663
 11/07  13:00:00,1.1,12055.03774,4599.917448,0,59.5938317
 11/07  14:00:00,1.45,12114.75383,2823.369693,0,59.59531432
 11/07  15:00:00,1.991666667,12208.16831,1222.938702,0,59.54426047
 11/07  16:00:00,1.908333333,12193.70491,0,0,59.6184249
 11/07  17:00:00,1.7,12157.64055,0,0,59.93005365
 11/07  18:00:00,1.35,12097.65336,0,0,59.5999788
 11/07  19:00:00,0.458333333,11947.38896,1384.233456,0,59.58462262
 11/07  20:00:00,-0.35,11814.05607,3495.046634,0,59.59826127
 11/07  21:00:00,-0.891666667,11726.49506,5284.597494,0,59.59716914
 11/07  22:00:00,-1.45,11637.70908,5234.231286,0,59.59761908
 11/07  23:00:00,-2.633333333,11454.69528,3773.019534,0,59.58969496
 11/07  24:00:00,-3.3,11353.73956,2030.685699,0,59.5796973
 11/08  01:00:00,-2.658333333,4775.298872,0,0,59.84892459
 11/08  02:00:00,-2.2,864.5876243,0,0,59.9679675
 11/08  03:00:00,-2.841666667,396.1186483,0,0,59.96892157
 11/08  04:00:00,-3.65,334.9159905,0,0,59.96262682
 11/08  05:00:00,-3.9,795.3465465,0,0,59.95792496
 11/08  06:00:00,-4.541666667,5573.296169,0,0,59.93758338
 11/08  07:00:00,-5.35,9208.995555,245.6594799,0,59.87745407
 11/08  08:00:00,-4.258333333,11213.92322,3761.338987,0,59.5893729
 11/08  09:00:00,-2.016666667,11549.90174,7434.443064,0,59.58669599
 11/08  10:00:00,0.183333333,11902.42532,8986.188838,0,59.57479479
 11/08  11:00:00,1.1,12055.03774,8229.149561,0,59.58094701
 11/08  12:00:00,1.45,12114.75383,6692.065902,0,59.59231325
 11/08  13:00:00,1.991666667,12208.16831,4780.488958,0,59.5999975
 11/08  14:00:00,2.2,12244.42095,3038.212678,0,59.58854211
 11/08  15:00:00,1.908333333,12193.70491,982.5333205,0,59.54820037
 11/08  16:00:00,1.058333333,12048.20248,236.753294,0,59.54794251
 11/08  17:00:00,-0.391666667,11807.7501,0,0,59.8098412
 11/08  18:00:00,-1.45,11637.70908,0,0,59.65105333
 11/08  19:00:00,-1.35,11653.50825,1732.470304,0,59.54489185
 11/08  20:00:00,-1.45,11637.70908,4053.296176,0,59.59489355
 11/08  21:00:00,-1.7,11598.34671,5624.952513,0,59.59734991
 11/08  22:00:00,-1.991666667,11552.91719,5304.065776,0,59.59822206
 11/08  23:00:00,-2.55,11466.98555,4073.938917,0,59.59612872
 11/08  24:00:00,-2.8,11428.90124,2019.337097,0,59.58094726
 11/09  01:00:00,-3.091666667,5109.851712,0,0,59.84996641
 11/09  02:00:00,-3.941666667,866.6103076,0,0,59.96760974
 11/09  03:00:00,-4.4,395.98951,0,0,59.96916518
 11/09  04:00:00,-4.4,335.4231041,0,0,59.96264135
 11/09  05:00:00,-4.75,796.455141,0,0,59.95795489
 11/09  06:00:00,-5,6614.446728,0,0,59.9369874
 11/09  07:00:00,-5.641666667,7328.013205,246.2419972,0,59.91436762
 11/09  08:00:00,-6.45,10907.00607,3712.557262,0,59.60844032
 11/09  09:00:00,-6.058333333,10960.2103,7793.063837,0,59.58664181
 11/09  10:00:00,-4.9,11121.3011,9477.935643,0,59.57295838
 11/09  11:00:00,-4.108333333,11234.73278,8868.952898,0,59.57813826
 11/09  12:00:00,-3.258333333,11360.18646,7337.711475,0,59.58652737
 11/09  13:00:00,-2.45,11482.2735,5643.290051,0,59.59526967
 11/09  14:00:00,-2.2,11520.62891,3561.334348,0,59.60012969
 11/09  15:00:00,-2.55,11466.98555,2090.389362,0,59.58251626
 11/09  16:00:00,-3.441666667,11332.88279,718.4717961,0,59.50686292
 11/09  17:00:00,-4.541666667,11172.34114,475.2157724,0,59.46755098
 11/09  18:00:00,-5.991666667,10969.62639,961.9700665,0,59.48448915
 11/09  19:00:00,-7.341666667,10789.06496,2567.865105,0,59.56126009
 11/09  20:00:00,-7.45,10774.80794,4650.856505,0,59.59334377
 11/09  21:00:00,-8.191666667,10680.23897,6388.157983,0,59.59399172
 11/09  22:00:00,-8.9,10591.30798,6209.608474,0,59.59445264
 11/09  23:00:00,-9.541666667,10513.48059,5096.226952,0,59.59704439
 11/09  24:00:00,-10.35,10417.71491,3157.19463,0,59.59476625
 11/10  01:00:00,-10.25,6680.488385,244.4052495,0,59.71144441
 11/10  02:00:00,-10,1002.934876,0,0,59.9643033
 11/10  03:00:00,-10.99166667,753.5461612,0,0,59.95815007
 11/10  04:00:00,-11.35,337.9006903,0,0,59.962553
 11/10  05:00:00,-10.80833333,1291.188333,0,0,59.96275028
 11/10  06:00:00,-10.6,6291.736209,0,0,59.96056213
 11/10  07:00:00,-11.24166667,6863.535821,245.1698958,0,59.91336683
 11/10  08:00:00,-10.70833333,10376.7808,3941.63762,0,59.60424035
 11/10  09:00:00,-9.008333333,10578.53965,7979.652365,0,59.5833727
 11/10  10:00:00,-7.658333333,10748.01166,9862.555458,0,59.57150993
 11/10  11:00:00,-6.266666667,10932.1607,9452.088268,0,59.57358291
 11/10  12:00:00,-4.9,11121.3011,7865.941931,0,59.58494346
 11/10  13:00:00,-3.758333333,11286.08984,5744.057701,0,59.59376045
 11/10  14:00:00,-3.3,11353.73956,4038.634469,0,59.59582648
 11/10  15:00:00,-3.3,11353.73956,2282.460228,0,59.58536845
 11/10  16:00:00,-3.3,11353.73956,969.1294761,0,59.53462365
 11/10  17:00:00,-3.3,11353.73956,716.7736872,0,59.47317897
 11/10  18:00:00,-3.3,11353.73956,968.3515019,0,59.49912969
 11/10  19:00:00,-3.3,11353.73956,2292.393443,0,59.57282609
 11/10  20:00:00,-3.3,11353.73956,4542.275299,0,59.59677608
 11/10  21:00:00,-3.65,11301.88548,5795.476855,0,59.59161055
 11/10  22:00:00,-3.9,11265.07923,5787.018895,0,59.59696495
 11/10  23:00:00,-3.9,11265.07923,4393.91308,0,59.60052554
 11/10  24:00:00,-3.9,11265.07923,2288.037573,0,59.58836026
 11/11  01:00:00,-3.9,4642.989993,241.078321,0,59.81280071
 11/11  02:00:00,-3.9,2032.803558,0,0,59.9599065
 11/11  03:00:00,-3.9,349.4606023,0,0,59.96165858
 11/11  04:00:00,-3.9,337.7980004,0,0,59.9622474
 11/11  05:00:00,-4.191666667,845.1390443,0,0,59.96824459
 11/11  06:00:00,-4.75,5439.741932,0,0,59.95201321
 11/11  07:00:00,-5,9255.733906,245.9466336,0,59.87652858
 11/11  08:00:00,-5,11106.88069,3839.542984,0,59.59562208
 11/11  09:00:00,-4.65,11156.67438,7405.214607,0,59.58811858
 11/11  10:00:00,-4.108333333,11234.73278,9389.749645,0,59.57490563
 11/11  11:00:00,-3.258333333,11360.18646,8790.935835,0,59.57893655
 11/11  12:00:00,-2.45,11482.2735,7281.82749,0,59.5886659
 11/11  13:00:00,-1.908333333,11565.87016,5299.843022,0,59.5945446
 11/11  14:00:00,-1.7,11598.34671,3768.794596,0,59.59914504
 11/11  15:00:00,-1.7,11598.34671,1753.897379,0,59.58003608
 11/11  16:00:00,-1.7,11598.34671,734.6145849,0,59.51244641
 11/11  17:00:00,-1.991666667,11552.91719,300.2329157,0,59.41615351
 11/11  18:00:00,-2.2,11520.62891,736.4153196,0,59.4493832
 11/11  19:00:00,-2.55,11466.98555,2260.33082,0,59.56176092
 11/11  20:00:00,-3.733333333,11290.02124,4406.858049,0,59.59743752
 11/11  21:00:00,-4.4,11192.47368,5798.199195,0,59.59148674
 11/11  22:00:00,-4.75,11142.40888,5759.962254,0,59.59584625
 11/11  23:00:00,-5,11106.88069,4512.890722,0,59.59987543
 11/11  24:00:00,-5.35,11057.79186,2563.053809,0,59.5904583
 11/12  01:00:00,-5.891666667,4965.168518,240.4313499,0,59.79172922
 11/12  02:00:00,-7.091666667,2038.324758,0,0,59.95945131
 11/12  03:00:00,-7.45,351.9951921,0,0,59.9610996
 11/12  04:00:00,-7.2,340.1550284,0,0,59.96180631
 11/12  05:00:00,-7.2,848.8679096,0,0,59.9679592
 11/12  06:00:00,-7.2,6485.619394,0,0,59.94909467
 11/12  07:00:00,-6.908333333,7237.893024,245.9917541,0,59.91333142
 11/12  08:00:00,-6.35,10920.48149,3843.192903,0,59.60745728
 11/12  09:00:00,-5.458333333,11042.85213,7844.561187,0,59.57461075
 11/12  10:00:00,-4.358333333,11198.70757,9468.399054,0,59.57375251
 11/12  11:00:00,-2.908333333,11413.0617,9016.704618,0,59.576154
 11/12  12:00:00,-1.558333333,11620.80578,7281.949773,0,59.58421
 11/12  13:00:00,-0.458333333,11796.59895,5615.434043,0,59.59641663
 11/12  14:00:00,0.35,11929.2048,3478.882195,0,59.59676275
 11/12  15:00:00,0.25,11912.61556,1749.43343,0,59.57519167
 11/12  16:00:00,-0.35,11814.05607,475.9539845,0,59.46756027
 11/12  17:00:00,-0.891666667,11726.49506,0,0,59.22779416
 11/12  18:00:00,-1.45,11637.70908,610.1178521,0,59.39836056
 11/12  19:00:00,-1.7,11598.34671,2234.805058,0,59.55488836
 11/12  20:00:00,-1.991666667,11552.91719,4207.987839,0,59.59357905
 11/12  21:00:00,-2.2,11520.62891,5705.697628,0,59.59447597
 11/12  22:00:00,-2.55,11466.98555,5643.22587,0,59.59556625
 11/12  23:00:00,-2.8,11428.90124,4068.062002,0,59.59293769
 11/12  24:00:00,-2.8,11428.90124,2187.897743,0,59.55842398
 11/13  01:00:00,-2.8,4278.813946,239.7480316,0,59.83836022
 11/13  02:00:00,-2.8,2039.287575,0,0,59.95945918
 11/13  03:00:00,-2.8,352.4066403,0,0,59.96115503
 11/13  04:00:00,-2.8,340.6902141,0,0,59.96178226
 11/13  05:00:00,-2.8,849.2215662,0,0,59.9678234
 11/13  06:00:00,-2.45,5455.89625,0,0,59.95258682
 11/13  07:00:00,-2.2,9600.524095,246.0678499,0,59.87652372
 11/13  08:00:00,-2.2,11520.62891,3895.55587,0,59.5972818
 11/13  09:00:00,-1.908333333,11565.87016,7144.10307,0,59.58456886
 11/13  10:00:00,-1.35,11653.50825,8892.8343,0,59.57798635
 11/13  11:00:00,-0.808333333,11739.87404,8526.706159,0,59.58105497
 11/13  12:00:00,-0.25,11830.36647,7114.109697,0,59.58648875
 11/13  13:00:00,0.35,11929.2048,4940.656104,0,59.59460616
 11/13  14:00:00,0.6,11970.81347,3447.606989,0,59.59762149
 11/13  15:00:00,0.6,11970.81347,1464.790336,0,59.55581697
 11/13  16:00:00,0.6,11970.81347,237.846429,0,59.41368579
 11/13  17:00:00,0.25,11912.61556,0,0,59.29311309
 11/13  18:00:00,-0.35,11814.05607,367.2057868,0,59.29528574
 11/13  19:00:00,-0.25,11830.36647,1951.798239,0,59.55411513
 11/13  20:00:00,0,11871.278,4176.099503,0,59.59377147
 11/13  21:00:00,0,11871.278,5384.237207,0,59.59441256
 11/13  22:00:00,0,11871.278,5426.242038,0,59.59558158
 11/13  23:00:00,-0.35,11814.05607,3867.552921,0,59.59734124
 11/13  24:00:00,-0.6,11773.41564,1781.268888,0,59.57535263
 11/14  01:00:00,-0.6,4392.871749,235.7398437,0,59.83415569
 11/14  02:00:00,-0.6,874.7235032,0,0,59.9670774
 11/14  03:00:00,-0.891666667,402.9038692,0,0,59.96802133
 11/14  04:00:00,-1.45,341.9192929,0,0,59.96164291
 11/14  05:00:00,-2.341666667,806.8144145,0,0,59.95685888
 11/14  06:00:00,-3.733333333,6687.02534,0,0,59.93724583
 11/14  07:00:00,-4.108333333,7497.892725,246.6130771,0,59.91330278
 11/14  08:00:00,-3.55,11316.66221,3718.233439,0,59.60764641
 11/14  09:00:00,-2.016666667,11549.90174,7607.336218,0,59.57731106
 11/14  10:00:00,-0.458333333,11796.59895,9343.811686,0,59.57293361
 11/14  11:00:00,0.35,11929.2048,8640.888986,0,59.58049434
 11/14  12:00:00,0.891666667,12019.85016,6778.419208,0,59.58656849
 11/14  13:00:00,1.45,12114.75383,5172.948079,0,59.59953555
 11/14  14:00:00,1.991666667,12208.16831,3153.229582,0,59.59850824
 11/14  15:00:00,2.55,12305.92631,1480.988798,0,59.5620803
 11/14  16:00:00,2.158333333,12237.37267,0,0,59.42207131
 11/14  17:00:00,1.058333333,12048.20248,0,0,59.57697252
 11/14  18:00:00,0.891666667,12019.85016,303.2298691,0,59.43953117
 11/14  19:00:00,0.808333333,12005.81278,1714.71943,0,59.53861888
 11/14  20:00:00,0.6,11970.81347,3825.101054,0,59.5895844
 11/14  21:00:00,-0.1,11855.12253,5353.22634,0,59.59750029
 11/14  22:00:00,-0.6,11773.41564,5361.891089,0,59.5959118
 11/14  23:00:00,-0.891666667,11726.49506,3946.074368,0,59.59992701
 11/14  24:00:00,-2.091666667,11537.91326,2021.375927,0,59.57771509
 11/15  01:00:00,-1.808333333,4720.894575,0,0,59.85280248
 11/15  02:00:00,-0.808333333,876.1760188,0,0,59.96695344
 11/15  03:00:00,-1.241666667,403.0307888,0,0,59.96809127
 11/15  04:00:00,-1.35,341.9266659,0,0,59.96173294
 11/15  05:00:00,-0.808333333,807.7634772,0,0,59.9569801
 11/15  06:00:00,-0.6,5651.451909,0,0,59.93801436
 11/15  07:00:00,-0.6,9811.179698,246.213844,0,59.87633249
 11/15  08:00:00,-0.6,11773.41564,3842.704873,0,59.59018757
 11/15  09:00:00,-0.25,11830.36647,6969.38289,0,59.58979646
 11/15  10:00:00,0,11871.278,8920.160757,0,59.57760546
 11/15  11:00:00,0,11871.278,8378.640368,0,59.57533012
 11/15  12:00:00,0.35,11929.2048,6837.825357,0,59.58936549
 11/15  13:00:00,0.891666667,12019.85016,4901.551693,0,59.5992046
 11/15  14:00:00,1.45,12114.75383,3167.687835,0,59.59799673
 11/15  15:00:00,1.991666667,12208.16831,1488.248403,0,59.56434881
 11/15  16:00:00,1.908333333,12193.70491,237.4669875,0,59.45881503
 11/15  17:00:00,1.7,12157.64055,0,0,59.56070094
 11/15  18:00:00,1.991666667,12208.16831,189.2354142,0,59.423557
 11/15  19:00:00,2.2,12244.42095,1517.057846,0,59.51525799
 11/15  20:00:00,2.2,12244.42095,3797.773239,0,59.59033883
 11/15  21:00:00,2.2,12244.42095,5267.046963,0,59.59816438
 11/15  22:00:00,2.2,12244.42095,5166.420613,0,59.59908114
 11/15  23:00:00,2.2,12244.42095,3477.433827,0,59.59263603
 11/15  24:00:00,2.2,12244.42095,1499.881064,0,59.56705311
 11/16  01:00:00,2.2,3221.856619,0,0,59.9187493
 11/16  02:00:00,2.2,859.2709886,0,0,59.96888901
 11/16  03:00:00,2.55,623.1305798,0,0,59.96146931
 11/16  04:00:00,2.45,341.2303684,0,0,59.96209855
 11/16  05:00:00,2.2,587.7695726,0,0,59.95614377
 11/16  06:00:00,2.55,7056.577742,0,0,59.96004923
 11/16  07:00:00,2.8,8233.394063,244.891015,0,59.91373456
 11/16  08:00:00,2.8,12350.0911,3527.168029,0,59.59685734
 11/16  09:00:00,2.8,12350.0911,7139.36467,0,59.58417458
 11/16  10:00:00,3.091666667,12402.10993,8598.484216,0,59.57937329
 11/16  11:00:00,3.941666667,12556.00625,7826.272998,0,59.58145956
 11/16  12:00:00,4.75,12705.14168,6274.833824,0,59.59379391
 11/16  13:00:00,5,12751.86258,4419.280657,0,59.59685365
 11/16  14:00:00,5.35,12817.92249,2580.824605,0,59.59200534
 11/16  15:00:00,5.6,12865.34051,731.5212226,0,59.50625107
 11/16  16:00:00,4.9,8397.155398,0,0,59.86015017
 11/16  17:00:00,4.108333333,12586.35957,239.0977902,0,59.77514809
 11/16  18:00:00,3.55,12484.59935,1178.815303,0,59.52847972
 11/16  19:00:00,3.008333333,12387.22051,1995.03156,0,59.54897028
 11/16  20:00:00,2.8,12350.0911,4127.144954,0,59.59349757
 11/16  21:00:00,2.45,12288.31462,5260.282716,0,59.59816236
 11/16  22:00:00,2.55,12305.92631,4895.004472,0,59.59603793
 11/16  23:00:00,3.091666667,12402.10993,3498.933621,0,59.59479063
 11/16  24:00:00,3.3,12439.42761,1498.635134,0,59.55641895
 11/17  01:00:00,2.366666667,2875.348201,0,0,59.92006384
 11/17  02:00:00,1.35,862.1058319,0,0,59.96866236
 11/17  03:00:00,0.808333333,621.9340573,0,0,59.96161624
 11/17  04:00:00,0.25,341.6749894,0,0,59.96220691
 11/17  05:00:00,-0.35,588.2576408,0,0,59.95623479
 11/17  06:00:00,-1.533333333,7063.42565,0,0,59.95552721
 11/17  07:00:00,-1.908333333,7719.219002,247.1155174,0,59.91385159
 11/17  08:00:00,-1.7,11598.34671,3654.142509,0,59.60776417
 11/17  09:00:00,-1.058333333,11700.01464,7725.637534,0,59.58623681
 11/17  10:00:00,-0.25,11830.36647,9026.29201,0,59.5766571
 11/17  11:00:00,0.641666667,11978.01558,8597.385521,0,59.58103955
 11/17  12:00:00,1.741666667,12165.05567,6926.438627,0,59.58841002
 11/17  13:00:00,3.483333333,12473.38666,5075.729819,0,59.59831029
 11/17  14:00:00,4.75,12705.14168,2880.24101,0,59.5971204
 11/17  15:00:00,4.65,12686.50754,1226.589606,0,59.5527237
 11/17  16:00:00,3.758333333,12418.39658,0,0,59.61035517
 11/17  17:00:00,2.016666667,8099.611287,0,0,59.9289212
 11/17  18:00:00,0.108333333,11889.67,1228.901229,0,59.60213016
 11/17  19:00:00,-1.241666667,11670.83649,2918.499772,0,59.57394727
 11/17  20:00:00,-1.058333333,11700.01464,4693.367278,0,59.59067439
 11/17  21:00:00,0.1,11888.02216,6081.566897,0,59.59337432
 11/17  22:00:00,0.891666667,12019.85016,5618.037983,0,59.59479302
 11/17  23:00:00,-0.183333333,11842.10932,4085.262824,0,59.60017437
 11/17  24:00:00,-0.458333333,11796.59895,1778.66057,0,59.5759422
 11/18  01:00:00,-0.35,4674.780985,237.9485572,0,59.85599542
 11/18  02:00:00,-0.25,879.1709441,0,0,59.967138
 11/18  03:00:00,0.35,404.0777862,0,0,59.96811305
 11/18  04:00:00,0.891666667,342.4626761,0,0,59.96189812
 11/18  05:00:00,1.1,810.8191669,0,0,59.95723074
 11/18  06:00:00,1.741666667,5664.805597,0,0,59.93910036
 11/18  07:00:00,2.55,10262.27357,246.4991801,0,59.87725547
 11/18  08:00:00,2.8,12350.0911,3588.785813,0,59.5986068
 11/18  09:00:00,3.733333333,12518.27438,7012.723786,0,59.58320977
 11/18  10:00:00,4.4,12640.05774,8456.590445,0,59.5747634
 11/18  11:00:00,4.4,12640.05774,7732.10552,0,59.58076198
 11/18  12:00:00,5.1,12770.93048,6219.308785,0,59.59424276
 11/18  13:00:00,5.891666667,12921.1548,4406.198828,0,59.60067003
 11/18  14:00:00,6.741666667,13086.11214,2310.072188,0,59.57518567
 11/18  15:00:00,6.908333333,13118.63429,726.5367742,0,59.53792758
 11/18  16:00:00,7.633333333,8484.116591,0,0,59.95130481
 11/18  17:00:00,8.008333333,13337.71109,238.3033175,0,59.71105145
 11/18  18:00:00,6.808333333,13099.49409,715.5698146,0,59.46073674
 11/18  19:00:00,5.808333333,12905.18096,1490.851085,0,59.53078579
 11/18  20:00:00,5.25,12799.0095,3493.459077,0,59.58549888
 11/18  21:00:00,4.65,12686.50754,4865.158142,0,59.59450994
 11/18  22:00:00,4.4,12640.05774,4513.541262,0,59.59124672
 11/18  23:00:00,4.75,12705.14168,3404.833833,0,59.59291355
 11/18  24:00:00,5,12751.86258,982.491587,0,59.56058706
 11/19  01:00:00,5,2052.590342,0,0,59.96302103
 11/19  02:00:00,4.65,867.5126793,0,0,59.96898893
 11/19  03:00:00,4.4,623.8878473,0,0,59.96200987
 11/19  04:00:00,4.108333333,341.6882661,0,0,59.9623139
 11/19  05:00:00,3.9,589.6496694,0,0,59.9562507
 11/19  06:00:00,3.9,7101.772584,0,0,59.96065856
 11/19  07:00:00,3.9,8365.443403,245.1413326,0,59.91426262
 11/19  08:00:00,3.9,12548.16511,3526.266055,0,59.59788932
 11/19  09:00:00,4.541666667,12666.53303,7195.119364,0,59.58834863
 11/19  10:00:00,5.641666667,12873.51085,8457.218045,0,59.57649416
 11/19  11:00:00,6.1,12961.18351,7614.942968,0,59.58339099
 11/19  12:00:00,6.1,12961.18351,6150.442963,0,59.59059631
 11/19  13:00:00,5.808333333,12905.18096,4113.946266,0,59.5984694
 11/19  14:00:00,6.533333333,13045.66924,2303.42767,0,59.58959915
 11/19  15:00:00,6.558333333,13050.28808,722.5562507,0,59.53824439
 11/19  16:00:00,5.458333333,8263.365714,0,0,59.95281744
 11/19  17:00:00,4.65,12686.50754,239.2160088,0,59.7092005
 11/19  18:00:00,4.75,12705.14168,952.3883615,0,59.51438797
 11/19  19:00:00,5,12751.86258,2047.793808,0,59.56101594
 11/19  20:00:00,4.65,12686.50754,3767.361004,0,59.59637738
 11/19  21:00:00,4.75,12705.14168,5223.140722,0,59.59873705
 11/19  22:00:00,5.35,12817.92249,4522.335515,0,59.60012679
 11/19  23:00:00,5.891666667,12921.1548,3143.165833,0,59.59478483
 11/19  24:00:00,6.45,13029.03271,995.3169471,0,59.54464615
 11/20  01:00:00,6.7,1968.071112,0,0,59.96489624
 11/20  02:00:00,6.991666667,867.9535903,0,0,59.96913637
 11/20  03:00:00,7.841666667,624.710639,0,0,59.962246
 11/20  04:00:00,8.3,341.3325899,0,0,59.96244443
 11/20  05:00:00,8.008333333,590.00482,0,0,59.95631936
 11/20  06:00:00,8.441666667,6088.503556,0,0,59.96683297
 11/20  07:00:00,8.55,10074.68335,246.290833,0,59.88291833
 11/20  08:00:00,8.65,13468.12354,3514.127515,0,59.59540586
 11/20  09:00:00,9.191666667,13579.66324,6587.826361,0,59.58741735
 11/20  10:00:00,9.4,13622.8871,7757.530453,0,59.58259111
 11/20  11:00:00,10.39166667,13832.1661,6780.135751,0,59.59150441
 11/20  12:00:00,10.10833333,13772.06119,5288.506011,0,59.59844391
 11/20  13:00:00,9.108333333,13562.41134,3453.979087,0,59.59535928
 11/20  14:00:00,8.9,13519.37574,1742.06772,0,59.57182705
 11/20  15:00:00,9.191666667,10862.88933,0,0,59.64566197
 11/20  16:00:00,9.108333333,11294.81892,0,0,59.89895197
 11/20  17:00:00,8.55,13447.67688,0,0,59.57150694
 11/20  18:00:00,7.658333333,13267.57559,0,0,59.59771769
 11/20  19:00:00,6.908333333,13118.63429,1229.432638,0,59.496736
 11/20  20:00:00,6.7,13077.72879,3199.861286,0,59.58904522
 11/20  21:00:00,6.35,13009.60849,4468.642174,0,59.59408265
 11/20  22:00:00,5.808333333,12905.18096,4444.044033,0,59.60000921
 11/20  23:00:00,5.25,12799.0095,3053.202697,0,59.59238214
 11/20  24:00:00,5,12751.86258,803.6760863,0,59.53175764
 11/21  01:00:00,4.65,1865.169015,0,0,59.96659387
 11/21  02:00:00,4.108333333,868.7789387,0,0,59.96910616
 11/21  03:00:00,3.9,623.895934,0,0,59.96160569
 11/21  04:00:00,3.9,343.3435302,0,0,59.96222025
 11/21  05:00:00,3.9,590.5604158,0,0,59.95639004
 11/21  06:00:00,3.55,7118.202597,0,0,59.96074244
 11/21  07:00:00,3.008333333,8248.224314,244.7056468,0,59.91391583
 11/21  08:00:00,2.8,12350.0911,3615.14502,0,59.603781
 11/21  09:00:00,2.8,12350.0911,7191.039071,0,59.58614201
 11/21  10:00:00,3.733333333,12518.27438,8750.710937,0,59.5799008
 11/21  11:00:00,5.1,12770.93048,7958.140521,0,59.58266345
 11/21  12:00:00,5.891666667,12921.1548,6546.268963,0,59.59244069
 11/21  13:00:00,6.741666667,13086.11214,4407.821771,0,59.59750437
 11/21  14:00:00,7.2,13176.12791,2290.430647,0,59.58680142
 11/21  15:00:00,7.2,13176.12791,728.4988723,0,59.53587148
 11/21  16:00:00,6.908333333,8443.008691,0,0,59.94667547
 11/21  17:00:00,5.708333333,12886.55199,238.9629465,0,59.71129911
 11/21  18:00:00,4.65,12686.50754,980.669519,0,59.49171611
 11/21  19:00:00,3.758333333,12522.5679,1960.373251,0,59.55888612
 11/21  20:00:00,3.3,12439.42761,3831.378065,0,59.59622816
 11/21  21:00:00,3.3,12439.42761,5296.242214,0,59.59828215
 11/21  22:00:00,3.008333333,12387.22051,4878.06471,0,59.59606573
 11/21  23:00:00,3.091666667,12402.10993,3770.612256,0,59.59886689
 11/21  24:00:00,3.008333333,12387.22051,1489.591283,0,59.55407189
 11/22  01:00:00,2.8,3138.033649,0,0,59.92391095
 11/22  02:00:00,2.45,867.7985043,0,0,59.96925457
 11/22  03:00:00,1.908333333,625.0819165,0,0,59.96159446
 11/22  04:00:00,1.35,343.2934562,0,0,59.96234122
 11/22  05:00:00,0.808333333,591.0031818,0,0,59.95649918
 11/22  06:00:00,0.6,7133.33861,0,0,59.9564097
 11/22  07:00:00,0.6,7980.54231,247.6430552,0,59.91444705
 11/22  08:00:00,0.6,11970.81347,3655.86432,0,59.60790823
 11/22  09:00:00,0.6,11970.81347,7583.692908,0,59.58267358
 11/22  10:00:00,0.6,11970.81347,8986.714026,0,59.57592537
 11/22  11:00:00,0.891666667,12019.85016,8622.010731,0,59.58096358
 11/22  12:00:00,1.45,12114.75383,6826.790405,0,59.59039929
 11/22  13:00:00,2.633333333,12321.05241,5172.063351,0,59.59545827
 11/22  14:00:00,3.65,12502.72226,3135.534134,0,59.59225303
 11/22  15:00:00,4.191666667,12601.67501,1231.225728,0,59.55595908
 11/22  16:00:00,4.4,12640.05774,236.8847547,0,59.56472778
 11/22  17:00:00,3.758333333,12522.5679,0,0,59.88813308
 11/22  18:00:00,2.366666667,12274.0879,0,0,59.76610872
 11/22  19:00:00,1.7,12157.64055,1495.639953,0,59.5577605
 11/22  20:00:00,1.7,12157.64055,3824.181623,0,59.59092443
 11/22  21:00:00,1.991666667,12208.16831,5359.646566,0,59.59742783
 11/22  22:00:00,2.2,12244.42095,5284.376913,0,59.59615663
 11/22  23:00:00,2.55,12305.92631,3815.445483,0,59.59932539
 11/22  24:00:00,3.091666667,12402.10993,1706.884988,0,59.57339482
 11/23  01:00:00,3.3,3841.443835,0,0,59.90878904
 11/23  02:00:00,3.008333333,885.902255,0,0,59.96687751
 11/23  03:00:00,2.8,406.4090766,0,0,59.96809228
 11/23  04:00:00,3.091666667,344.3061425,0,0,59.96199498
 11/23  05:00:00,3.008333333,816.6356175,0,0,59.95734109
 11/23  06:00:00,3.441666667,5712.021742,0,0,59.93856064
 11/23  07:00:00,4.191666667,10507.77503,243.5124013,0,59.87718731
 11/23  08:00:00,5.1,12770.93048,3707.667461,0,59.57899502
 11/23  09:00:00,6.241666667,12988.77807,6679.526252,0,59.58463819
 11/23  10:00:00,7.341666667,13204.4467,8339.52766,0,59.58333003
 11/23  11:00:00,8.441666667,13425.7388,7315.459905,0,59.58292887
 11/23  12:00:00,9.191666667,13579.66324,6011.418647,0,59.59348936
 11/23  13:00:00,9.75,13696.10415,3772.546051,0,59.60126694
 11/23  14:00:00,10.35,13822.82743,1755.525202,0,59.57987032
 11/23  15:00:00,10.6,11077.84933,239.4841774,0,59.67931751
 11/23  16:00:00,10.6,11563.37901,0,0,59.89920429
 11/23  17:00:00,10.6,13876.05482,0,0,59.71316633
 11/23  18:00:00,10.25,13801.5907,0,0,59.91411053
 11/23  19:00:00,10,13748.63441,732.7168295,0,59.62232844
 11/23  20:00:00,10,13748.63441,2840.546799,0,59.57671289
 11/23  21:00:00,9.65,13675.14626,4079.136955,0,59.5962784
 11/23  22:00:00,9.75,13696.10415,3778.20356,0,59.59942405
 11/23  23:00:00,10.35,13822.82743,2295.546639,0,59.58933424
 11/23  24:00:00,10.6,9240.181697,487.8865047,0,59.71779884
 11/24  01:00:00,10.6,4529.163647,0,0,59.96484013
 11/24  02:00:00,10.25,887.2784685,0,0,59.9669948
 11/24  03:00:00,10,405.8166566,0,0,59.96836118
 11/24  04:00:00,10,344.0298436,0,0,59.96213256
 11/24  05:00:00,10,816.7006242,0,0,59.95778646
 11/24  06:00:00,10,5755.861959,0,0,59.94917822
 11/24  07:00:00,10,10693.38232,243.8267376,0,59.88163984
 11/24  08:00:00,9.65,13675.14626,3478.099173,0,59.58971235
 11/24  09:00:00,8.758333333,13490.48656,6358.608221,0,59.59330622
 11/24  10:00:00,8.65,13468.12354,7741.929253,0,59.58256943
 11/24  11:00:00,7.908333333,13318.05966,7112.970072,0,59.58928034
 11/24  12:00:00,6.908333333,13118.63429,5717.21737,0,59.596421
 11/24  13:00:00,6.7,13077.72879,3819.5836,0,59.60078266
 11/24  14:00:00,6.7,13077.72879,2281.054921,0,59.58484658
 11/24  15:00:00,6.35,13009.60849,478.0682674,0,59.55897021
 11/24  16:00:00,5.808333333,8437.790168,0,0,59.94983986
 11/24  17:00:00,4.9,12733.38336,478.5651045,0,59.64295082
 11/24  18:00:00,3.116666667,12407.44719,720.7853464,0,59.49640553
 11/24  19:00:00,1.908333333,12193.70491,2207.479733,0,59.54499465
 11/24  20:00:00,0.708333333,11989.50755,4135.670623,0,59.59691942
 11/24  21:00:00,-0.641666667,11766.90957,5667.208125,0,59.59411509
 11/24  22:00:00,-0.108333333,11854.02873,5582.909341,0,59.5915138
 11/24  23:00:00,0.25,11912.61556,4118.135064,0,59.5931652
 11/24  24:00:00,-1.283333333,11664.91028,2044.96848,0,59.56465511
 11/25  01:00:00,-1.908333333,4243.622348,0,0,59.83764943
 11/25  02:00:00,-1.991666667,2078.015359,0,0,59.96718817
 11/25  03:00:00,-2.2,356.7595707,0,0,59.96818718
 11/25  04:00:00,-2.2,344.5577382,0,0,59.96198314
 11/25  05:00:00,-2.2,865.3433381,0,0,59.95725281
 11/25  06:00:00,-2.2,5581.726908,0,0,59.93831207
 11/25  07:00:00,-2.55,9549.448087,246.8859865,0,59.91275667
 11/25  08:00:00,-1.808333333,11581.95334,4007.464701,0,59.60396552
 11/25  09:00:00,-1.1,11693.14173,7407.177087,0,59.58070619
 11/25  10:00:00,0.183333333,11902.42532,9437.471523,0,59.57468486
 11/25  11:00:00,2.091666667,12226.06402,8751.108624,0,59.57650425
 11/25  12:00:00,3.441666667,12465.17866,7118.700435,0,59.58470005
 11/25  13:00:00,4.191666667,12601.67501,4935.862262,0,59.59685554
 11/25  14:00:00,4.75,12705.14168,3161.674879,0,59.59747642
 11/25  15:00:00,4.358333333,12632.58345,1227.50272,0,59.55800534
 11/25  16:00:00,2.908333333,12369.89283,0,0,59.39544678
 11/25  17:00:00,1.558333333,12133.49181,0,0,59.60907594
 11/25  18:00:00,1.1,12055.03774,238.7501241,0,59.46846494
 11/25  19:00:00,1.1,12055.03774,1678.893989,0,59.55660439
 11/25  20:00:00,1.45,12114.75383,4170.686108,0,59.59646634
 11/25  21:00:00,1.7,12157.64055,5669.500599,0,59.59538661
 11/25  22:00:00,1.991666667,12208.16831,5603.782417,0,59.59820198
 11/25  23:00:00,2.55,12305.92631,3797.200442,0,59.59673339
 11/25  24:00:00,3.441666667,12465.17866,1776.8676,0,59.57483549
 11/26  01:00:00,3.9,4127.138855,0,0,59.8971818
 11/26  02:00:00,4.191666667,889.7341349,0,0,59.9667919
 11/26  03:00:00,5.1,407.5924795,0,0,59.96812649
 11/26  04:00:00,5.6,345.0775455,0,0,59.96209224
 11/26  05:00:00,5.25,819.576015,0,0,59.95742791
 11/26  06:00:00,4.358333333,5741.892103,0,0,59.93959092
 11/26  07:00:00,3.55,10396.27835,243.4983952,0,59.87738203
 11/26  08:00:00,3.008333333,12387.22051,3822.318064,0,59.58870404
 11/26  09:00:00,3.441666667,12465.17866,6975.124311,0,59.58447566
 11/26  10:00:00,4.541666667,12666.53303,8703.029643,0,59.57448256
 11/26  11:00:00,5.641666667,12873.51085,7929.654117,0,59.58180202
 11/26  12:00:00,6.45,13029.03271,6436.927036,0,59.59384975
 11/26  13:00:00,6.35,13009.60849,4506.156661,0,59.59640917
 11/26  14:00:00,6.1,12961.18351,2566.255181,0,59.5923362
 11/26  15:00:00,5.458333333,12838.62403,724.8938042,0,59.53074182
 11/26  16:00:00,3.716666667,8309.943403,0,0,59.80809533
 11/26  17:00:00,2.45,12288.31462,239.6775613,0,59.8329477
 11/26  18:00:00,2.55,12305.92631,1228.721467,0,59.55883575
 11/26  19:00:00,3.091666667,12402.10993,2727.460647,0,59.58479215
 11/26  20:00:00,3.65,12502.72226,4520.200088,0,59.59869445
 11/26  21:00:00,1.975,12207.27621,5528.59964,0,59.59477123
 11/26  22:00:00,0.6,11970.81347,5418.208026,0,59.59572843
 11/26  23:00:00,0.6,11970.81347,3970.362792,0,59.59178587
 11/26  24:00:00,0.891666667,12019.85016,1809.740287,0,59.572096
 11/27  01:00:00,1.45,4714.772041,0,0,59.83566465
 11/27  02:00:00,2.341666667,890.2085134,0,0,59.96759076
 11/27  03:00:00,3.091666667,407.253073,0,0,59.96834908
 11/27  04:00:00,3.941666667,344.3622277,0,0,59.96234815
 11/27  05:00:00,4.4,819.7393361,0,0,59.95767416
 11/27  06:00:00,4.4,5751.129231,0,0,59.93966311
 11/27  07:00:00,4.75,10595.37906,243.705423,0,59.87778783
 11/27  08:00:00,5,12751.86258,3571.175805,0,59.59640595
 11/27  09:00:00,5,12751.86258,7042.799751,0,59.58425814
 11/27  10:00:00,5,12751.86258,8489.637151,0,59.5772713
 11/27  11:00:00,5.35,12817.92249,7732.166137,0,59.57810518
 11/27  12:00:00,5.6,12865.34051,6361.291855,0,59.59399928
 11/27  13:00:00,5.6,12865.34051,4404.548447,0,59.60071795
 11/27  14:00:00,5.6,12865.34051,2590.614042,0,59.59252843
 11/27  15:00:00,5.6,12865.34051,963.3235291,0,59.52672378
 11/27  16:00:00,5.25,8423.415341,0,0,59.79438738
 11/27  17:00:00,4.65,12686.50754,240.5664491,0,59.83346079
 11/27  18:00:00,4.4,12640.05774,1226.983575,0,59.5548267
 11/27  19:00:00,3.758333333,12522.5679,2513.043065,0,59.56683211
 11/27  20:00:00,3.008333333,12387.22051,4199.327471,0,59.59821059
 11/27  21:00:00,3.091666667,12402.10993,5413.783834,0,59.59744049
 11/27  22:00:00,3.3,12439.42761,5172.286717,0,59.59466397
 11/27  23:00:00,3.008333333,12387.22051,3798.549666,0,59.59787803
 11/27  24:00:00,2.8,12350.0911,1763.973931,0,59.57348909
 11/28  01:00:00,2.8,3900.092744,0,0,59.90325524
 11/28  02:00:00,2.8,891.2560576,0,0,59.96713037
 11/28  03:00:00,2.45,407.9124253,0,0,59.96827175
 11/28  04:00:00,1.908333333,345.0315925,0,0,59.96227377
 11/28  05:00:00,1.7,821.3095078,0,0,59.95758142
 11/28  06:00:00,1.7,5779.452282,0,0,59.93925487
 11/28  07:00:00,1.7,10131.36712,243.6200649,0,59.87698635
 11/28  08:00:00,1.7,12157.64055,3921.463305,0,59.59884706
 11/28  09:00:00,1.991666667,12208.16831,7228.149556,0,59.58911764
 11/28  10:00:00,2.2,12244.42095,8909.70489,0,59.57547942
 11/28  11:00:00,2.55,12305.92631,8455.11215,0,59.58161968
 11/28  12:00:00,2.8,12350.0911,6766.785955,0,59.58515709
 11/28  13:00:00,3.091666667,12402.10993,5140.456839,0,59.59838502
 11/28  14:00:00,3.3,12439.42761,3115.834221,0,59.59249581
 11/28  15:00:00,3.008333333,12387.22051,1456.012344,0,59.55495282
 11/28  16:00:00,2.8,12350.0911,0,0,59.35623705
 11/28  17:00:00,2.45,12288.31462,0,0,59.40817772
 11/28  18:00:00,2.55,12305.92631,302.4595137,0,59.32665798
 11/28  19:00:00,2.45,12288.31462,1769.345429,0,59.54672226
 11/28  20:00:00,2.2,12244.42095,4103.582015,0,59.59180676
 11/28  21:00:00,1.558333333,12133.49181,5706.714379,0,59.59699074
 11/28  22:00:00,1.1,12055.03774,5325.417465,0,59.59818727
 11/28  23:00:00,0.458333333,11947.38896,4124.08528,0,59.60041457
 11/28  24:00:00,-0.35,11814.05607,2021.867291,0,59.57659534
 11/29  01:00:00,-0.25,5090.99461,0,0,59.83108007
 11/29  02:00:00,0,893.2769945,0,0,59.96699273
 11/29  03:00:00,-0.35,409.2383281,0,0,59.96808625
 11/29  04:00:00,-0.6,346.5040688,0,0,59.96202529
 11/29  05:00:00,-0.25,823.6832608,0,0,59.95733057
 11/29  06:00:00,0,5795.03376,0,0,59.93707477
 11/29  07:00:00,0,9892.73167,243.7163153,0,59.87622322
 11/29  08:00:00,0,11871.278,3893.676908,0,59.5969807
 11/29  09:00:00,0,11871.278,7377.14859,0,59.58525489
 11/29  10:00:00,0.35,11929.2048,9367.537795,0,59.57295109
 11/29  11:00:00,0.6,11970.81347,8774.587566,0,59.57927077
 11/29  12:00:00,0.891666667,12019.85016,7180.043678,0,59.58520729
 11/29  13:00:00,1.1,12055.03774,5356.50793,0,59.59520756
 11/29  14:00:00,1.1,12055.03774,3674.215474,0,59.59990853
 11/29  15:00:00,0.808333333,12005.81278,1749.107346,0,59.57778896
 11/29  16:00:00,0.25,11912.61556,501.1878629,0,59.46186336
 11/29  17:00:00,0,11871.278,600.5968193,0,59.45936835
 11/29  18:00:00,0,11871.278,719.99869,0,59.45781274
 11/29  19:00:00,0,11871.278,2042.351851,0,59.56672437
 11/29  20:00:00,0,11871.278,4481.898271,0,59.59185119
 11/29  21:00:00,-0.35,11814.05607,6071.227593,0,59.59531829
 11/29  22:00:00,-0.6,11773.41564,5796.288939,0,59.59388208
 11/29  23:00:00,-0.6,11773.41564,4437.211531,0,59.59985454
 11/29  24:00:00,-0.6,11773.41564,2257.686837,0,59.58673805
 11/30  01:00:00,-0.25,4490.282573,241.5025543,0,59.82733611
 11/30  02:00:00,0,2097.518666,0,0,59.959292
 11/30  03:00:00,0,358.0275811,0,0,59.96175723
 11/30  04:00:00,0,347.0405921,0,0,59.96196452
 11/30  05:00:00,0,871.3807315,0,0,59.96766378
 11/30  06:00:00,0,5625.01403,0,0,59.95301779
 11/30  07:00:00,0,9892.73167,243.783238,0,59.87621513
 11/30  08:00:00,0.35,11929.2048,3830.202454,0,59.58802349
 11/30  09:00:00,0.891666667,12019.85016,7655.661235,0,59.58603961
 11/30  10:00:00,1.45,12114.75383,9053.16335,0,59.57467875
 11/30  11:00:00,2.633333333,12321.05241,8655.782522,0,59.58056623
 11/30  12:00:00,3.65,12502.72226,7183.519713,0,59.59013092
 11/30  13:00:00,4.191666667,12601.67501,4922.774152,0,59.59934867
 11/30  14:00:00,4.4,12640.05774,3156.171549,0,59.5983602
 11/30  15:00:00,4.4,12640.05774,1476.076401,0,59.5579412
 11/30  16:00:00,3.758333333,12522.5679,0,0,59.4698304
 11/30  17:00:00,2.658333333,12325.21812,0,0,59.65097067
 11/30  18:00:00,2.2,12244.42095,239.423292,0,59.50034317
 11/30  19:00:00,2.2,12244.42095,1763.133511,0,59.53645601
 11/30  20:00:00,1.908333333,12193.70491,4188.140701,0,59.59627454
 11/30  21:00:00,1.7,12157.64055,5673.270154,0,59.59577095
 11/30  22:00:00,1,12038.37104,5336.432321,0,59.59559516
 11/30  23:00:00,-0.141666667,11848.24853,4194.295905,0,59.60020126
 11/30  24:00:00,-1.3,11661.62859,2224.207862,0,59.58051349
 12/01  01:00:00,-2.5,4312.926397,0,0,59.83089724
 12/01  02:00:00,-3.7,2099.43162,0,0,59.95928171
 12/01  03:00:00,-4.9,359.5798139,0,0,59.96121637
 12/01  04:00:00,-6.158333333,347.6514998,0,0,59.9619038
 12/01  05:00:00,-6.933333333,872.9830065,0,0,59.96759799
 12/01  06:00:00,-7.275,6683.548613,0,0,59.93905389
 12/01  07:00:00,-7.633333333,7161.619805,245.3529826,0,59.91243643
 12/01  08:00:00,-7.158333333,10813.04567,4046.480323,0,59.60458033
 12/01  09:00:00,-6,10968.2148,8362.662133,0,59.58008795
 12/01  10:00:00,-4.858333333,11127.16706,10133.96491,0,59.56710412
 12/01  11:00:00,-3.525,11320.71947,9734.579531,0,59.5708046
 12/01  12:00:00,-2.083333333,11539.02814,8226.117175,0,59.58376002
 12/01  13:00:00,-0.625,11769.79795,6039.609959,0,59.59187218
 12/01  14:00:00,-0.233333333,11833.05173,4039.178345,0,59.60085979
 12/01  15:00:00,-0.575,11777.47678,2318.422288,0,59.58787925
 12/01  16:00:00,-0.933333333,11719.80072,1195.263656,0,59.54101722
 12/01  17:00:00,-1.625,11610.25708,717.7869483,0,59.48395991
 12/01  18:00:00,-2.583333333,11462.02039,1124.888142,0,59.50189011
 12/01  19:00:00,-3.525,11320.44837,2642.269306,0,59.56251673
 12/01  20:00:00,-4.25,11214.20112,4932.519673,0,59.59280946
 12/01  21:00:00,-4.791666667,11136.45793,6499.573786,0,59.59019974
 12/01  22:00:00,-5.35,11057.79186,6436.063748,0,59.59339899
 12/01  23:00:00,-6.008333333,10966.89766,5197.609313,0,59.59598618
 12/01  24:00:00,-6.766666667,10864.69321,3176.05141,0,59.59521468
 12/02  01:00:00,-7.508333333,6712.098679,486.7611072,0,59.72281798
 12/02  02:00:00,-7.275,1037.554477,0,0,59.96407936
 12/02  03:00:00,-6.316666667,779.0803549,0,0,59.95647893
 12/02  04:00:00,-5.375,351.8731268,0,0,59.96163999
 12/02  05:00:00,-5,1339.616951,0,0,59.96128196
 12/02  06:00:00,-5,5469.907197,0,0,59.96451414
 12/02  07:00:00,-5,9255.733906,244.2118173,0,59.87480218
 12/02  08:00:00,-4.65,11156.67438,4194.509102,0,59.59424811
 12/02  09:00:00,-4.108333333,11234.73278,7843.309941,0,59.57903084
 12/02  10:00:00,-3.55,11316.66221,10001.82129,0,59.56960281
 12/02  11:00:00,-3.008333333,11397.48974,9419.712299,0,59.57282407
 12/02  12:00:00,-2.45,11482.2735,7922.519704,0,59.58474451
 12/02  13:00:00,-1.908333333,11565.87016,6132.27139,0,59.59544103
 12/02  14:00:00,-1.933333333,11561.96394,4133.060898,0,59.60073964
 12/02  15:00:00,-2.275,11509.0884,2561.100685,0,59.58936737
 12/02  16:00:00,-2.633333333,11454.24344,1218.310761,0,59.55130182
 12/02  17:00:00,-3.558333333,11315.67943,965.9699115,0,59.51191808
 12/02  18:00:00,-4.858333333,11127.25743,1217.651427,0,59.53565059
 12/02  19:00:00,-6.158333333,10946.68969,2861.900538,0,59.58121991
 12/02  20:00:00,-6.058333333,10960.2103,5312.366874,0,59.59512341
 12/02  21:00:00,-4.9,11121.3011,7014.954373,0,59.58888254
 12/02  22:00:00,-3.758333333,11286.08984,6668.601575,0,59.59242412
 12/02  23:00:00,-3.416666667,11336.37655,5033.200982,0,59.59853505
 12/02  24:00:00,-3.616666667,11306.74565,3145.569942,0,59.59120012
 12/03  01:00:00,-3.816666667,6492.560221,243.4671614,0,59.7333223
 12/03  02:00:00,-4.016666667,1036.952075,0,0,59.96397434
 12/03  03:00:00,-4.158333333,783.2288962,0,0,59.95719998
 12/03  04:00:00,-4.316666667,351.0412154,0,0,59.96152591
 12/03  05:00:00,-4.516666667,1343.551034,0,0,59.96070666
 12/03  06:00:00,-4.716666667,5479.189894,0,0,59.96446335
 12/03  07:00:00,-4.916666667,9263.594634,244.2727098,0,59.87423972
 12/03  08:00:00,-4.883333333,11123.40027,4199.52091,0,59.59404978
 12/03  09:00:00,-4.683333333,11151.8538,7944.868827,0,59.58293517
 12/03  10:00:00,-4.483333333,11180.49324,9943.192524,0,59.57023961
 12/03  11:00:00,-4.283333333,11209.31858,9635.69899,0,59.57161715
 12/03  12:00:00,-4.141666667,11229.84336,8170.117704,0,59.58380717
 12/03  13:00:00,-3.983333333,11252.90515,6324.850833,0,59.59237391
 12/03  14:00:00,-3.9,11265.07923,4296.944442,0,59.59965321
 12/03  15:00:00,-3.9,11265.07923,2698.403354,0,59.5824978
 12/03  16:00:00,-3.9,11265.07923,1475.923216,0,59.54609611
 12/03  17:00:00,-3.783333333,11282.19524,1216.668527,0,59.53633419
 12/03  18:00:00,-3.583333333,11311.67122,1424.909642,0,59.54865421
 12/03  19:00:00,-3.383333333,11341.33311,2886.728742,0,59.58004476
 12/03  20:00:00,-3.3,11353.73956,5211.30535,0,59.59751509
 12/03  21:00:00,-3.3,11353.73956,6715.33535,0,59.58952372
 12/03  22:00:00,-3.3,11353.73956,6553.421149,0,59.59376459
 12/03  23:00:00,-3.183333333,11371.1809,4908.82584,0,59.59594587
 12/03  24:00:00,-3.041666667,11392.4299,2849.780571,0,59.59439413
 12/04  01:00:00,-2.883333333,6246.0361,244.0244156,0,59.78774599
 12/04  02:00:00,-2.916666667,1038.714348,0,0,59.96359708
 12/04  03:00:00,-3.058333333,784.7581849,0,0,59.95664413
 12/04  04:00:00,-3.216666667,353.1988369,0,0,59.96117038
 12/04  05:00:00,-3.533333333,1347.464109,0,0,59.96010373
 12/04  06:00:00,-3.875,5485.236798,0,0,59.96484289
 12/04  07:00:00,-4.233333333,9343.118507,244.3063642,0,59.8740774
 12/04  08:00:00,-4.4,11192.47368,4192.510155,0,59.59396174
 12/04  09:00:00,-4.4,11192.47368,7932.744661,0,59.58045003
 12/04  10:00:00,-4.4,11192.47368,9910.951024,0,59.56925377
 12/04  11:00:00,-4.283333333,11209.31858,9636.482423,0,59.57161362
 12/04  12:00:00,-4.141666667,11229.84336,8184.059917,0,59.58371666
 12/04  13:00:00,-3.983333333,11252.90515,6326.387921,0,59.59235754
 12/04  14:00:00,-3.9,11265.07923,4419.137182,0,59.59947465
 12/04  15:00:00,-3.9,11265.07923,2593.114777,0,59.58914257
 12/04  16:00:00,-3.9,11265.07923,1477.873369,0,59.56318551
 12/04  17:00:00,-3.9,11265.07923,1213.20665,0,59.53765208
 12/04  18:00:00,-3.9,11265.07923,1721.995528,0,59.55053107
 12/04  19:00:00,-3.9,11265.07923,2771.197633,0,59.58782405
 12/04  20:00:00,-4.016666667,11248.04154,5230.070211,0,59.597156
 12/04  21:00:00,-4.158333333,11227.42317,6906.817045,0,59.58730043
 12/04  22:00:00,-4.316666667,11204.50145,6456.035484,0,59.58765235
 12/04  23:00:00,-4.516666667,11175.70709,5158.812874,0,59.59795244
 12/04  24:00:00,-4.716666667,11147.09864,3158.161457,0,59.58927156
 12/05  01:00:00,-4.916666667,6450.790714,482.7691089,0,59.74055556
 12/05  02:00:00,-5,1041.137467,0,0,59.96355401
 12/05  03:00:00,-5,784.7601094,0,0,59.95598107
 12/05  04:00:00,-5,355.2656228,0,0,59.96098791
 12/05  05:00:00,-5,1350.343664,0,0,59.9599434
 12/05  06:00:00,-5,5498.871999,0,0,59.96375113
 12/05  07:00:00,-5,9255.733906,244.5226649,0,59.87284959
 12/05  08:00:00,-4.883333333,11123.40027,4207.880299,0,59.59283041
 12/05  09:00:00,-4.683333333,11151.8538,7950.742554,0,59.58321464
 12/05  10:00:00,-4.483333333,11180.49324,10181.23917,0,59.56962644
 12/05  11:00:00,-4.283333333,11209.31858,9646.969618,0,59.57191461
 12/05  12:00:00,-4.141666667,11229.84336,8094.709582,0,59.57671494
 12/05  13:00:00,-3.983333333,11252.90515,6394.390213,0,59.59384931
 12/05  14:00:00,-4.016666667,11248.04154,4361.001234,0,59.59656408
 12/05  15:00:00,-4.158333333,11227.42317,2853.962763,0,59.59443475
 12/05  16:00:00,-4.316666667,11204.50145,1532.497313,0,59.55105159
 12/05  17:00:00,-4.4,11192.47368,1350.160739,0,59.5288297
 12/05  18:00:00,-4.4,11192.47368,1426.972793,0,59.53815511
 12/05  19:00:00,-4.4,11192.47368,3173.621557,0,59.58840614
 12/05  20:00:00,-4.283333333,11209.31858,5344.486664,0,59.59695898
 12/05  21:00:00,-4.141666667,11229.84336,6748.263602,0,59.58939186
 12/05  22:00:00,-3.983333333,11252.90515,6657.917562,0,59.59194821
 12/05  23:00:00,-3.9,11265.07923,5276.05662,0,59.59792358
 12/05  24:00:00,-3.9,11265.07923,2907.164715,0,59.59694078
 12/06  01:00:00,-3.9,6423.008209,486.448625,0,59.75388658
 12/06  02:00:00,-3.9,1043.058917,0,0,59.96347001
 12/06  03:00:00,-3.9,786.9431243,0,0,59.95644883
 12/06  04:00:00,-3.9,354.559979,0,0,59.96105355
 12/06  05:00:00,-4.133333333,1352.020899,0,0,59.95987801
 12/06  06:00:00,-4.475,5508.394534,0,0,59.96412399
 12/06  07:00:00,-4.833333333,9271.481182,244.5373591,0,59.87358767
 12/06  08:00:00,-4.883333333,11123.40027,4212.124551,0,59.59285918
 12/06  09:00:00,-4.683333333,11151.8538,7973.766191,0,59.58299264
 12/06  10:00:00,-4.483333333,11180.49324,10208.24429,0,59.56947513
 12/06  11:00:00,-4.283333333,11209.31858,9683.489131,0,59.57147677
 12/06  12:00:00,-4.141666667,11229.84336,8153.589055,0,59.57559495
 12/06  13:00:00,-3.983333333,11252.90515,6457.926355,0,59.59202493
 12/06  14:00:00,-3.666666667,11299.38956,4498.559801,0,59.59956909
 12/06  15:00:00,-3.325,11350.02892,2594.561223,0,59.59410111
 12/06  16:00:00,-2.966666667,11403.74837,1724.581245,0,59.56315766
 12/06  17:00:00,-2.916666667,11411.26712,974.513928,0,59.53702582
 12/06  18:00:00,-3.058333333,11389.92452,1683.227505,0,59.53690379
 12/06  19:00:00,-3.216666667,11366.19335,2903.85699,0,59.58699026
 12/06  20:00:00,-3.183333333,11371.1809,5007.898157,0,59.59749817
 12/06  21:00:00,-3.041666667,11392.4299,6742.627193,0,59.58952716
 12/06  22:00:00,-2.883333333,11416.30114,6491.43131,0,59.58956802
 12/06  23:00:00,-2.916666667,11411.26712,5213.08852,0,59.59863753
 12/06  24:00:00,-3.058333333,11389.92452,2874.811663,0,59.59587168
 12/07  01:00:00,-3.216666667,6217.437238,241.8219474,0,59.76898347
 12/07  02:00:00,-3.3,1043.741353,0,0,59.96345222
 12/07  03:00:00,-3.3,788.7930411,0,0,59.95680902
 12/07  04:00:00,-3.3,354.0763544,0,0,59.96112071
 12/07  05:00:00,-3.008333333,1353.232013,0,0,59.95984383
 12/07  06:00:00,-2.45,5503.762251,0,0,59.96522326
 12/07  07:00:00,-1.908333333,9643.61996,244.4749015,0,59.87441739
 12/07  08:00:00,-1.35,11653.50825,4157.515871,0,59.59207761
 12/07  09:00:00,-0.808333333,11739.87404,7849.74426,0,59.58076908
 12/07  10:00:00,-0.25,11830.36647,9594.391211,0,59.57297805
 12/07  11:00:00,0.408333333,11938.9278,9145.19149,0,59.57484309
 12/07  12:00:00,1.166666667,12066.47592,7621.808259,0,59.58659084
 12/07  13:00:00,1.908333333,12193.7501,5677.61902,0,59.59290698
 12/07  14:00:00,2.316666667,12264.84442,3579.072067,0,59.59930114
 12/07  15:00:00,2.516666667,12299.99034,2002.613349,0,59.57741123
 12/07  16:00:00,2.716666667,12335.32217,434.7217389,0,59.48533984
 12/07  17:00:00,3.091666667,12402.10993,299.6458525,0,59.34105686
 12/07  18:00:00,3.65,12502.72226,811.3542828,0,59.40937185
 12/07  19:00:00,4.191666667,12601.67501,1809.295715,0,59.55201397
 12/07  20:00:00,4.283333333,12618.51973,4230.386171,0,59.59645678
 12/07  21:00:00,4.141666667,12592.43669,5512.621233,0,59.59458759
 12/07  22:00:00,3.983333333,12563.40739,5376.334681,0,59.59825412
 12/07  23:00:00,3.9,12548.16511,3938.731815,0,59.59954964
 12/07  24:00:00,3.9,12548.16511,1755.124641,0,59.57510138
 12/08  01:00:00,3.9,4015.23945,0,0,59.88983583
 12/08  02:00:00,3.783333333,907.0481585,0,0,59.96626521
 12/08  03:00:00,3.583333333,416.79011,0,0,59.96721918
 12/08  04:00:00,3.383333333,354.0239738,0,0,59.96109215
 12/08  05:00:00,3.3,837.7135734,0,0,59.95631412
 12/08  06:00:00,3.3,5880.313123,0,0,59.93809534
 12/08  07:00:00,3.3,10366.18968,244.2790016,0,59.87507629
 12/08  08:00:00,3.533333333,12481.54573,3872.23268,0,59.5955973
 12/08  09:00:00,3.875,12543.61792,7249.832534,0,59.58500697
 12/08  10:00:00,4.233333333,12609.32789,9179.463906,0,59.57617005
 12/08  11:00:00,4.866666667,12726.99296,8345.187437,0,59.57851018
 12/08  12:00:00,5.608333333,12867.02062,6868.036836,0,59.58702287
 12/08  13:00:00,6.366666667,13012.89535,4823.317198,0,59.59621817
 12/08  14:00:00,6.466666667,13032.23694,2847.28186,0,59.58814074
 12/08  15:00:00,6.125,12966.02311,1229.190343,0,59.55042447
 12/08  16:00:00,5.766666667,12752.94883,0,0,59.62817105
 12/08  17:00:00,5.366666667,8538.936878,0,0,59.92792865
 12/08  18:00:00,4.966666667,12745.63743,1198.98336,0,59.58833895
 12/08  19:00:00,4.566666667,12670.97694,2823.743192,0,59.57400487
 12/08  20:00:00,3.991666667,12565.01736,4742.883072,0,59.59812198
 12/08  21:00:00,3.233333333,12427.56944,5791.213521,0,59.59311585
 12/08  22:00:00,2.491666667,12295.67165,5572.891091,0,59.59488332
 12/08  23:00:00,1.966666667,12203.80896,4118.418443,0,59.6000381
 12/08  24:00:00,1.625,12144.74064,1778.65286,0,59.57884263
 12/09  01:00:00,1.266666667,4758.864854,238.7292765,0,59.85785114
 12/09  02:00:00,1.1,908.4889919,0,0,59.96636892
 12/09  03:00:00,1.1,416.7429698,0,0,59.96735606
 12/09  04:00:00,1.1,353.8764559,0,0,59.96121786
 12/09  05:00:00,0.75,838.3469841,0,0,59.95642146
 12/09  06:00:00,0.208333333,5902.694036,0,0,59.93651585
 12/09  07:00:00,-0.35,9838.247502,244.4290201,0,59.87478879
 12/09  08:00:00,-0.483333333,11792.32093,4155.327862,0,59.58981562
 12/09  09:00:00,-0.283333333,11824.86426,7730.835843,0,59.57787053
 12/09  10:00:00,-0.083333333,11857.59349,9622.635682,0,59.57344582
 12/09  11:00:00,0.233333333,11909.81755,9004.463374,0,59.57532446
 12/09  12:00:00,0.575,11966.64969,7755.387583,0,59.58672022
 12/09  13:00:00,0.933333333,12026.86401,5725.996764,0,59.59663898
 12/09  14:00:00,1.1,12055.03774,3791.190759,0,59.60065477
 12/09  15:00:00,1.1,12055.03774,2023.763441,0,59.58441594
 12/09  16:00:00,1.1,12055.03774,962.340363,0,59.52066064
 12/09  17:00:00,0.75,11996.02653,474.8599937,0,59.43762592
 12/09  18:00:00,0.208333333,11905.69638,962.0188191,0,59.46861612
 12/09  19:00:00,-0.35,11814.05607,2322.964092,0,59.5617941
 12/09  20:00:00,-0.716666667,11754.58867,4738.240816,0,59.59291904
 12/09  21:00:00,-0.858333333,11731.79759,6408.999284,0,59.59431855
 12/09  22:00:00,-1.016666667,11706.44756,6142.993924,0,59.59245671
 12/09  23:00:00,-0.983333333,11711.77591,4863.48641,0,59.59978127
 12/09  24:00:00,-0.841666667,11734.47339,2612.142427,0,59.58750782
 12/10  01:00:00,-0.683333333,5160.124742,239.3994729,0,59.78321352
 12/10  02:00:00,-0.716666667,2134.41674,0,0,59.95856333
 12/10  03:00:00,-0.858333333,366.4897875,0,0,59.96036804
 12/10  04:00:00,-1.016666667,354.2047823,0,0,59.96121829
 12/10  05:00:00,-0.866666667,886.0427896,0,0,59.96689229
 12/10  06:00:00,-0.525,5735.696818,0,0,59.95083369
 12/10  07:00:00,-0.166666667,9874.505732,244.5956748,0,59.87410999
 12/10  08:00:00,0.233333333,11909.81755,4149.906713,0,59.58892793
 12/10  09:00:00,0.575,11966.64969,7634.270157,0,59.58073949
 12/10  10:00:00,0.933333333,12026.86401,9450.108987,0,59.57212429
 12/10  11:00:00,1.45,12114.75383,9261.267191,0,59.5757574
 12/10  12:00:00,1.991666667,12208.16831,7370.81722,0,59.58747039
 12/10  13:00:00,2.55,12305.92631,5555.009724,0,59.59717447
 12/10  14:00:00,2.566666667,12308.82846,3751.566231,0,59.59601854
 12/10  15:00:00,2.225,12248.80741,1755.730437,0,59.5758413
 12/10  16:00:00,1.866666667,12186.46837,717.5629177,0,59.49402996
 12/10  17:00:00,1.7,12157.64055,300.432215,0,59.40244887
 12/10  18:00:00,1.7,12157.64055,782.1103477,0,59.47348005
 12/10  19:00:00,1.7,12157.64055,2207.152705,0,59.56359384
 12/10  20:00:00,1.7,12157.64055,4503.928409,0,59.59254173
 12/10  21:00:00,1.7,12157.64055,6130.020764,0,59.59520803
 12/10  22:00:00,1.7,12157.64055,5722.91589,0,59.59602898
 12/10  23:00:00,1.583333333,12137.5665,4424.40306,0,59.59999539
 12/10  24:00:00,1.383333333,12103.28811,2299.83538,0,59.58111166
 12/11  01:00:00,1.183333333,4408.301614,0,0,59.84746509
 12/11  02:00:00,1.216666667,2134.827851,0,0,59.96627805
 12/11  03:00:00,1.416666667,366.9418846,0,0,59.9672181
 12/11  04:00:00,1.616666667,354.6486229,0,0,59.96106577
 12/11  05:00:00,0.708333333,887.4031852,0,0,59.95624611
 12/11  06:00:00,-0.933333333,5744.305033,0,0,59.93274067
 12/11  07:00:00,-2.591666667,9532.819724,244.6868816,0,59.91235444
 12/11  08:00:00,-2.308333333,11504.48729,4204.457571,0,59.60794046
 12/11  09:00:00,-0.666666667,11763.12728,8017.564458,0,59.57764925
 12/11  10:00:00,0.991666667,12037.23464,9750.942215,0,59.56748647
 12/11  11:00:00,2.225,12248.94296,9357.104701,0,59.57244067
 12/11  12:00:00,3.125,12408.18016,7417.821576,0,59.58281494
 12/11  13:00:00,4.025,12571.18183,5643.136484,0,59.59313209
 12/11  14:00:00,4.283333333,12618.51973,3439.570222,0,59.59570252
 12/11  15:00:00,4.141666667,12592.43669,1716.267756,0,59.57278689
 12/11  16:00:00,3.983333333,12563.40739,474.6841639,0,59.43759012
 12/11  17:00:00,3.141666667,12411.33018,0,0,59.21906348
 12/11  18:00:00,1.841666667,12182.42854,607.7524855,0,59.31204851
 12/11  19:00:00,0.541666667,11961.38115,2039.019476,0,59.55700535
 12/11  20:00:00,-0.525,11785.70943,4525.483917,0,59.59681703
 12/11  21:00:00,-1.483333333,11632.57351,6154.614675,0,59.59202802
 12/11  22:00:00,-2.425,11486.18746,6196.253768,0,59.59472309
 12/11  23:00:00,-2.683333333,11446.61367,5135.308648,0,59.59685144
 12/11  24:00:00,-2.483333333,11477.11211,2625.497458,0,59.58772593
 12/12  01:00:00,-2.283333333,5635.97431,483.388829,0,59.78524486
 12/12  02:00:00,-2.433333333,2141.398399,0,0,59.96392141
 12/12  03:00:00,-2.775,366.9171856,0,0,59.95668753
 12/12  04:00:00,-3.133333333,354.6921826,0,0,59.96139377
 12/12  05:00:00,-3.533333333,888.0263071,0,0,59.96026198
 12/12  06:00:00,-3.875,6826.653679,0,0,59.96383418
 12/12  07:00:00,-4.233333333,7471.276499,245.881872,0,59.87386312
 12/12  08:00:00,-3.758333333,11286.08984,4193.046583,0,59.59793719
 12/12  09:00:00,-2.658333333,11450.63608,8237.817516,0,59.57416868
 12/12  10:00:00,-1.558333333,11620.80578,10294.93909,0,59.56822894
 12/12  11:00:00,-0.691666667,11758.70403,9640.553213,0,59.57142209
 12/12  12:00:00,0.066666667,11882.37537,7946.644722,0,59.57996524
 12/12  13:00:00,0.808333333,12005.85797,6091.075859,0,59.59306443
 12/12  14:00:00,1.1,12055.03774,4088.02966,0,59.59315912
 12/12  15:00:00,1.1,12055.03774,2276.064158,0,59.58561788
 12/12  16:00:00,1.1,12055.03774,963.7644017,0,59.51373406
 12/12  17:00:00,0.75,11996.02653,515.8831764,0,59.45923759
 12/12  18:00:00,0.208333333,11905.69638,964.5337713,0,59.5005849
 12/12  19:00:00,-0.35,11814.05607,2492.778867,0,59.56691029
 12/12  20:00:00,-0.891666667,11726.49506,4909.673847,0,59.59760948
 12/12  21:00:00,-1.45,11637.70908,6437.524897,0,59.58906021
 12/12  22:00:00,-1.991666667,11552.91719,6371.066937,0,59.59432969
 12/12  23:00:00,-2.083333333,11538.66667,4901.322574,0,59.59912418
 12/12  24:00:00,-1.941666667,11560.63992,2842.029585,0,59.59034767
 12/13  01:00:00,-1.783333333,6180.155901,244.0481656,0,59.76977193
 12/13  02:00:00,-1.7,1050.411826,0,0,59.95869299
 12/13  03:00:00,-1.7,792.5199092,0,0,59.96053032
 12/13  04:00:00,-1.7,355.7867343,0,0,59.96138793
 12/13  05:00:00,-1.991666667,1360.729021,0,0,59.96707859
 12/13  06:00:00,-2.55,5563.245081,0,0,59.95049784
 12/13  07:00:00,-3.091666667,9482.247193,244.959868,0,59.91224406
 12/13  08:00:00,-2.658333333,11450.63608,4253.778201,0,59.59182929
 12/13  09:00:00,-1.558333333,11620.80578,8069.072692,0,59.58133974
 12/13  10:00:00,-0.458333333,11796.59895,9874.122118,0,59.56788824
 12/13  11:00:00,0.875,12017.41664,9504.220485,0,59.57394059
 12/13  12:00:00,2.316666667,12265.20589,7855.711496,0,59.58390415
 12/13  13:00:00,3.775,12525.79709,5728.114276,0,59.59667064
 12/13  14:00:00,3.758333333,12522.5679,3754.552403,0,59.59572579
 12/13  15:00:00,2.658333333,12325.21812,1943.25787,0,59.56843417
 12/13  16:00:00,1.558333333,12133.49181,478.3860786,0,59.49170004
 12/13  17:00:00,0.691666667,11986.25985,548.6592606,0,59.44671615
 12/13  18:00:00,-0.066666667,11860.44228,779.0984706,0,59.47864104
 12/13  19:00:00,-0.808333333,11739.91923,2497.150014,0,59.56382153
 12/13  20:00:00,-1.741666667,11592.05365,4892.596243,0,59.59731589
 12/13  21:00:00,-2.841666667,11422.82119,6583.430043,0,59.59139431
 12/13  22:00:00,-3.941666667,11259.21219,6441.325955,0,59.59327353
 12/13  23:00:00,-4.516666667,11175.70709,5273.965868,0,59.59763473
 12/13  24:00:00,-4.716666667,11147.09864,3232.587377,0,59.58206616
 12/14  01:00:00,-4.916666667,6873.296546,243.8545086,0,59.71570966
 12/14  02:00:00,-4.766666667,1055.24049,0,0,59.9645082
 12/14  03:00:00,-4.425,792.6232611,0,0,59.95692348
 12/14  04:00:00,-4.066666667,355.7180098,0,0,59.96155916
 12/14  05:00:00,-3.666666667,1362.072201,0,0,59.96050421
 12/14  06:00:00,-3.325,5577.749304,0,0,59.96412921
 12/14  07:00:00,-2.966666667,9507.304311,245.1206449,0,59.87404611
 12/14  08:00:00,-2.391666667,11491.2374,4258.20409,0,59.59702368
 12/14  09:00:00,-1.633333333,11608.91735,8070.834834,0,59.58453405
 12/14  10:00:00,-0.891666667,11726.54024,9890.26535,0,59.56730984
 12/14  11:00:00,-0.133333333,11849.50671,9560.946458,0,59.57247098
 12/14  12:00:00,0.608333333,11972.29993,7868.92357,0,59.58332186
 12/14  13:00:00,1.366666667,12100.55293,6092.647295,0,59.59440712
 12/14  14:00:00,1.583333333,12137.5665,3854.341865,0,59.60039675
 12/14  15:00:00,1.383333333,12103.28811,2239.21684,0,59.57827295
 12/14  16:00:00,1.183333333,12069.19561,919.4323778,0,59.51267516
 12/14  17:00:00,0.866666667,12015.61861,714.8050333,0,59.45616278
 12/14  18:00:00,0.525,11958.29698,979.8383448,0,59.49041552
 12/14  19:00:00,0.166666667,11898.78904,2412.807751,0,59.56854393
 12/14  20:00:00,-0.525,11785.70943,4771.67082,0,59.59780151
 12/14  21:00:00,-1.483333333,11632.57351,6550.192533,0,59.59361094
 12/14  22:00:00,-2.425,11486.18746,6399.852946,0,59.59432927
 12/14  23:00:00,-2.916666667,11411.26712,4976.77535,0,59.59851335
 12/14  24:00:00,-3.058333333,11389.92452,2890.544197,0,59.59286401
 12/15  01:00:00,-3.216666667,6216.748999,484.3540918,0,59.75869092
 12/15  02:00:00,-2.891666667,1055.914924,0,0,59.96452775
 12/15  03:00:00,-2.133333333,793.622003,0,0,59.95677093
 12/15  04:00:00,-1.391666667,356.6669745,0,0,59.96143513
 12/15  05:00:00,-0.866666667,1364.296318,0,0,59.96032221
 12/15  06:00:00,-0.525,5573.870472,0,0,59.96510147
 12/15  07:00:00,-0.166666667,9874.505732,244.935168,0,59.87450648
 12/15  08:00:00,0.35,11929.2048,4169.303162,0,59.59075253
 12/15  09:00:00,0.891666667,12019.85016,7884.314844,0,59.58152472
 12/15  10:00:00,1.45,12114.75383,9667.438037,0,59.57286638
 12/15  11:00:00,2.341666667,12269.44776,8983.691232,0,59.57483209
 12/15  12:00:00,3.441666667,12465.17866,7697.63471,0,59.58513694
 12/15  13:00:00,4.541666667,12666.53303,5534.279761,0,59.59020509
 12/15  14:00:00,4.883333333,12729.99925,3470.058309,0,59.59560618
 12/15  15:00:00,4.683333333,12692.65351,1738.744527,0,59.57153629
 12/15  16:00:00,4.483333333,12655.49367,237.2575602,0,59.46433655
 12/15  17:00:00,3.875,12543.75347,0,0,59.32351804
 12/15  18:00:00,2.975,12381.37921,551.7979915,0,59.29083181
 12/15  19:00:00,2.075,12222.76942,2034.09187,0,59.55163447
 12/15  20:00:00,1.991666667,12208.16831,4250.974958,0,59.59731433
 12/15  21:00:00,2.55,12305.92631,6140.627266,0,59.59563488
 12/15  22:00:00,3.091666667,12402.10993,5994.757928,0,59.59249251
 12/15  23:00:00,3.3,12439.42761,4158.723718,0,59.59655728
 12/15  24:00:00,3.3,12439.42761,2303.202941,0,59.5816689
 12/16  01:00:00,3.3,4972.870226,0,0,59.85403657
 12/16  02:00:00,2.891666667,915.8619087,0,0,59.9668345
 12/16  03:00:00,2.133333333,420.0736012,0,0,59.96729155
 12/16  04:00:00,1.391666667,356.3890689,0,0,59.96127095
 12/16  05:00:00,0.75,845.8939705,0,0,59.9564225
 12/16  06:00:00,0.208333333,7073.662462,0,0,59.93625138
 12/16  07:00:00,-0.35,7865.168949,246.7281865,0,59.91205171
 12/16  08:00:00,-0.075,11859.10621,3982.561153,0,59.60788471
 12/16  09:00:00,0.883333333,12018.58617,8222.961823,0,59.57450578
 12/16  10:00:00,1.825,12179.37922,9894.507532,0,59.57117946
 12/16  11:00:00,3.075,12399.506,9044.050077,0,59.5764029
 12/16  12:00:00,4.575,12672.91826,7695.458429,0,59.5873624
 12/16  13:00:00,6.075,12956.78737,5277.924397,0,59.59576911
 12/16  14:00:00,6.233333333,12987.05837,3431.445716,0,59.59343646
 12/16  15:00:00,5.491666667,12844.81992,1491.850965,0,59.56703155
 12/16  16:00:00,4.733333333,12702.08548,238.4216018,0,59.42042744
 12/16  17:00:00,3.875,12543.75347,0,0,59.42845718
 12/16  18:00:00,2.975,12381.37921,302.1166393,0,59.34713834
 12/16  19:00:00,2.075,12222.76942,2035.484032,0,59.55606554
 12/16  20:00:00,1.583333333,12137.5665,4537.992654,0,59.59670927
 12/16  21:00:00,1.383333333,12103.28811,6166.895228,0,59.5925895
 12/16  22:00:00,1.183333333,12069.19561,5855.624766,0,59.59570605
 12/16  23:00:00,1.1,12055.03774,4759.604228,0,59.60000022
 12/16  24:00:00,1.1,12055.03774,2316.755983,0,59.5905109
 12/17  01:00:00,1.1,4634.126018,238.8339612,0,59.82878574
 12/17  02:00:00,1.45,2152.813623,0,0,59.95907244
 12/17  03:00:00,1.991666667,367.1631418,0,0,59.96108213
 12/17  04:00:00,2.55,355.9612815,0,0,59.96146332
 12/17  05:00:00,2.683333333,893.9619958,0,0,59.9669998
 12/17  06:00:00,2.483333333,5783.926189,0,0,59.95288031
 12/17  07:00:00,2.283333333,10213.40385,244.8469216,0,59.87510113
 12/17  08:00:00,2.841666667,12357.71923,4080.049668,0,59.59322181
 12/17  09:00:00,4,12566.72179,7610.851421,0,59.57689538
 12/17  10:00:00,5.141666667,12778.7329,9251.437855,0,59.57367998
 12/17  11:00:00,6.591666667,13057.10621,8674.19489,0,59.58063379
 12/17  12:00:00,8.233333333,13383.64991,7061.646869,0,59.59087185
 12/17  13:00:00,9.891666667,13726.35036,4814.807698,0,59.6003539
 12/17  14:00:00,9.958333333,13740.0757,2583.198686,0,59.58996141
 12/17  15:00:00,8.8,13499.084,735.4052564,0,59.50232885
 12/17  16:00:00,7.658333333,8596.421337,0,0,59.8337924
 12/17  17:00:00,6.325,13005.11553,240.530235,0,59.83142622
 12/17  18:00:00,4.883333333,12730.36072,1228.772351,0,59.55753216
 12/17  19:00:00,3.425,12462.36688,2783.312579,0,59.57421178
 12/17  20:00:00,3.091666667,12402.10993,4581.366177,0,59.59809946
 12/17  21:00:00,3.65,12502.72226,6112.724531,0,59.59224649
 12/17  22:00:00,4.191666667,12601.67501,5728.37128,0,59.59675926
 12/17  23:00:00,4.108333333,12586.35957,4156.897952,0,59.59877591
 12/17  24:00:00,3.55,12484.59935,2049.004021,0,59.58199769
 12/18  01:00:00,3.008333333,4914.406017,0,0,59.83741132
 12/18  02:00:00,2.275,917.2112664,0,0,59.9670659
 12/18  03:00:00,1.316666667,419.9227716,0,0,59.96756926
 12/18  04:00:00,0.375,355.7298379,0,0,59.96162505
 12/18  05:00:00,0,846.7390848,0,0,59.95675792
 12/18  06:00:00,0,7087.922481,0,0,59.93467067
 12/18  07:00:00,0,7914.185336,246.8218435,0,59.91217339
 12/18  08:00:00,0.233333333,11909.81755,3985.183403,0,59.60795495
 12/18  09:00:00,0.575,11966.64969,8216.860571,0,59.57584057
 12/18  10:00:00,0.933333333,12026.86401,9832.381417,0,59.56801818
 12/18  11:00:00,1.741666667,12165.05567,9459.844586,0,59.57362428
 12/18  12:00:00,2.841666667,12357.71923,7791.314297,0,59.58415446
 12/18  13:00:00,3.941666667,12556.00625,5681.989611,0,59.5942263
 12/18  14:00:00,4.108333333,12586.35957,3598.113835,0,59.59703322
 12/18  15:00:00,3.55,12484.59935,1881.938722,0,59.57621906
 12/18  16:00:00,3.008333333,12387.22051,715.0583497,0,59.48448707
 12/18  17:00:00,2.158333333,12237.37267,300.4397227,0,59.38742488
 12/18  18:00:00,1,12038.37104,785.8915045,0,59.47890146
 12/18  19:00:00,-0.141666667,11848.24853,2304.821201,0,59.56684642
 12/18  20:00:00,-1.125,11689.31103,4829.692538,0,59.59725027
 12/18  21:00:00,-2.025,11547.85047,6476.9216,0,59.59077979
 12/18  22:00:00,-2.925,11410.15439,6505.022759,0,59.58869462
 12/18  23:00:00,-3.533333333,11319.09186,5222.473757,0,59.59309118
 12/18  24:00:00,-3.875,11268.75695,3168.615793,0,59.59258054
 12/19  01:00:00,-4.233333333,6618.519533,489.5207861,0,59.73833172
 12/19  02:00:00,-4.166666667,1059.574347,0,0,59.96430165
 12/19  03:00:00,-3.825,797.8628793,0,0,59.95708824
 12/19  04:00:00,-3.466666667,356.8427061,0,0,59.96173162
 12/19  05:00:00,-3.183333333,1369.058293,0,0,59.96078972
 12/19  06:00:00,-3.041666667,5622.120281,0,0,59.96377001
 12/19  07:00:00,-2.883333333,9515.681428,245.6485524,0,59.87411131
 12/19  08:00:00,-2.566666667,11464.40442,4245.944841,0,59.59448229
 12/19  09:00:00,-2.225,11516.79047,8287.598521,0,59.57277573
 12/19  10:00:00,-1.866666667,11572.3418,10061.58871,0,59.56678437
 12/19  11:00:00,-1.583333333,11616.65557,9781.077859,0,59.57081173
 12/19  12:00:00,-1.383333333,11648.17645,8388.271368,0,59.58287012
 12/19  13:00:00,-1.183333333,11679.88323,6216.439309,0,59.59256467
 12/19  14:00:00,-1.216666667,11674.58586,4439.462169,0,59.59631521
 12/19  15:00:00,-1.416666667,11642.91006,2588.064488,0,59.59340394
 12/19  16:00:00,-1.616666667,11611.42016,1416.201618,0,59.54262353
 12/19  17:00:00,-2.108333333,11534.88245,1215.193971,0,59.52877041
 12/19  18:00:00,-2.866666667,11418.93304,1445.15786,0,59.53224908
 12/19  19:00:00,-3.608333333,11308.06128,3099.48489,0,59.5745995
 12/19  20:00:00,-4.016666667,11248.04154,5454.323442,0,59.59468489
 12/19  21:00:00,-4.158333333,11227.42317,7052.824367,0,59.58969396
 12/19  22:00:00,-4.316666667,11204.50145,6928.886633,0,59.58691074
 12/19  23:00:00,-4.633333333,11159.01883,5667.236624,0,59.59467088
 12/19  24:00:00,-5.033333333,11102.2047,3469.351817,0,59.59218094
 12/20  01:00:00,-5.433333333,7337.740855,487.1422165,0,59.7230978
 12/20  02:00:00,-5.6,1063.36582,0,0,59.96425704
 12/20  03:00:00,-5.6,799.3406988,0,0,59.95683733
 12/20  04:00:00,-5.6,358.5547901,0,0,59.96139573
 12/20  05:00:00,-6.008333333,1374.303497,0,0,59.96020798
 12/20  06:00:00,-6.766666667,6714.750314,0,0,59.95416901
 12/20  07:00:00,-7.508333333,7168.081896,245.1431053,0,59.91104824
 12/20  08:00:00,-7.041666667,10828.47782,4253.192581,0,59.60106784
 12/20  09:00:00,-5.741666667,11003.7087,8684.628527,0,59.57498648
 12/20  10:00:00,-4.441666667,11186.79383,10923.20501,0,59.56107446
 12/20  11:00:00,-3.141666667,11377.73322,10211.59094,0,59.56760729
 12/20  12:00:00,-1.841666667,11576.52687,8670.889136,0,59.58058108
 12/20  13:00:00,-0.541666667,11783.17478,6589.62917,0,59.58958743
 12/20  14:00:00,0.116666667,11890.50862,4571.284884,0,59.59599705
 12/20  15:00:00,0.316666667,11923.60965,2777.513409,0,59.5896118
 12/20  16:00:00,0.516666667,11956.89658,1366.172956,0,59.5587665
 12/20  17:00:00,0.133333333,11893.3729,1031.758034,0,59.51664401
 12/20  18:00:00,-0.608333333,11772.16047,1215.422979,0,59.53252886
 12/20  19:00:00,-1.366666667,11650.92454,2817.518931,0,59.57308105
 12/20  20:00:00,-1.933333333,11561.96394,5201.188561,0,59.59698828
 12/20  21:00:00,-2.275,11509.0884,6794.621901,0,59.59012815
 12/20  22:00:00,-2.633333333,11454.24344,6685.8269,0,59.59158678
 12/20  23:00:00,-2.8,11428.90124,5223.522742,0,59.59260202
 12/20  24:00:00,-2.8,11428.90124,3192.698093,0,59.59739628
 12/21  01:00:00,-2.8,6626.543451,488.0575307,0,59.74814686
 12/21  02:00:00,-3.441666667,1063.304064,0,0,59.96430313
 12/21  03:00:00,-4.541666667,800.1112405,0,0,59.95688263
 12/21  04:00:00,-5.641666667,358.7218322,0,0,59.96142904
 12/21  05:00:00,-6.216666667,1375.485968,0,0,59.96026549
 12/21  06:00:00,-6.416666667,6727.262071,0,0,59.95418422
 12/21  07:00:00,-6.616666667,7253.420063,245.2913506,0,59.91126492
 12/21  08:00:00,-6.35,10920.48149,4234.918907,0,59.6016536
 12/21  09:00:00,-5.808333333,10994.26033,8666.293297,0,59.57267482
 12/21  10:00:00,-5.25,11071.77851,10879.5303,0,59.56409151
 12/21  11:00:00,-4.65,11156.67438,10358.28642,0,59.5656493
 12/21  12:00:00,-4.108333333,11234.73278,8847.01676,0,59.5774424
 12/21  13:00:00,-3.55,11316.66221,6765.727382,0,59.58786839
 12/21  14:00:00,-3.416666667,11336.37655,4869.334361,0,59.599495
 12/21  15:00:00,-3.616666667,11306.74565,3071.195017,0,59.58843337
 12/21  16:00:00,-3.816666667,11277.30065,2000.377211,0,59.57459996
 12/21  17:00:00,-3.9,11265.07923,1482.588072,0,59.55992779
 12/21  18:00:00,-3.9,11265.07923,1932.898658,0,59.55205702
 12/21  19:00:00,-3.9,11265.07923,3184.203692,0,59.58227432
 12/21  20:00:00,-4.016666667,11248.04154,5687.640586,0,59.5961744
 12/21  21:00:00,-4.158333333,11227.42317,7272.28888,0,59.58721297
 12/21  22:00:00,-4.316666667,11204.50145,7146.644685,0,59.59069018
 12/21  23:00:00,-4.283333333,11209.31858,5656.175193,0,59.5944855
 12/21  24:00:00,-4.141666667,11229.84336,3465.182167,0,59.59647662
 12/22  01:00:00,-3.983333333,7335.262199,488.8448817,0,59.72400969
 12/22  02:00:00,-3.9,1066.934562,0,0,59.96419117
 12/22  03:00:00,-3.9,801.7142875,0,0,59.95667832
 12/22  04:00:00,-3.9,359.9301464,0,0,59.9612088
 12/22  05:00:00,-3.783333333,1377.665495,0,0,59.96068333
 12/22  06:00:00,-3.583333333,5651.355818,0,0,59.96305705
 12/22  07:00:00,-3.383333333,9453.175798,246.1413407,0,59.87316854
 12/22  08:00:00,-3.066666667,11388.70055,4290.617453,0,59.59815438
 12/22  09:00:00,-2.725,11440.29264,8386.937897,0,59.57607929
 12/22  10:00:00,-2.366666667,11495.0113,10254.92088,0,59.56474648
 12/22  11:00:00,-1.908333333,11565.87016,9972.687518,0,59.56898576
 12/22  12:00:00,-1.35,11653.50825,8273.13704,0,59.57567368
 12/22  13:00:00,-0.808333333,11739.87404,6578.475715,0,59.59198139
 12/22  14:00:00,-0.6,11773.41564,4501.198727,0,59.59971796
 12/22  15:00:00,-0.6,11773.41564,2585.305554,0,59.59408311
 12/22  16:00:00,-0.6,11773.41564,1469.971498,0,59.56113221
 12/22  17:00:00,-0.716666667,11754.58867,970.5436076,0,59.52660777
 12/22  18:00:00,-0.858333333,11731.79759,1421.035044,0,59.52731582
 12/22  19:00:00,-1.016666667,11706.44756,2889.638919,0,59.58620099
 12/22  20:00:00,-1.1,11693.14173,5240.142041,0,59.59063127
 12/22  21:00:00,-1.1,11693.14173,6991.426278,0,59.58824257
 12/22  22:00:00,-1.1,11693.14173,6617.024289,0,59.59089105
 12/22  23:00:00,-1.216666667,11674.58586,5088.261509,0,59.59780434
 12/22  24:00:00,-1.416666667,11642.91006,2962.81679,0,59.5960603
 12/23  01:00:00,-1.616666667,6301.429783,480.8783818,0,59.76844835
 12/23  02:00:00,-1.816666667,1064.825663,0,0,59.96413552
 12/23  03:00:00,-1.958333333,802.5398802,0,0,59.95665998
 12/23  04:00:00,-2.116666667,360.3516191,0,0,59.96117221
 12/23  05:00:00,-2.55,1379.232993,0,0,59.9606512
 12/23  06:00:00,-3.091666667,5657.779015,0,0,59.96275182
 12/23  07:00:00,-3.65,9412.077708,246.2561219,0,59.87281357
 12/23  08:00:00,-3.783333333,11282.19524,4376.561932,0,59.59430166
 12/23  09:00:00,-3.583333333,11311.67122,8360.605174,0,59.58066825
 12/23  10:00:00,-3.383333333,11341.33311,10456.41702,0,59.56538532
 12/23  11:00:00,-3.066666667,11388.70055,10155.18501,0,59.56944278
 12/23  12:00:00,-2.725,11440.29264,8543.178871,0,59.57751473
 12/23  13:00:00,-2.366666667,11495.0113,6593.327932,0,59.58901015
 12/23  14:00:00,-2.2,11520.62891,4578.539222,0,59.59759531
 12/23  15:00:00,-2.2,11520.62891,2907.33081,0,59.59524281
 12/23  16:00:00,-2.2,11520.62891,1711.38334,0,59.57023466
 12/23  17:00:00,-2.316666667,11502.66947,1470.141917,0,59.54725087
 12/23  18:00:00,-2.516666667,11472.01612,1681.057258,0,59.54169302
 12/23  19:00:00,-2.716666667,11441.54867,3140.10344,0,59.5815002
 12/23  20:00:00,-2.8,11428.90124,5379.313922,0,59.59692326
 12/23  21:00:00,-2.8,11428.90124,7138.50823,0,59.5870267
 12/23  22:00:00,-2.8,11428.90124,6953.287623,0,59.58878581
 12/23  23:00:00,-2.916666667,11411.26712,5383.393073,0,59.59583102
 12/23  24:00:00,-3.058333333,11389.92452,3449.979283,0,59.59724836
 12/24  01:00:00,-3.216666667,7158.538338,246.8512445,0,59.70936084
 12/24  02:00:00,-3.65,1073.189105,0,0,59.96426851
 12/24  03:00:00,-4.191666667,803.1736538,0,0,59.95651999
 12/24  04:00:00,-4.75,361.7312707,0,0,59.96089458
 12/24  05:00:00,-5,1383.322474,0,0,59.96041336
 12/24  06:00:00,-5,6768.289828,0,0,59.9573994
 12/24  07:00:00,-5,7404.587125,245.6513503,0,59.91048165
 12/24  08:00:00,-5,11106.88069,4214.358703,0,59.59941806
 12/24  09:00:00,-5,11106.88069,8616.217811,0,59.57155845
 12/24  10:00:00,-5,11106.88069,10857.36085,0,59.56181811
 12/24  11:00:00,-4.65,11156.67438,10301.83751,0,59.56563313
 12/24  12:00:00,-4.108333333,11234.73278,8914.830619,0,59.57584372
 12/24  13:00:00,-3.55,11316.66221,6834.254209,0,59.58931334
 12/24  14:00:00,-3.066666667,11388.70055,4878.889791,0,59.59942818
 12/24  15:00:00,-2.725,11440.29264,3104.137901,0,59.59299417
 12/24  16:00:00,-2.366666667,11495.0113,1981.850012,0,59.57082974
 12/24  17:00:00,-2.433333333,11484.78835,1476.955798,0,59.5541702
 12/24  18:00:00,-2.775,11432.70676,1669.882432,0,59.54414242
 12/24  19:00:00,-3.133333333,11378.69448,3179.548905,0,59.58833951
 12/24  20:00:00,-3.416666667,11336.37655,5715.441643,0,59.59606706
 12/24  21:00:00,-3.616666667,11306.74565,7236.072988,0,59.58763255
 12/24  22:00:00,-3.816666667,11277.30065,7040.453261,0,59.58822373
 12/24  23:00:00,-3.783333333,11282.19524,5567.627827,0,59.59366356
 12/24  24:00:00,-3.583333333,11311.67122,3290.564739,0,59.59559712
 12/25  01:00:00,-3.383333333,7224.436741,676.6037052,0,59.72427871
 12/25  02:00:00,-3.65,1071.358832,0,0,59.96430673
 12/25  03:00:00,-4.191666667,805.8117262,0,0,59.95635629
 12/25  04:00:00,-4.75,362.8560862,0,0,59.96070803
 12/25  05:00:00,-4.766666667,1386.053584,0,0,59.96026626
 12/25  06:00:00,-4.425,6782.926709,0,0,59.95931243
 12/25  07:00:00,-4.066666667,7500.31872,245.864098,0,59.91030781
 12/25  08:00:00,-3.375,11342.71802,4171.881462,0,59.59988841
 12/25  09:00:00,-2.416666667,11487.5003,8632.20825,0,59.57781103
 12/25  10:00:00,-1.475,11633.85127,10557.62994,0,59.56437768
 12/25  11:00:00,-0.75,11749.27924,10058.33242,0,59.57013778
 12/25  12:00:00,-0.208333333,11837.15547,8230.470481,0,59.57775307
 12/25  13:00:00,0.35,11929.2048,6558.84429,0,59.59193527
 12/25  14:00:00,0.716666667,11990.3694,4388.226497,0,59.5995728
 12/25  15:00:00,0.858333333,12014.18615,2628.281367,0,59.58998411
 12/25  16:00:00,1.016666667,12040.92721,1222.39913,0,59.54122445
 12/25  17:00:00,1.216666667,12074.86479,965.7122109,0,59.51248094
 12/25  18:00:00,1.416666667,12108.98826,1219.798776,0,59.52772552
 12/25  19:00:00,1.616666667,12143.29764,2529.226417,0,59.57682525
 12/25  20:00:00,1.7,12157.64055,4934.86314,0,59.59738615
 12/25  21:00:00,1.7,12157.64055,6550.386967,0,59.58841546
 12/25  22:00:00,1.7,12157.64055,6197.533123,0,59.59188876
 12/25  23:00:00,1.7,12157.64055,4855.233734,0,59.59972149
 12/25  24:00:00,1.7,12157.64055,2535.947142,0,59.58667559
 12/26  01:00:00,1.7,4981.032693,241.3583364,0,59.80996543
 12/26  02:00:00,1.991666667,2182.321085,0,0,59.95851744
 12/26  03:00:00,2.55,374.3662342,0,0,59.95985286
 12/26  04:00:00,3.091666667,362.0513027,0,0,59.96071383
 12/26  05:00:00,3.3,905.6309182,0,0,59.96630566
 12/26  06:00:00,3.3,5864.271609,0,0,59.95211555
 12/26  07:00:00,3.3,10366.18968,245.4279552,0,59.87360255
 12/26  08:00:00,3.533333333,12481.54573,4140.826632,0,59.59074317
 12/26  09:00:00,3.875,12543.61792,7772.499786,0,59.57654837
 12/26  10:00:00,4.233333333,12609.32789,9475.105108,0,59.57406667
 12/26  11:00:00,4.516666667,12661.67407,9032.219508,0,59.57598881
 12/26  12:00:00,4.716666667,12698.86489,7304.956761,0,59.58482824
 12/26  13:00:00,4.916666667,12736.24161,5586.659479,0,59.59735285
 12/26  14:00:00,5,12751.86258,3465.008109,0,59.59968682
 12/26  15:00:00,5,12751.86258,1692.916624,0,59.57301732
 12/26  16:00:00,5,12751.86258,508.7735195,0,59.43739555
 12/26  17:00:00,4.883333333,12729.99925,0,0,59.17685347
 12/26  18:00:00,4.683333333,12692.65351,608.0125884,0,59.33421839
 12/26  19:00:00,4.483333333,12655.49367,2008.291095,0,59.55408579
 12/26  20:00:00,4.4,12640.05774,4230.812745,0,59.59285553
 12/26  21:00:00,4.4,12640.05774,6107.858897,0,59.5931388
 12/26  22:00:00,4.4,12640.05774,5744.778498,0,59.59678108
 12/26  23:00:00,4.283333333,12618.51973,4367.0226,0,59.59613392
 12/26  24:00:00,4.141666667,12592.43669,2043.682193,0,59.57969921
 12/27  01:00:00,3.983333333,5101.013683,0,0,59.84638272
 12/27  02:00:00,3.491666667,928.4753922,0,0,59.96685791
 12/27  03:00:00,2.733333333,425.9730969,0,0,59.96691381
 12/27  04:00:00,1.991666667,361.4943176,0,0,59.96093241
 12/27  05:00:00,1.466666667,858.0283153,0,0,59.95597778
 12/27  06:00:00,1.125,7184.859037,0,0,59.93467064
 12/27  07:00:00,0.766666667,7991.718854,246.8732842,0,59.91195894
 12/27  08:00:00,0.891666667,12019.85016,4210.562791,0,59.60299456
 12/27  09:00:00,1.45,12114.75383,8174.143724,0,59.58146465
 12/27  10:00:00,1.991666667,12208.16831,9933.410614,0,59.56856663
 12/27  11:00:00,2.841666667,12357.71923,9589.033869,0,59.57274312
 12/27  12:00:00,4,12566.72179,7897.348721,0,59.58540692
 12/27  13:00:00,5.141666667,12778.7329,5708.524754,0,59.59646457
 12/27  14:00:00,5.25,12799.0095,3721.171506,0,59.59683569
 12/27  15:00:00,4.708333333,12697.3511,1740.596483,0,59.56665981
 12/27  16:00:00,4.15,12594.03397,667.5348124,0,59.50853754
 12/27  17:00:00,3.141666667,12411.33018,299.9764241,0,59.33986074
 12/27  18:00:00,1.841666667,12182.42854,786.0304708,0,59.43691266
 12/27  19:00:00,0.541666667,11961.38115,2237.392793,0,59.5675654
 12/27  20:00:00,-0.233333333,11833.05173,4921.567866,0,59.59452891
 12/27  21:00:00,-0.575,11777.47678,6681.869593,0,59.59272097
 12/27  22:00:00,-0.933333333,11719.80072,6565.491225,0,59.59009281
 12/27  23:00:00,-1.1,11693.14173,5231.09866,0,59.5956472
 12/27  24:00:00,-1.1,11693.14173,2874.615125,0,59.5931306
 12/28  01:00:00,-1.1,6367.28019,463.4985083,0,59.7462078
 12/28  02:00:00,-1.216666667,1070.659593,0,0,59.96450249
 12/28  03:00:00,-1.416666667,806.2103556,0,0,59.95697516
 12/28  04:00:00,-1.616666667,360.9556403,0,0,59.96141288
 12/28  05:00:00,-1.7,1384.625436,0,0,59.96022996
 12/28  06:00:00,-1.7,5692.393107,0,0,59.96377094
 12/28  07:00:00,-1.7,9665.288921,246.4465535,0,59.87330996
 12/28  08:00:00,-1.583333333,11616.65557,4293.746063,0,59.59920819
 12/28  09:00:00,-1.383333333,11648.17645,8333.740074,0,59.58078152
 12/28  10:00:00,-1.183333333,11679.88323,10292.70437,0,59.5651602
 12/28  11:00:00,-0.75,11749.27924,9868.624513,0,59.56931158
 12/28  12:00:00,-0.208333333,11837.15547,8455.598927,0,59.58255132
 12/28  13:00:00,0.35,11929.2048,6197.244038,0,59.58933555
 12/28  14:00:00,0.891666667,12019.85016,4425.505557,0,59.59663239
 12/28  15:00:00,1.45,12114.75383,2573.684224,0,59.59260106
 12/28  16:00:00,1.991666667,12208.16831,1220.317713,0,59.55044919
 12/28  17:00:00,1.675,12153.48452,962.9589364,0,59.50782394
 12/28  18:00:00,0.716666667,11990.55014,1232.750678,0,59.52889922
 12/28  19:00:00,-0.225,11834.53605,2715.372913,0,59.56120363
 12/28  20:00:00,-0.891666667,11726.49506,5019.006306,0,59.59345359
 12/28  21:00:00,-1.45,11637.70908,6977.445277,0,59.58853736
 12/28  22:00:00,-1.991666667,11552.91719,6651.454859,0,59.59033446
 12/28  23:00:00,-2.083333333,11538.66667,5315.271922,0,59.598007
 12/28  24:00:00,-1.941666667,11560.63992,3315.671764,0,59.59260392
 12/29  01:00:00,-1.783333333,6831.32801,244.8332305,0,59.7444475
 12/29  02:00:00,-2.225,1077.458502,0,0,59.96438356
 12/29  03:00:00,-3.125,806.0898057,0,0,59.95694546
 12/29  04:00:00,-4.025,361.3669103,0,0,59.96137092
 12/29  05:00:00,-4.75,1387.07149,0,0,59.96012861
 12/29  06:00:00,-5.291666667,6803.639423,0,0,59.95426335
 12/29  07:00:00,-5.85,7316.539476,245.3690964,0,59.91101016
 12/29  08:00:00,-5.458333333,11042.85213,4330.105701,0,59.60523296
 12/29  09:00:00,-4.358333333,11198.70757,8794.595157,0,59.57699795
 12/29  10:00:00,-3.258333333,11360.18646,11008.48652,0,59.56207704
 12/29  11:00:00,-2.275,11509.22395,10194.63563,0,59.56546303
 12/29  12:00:00,-1.316666667,11658.90546,8754.797343,0,59.57982608
 12/29  13:00:00,-0.375,11810.07045,6660.266796,0,59.5902201
 12/29  14:00:00,-0.116666667,11852.12571,4831.711559,0,59.59980282
 12/29  15:00:00,-0.316666667,11819.42746,2852.6109,0,59.59513783
 12/29  16:00:00,-0.516666667,11786.91511,1482.444772,0,59.56730635
 12/29  17:00:00,-1.125,11689.31103,1216.540831,0,59.53884624
 12/29  18:00:00,-2.025,11547.85047,1477.616279,0,59.55227802
 12/29  19:00:00,-2.925,11410.15439,3064.321283,0,59.57373831
 12/29  20:00:00,-3.533333333,11319.09186,5714.394544,0,59.59647827
 12/29  21:00:00,-3.875,11268.75695,7240.706753,0,59.58747422
 12/29  22:00:00,-4.233333333,11216.57655,7214.979487,0,59.58986844
 12/29  23:00:00,-4.516666667,11175.70709,5735.198858,0,59.59666256
 12/29  24:00:00,-4.716666667,11147.09864,3503.700876,0,59.60021962
 12/30  01:00:00,-4.916666667,7980.492343,709.0409409,0,59.69542469
 12/30  02:00:00,-5.116666667,918.78312,0,0,59.96892134
 12/30  03:00:00,-5.316666667,664.3885554,0,0,59.96138432
 12/30  04:00:00,-5.516666667,360.7972999,0,0,59.96143035
 12/30  05:00:00,-5.716666667,620.4419418,0,0,59.95529701
 12/30  06:00:00,-5.858333333,7253.200535,0,0,59.95068633
 12/30  07:00:00,-6.016666667,10965.67498,242.5374708,0,59.76795859
 12/30  08:00:00,-5.458333333,11042.85213,3594.118056,0,59.58902304
 12/30  09:00:00,-4.358333333,11198.70757,8054.613826,0,59.58098235
 12/30  10:00:00,-3.258333333,11360.18646,10493.33256,0,59.56391636
 12/30  11:00:00,-1.925,11563.65352,10162.58634,0,59.56725671
 12/30  12:00:00,-0.425,11802.2096,8667.258427,0,59.5806117
 12/30  13:00:00,1.075,12051.22253,6611.832999,0,59.59056694
 12/30  14:00:00,1.816666667,12177.79292,4455.563147,0,59.59684422
 12/30  15:00:00,1.958333333,12202.3339,2586.379424,0,59.59286807
 12/30  16:00:00,2.116666667,12229.88439,1225.094806,0,59.55228148
 12/30  17:00:00,1.791666667,12173.55556,963.8553458,0,59.50951849
 12/30  18:00:00,1.033333333,12043.8612,1231.015744,0,59.5328111
 12/30  19:00:00,0.291666667,11919.54657,2796.371994,0,59.56633814
 12/30  20:00:00,-0.408333333,11804.58761,4995.184516,0,59.5975235
 12/30  21:00:00,-1.166666667,11682.64682,6788.534141,0,59.58984686
 12/30  22:00:00,-1.908333333,11565.91534,6793.162942,0,59.59206362
 12/30  23:00:00,-2.958333333,11405.2925,5448.763855,0,59.5955055
 12/30  24:00:00,-4.258333333,11213.24546,3208.274167,0,59.5984941
 12/31  01:00:00,-5.558333333,7147.101401,490.1667681,0,59.71983355
 12/31  02:00:00,-6.625,1079.761861,0,0,59.96471399
 12/31  03:00:00,-7.583333333,808.7339653,0,0,59.95683892
 12/31  04:00:00,-8.525,363.0198652,0,0,59.96113749
 12/31  05:00:00,-9.016666667,1392.745662,0,0,59.96067778
 12/31  06:00:00,-9.158333333,6817.581356,0,0,59.94973611
 12/31  07:00:00,-9.316666667,7024.247183,248.7915514,0,59.91023448
 12/31  08:00:00,-8.758333333,10609.02661,4334.291061,0,59.60364171
 12/31  09:00:00,-7.658333333,10748.01166,9061.085875,0,59.56738186
 12/31  10:00:00,-6.558333333,10892.62016,11430.13948,0,59.55828735
 12/31  11:00:00,-5.866666667,10986.23023,10882.79852,0,59.56192428
 12/31  12:00:00,-5.525,11033.37623,9124.318268,0,59.57412822
 12/31  13:00:00,-5.166666667,11083.4319,7269.189325,0,59.58907796
 12/31  14:00:00,-5,11106.88069,5448.403043,0,59.59781813
 12/31  15:00:00,-5,11106.88069,3602.862056,0,59.59611019
 12/31  16:00:00,-5,11106.88069,2289.312384,0,59.58460016
 12/31  17:00:00,-5.116666667,11090.43943,1952.934888,0,59.56105233
 12/31  18:00:00,-5.316666667,11062.38867,2225.229886,0,59.56804958
 12/31  19:00:00,-5.516666667,11034.52381,3627.656028,0,59.58420125
 12/31  20:00:00,-5.483333333,11039.15505,5992.826824,0,59.58850422
 12/31  21:00:00,-5.283333333,11067.05089,7798.961767,0,59.58087238
 12/31  22:00:00,-5.083333333,11095.13263,7491.199275,0,59.58589094
 12/31  23:00:00,-5.116666667,11090.43943,6071.493467,0,59.59300887
 12/31  24:00:00,-5.316666667,11062.38867,3823.900344,0,59.59929235
