Program Version:,EnergyPlus, Version 25.1.0-68a4a7c774, YMD=2025.10.06 15:12
Tabular Output Report in Format: ,Comma

Building:,Large Office-VAV-Elec-Reheat Min Req
Environment:,RUN PERIOD 1 ** Denver Centennial  Golden   Nr CO USA TMY3 WMO#=724666

----------------------------------------------------------------------------------------------------
REPORT:,Annual Building Utility Performance Summary
FOR:,Entire Facility
Values gathered over      8760.00 hours

Site and Source Energy

,,Total Energy [GJ],Energy Per Total Building Area [MJ/m2],Energy Per Conditioned Building Area [MJ/m2]
,Total Site Energy,1764.78,289.57,289.57
,Net Site Energy,1764.78,289.57,289.57
,Total Source Energy,5589.05,917.07,917.07
,Net Source Energy,5589.05,917.07,917.07


Site to Source Energy Conversion Factors

,,Site=>Source Conversion Factor
,Electricity,3.167
,Natural Gas,1.084
,District Cooling,1.056
,District Heating Water,3.613
,District Heating Steam,1.200
,Gasoline,1.050
,Diesel,1.050
,Coal,1.050
,Fuel Oil No 1,1.050
,Fuel Oil No 2,1.050
,Propane,1.050
,Other Fuel 1,1.000
,Other Fuel 2,1.000


Building Area

,,Area [m2]
,Total Building Area,6094.44
,Net Conditioned Building Area,6094.44
,Unconditioned Building Area,0.00


End Uses

,,Electricity [GJ],Natural Gas [GJ],Gasoline [GJ],Diesel [GJ],Coal [GJ],Fuel Oil No 1 [GJ],Fuel Oil No 2 [GJ],Propane [GJ],Other Fuel 1 [GJ],Other Fuel 2 [GJ],District Cooling [GJ],District Heating Water [GJ],District Heating Steam [GJ],Water [m3]
,Heating,85.54,0.00,0.00,0.00,0.00,0.00,0.00,0.00,0.00,0.00,0.00,0.00,0.00,0.00
,Cooling,157.00,0.00,0.00,0.00,0.00,0.00,0.00,0.00,0.00,0.00,0.00,0.00,0.00,0.00
,Interior Lighting,459.55,0.00,0.00,0.00,0.00,0.00,0.00,0.00,0.00,0.00,0.00,0.00,0.00,0.00
,Exterior Lighting,0.00,0.00,0.00,0.00,0.00,0.00,0.00,0.00,0.00,0.00,0.00,0.00,0.00,0.00
,Interior Equipment,795.96,0.00,0.00,0.00,0.00,0.00,0.00,0.00,0.00,0.00,0.00,0.00,0.00,0.00
,Exterior Equipment,0.00,0.00,0.00,0.00,0.00,0.00,0.00,0.00,0.00,0.00,0.00,0.00,0.00,0.00
,Fans,168.05,0.00,0.00,0.00,0.00,0.00,0.00,0.00,0.00,0.00,0.00,0.00,0.00,0.00
,Pumps,98.13,0.00,0.00,0.00,0.00,0.00,0.00,0.00,0.00,0.00,0.00,0.00,0.00,0.00
,Heat Rejection,0.55,0.00,0.00,0.00,0.00,0.00,0.00,0.00,0.00,0.00,0.00,0.00,0.00,757.48
,Humidification,0.00,0.00,0.00,0.00,0.00,0.00,0.00,0.00,0.00,0.00,0.00,0.00,0.00,0.00
,Heat Recovery,0.00,0.00,0.00,0.00,0.00,0.00,0.00,0.00,0.00,0.00,0.00,0.00,0.00,0.00
,Water Systems,0.00,0.00,0.00,0.00,0.00,0.00,0.00,0.00,0.00,0.00,0.00,0.00,0.00,0.00
,Refrigeration,0.00,0.00,0.00,0.00,0.00,0.00,0.00,0.00,0.00,0.00,0.00,0.00,0.00,0.00
,Generators,0.00,0.00,0.00,0.00,0.00,0.00,0.00,0.00,0.00,0.00,0.00,0.00,0.00,0.00
,,,,,,,,,,,,,,,
,Total End Uses,1764.78,0.00,0.00,0.00,0.00,0.00,0.00,0.00,0.00,0.00,0.00,0.00,0.00,757.48
Note: Electricity appears to be the principal heating source based on energy usage.


End Uses By Subcategory

,,Subcategory,Electricity [GJ],Natural Gas [GJ],Gasoline [GJ],Diesel [GJ],Coal [GJ],Fuel Oil No 1 [GJ],Fuel Oil No 2 [GJ],Propane [GJ],Other Fuel 1 [GJ],Other Fuel 2 [GJ],District Cooling [GJ],District Heating Water [GJ],District Heating Steam [GJ],Water [m3]
,Heating,General,85.54,0.00,0.00,0.00,0.00,0.00,0.00,0.00,0.00,0.00,0.00,0.00,0.00,0.00
,Cooling,General,157.00,0.00,0.00,0.00,0.00,0.00,0.00,0.00,0.00,0.00,0.00,0.00,0.00,0.00
,Interior Lighting,General,459.55,0.00,0.00,0.00,0.00,0.00,0.00,0.00,0.00,0.00,0.00,0.00,0.00,0.00
,Exterior Lighting,General,0.00,0.00,0.00,0.00,0.00,0.00,0.00,0.00,0.00,0.00,0.00,0.00,0.00,0.00
,Interior Equipment,General,795.96,0.00,0.00,0.00,0.00,0.00,0.00,0.00,0.00,0.00,0.00,0.00,0.00,0.00
,Exterior Equipment,General,0.00,0.00,0.00,0.00,0.00,0.00,0.00,0.00,0.00,0.00,0.00,0.00,0.00,0.00
,Fans,General,168.05,0.00,0.00,0.00,0.00,0.00,0.00,0.00,0.00,0.00,0.00,0.00,0.00,0.00
,Pumps,General,98.13,0.00,0.00,0.00,0.00,0.00,0.00,0.00,0.00,0.00,0.00,0.00,0.00,0.00
,Heat Rejection,General,0.55,0.00,0.00,0.00,0.00,0.00,0.00,0.00,0.00,0.00,0.00,0.00,0.00,757.48
,Humidification,General,0.00,0.00,0.00,0.00,0.00,0.00,0.00,0.00,0.00,0.00,0.00,0.00,0.00,0.00
,Heat Recovery,General,0.00,0.00,0.00,0.00,0.00,0.00,0.00,0.00,0.00,0.00,0.00,0.00,0.00,0.00
,Water Systems,General,0.00,0.00,0.00,0.00,0.00,0.00,0.00,0.00,0.00,0.00,0.00,0.00,0.00,0.00
,Refrigeration,General,0.00,0.00,0.00,0.00,0.00,0.00,0.00,0.00,0.00,0.00,0.00,0.00,0.00,0.00
,Generators,General,0.00,0.00,0.00,0.00,0.00,0.00,0.00,0.00,0.00,0.00,0.00,0.00,0.00,0.00


End Uses By Space Type

,,Space Type,Electricity [GJ],Natural Gas [GJ],Gasoline [GJ],Diesel [GJ],Coal [GJ],Fuel Oil No 1 [GJ],Fuel Oil No 2 [GJ],Propane [GJ],Other Fuel 1 [GJ],Other Fuel 2 [GJ],District Cooling [GJ],District Heating Water [GJ],District Heating Steam [GJ],Water [m3]
,Heating,Unassigned,85.54,0.00,0.00,0.00,0.00,0.00,0.00,0.00,0.00,0.00,0.00,0.00,0.00,0.00
,Cooling,Unassigned,157.00,0.00,0.00,0.00,0.00,0.00,0.00,0.00,0.00,0.00,0.00,0.00,0.00,0.00
,Interior Lighting,GENERAL,459.55,0.00,0.00,0.00,0.00,0.00,0.00,0.00,0.00,0.00,0.00,0.00,0.00,0.00
,Exterior Lighting,Unassigned,0.00,0.00,0.00,0.00,0.00,0.00,0.00,0.00,0.00,0.00,0.00,0.00,0.00,0.00
,Interior Equipment,GENERAL,795.96,0.00,0.00,0.00,0.00,0.00,0.00,0.00,0.00,0.00,0.00,0.00,0.00,0.00
,Exterior Equipment,Unassigned,0.00,0.00,0.00,0.00,0.00,0.00,0.00,0.00,0.00,0.00,0.00,0.00,0.00,0.00
,Fans,Unassigned,168.05,0.00,0.00,0.00,0.00,0.00,0.00,0.00,0.00,0.00,0.00,0.00,0.00,0.00
,Pumps,Unassigned,98.13,0.00,0.00,0.00,0.00,0.00,0.00,0.00,0.00,0.00,0.00,0.00,0.00,0.00
,Heat Rejection,Unassigned,0.55,0.00,0.00,0.00,0.00,0.00,0.00,0.00,0.00,0.00,0.00,0.00,0.00,757.48
,Humidification,Unassigned,0.00,0.00,0.00,0.00,0.00,0.00,0.00,0.00,0.00,0.00,0.00,0.00,0.00,0.00
,Heat Recovery,Unassigned,0.00,0.00,0.00,0.00,0.00,0.00,0.00,0.00,0.00,0.00,0.00,0.00,0.00,0.00
,Water Systems,Unassigned,0.00,0.00,0.00,0.00,0.00,0.00,0.00,0.00,0.00,0.00,0.00,0.00,0.00,0.00
,Refrigeration,Unassigned,0.00,0.00,0.00,0.00,0.00,0.00,0.00,0.00,0.00,0.00,0.00,0.00,0.00,0.00
,Generators,Unassigned,0.00,0.00,0.00,0.00,0.00,0.00,0.00,0.00,0.00,0.00,0.00,0.00,0.00,0.00


Normalized Metrics
Utility Use Per Conditioned Floor Area

,,Electricity Intensity [MJ/m2],Natural Gas Intensity [MJ/m2],Gasoline Intensity [MJ/m2],Diesel Intensity [MJ/m2],Coal Intensity [MJ/m2],Fuel Oil No 1 Intensity [MJ/m2],Fuel Oil No 2 Intensity [MJ/m2],Propane Intensity [MJ/m2],Other Fuel 1 Intensity [MJ/m2],Other Fuel 2 Intensity [MJ/m2],District Cooling Intensity [MJ/m2],District Heating Water Intensity [MJ/m2],District Heating Steam Intensity [MJ/m2],Water Intensity [m3/m2]
,Lighting,75.40,0.00,0.00,0.00,0.00,0.00,0.00,0.00,0.00,0.00,0.00,0.00,0.00,0.00
,HVAC,83.56,0.00,0.00,0.00,0.00,0.00,0.00,0.00,0.00,0.00,0.00,0.00,0.00,0.12
,Other,130.60,0.00,0.00,0.00,0.00,0.00,0.00,0.00,0.00,0.00,0.00,0.00,0.00,0.00
,Total,289.57,0.00,0.00,0.00,0.00,0.00,0.00,0.00,0.00,0.00,0.00,0.00,0.00,0.12


Utility Use Per Total Floor Area

,,Electricity Intensity [MJ/m2],Natural Gas Intensity [MJ/m2],Gasoline Intensity [MJ/m2],Diesel Intensity [MJ/m2],Coal Intensity [MJ/m2],Fuel Oil No 1 Intensity [MJ/m2],Fuel Oil No 2 Intensity [MJ/m2],Propane Intensity [MJ/m2],Other Fuel 1 Intensity [MJ/m2],Other Fuel 2 Intensity [MJ/m2],District Cooling Intensity [MJ/m2],District Heating Water Intensity [MJ/m2],District Heating Steam Intensity [MJ/m2],Water Intensity [m3/m2]
,Lighting,75.40,0.00,0.00,0.00,0.00,0.00,0.00,0.00,0.00,0.00,0.00,0.00,0.00,
,HVAC,83.56,0.00,0.00,0.00,0.00,0.00,0.00,0.00,0.00,0.00,0.00,0.00,0.00,
,Other,130.60,0.00,0.00,0.00,0.00,0.00,0.00,0.00,0.00,0.00,0.00,0.00,0.00,
,Total,289.57,0.00,0.00,0.00,0.00,0.00,0.00,0.00,0.00,0.00,0.00,0.00,0.00,


Electric Loads Satisfied

,,Electricity [GJ],Percent Electricity [%]
,Fuel-Fired Power Generation,0.000,0.00
,High Temperature Geothermal*,0.000,0.00
,Photovoltaic Power,0.000,0.00
,Wind Power,0.000,0.00
,Power Conversion,0.000,0.00
,Net Decrease in On-Site Storage,0.000,0.00
,Total On-Site Electric Sources,0.000,0.00
,,,
,Electricity Coming From Utility,1764.776,100.00
,Surplus Electricity Going To Utility,0.000,0.00
,Net Electricity From Utility,1764.776,100.00
,,,
,Total On-Site and Utility Electric Sources,1764.776,100.00
,Total Electricity End Uses,1764.776,100.00


On-Site Thermal Sources

,,Heat [GJ],Percent Heat [%]
,Water-Side Heat Recovery,0.00,0.00
,Air to Air Heat Recovery for Cooling,3.70,1.55
,Air to Air Heat Recovery for Heating,235.72,98.45
,High-Temperature Geothermal*,0.00,0.00
,Solar Water Thermal,0.00,0.00
,Solar Air Thermal,0.00,0.00
,Total On-Site Thermal Sources,239.42,100.00


Water Source Summary

,,Water [m3],Percent Water [%]
,Rainwater Collection,0.00,0.00
,Condensate Collection,0.00,0.00
,Groundwater Well,0.00,0.00
,Total On Site Water Sources,0.00,0.00
,-,-,-
,Initial Storage,0.00,0.00
,Final Storage,0.00,0.00
,Change in Storage,0.00,0.00
,-,-,-
,Water Supplied by Utility,757.48,100.00
,-,-,-
,Total On Site, Change in Storage, and Utility Water Sources,757.48,100.00
,Total Water End Uses,757.48,100.00


Setpoint Not Met Criteria

,,Degrees [deltaC]
,Tolerance for Zone Heating Setpoint Not Met Time,0.50
,Tolerance for Zone Cooling Setpoint Not Met Time,0.50


Comfort and Setpoint Not Met Summary

,,Facility [Hours]
,Time Setpoint Not Met During Occupied Heating,124.50
,Time Setpoint Not Met During Occupied Cooling,55.25
,Time Not Comfortable Based on Simple ASHRAE 55-2004,2059.50


Note 1: An asterisk (*) indicates that the feature is not yet implemented.
----------------------------------------------------------------------------------------------------
REPORT:,Input Verification and Results Summary
FOR:,Entire Facility
General

,,Value
,Program Version and Build,EnergyPlus, Version 25.1.0-68a4a7c774, YMD=2025.10.06 15:12
,RunPeriod,RUN PERIOD 1
,Weather File,Denver Centennial  Golden   Nr CO USA TMY3 WMO#=724666
,Latitude [deg],39.74
,Longitude [deg],-105.2
,Elevation [m],1829.00
,Time Zone,-7.0
,North Axis Angle [deg],0.00
,Rotation for Appendix G [deg],0.00
,Hours Simulated [hrs],8760.00


ENVELOPE
Window-Wall Ratio

,,Total,North (315 to 45 deg),East (45 to 135 deg),South (135 to 225 deg),West (225 to 315 deg)
,Gross Wall Area [m2],3790.44,981.06,914.17,981.06,914.17
,Above Ground Wall Area [m2],3790.44,981.06,914.17,981.06,914.17
,Window Opening Area [m2],1137.13,294.32,274.25,294.32,274.25
,Gross Window-Wall Ratio [%],30.00,30.00,30.00,30.00,30.00
,Above Ground Window-Wall Ratio [%],30.00,30.00,30.00,30.00,30.00


Conditioned Window-Wall Ratio

,,Total,North (315 to 45 deg),East (45 to 135 deg),South (135 to 225 deg),West (225 to 315 deg)
,Gross Wall Area [m2],2842.83,735.79,685.62,735.79,685.62
,Above Ground Wall Area [m2],2842.83,735.79,685.62,735.79,685.62
,Window Opening Area [m2],1137.13,294.32,274.25,294.32,274.25
,Gross Window-Wall Ratio [%],40.00,40.00,40.00,40.00,40.00
,Above Ground Window-Wall Ratio [%],40.00,40.00,40.00,40.00,40.00


Skylight-Roof Ratio

,,Total
,Gross Roof Area [m2],1040.51
,Skylight Area [m2],0.00
,Skylight-Roof Ratio [%],0.00


PERFORMANCE
Zone Summary

,,Area [m2],Conditioned (Y/N),Part of Total Floor Area (Y/N),Volume [m3],Multipliers,Above Ground Gross Wall Area [m2],Underground Gross Wall Area [m2],Window Glass Area [m2],Opening Area [m2],Lighting [W/m2],People [m2 per person],Plug and Process [W/m2]
,BLOCKS-3644_OFFICE_1_CORE,510.97,Yes,Yes,1401.68,1.00,0.00,0.00,0.00,0.00,7.1034,18.58,8.0729
,BLOCKS-3644_OFFICE_1_EAST PERIMETER,174.19,Yes,Yes,477.85,1.00,117.06,0.00,46.82,46.82,7.1034,18.58,8.0729
,BLOCKS-3644_OFFICE_1_NORTH PERIMETER,90.58,Yes,Yes,248.48,1.00,66.89,0.00,26.76,26.76,7.1034,18.58,8.0729
,BLOCKS-3644_OFFICE_1_SOUTH PERIMETER,90.58,Yes,Yes,248.48,1.00,66.89,0.00,26.76,26.76,7.1034,18.58,8.0729
,BLOCKS-3644_OFFICE_1_WEST PERIMETER,174.19,Yes,Yes,477.85,1.00,117.06,0.00,46.82,46.82,7.1034,18.58,8.0729
,BLOCKS-3644_OFFICE_2_CORE,510.97,Yes,Yes,1401.68,1.00,0.00,0.00,0.00,0.00,7.1034,18.58,8.0729
,BLOCKS-3644_OFFICE_2_EAST PERIMETER,174.19,Yes,Yes,477.85,1.00,117.06,0.00,46.82,46.82,7.1034,18.58,8.0729
,BLOCKS-3644_OFFICE_2_NORTH PERIMETER,90.58,Yes,Yes,248.48,1.00,66.89,0.00,26.76,26.76,7.1034,18.58,8.0729
,BLOCKS-3644_OFFICE_2_SOUTH PERIMETER,90.58,Yes,Yes,248.48,1.00,66.89,0.00,26.76,26.76,7.1034,18.58,8.0729
,BLOCKS-3644_OFFICE_2_WEST PERIMETER,174.19,Yes,Yes,477.85,1.00,117.06,0.00,46.82,46.82,7.1034,18.58,8.0729
,BLOCKS-3645_OFFICE_1_CORE,139.35,Yes,Yes,382.28,1.00,0.00,0.00,0.00,0.00,7.1041,18.58,8.0729
,BLOCKS-3645_OFFICE_1_EAST PERIMETER,62.71,Yes,Yes,172.02,1.00,50.17,0.00,20.07,20.07,7.1041,18.58,8.0729
,BLOCKS-3645_OFFICE_1_NORTH PERIMETER,90.58,Yes,Yes,248.48,1.00,66.89,0.00,26.76,26.76,7.1041,18.58,8.0729
,BLOCKS-3645_OFFICE_1_SOUTH PERIMETER,90.58,Yes,Yes,248.48,1.00,66.89,0.00,26.76,26.76,7.1041,18.58,8.0729
,BLOCKS-3645_OFFICE_1_WEST PERIMETER,62.71,Yes,Yes,172.02,1.00,50.17,0.00,20.07,20.07,7.1041,18.58,8.0729
,BLOCKS-3645_OFFICE_2_CORE,139.35,Yes,Yes,382.28,1.00,0.00,0.00,0.00,0.00,7.1041,18.58,8.0729
,BLOCKS-3645_OFFICE_2_EAST PERIMETER,62.71,Yes,Yes,172.02,1.00,50.17,0.00,20.07,20.07,7.1041,18.58,8.0729
,BLOCKS-3645_OFFICE_2_NORTH PERIMETER,90.58,Yes,Yes,248.48,1.00,66.89,0.00,26.76,26.76,7.1041,18.58,8.0729
,BLOCKS-3645_OFFICE_2_SOUTH PERIMETER,90.58,Yes,Yes,248.48,1.00,66.89,0.00,26.76,26.76,7.1041,18.58,8.0729
,BLOCKS-3645_OFFICE_2_WEST PERIMETER,62.71,Yes,Yes,172.02,1.00,50.17,0.00,20.07,20.07,7.1041,18.58,8.0729
,BLOCKS-3645_OFFICE_3_CORE,139.35,Yes,Yes,382.28,1.00,0.00,0.00,0.00,0.00,7.1041,18.58,8.0729
,BLOCKS-3645_OFFICE_3_EAST PERIMETER,62.71,Yes,Yes,172.02,1.00,50.17,0.00,20.07,20.07,7.1041,18.58,8.0729
,BLOCKS-3645_OFFICE_3_NORTH PERIMETER,90.58,Yes,Yes,248.48,1.00,66.89,0.00,26.76,26.76,7.1041,18.58,8.0729
,BLOCKS-3645_OFFICE_3_SOUTH PERIMETER,90.58,Yes,Yes,248.48,1.00,66.89,0.00,26.76,26.76,7.1041,18.58,8.0729
,BLOCKS-3645_OFFICE_3_WEST PERIMETER,62.71,Yes,Yes,172.02,1.00,50.17,0.00,20.07,20.07,7.1041,18.58,8.0729
,BLOCKS-3645_OFFICE_4_CORE,139.35,Yes,Yes,382.28,1.00,0.00,0.00,0.00,0.00,7.1041,18.58,8.0729
,BLOCKS-3645_OFFICE_4_EAST PERIMETER,62.71,Yes,Yes,172.02,1.00,50.17,0.00,20.07,20.07,7.1041,18.58,8.0729
,BLOCKS-3645_OFFICE_4_NORTH PERIMETER,90.58,Yes,Yes,248.48,1.00,66.89,0.00,26.76,26.76,7.1041,18.58,8.0729
,BLOCKS-3645_OFFICE_4_SOUTH PERIMETER,90.58,Yes,Yes,248.48,1.00,66.89,0.00,26.76,26.76,7.1041,18.58,8.0729
,BLOCKS-3645_OFFICE_4_WEST PERIMETER,62.71,Yes,Yes,172.02,1.00,50.17,0.00,20.07,20.07,7.1041,18.58,8.0729
,BLOCKS-3645_OFFICE_5_CORE,139.35,Yes,Yes,382.28,1.00,0.00,0.00,0.00,0.00,7.1041,18.58,8.0729
,BLOCKS-3645_OFFICE_5_EAST PERIMETER,62.71,Yes,Yes,172.02,1.00,50.17,0.00,20.07,20.07,7.1041,18.58,8.0729
,BLOCKS-3645_OFFICE_5_NORTH PERIMETER,90.58,Yes,Yes,248.48,1.00,66.89,0.00,26.76,26.76,7.1041,18.58,8.0729
,BLOCKS-3645_OFFICE_5_SOUTH PERIMETER,90.58,Yes,Yes,248.48,1.00,66.89,0.00,26.76,26.76,7.1041,18.58,8.0729
,BLOCKS-3645_OFFICE_5_WEST PERIMETER,62.71,Yes,Yes,172.02,1.00,50.17,0.00,20.07,20.07,7.1041,18.58,8.0729
,BLOCKS-3645_OFFICE_6_CORE,139.35,Yes,Yes,382.28,1.00,0.00,0.00,0.00,0.00,7.1041,18.58,8.0729
,BLOCKS-3645_OFFICE_6_EAST PERIMETER,62.71,Yes,Yes,172.02,1.00,50.17,0.00,20.07,20.07,7.1041,18.58,8.0729
,BLOCKS-3645_OFFICE_6_NORTH PERIMETER,90.58,Yes,Yes,248.48,1.00,66.89,0.00,26.76,26.76,7.1041,18.58,8.0729
,BLOCKS-3645_OFFICE_6_SOUTH PERIMETER,90.58,Yes,Yes,248.48,1.00,66.89,0.00,26.76,26.76,7.1041,18.58,8.0729
,BLOCKS-3645_OFFICE_6_WEST PERIMETER,62.71,Yes,Yes,172.02,1.00,50.17,0.00,20.07,20.07,7.1041,18.58,8.0729
,BLOCKS-3645_OFFICE_7_CORE,139.35,Yes,Yes,382.28,1.00,0.00,0.00,0.00,0.00,7.1041,18.58,8.0729
,BLOCKS-3645_OFFICE_7_EAST PERIMETER,62.71,Yes,Yes,172.02,1.00,50.17,0.00,20.07,20.07,7.1041,18.58,8.0729
,BLOCKS-3645_OFFICE_7_NORTH PERIMETER,90.58,Yes,Yes,248.48,1.00,66.89,0.00,26.76,26.76,7.1041,18.58,8.0729
,BLOCKS-3645_OFFICE_7_SOUTH PERIMETER,90.58,Yes,Yes,248.48,1.00,66.89,0.00,26.76,26.76,7.1041,18.58,8.0729
,BLOCKS-3645_OFFICE_7_WEST PERIMETER,62.71,Yes,Yes,172.02,1.00,50.17,0.00,20.07,20.07,7.1041,18.58,8.0729
,BLOCKS-3645_OFFICE_8_CORE,139.35,Yes,Yes,382.28,1.00,0.00,0.00,0.00,0.00,7.1041,18.58,8.0729
,BLOCKS-3645_OFFICE_8_EAST PERIMETER,62.71,Yes,Yes,172.02,1.00,50.17,0.00,20.07,20.07,7.1041,18.58,8.0729
,BLOCKS-3645_OFFICE_8_NORTH PERIMETER,90.58,Yes,Yes,248.48,1.00,66.89,0.00,26.76,26.76,7.1041,18.58,8.0729
,BLOCKS-3645_OFFICE_8_SOUTH PERIMETER,90.58,Yes,Yes,248.48,1.00,66.89,0.00,26.76,26.76,7.1041,18.58,8.0729
,BLOCKS-3645_OFFICE_8_WEST PERIMETER,62.71,Yes,Yes,172.02,1.00,50.17,0.00,20.07,20.07,7.1041,18.58,8.0729
,BLOCKS-3645_OFFICE_9_CORE,139.35,Yes,Yes,382.28,1.00,0.00,0.00,0.00,0.00,7.1041,18.58,8.0729
,BLOCKS-3645_OFFICE_9_EAST PERIMETER,62.71,Yes,Yes,172.02,1.00,50.17,0.00,20.07,20.07,7.1041,18.58,8.0729
,BLOCKS-3645_OFFICE_9_NORTH PERIMETER,90.58,Yes,Yes,248.48,1.00,66.89,0.00,26.76,26.76,7.1041,18.58,8.0729
,BLOCKS-3645_OFFICE_9_SOUTH PERIMETER,90.58,Yes,Yes,248.48,1.00,66.89,0.00,26.76,26.76,7.1041,18.58,8.0729
,BLOCKS-3645_OFFICE_9_WEST PERIMETER,62.71,Yes,Yes,172.02,1.00,50.17,0.00,20.07,20.07,7.1041,18.58,8.0729
,PNNL_TSPR_OFFICE_MID_PLENUM,1040.51,No,No,951.45,1.00,122.63,0.00,0.00,0.00,0.0000,,0.0000
,PNNL_TSPR_OFFICE_MID_PLENUM 2,3567.48,No,No,3262.10,1.00,624.31,0.00,0.00,0.00,0.0000,,0.0000
,PNNL_TSPR_OFFICE_TOP_PLENUM,1040.51,No,No,951.45,1.00,122.63,0.00,0.00,0.00,0.0000,,0.0000
,PNNL_TSPR_OFFICE_TOP_PLENUM 2,445.93,No,No,407.76,1.00,78.04,0.00,0.00,0.00,0.0000,,0.0000
,Total,6094.44,,,16718.27,,2842.83,0.00,1137.13,1137.13,7.1039,18.58,8.0729
,Conditioned Total,6094.44,,,16718.27,,2842.83,0.00,1137.13,1137.13,7.1039,18.58,8.0729
,Unconditioned Total,0.00,,,0.00,,0.00,0.00,0.00,0.00,,,
,Not Part of Total,6094.44,,,5572.76,,947.61,0.00,0.00,0.00,0.0000,,0.0000


Space Summary

,,Area [m2],Conditioned (Y/N),Part of Total Floor Area (Y/N),Multipliers,Zone Name,Space Type,Radiant/Solar Enclosure Name,Lighting [W/m2],People [m2 per person],Plug and Process [W/m2],Tags
,BLOCKS-3644_OFFICE_1_CORE,510.97,Yes,Yes,1.00,BLOCKS-3644_OFFICE_1_CORE,GENERAL,BLOCKS-3644_OFFICE_1_CORE,7.1034,18.58,8.0729,
,BLOCKS-3644_OFFICE_1_EAST PERIMETER,174.19,Yes,Yes,1.00,BLOCKS-3644_OFFICE_1_EAST PERIMETER,GENERAL,BLOCKS-3644_OFFICE_1_EAST PERIMETER,7.1034,18.58,8.0729,
,BLOCKS-3644_OFFICE_1_NORTH PERIMETER,90.58,Yes,Yes,1.00,BLOCKS-3644_OFFICE_1_NORTH PERIMETER,GENERAL,BLOCKS-3644_OFFICE_1_NORTH PERIMETER,7.1034,18.58,8.0729,
,BLOCKS-3644_OFFICE_1_SOUTH PERIMETER,90.58,Yes,Yes,1.00,BLOCKS-3644_OFFICE_1_SOUTH PERIMETER,GENERAL,BLOCKS-3644_OFFICE_1_SOUTH PERIMETER,7.1034,18.58,8.0729,
,BLOCKS-3644_OFFICE_1_WEST PERIMETER,174.19,Yes,Yes,1.00,BLOCKS-3644_OFFICE_1_WEST PERIMETER,GENERAL,BLOCKS-3644_OFFICE_1_WEST PERIMETER,7.1034,18.58,8.0729,
,BLOCKS-3644_OFFICE_2_CORE,510.97,Yes,Yes,1.00,BLOCKS-3644_OFFICE_2_CORE,GENERAL,BLOCKS-3644_OFFICE_2_CORE,7.1034,18.58,8.0729,
,BLOCKS-3644_OFFICE_2_EAST PERIMETER,174.19,Yes,Yes,1.00,BLOCKS-3644_OFFICE_2_EAST PERIMETER,GENERAL,BLOCKS-3644_OFFICE_2_EAST PERIMETER,7.1034,18.58,8.0729,
,BLOCKS-3644_OFFICE_2_NORTH PERIMETER,90.58,Yes,Yes,1.00,BLOCKS-3644_OFFICE_2_NORTH PERIMETER,GENERAL,BLOCKS-3644_OFFICE_2_NORTH PERIMETER,7.1034,18.58,8.0729,
,BLOCKS-3644_OFFICE_2_SOUTH PERIMETER,90.58,Yes,Yes,1.00,BLOCKS-3644_OFFICE_2_SOUTH PERIMETER,GENERAL,BLOCKS-3644_OFFICE_2_SOUTH PERIMETER,7.1034,18.58,8.0729,
,BLOCKS-3644_OFFICE_2_WEST PERIMETER,174.19,Yes,Yes,1.00,BLOCKS-3644_OFFICE_2_WEST PERIMETER,GENERAL,BLOCKS-3644_OFFICE_2_WEST PERIMETER,7.1034,18.58,8.0729,
,BLOCKS-3645_OFFICE_1_CORE,139.35,Yes,Yes,1.00,BLOCKS-3645_OFFICE_1_CORE,GENERAL,BLOCKS-3645_OFFICE_1_CORE,7.1041,18.58,8.0729,
,BLOCKS-3645_OFFICE_1_EAST PERIMETER,62.71,Yes,Yes,1.00,BLOCKS-3645_OFFICE_1_EAST PERIMETER,GENERAL,BLOCKS-3645_OFFICE_1_EAST PERIMETER,7.1041,18.58,8.0729,
,BLOCKS-3645_OFFICE_1_NORTH PERIMETER,90.58,Yes,Yes,1.00,BLOCKS-3645_OFFICE_1_NORTH PERIMETER,GENERAL,BLOCKS-3645_OFFICE_1_NORTH PERIMETER,7.1041,18.58,8.0729,
,BLOCKS-3645_OFFICE_1_SOUTH PERIMETER,90.58,Yes,Yes,1.00,BLOCKS-3645_OFFICE_1_SOUTH PERIMETER,GENERAL,BLOCKS-3645_OFFICE_1_SOUTH PERIMETER,7.1041,18.58,8.0729,
,BLOCKS-3645_OFFICE_1_WEST PERIMETER,62.71,Yes,Yes,1.00,BLOCKS-3645_OFFICE_1_WEST PERIMETER,GENERAL,BLOCKS-3645_OFFICE_1_WEST PERIMETER,7.1041,18.58,8.0729,
,BLOCKS-3645_OFFICE_2_CORE,139.35,Yes,Yes,1.00,BLOCKS-3645_OFFICE_2_CORE,GENERAL,BLOCKS-3645_OFFICE_2_CORE,7.1041,18.58,8.0729,
,BLOCKS-3645_OFFICE_2_EAST PERIMETER,62.71,Yes,Yes,1.00,BLOCKS-3645_OFFICE_2_EAST PERIMETER,GENERAL,BLOCKS-3645_OFFICE_2_EAST PERIMETER,7.1041,18.58,8.0729,
,BLOCKS-3645_OFFICE_2_NORTH PERIMETER,90.58,Yes,Yes,1.00,BLOCKS-3645_OFFICE_2_NORTH PERIMETER,GENERAL,BLOCKS-3645_OFFICE_2_NORTH PERIMETER,7.1041,18.58,8.0729,
,BLOCKS-3645_OFFICE_2_SOUTH PERIMETER,90.58,Yes,Yes,1.00,BLOCKS-3645_OFFICE_2_SOUTH PERIMETER,GENERAL,BLOCKS-3645_OFFICE_2_SOUTH PERIMETER,7.1041,18.58,8.0729,
,BLOCKS-3645_OFFICE_2_WEST PERIMETER,62.71,Yes,Yes,1.00,BLOCKS-3645_OFFICE_2_WEST PERIMETER,GENERAL,BLOCKS-3645_OFFICE_2_WEST PERIMETER,7.1041,18.58,8.0729,
,BLOCKS-3645_OFFICE_3_CORE,139.35,Yes,Yes,1.00,BLOCKS-3645_OFFICE_3_CORE,GENERAL,BLOCKS-3645_OFFICE_3_CORE,7.1041,18.58,8.0729,
,BLOCKS-3645_OFFICE_3_EAST PERIMETER,62.71,Yes,Yes,1.00,BLOCKS-3645_OFFICE_3_EAST PERIMETER,GENERAL,BLOCKS-3645_OFFICE_3_EAST PERIMETER,7.1041,18.58,8.0729,
,BLOCKS-3645_OFFICE_3_NORTH PERIMETER,90.58,Yes,Yes,1.00,BLOCKS-3645_OFFICE_3_NORTH PERIMETER,GENERAL,BLOCKS-3645_OFFICE_3_NORTH PERIMETER,7.1041,18.58,8.0729,
,BLOCKS-3645_OFFICE_3_SOUTH PERIMETER,90.58,Yes,Yes,1.00,BLOCKS-3645_OFFICE_3_SOUTH PERIMETER,GENERAL,BLOCKS-3645_OFFICE_3_SOUTH PERIMETER,7.1041,18.58,8.0729,
,BLOCKS-3645_OFFICE_3_WEST PERIMETER,62.71,Yes,Yes,1.00,BLOCKS-3645_OFFICE_3_WEST PERIMETER,GENERAL,BLOCKS-3645_OFFICE_3_WEST PERIMETER,7.1041,18.58,8.0729,
,BLOCKS-3645_OFFICE_4_CORE,139.35,Yes,Yes,1.00,BLOCKS-3645_OFFICE_4_CORE,GENERAL,BLOCKS-3645_OFFICE_4_CORE,7.1041,18.58,8.0729,
,BLOCKS-3645_OFFICE_4_EAST PERIMETER,62.71,Yes,Yes,1.00,BLOCKS-3645_OFFICE_4_EAST PERIMETER,GENERAL,BLOCKS-3645_OFFICE_4_EAST PERIMETER,7.1041,18.58,8.0729,
,BLOCKS-3645_OFFICE_4_NORTH PERIMETER,90.58,Yes,Yes,1.00,BLOCKS-3645_OFFICE_4_NORTH PERIMETER,GENERAL,BLOCKS-3645_OFFICE_4_NORTH PERIMETER,7.1041,18.58,8.0729,
,BLOCKS-3645_OFFICE_4_SOUTH PERIMETER,90.58,Yes,Yes,1.00,BLOCKS-3645_OFFICE_4_SOUTH PERIMETER,GENERAL,BLOCKS-3645_OFFICE_4_SOUTH PERIMETER,7.1041,18.58,8.0729,
,BLOCKS-3645_OFFICE_4_WEST PERIMETER,62.71,Yes,Yes,1.00,BLOCKS-3645_OFFICE_4_WEST PERIMETER,GENERAL,BLOCKS-3645_OFFICE_4_WEST PERIMETER,7.1041,18.58,8.0729,
,BLOCKS-3645_OFFICE_5_CORE,139.35,Yes,Yes,1.00,BLOCKS-3645_OFFICE_5_CORE,GENERAL,BLOCKS-3645_OFFICE_5_CORE,7.1041,18.58,8.0729,
,BLOCKS-3645_OFFICE_5_EAST PERIMETER,62.71,Yes,Yes,1.00,BLOCKS-3645_OFFICE_5_EAST PERIMETER,GENERAL,BLOCKS-3645_OFFICE_5_EAST PERIMETER,7.1041,18.58,8.0729,
,BLOCKS-3645_OFFICE_5_NORTH PERIMETER,90.58,Yes,Yes,1.00,BLOCKS-3645_OFFICE_5_NORTH PERIMETER,GENERAL,BLOCKS-3645_OFFICE_5_NORTH PERIMETER,7.1041,18.58,8.0729,
,BLOCKS-3645_OFFICE_5_SOUTH PERIMETER,90.58,Yes,Yes,1.00,BLOCKS-3645_OFFICE_5_SOUTH PERIMETER,GENERAL,BLOCKS-3645_OFFICE_5_SOUTH PERIMETER,7.1041,18.58,8.0729,
,BLOCKS-3645_OFFICE_5_WEST PERIMETER,62.71,Yes,Yes,1.00,BLOCKS-3645_OFFICE_5_WEST PERIMETER,GENERAL,BLOCKS-3645_OFFICE_5_WEST PERIMETER,7.1041,18.58,8.0729,
,BLOCKS-3645_OFFICE_6_CORE,139.35,Yes,Yes,1.00,BLOCKS-3645_OFFICE_6_CORE,GENERAL,BLOCKS-3645_OFFICE_6_CORE,7.1041,18.58,8.0729,
,BLOCKS-3645_OFFICE_6_EAST PERIMETER,62.71,Yes,Yes,1.00,BLOCKS-3645_OFFICE_6_EAST PERIMETER,GENERAL,BLOCKS-3645_OFFICE_6_EAST PERIMETER,7.1041,18.58,8.0729,
,BLOCKS-3645_OFFICE_6_NORTH PERIMETER,90.58,Yes,Yes,1.00,BLOCKS-3645_OFFICE_6_NORTH PERIMETER,GENERAL,BLOCKS-3645_OFFICE_6_NORTH PERIMETER,7.1041,18.58,8.0729,
,BLOCKS-3645_OFFICE_6_SOUTH PERIMETER,90.58,Yes,Yes,1.00,BLOCKS-3645_OFFICE_6_SOUTH PERIMETER,GENERAL,BLOCKS-3645_OFFICE_6_SOUTH PERIMETER,7.1041,18.58,8.0729,
,BLOCKS-3645_OFFICE_6_WEST PERIMETER,62.71,Yes,Yes,1.00,BLOCKS-3645_OFFICE_6_WEST PERIMETER,GENERAL,BLOCKS-3645_OFFICE_6_WEST PERIMETER,7.1041,18.58,8.0729,
,BLOCKS-3645_OFFICE_7_CORE,139.35,Yes,Yes,1.00,BLOCKS-3645_OFFICE_7_CORE,GENERAL,BLOCKS-3645_OFFICE_7_CORE,7.1041,18.58,8.0729,
,BLOCKS-3645_OFFICE_7_EAST PERIMETER,62.71,Yes,Yes,1.00,BLOCKS-3645_OFFICE_7_EAST PERIMETER,GENERAL,BLOCKS-3645_OFFICE_7_EAST PERIMETER,7.1041,18.58,8.0729,
,BLOCKS-3645_OFFICE_7_NORTH PERIMETER,90.58,Yes,Yes,1.00,BLOCKS-3645_OFFICE_7_NORTH PERIMETER,GENERAL,BLOCKS-3645_OFFICE_7_NORTH PERIMETER,7.1041,18.58,8.0729,
,BLOCKS-3645_OFFICE_7_SOUTH PERIMETER,90.58,Yes,Yes,1.00,BLOCKS-3645_OFFICE_7_SOUTH PERIMETER,GENERAL,BLOCKS-3645_OFFICE_7_SOUTH PERIMETER,7.1041,18.58,8.0729,
,BLOCKS-3645_OFFICE_7_WEST PERIMETER,62.71,Yes,Yes,1.00,BLOCKS-3645_OFFICE_7_WEST PERIMETER,GENERAL,BLOCKS-3645_OFFICE_7_WEST PERIMETER,7.1041,18.58,8.0729,
,BLOCKS-3645_OFFICE_8_CORE,139.35,Yes,Yes,1.00,BLOCKS-3645_OFFICE_8_CORE,GENERAL,BLOCKS-3645_OFFICE_8_CORE,7.1041,18.58,8.0729,
,BLOCKS-3645_OFFICE_8_EAST PERIMETER,62.71,Yes,Yes,1.00,BLOCKS-3645_OFFICE_8_EAST PERIMETER,GENERAL,BLOCKS-3645_OFFICE_8_EAST PERIMETER,7.1041,18.58,8.0729,
,BLOCKS-3645_OFFICE_8_NORTH PERIMETER,90.58,Yes,Yes,1.00,BLOCKS-3645_OFFICE_8_NORTH PERIMETER,GENERAL,BLOCKS-3645_OFFICE_8_NORTH PERIMETER,7.1041,18.58,8.0729,
,BLOCKS-3645_OFFICE_8_SOUTH PERIMETER,90.58,Yes,Yes,1.00,BLOCKS-3645_OFFICE_8_SOUTH PERIMETER,GENERAL,BLOCKS-3645_OFFICE_8_SOUTH PERIMETER,7.1041,18.58,8.0729,
,BLOCKS-3645_OFFICE_8_WEST PERIMETER,62.71,Yes,Yes,1.00,BLOCKS-3645_OFFICE_8_WEST PERIMETER,GENERAL,BLOCKS-3645_OFFICE_8_WEST PERIMETER,7.1041,18.58,8.0729,
,BLOCKS-3645_OFFICE_9_CORE,139.35,Yes,Yes,1.00,BLOCKS-3645_OFFICE_9_CORE,GENERAL,BLOCKS-3645_OFFICE_9_CORE,7.1041,18.58,8.0729,
,BLOCKS-3645_OFFICE_9_EAST PERIMETER,62.71,Yes,Yes,1.00,BLOCKS-3645_OFFICE_9_EAST PERIMETER,GENERAL,BLOCKS-3645_OFFICE_9_EAST PERIMETER,7.1041,18.58,8.0729,
,BLOCKS-3645_OFFICE_9_NORTH PERIMETER,90.58,Yes,Yes,1.00,BLOCKS-3645_OFFICE_9_NORTH PERIMETER,GENERAL,BLOCKS-3645_OFFICE_9_NORTH PERIMETER,7.1041,18.58,8.0729,
,BLOCKS-3645_OFFICE_9_SOUTH PERIMETER,90.58,Yes,Yes,1.00,BLOCKS-3645_OFFICE_9_SOUTH PERIMETER,GENERAL,BLOCKS-3645_OFFICE_9_SOUTH PERIMETER,7.1041,18.58,8.0729,
,BLOCKS-3645_OFFICE_9_WEST PERIMETER,62.71,Yes,Yes,1.00,BLOCKS-3645_OFFICE_9_WEST PERIMETER,GENERAL,BLOCKS-3645_OFFICE_9_WEST PERIMETER,7.1041,18.58,8.0729,
,PNNL_TSPR_OFFICE_MID_PLENUM,1040.51,No,No,1.00,PNNL_TSPR_OFFICE_MID_PLENUM,GENERAL,PNNL_TSPR_OFFICE_MID_PLENUM,0.0000,0.00,0.0000,
,PNNL_TSPR_OFFICE_MID_PLENUM 2,3567.48,No,No,1.00,PNNL_TSPR_OFFICE_MID_PLENUM 2,GENERAL,PNNL_TSPR_OFFICE_MID_PLENUM 2,0.0000,0.00,0.0000,
,PNNL_TSPR_OFFICE_TOP_PLENUM,1040.51,No,No,1.00,PNNL_TSPR_OFFICE_TOP_PLENUM,GENERAL,PNNL_TSPR_OFFICE_TOP_PLENUM,0.0000,0.00,0.0000,
,PNNL_TSPR_OFFICE_TOP_PLENUM 2,445.93,No,No,1.00,PNNL_TSPR_OFFICE_TOP_PLENUM 2,GENERAL,PNNL_TSPR_OFFICE_TOP_PLENUM 2,0.0000,0.00,0.0000,
,Total,6094.44,,,,,,,7.1039,18.58,8.0729,
,Conditioned Total,6094.44,,,,,,,7.1039,18.58,8.0729,
,Unconditioned Total,0.00,,,,,,,0.0000,0.00,0.0000,
,Not Part of Total,6094.44,,,,,,,0.0000,0.00,0.0000,


Space Type Summary

,,Total Area [m2],Conditioned Area [m2],Unconditioned Area [m2],Not Part of Total Area [m2],Lighting [W/m2],People [m2 per person],Plug and Process [W/m2]
,GENERAL,6094.44,6094.44,0.00,6094.44,7.1039,18.58,8.0729
,Total,6094.44,6094.44,0.00,6094.44,,,


----------------------------------------------------------------------------------------------------
REPORT:,Zone Component Load Summary
FOR:,BLOCKS-3644_OFFICE_1_CORE
Estimated Cooling Peak Load Components

,,Sensible - Instant [W],Sensible - Delayed [W],Sensible - Return Air [W],Latent [W],Total [W],%Grand Total,Related Area [m2],Total per Area [W/m2]
,People,1270.50,112.08,,1815.00,3197.58,23.24,510.97,6.26
,Lights,1633.33,807.90,0.00,,2441.23,17.74,510.97,4.78
,Equipment,2887.50,499.88,,0.00,3387.38,24.62,510.97,6.63
,Refrigeration,0.00,,0.00,0.00,0.00,0.00,510.97,0.00
,Water Use Equipment,0.00,,,0.00,0.00,0.00,510.97,0.00
,HVAC Equipment Losses,0.00,0.00,,,0.00,0.00,,
,Power Generation Equipment,0.00,0.00,,,0.00,0.00,,
,DOAS Direct to Zone,0.00,,,0.00,0.00,0.00,,
,Infiltration,0.00,,,0.00,0.00,0.00,0.00,
,Zone Ventilation,0.00,,,0.00,0.00,0.00,,
,Interzone Mixing,0.00,,,0.00,0.00,0.00,,
,Roof,,0.00,,,0.00,0.00,0.00,
,Interzone Ceiling,,1655.46,,,1655.46,12.03,510.97,3.24
,Other Roof,,0.00,,,0.00,0.00,0.00,
,Exterior Wall,,0.00,,,0.00,0.00,0.00,
,Interzone Wall,,1206.25,,,1206.25,8.77,267.56,4.51
,Ground Contact Wall,,0.00,,,0.00,0.00,0.00,
,Other Wall,,0.00,,,0.00,0.00,0.00,
,Exterior Floor,,0.00,,,0.00,0.00,0.00,
,Interzone Floor,,0.00,,,0.00,0.00,0.00,
,Ground Contact Floor,,1872.30,,,1872.30,13.61,510.97,3.66
,Other Floor,,0.00,,,0.00,0.00,0.00,
,Fenestration Conduction,0.00,,,,0.00,0.00,0.00,
,Fenestration Solar,,0.00,,,0.00,0.00,0.00,
,Opaque Door,,0.00,,,0.00,0.00,0.00,
,Grand Total,5791.33,6153.86,0.00,1815.00,13760.19,,,


Cooling Peak Conditions

,,Value
,Time of Peak Load,8/21 08:00:00
,Outside Dry Bulb Temperature [C],21.70
,Outside Wet Bulb Temperature [C],16.06
,Outside Humidity Ratio at Peak [kgWater/kgDryAir],0.01194
,Zone Dry Bulb Temperature [C],24.00
,Zone Relative Humidity [%],39.38
,Zone Humidity Ratio at Peak [kgWater/kgDryAir],0.00914
,Supply Air Temperature [C],12.89
,Mixed Air Temperature [C],
,Main Fan Air Flow [m3/s],1.1530
,Outside Air Flow [m3/s],0.2537
,Peak Sensible Load with Sizing Factor [W],14510.93
,Difference Due to Sizing Factor [W],1892.73
,Peak Sensible Load [W],12618.20
,Estimated Instant + Delayed Sensible Load [W],11945.19
,Difference Between Peak and Estimated Sensible Load [W],673.01


Engineering Checks for Cooling

,,Value
,Outside Air Fraction [fraction],0.2201
,Airflow per Floor Area [m3/s-m2],2.257E-03
,Airflow per Total Capacity [m3/s-W],7.946E-05
,Floor Area per Total Capacity [m2/W],3.521E-02
,Total Capacity per Floor Area [W/m2],2.840E+01
,Number of People,27.5


Estimated Heating Peak Load Components

,,Sensible - Instant [W],Sensible - Delayed [W],Sensible - Return Air [W],Latent [W],Total [W],%Grand Total,Related Area [m2],Total per Area [W/m2]
,People,0.00,0.00,,0.00,0.00,-0.00,510.97,0.00
,Lights,0.00,0.00,0.00,,0.00,-0.00,510.97,0.00
,Equipment,0.00,0.00,,0.00,0.00,-0.00,510.97,0.00
,Refrigeration,0.00,,0.00,0.00,0.00,-0.00,510.97,0.00
,Water Use Equipment,0.00,,,0.00,0.00,-0.00,510.97,0.00
,HVAC Equipment Losses,0.00,0.00,,,0.00,-0.00,,
,Power Generation Equipment,0.00,0.00,,,0.00,-0.00,,
,DOAS Direct to Zone,0.00,,,0.00,0.00,-0.00,,
,Infiltration,0.00,,,0.00,0.00,-0.00,0.00,
,Zone Ventilation,0.00,,,0.00,0.00,-0.00,,
,Interzone Mixing,0.00,,,0.00,0.00,-0.00,,
,Roof,,0.00,,,0.00,-0.00,0.00,
,Interzone Ceiling,,-1823.2,,,-1823.2,49.70,510.97,-3.6
,Other Roof,,0.00,,,0.00,-0.00,0.00,
,Exterior Wall,,0.00,,,0.00,-0.00,0.00,
,Interzone Wall,,-1129.1,,,-1129.1,30.78,267.56,-4.2
,Ground Contact Wall,,0.00,,,0.00,-0.00,0.00,
,Other Wall,,0.00,,,0.00,-0.00,0.00,
,Exterior Floor,,0.00,,,0.00,-0.00,0.00,
,Interzone Floor,,0.00,,,0.00,-0.00,0.00,
,Ground Contact Floor,,-716.2,,,-716.2,19.52,510.97,-1.4
,Other Floor,,0.00,,,0.00,-0.00,0.00,
,Fenestration Conduction,0.00,,,,0.00,-0.00,0.00,
,Fenestration Solar,,0.00,,,0.00,-0.00,0.00,
,Opaque Door,,0.00,,,0.00,-0.00,0.00,
,Grand Total,0.00,-3668.5,0.00,0.00,-3668.5,,,


Heating Peak Conditions

,,Value
,Time of Peak Load,12/21 08:30:00
,Outside Dry Bulb Temperature [C],-4.2
,Outside Wet Bulb Temperature [C],-4.2
,Outside Humidity Ratio at Peak [kgWater/kgDryAir],0.00331
,Zone Dry Bulb Temperature [C],21.00
,Zone Relative Humidity [%],41.45
,Zone Humidity Ratio at Peak [kgWater/kgDryAir],0.00800
,Supply Air Temperature [C],9.89
,Mixed Air Temperature [C],
,Main Fan Air Flow [m3/s],0.3551
,Outside Air Flow [m3/s],0.2537
,Peak Sensible Load with Sizing Factor [W],-4852.7
,Difference Due to Sizing Factor [W],-970.5
,Peak Sensible Load [W],-3882.2
,Estimated Instant + Delayed Sensible Load [W],-3668.5
,Difference Between Peak and Estimated Sensible Load [W],-213.6


Engineering Checks for Heating

,,Value
,Outside Air Fraction [fraction],0.7146
,Airflow per Floor Area [m3/s-m2],6.949E-04
,Airflow per Total Capacity [m3/s-W],-7.317E-05
,Floor Area per Total Capacity [m2/W],-1.053E-01
,Total Capacity per Floor Area [W/m2],-9.497E+00
,Number of People,27.5


----------------------------------------------------------------------------------------------------
REPORT:,Zone Component Load Summary
FOR:,BLOCKS-3644_OFFICE_1_EAST PERIMETER
Estimated Cooling Peak Load Components

,,Sensible - Instant [W],Sensible - Delayed [W],Sensible - Return Air [W],Latent [W],Total [W],%Grand Total,Related Area [m2],Total per Area [W/m2]
,People,433.12,72.38,,618.75,1124.25,11.53,174.19,6.45
,Lights,556.82,406.32,0.00,,963.14,9.88,174.19,5.53
,Equipment,984.37,255.10,,0.00,1239.47,12.71,174.19,7.12
,Refrigeration,0.00,,0.00,0.00,0.00,0.00,174.19,0.00
,Water Use Equipment,0.00,,,0.00,0.00,0.00,174.19,0.00
,HVAC Equipment Losses,0.00,0.00,,,0.00,0.00,,
,Power Generation Equipment,0.00,0.00,,,0.00,0.00,,
,DOAS Direct to Zone,0.00,,,0.00,0.00,0.00,,
,Infiltration,-1.6,,,21.66,20.04,0.21,117.06,0.17
,Zone Ventilation,0.00,,,0.00,0.00,0.00,,
,Interzone Mixing,0.00,,,0.00,0.00,0.00,,
,Roof,,0.00,,,0.00,0.00,0.00,
,Interzone Ceiling,,-231.5,,,-231.5,-2.4,174.19,-1.3
,Other Roof,,0.00,,,0.00,0.00,0.00,
,Exterior Wall,,139.43,,,139.43,1.43,117.06,1.19
,Interzone Wall,,-394.1,,,-394.1,-4.0,127.45,-3.1
,Ground Contact Wall,,0.00,,,0.00,0.00,0.00,
,Other Wall,,0.00,,,0.00,0.00,117.06,0.00
,Exterior Floor,,0.00,,,0.00,0.00,0.00,
,Interzone Floor,,0.00,,,0.00,0.00,0.00,
,Ground Contact Floor,,90.02,,,90.02,0.92,174.19,0.52
,Other Floor,,0.00,,,0.00,0.00,0.00,
,Fenestration Conduction,3221.74,,,,3221.74,33.04,46.82,68.81
,Fenestration Solar,,3579.94,,,3579.94,36.71,46.82,76.46
,Opaque Door,,0.00,,,0.00,0.00,0.00,
,Grand Total,5194.45,3917.59,0.00,640.41,9752.44,,,


Cooling Peak Conditions

,,Value
,Time of Peak Load,8/21 09:15:00
,Outside Dry Bulb Temperature [C],24.12
,Outside Wet Bulb Temperature [C],16.80
,Outside Humidity Ratio at Peak [kgWater/kgDryAir],0.01195
,Zone Dry Bulb Temperature [C],24.00
,Zone Relative Humidity [%],38.02
,Zone Humidity Ratio at Peak [kgWater/kgDryAir],0.00881
,Supply Air Temperature [C],12.89
,Mixed Air Temperature [C],
,Main Fan Air Flow [m3/s],0.8279
,Outside Air Flow [m3/s],0.0865
,Peak Sensible Load with Sizing Factor [W],10419.22
,Difference Due to Sizing Factor [W],1359.03
,Peak Sensible Load [W],9060.19
,Estimated Instant + Delayed Sensible Load [W],9112.03
,Difference Between Peak and Estimated Sensible Load [W],-51.8


Engineering Checks for Cooling

,,Value
,Outside Air Fraction [fraction],0.1045
,Airflow per Floor Area [m3/s-m2],4.753E-03
,Airflow per Total Capacity [m3/s-W],7.946E-05
,Floor Area per Total Capacity [m2/W],1.672E-02
,Total Capacity per Floor Area [W/m2],5.981E+01
,Number of People,9.4


Estimated Heating Peak Load Components

,,Sensible - Instant [W],Sensible - Delayed [W],Sensible - Return Air [W],Latent [W],Total [W],%Grand Total,Related Area [m2],Total per Area [W/m2]
,People,0.00,0.00,,0.00,0.00,-0.00,174.19,0.00
,Lights,0.00,0.00,0.00,,0.00,-0.00,174.19,0.00
,Equipment,0.00,0.00,,0.00,0.00,-0.00,174.19,0.00
,Refrigeration,0.00,,0.00,0.00,0.00,-0.00,174.19,0.00
,Water Use Equipment,0.00,,,0.00,0.00,-0.00,174.19,0.00
,HVAC Equipment Losses,0.00,0.00,,,0.00,-0.00,,
,Power Generation Equipment,0.00,0.00,,,0.00,-0.00,,
,DOAS Direct to Zone,0.00,,,0.00,0.00,-0.00,,
,Infiltration,-79.3,,,-36.5,-115.8,2.86,117.06,-1.0
,Zone Ventilation,0.00,,,0.00,0.00,-0.00,,
,Interzone Mixing,0.00,,,0.00,0.00,-0.00,,
,Roof,,0.00,,,0.00,-0.00,0.00,
,Interzone Ceiling,,-430.7,,,-430.7,10.63,174.19,-2.5
,Other Roof,,0.00,,,0.00,-0.00,0.00,
,Exterior Wall,,-676.1,,,-676.1,16.69,117.06,-5.8
,Interzone Wall,,122.96,,,122.96,-3.0,127.45,0.96
,Ground Contact Wall,,0.00,,,0.00,-0.00,0.00,
,Other Wall,,0.00,,,0.00,-0.00,117.06,0.00
,Exterior Floor,,0.00,,,0.00,-0.00,0.00,
,Interzone Floor,,0.00,,,0.00,-0.00,0.00,
,Ground Contact Floor,,-1204.2,,,-1204.2,29.73,174.19,-6.9
,Other Floor,,0.00,,,0.00,-0.00,0.00,
,Fenestration Conduction,-1746.3,,,,-1746.3,43.12,46.82,-37.3
,Fenestration Solar,,0.00,,,0.00,-0.00,46.82,0.00
,Opaque Door,,0.00,,,0.00,-0.00,0.00,
,Grand Total,-1825.5,-2188.0,0.00,-36.5,-4050.1,,,


Heating Peak Conditions

,,Value
,Time of Peak Load,12/21 08:00:00
,Outside Dry Bulb Temperature [C],-4.2
,Outside Wet Bulb Temperature [C],-4.2
,Outside Humidity Ratio at Peak [kgWater/kgDryAir],0.00331
,Zone Dry Bulb Temperature [C],21.00
,Zone Relative Humidity [%],41.19
,Zone Humidity Ratio at Peak [kgWater/kgDryAir],0.00795
,Supply Air Temperature [C],9.89
,Mixed Air Temperature [C],
,Main Fan Air Flow [m3/s],0.4067
,Outside Air Flow [m3/s],0.0865
,Peak Sensible Load with Sizing Factor [W],-5558.0
,Difference Due to Sizing Factor [W],-1111.6
,Peak Sensible Load [W],-4446.4
,Estimated Instant + Delayed Sensible Load [W],-4013.6
,Difference Between Peak and Estimated Sensible Load [W],-432.8


Engineering Checks for Heating

,,Value
,Outside Air Fraction [fraction],0.2127
,Airflow per Floor Area [m3/s-m2],2.335E-03
,Airflow per Total Capacity [m3/s-W],-7.317E-05
,Floor Area per Total Capacity [m2/W],-3.134E-02
,Total Capacity per Floor Area [W/m2],-3.191E+01
,Number of People,9.4


----------------------------------------------------------------------------------------------------
REPORT:,Zone Component Load Summary
FOR:,BLOCKS-3644_OFFICE_1_NORTH PERIMETER
Estimated Cooling Peak Load Components

,,Sensible - Instant [W],Sensible - Delayed [W],Sensible - Return Air [W],Latent [W],Total [W],%Grand Total,Related Area [m2],Total per Area [W/m2]
,People,225.23,54.56,,321.75,601.54,19.01,90.58,6.64
,Lights,289.54,248.16,0.00,,537.70,17.00,90.58,5.94
,Equipment,511.88,155.87,,0.00,667.74,21.11,90.58,7.37
,Refrigeration,0.00,,0.00,0.00,0.00,0.00,90.58,0.00
,Water Use Equipment,0.00,,,0.00,0.00,0.00,90.58,0.00
,HVAC Equipment Losses,0.00,0.00,,,0.00,0.00,,
,Power Generation Equipment,0.00,0.00,,,0.00,0.00,,
,DOAS Direct to Zone,0.00,,,0.00,0.00,0.00,,
,Infiltration,8.45,,,11.34,19.79,0.63,66.89,0.30
,Zone Ventilation,0.00,,,0.00,0.00,0.00,,
,Interzone Mixing,0.00,,,0.00,0.00,0.00,,
,Roof,,0.00,,,0.00,0.00,0.00,
,Interzone Ceiling,,252.09,,,252.09,7.97,90.58,2.78
,Other Roof,,0.00,,,0.00,0.00,0.00,
,Exterior Wall,,41.47,,,41.47,1.31,66.89,0.62
,Interzone Wall,,120.20,,,120.20,3.80,77.28,1.56
,Ground Contact Wall,,0.00,,,0.00,0.00,0.00,
,Other Wall,,0.00,,,0.00,0.00,66.89,0.00
,Exterior Floor,,0.00,,,0.00,0.00,0.00,
,Interzone Floor,,0.00,,,0.00,0.00,0.00,
,Ground Contact Floor,,-70.2,,,-70.2,-2.2,90.58,-0.8
,Other Floor,,0.00,,,0.00,0.00,0.00,
,Fenestration Conduction,382.99,,,,382.99,12.11,26.76,14.31
,Fenestration Solar,,610.24,,,610.24,19.29,26.76,22.81
,Opaque Door,,0.00,,,0.00,0.00,0.00,
,Grand Total,1418.09,1412.42,0.00,333.09,3163.59,,,


Cooling Peak Conditions

,,Value
,Time of Peak Load,8/21 15:00:00
,Outside Dry Bulb Temperature [C],29.40
,Outside Wet Bulb Temperature [C],18.34
,Outside Humidity Ratio at Peak [kgWater/kgDryAir],0.01196
,Zone Dry Bulb Temperature [C],24.00
,Zone Relative Humidity [%],38.93
,Zone Humidity Ratio at Peak [kgWater/kgDryAir],0.00903
,Supply Air Temperature [C],12.89
,Mixed Air Temperature [C],
,Main Fan Air Flow [m3/s],0.2560
,Outside Air Flow [m3/s],0.0450
,Peak Sensible Load with Sizing Factor [W],3221.25
,Difference Due to Sizing Factor [W],420.16
,Peak Sensible Load [W],2801.09
,Estimated Instant + Delayed Sensible Load [W],2830.50
,Difference Between Peak and Estimated Sensible Load [W],-29.4


Engineering Checks for Cooling

,,Value
,Outside Air Fraction [fraction],0.1757
,Airflow per Floor Area [m3/s-m2],2.826E-03
,Airflow per Total Capacity [m3/s-W],7.946E-05
,Floor Area per Total Capacity [m2/W],2.812E-02
,Total Capacity per Floor Area [W/m2],3.556E+01
,Number of People,4.9


Estimated Heating Peak Load Components

,,Sensible - Instant [W],Sensible - Delayed [W],Sensible - Return Air [W],Latent [W],Total [W],%Grand Total,Related Area [m2],Total per Area [W/m2]
,People,0.00,0.00,,0.00,0.00,-0.00,90.58,0.00
,Lights,0.00,0.00,0.00,,0.00,-0.00,90.58,0.00
,Equipment,0.00,0.00,,0.00,0.00,-0.00,90.58,0.00
,Refrigeration,0.00,,0.00,0.00,0.00,-0.00,90.58,0.00
,Water Use Equipment,0.00,,,0.00,0.00,-0.00,90.58,0.00
,HVAC Equipment Losses,0.00,0.00,,,0.00,-0.00,,
,Power Generation Equipment,0.00,0.00,,,0.00,-0.00,,
,DOAS Direct to Zone,0.00,,,0.00,0.00,-0.00,,
,Infiltration,-45.3,,,-20.9,-66.2,2.85,66.89,-1.0
,Zone Ventilation,0.00,,,0.00,0.00,-0.00,,
,Interzone Mixing,0.00,,,0.00,0.00,-0.00,,
,Roof,,0.00,,,0.00,-0.00,0.00,
,Interzone Ceiling,,-228.7,,,-228.7,9.85,90.58,-2.5
,Other Roof,,0.00,,,0.00,-0.00,0.00,
,Exterior Wall,,-389.6,,,-389.6,16.79,66.89,-5.8
,Interzone Wall,,39.91,,,39.91,-1.7,77.28,0.52
,Ground Contact Wall,,0.00,,,0.00,-0.00,0.00,
,Other Wall,,0.00,,,0.00,-0.00,66.89,0.00
,Exterior Floor,,0.00,,,0.00,-0.00,0.00,
,Interzone Floor,,0.00,,,0.00,-0.00,0.00,
,Ground Contact Floor,,-680.2,,,-680.2,29.31,90.58,-7.5
,Other Floor,,0.00,,,0.00,-0.00,0.00,
,Fenestration Conduction,-996.0,,,,-996.0,42.92,26.76,-37.2
,Fenestration Solar,,0.00,,,0.00,-0.00,26.76,0.00
,Opaque Door,,0.00,,,0.00,-0.00,0.00,
,Grand Total,-1041.3,-1258.5,0.00,-20.9,-2320.8,,,


Heating Peak Conditions

,,Value
,Time of Peak Load,12/21 08:00:00
,Outside Dry Bulb Temperature [C],-4.2
,Outside Wet Bulb Temperature [C],-4.2
,Outside Humidity Ratio at Peak [kgWater/kgDryAir],0.00331
,Zone Dry Bulb Temperature [C],21.00
,Zone Relative Humidity [%],41.22
,Zone Humidity Ratio at Peak [kgWater/kgDryAir],0.00796
,Supply Air Temperature [C],9.89
,Mixed Air Temperature [C],
,Main Fan Air Flow [m3/s],0.2323
,Outside Air Flow [m3/s],0.0450
,Peak Sensible Load with Sizing Factor [W],-3174.2
,Difference Due to Sizing Factor [W],-634.8
,Peak Sensible Load [W],-2539.4
,Estimated Instant + Delayed Sensible Load [W],-2299.9
,Difference Between Peak and Estimated Sensible Load [W],-239.5


Engineering Checks for Heating

,,Value
,Outside Air Fraction [fraction],0.1937
,Airflow per Floor Area [m3/s-m2],2.564E-03
,Airflow per Total Capacity [m3/s-W],-7.317E-05
,Floor Area per Total Capacity [m2/W],-2.854E-02
,Total Capacity per Floor Area [W/m2],-3.504E+01
,Number of People,4.9


----------------------------------------------------------------------------------------------------
REPORT:,Zone Component Load Summary
FOR:,BLOCKS-3644_OFFICE_1_SOUTH PERIMETER
Estimated Cooling Peak Load Components

,,Sensible - Instant [W],Sensible - Delayed [W],Sensible - Return Air [W],Latent [W],Total [W],%Grand Total,Related Area [m2],Total per Area [W/m2]
,People,225.22,54.05,,321.75,601.02,12.94,90.58,6.64
,Lights,289.54,257.08,0.00,,546.63,11.77,90.58,6.03
,Equipment,511.87,161.38,,0.00,673.26,14.49,90.58,7.43
,Refrigeration,0.00,,0.00,0.00,0.00,0.00,90.58,0.00
,Water Use Equipment,0.00,,,0.00,0.00,0.00,90.58,0.00
,HVAC Equipment Losses,0.00,0.00,,,0.00,0.00,,
,Power Generation Equipment,0.00,0.00,,,0.00,0.00,,
,DOAS Direct to Zone,0.00,,,0.00,0.00,0.00,,
,Infiltration,7.95,,,12.06,20.01,0.43,66.89,0.30
,Zone Ventilation,0.00,,,0.00,0.00,0.00,,
,Interzone Mixing,0.00,,,0.00,0.00,0.00,,
,Roof,,0.00,,,0.00,0.00,0.00,
,Interzone Ceiling,,-70.1,,,-70.1,-1.5,90.58,-0.8
,Other Roof,,0.00,,,0.00,0.00,0.00,
,Exterior Wall,,143.23,,,143.23,3.08,66.89,2.14
,Interzone Wall,,-134.7,,,-134.7,-2.9,77.28,-1.7
,Ground Contact Wall,,0.00,,,0.00,0.00,0.00,
,Other Wall,,0.00,,,0.00,0.00,66.89,0.00
,Exterior Floor,,0.00,,,0.00,0.00,0.00,
,Interzone Floor,,0.00,,,0.00,0.00,0.00,
,Ground Contact Floor,,-144.1,,,-144.1,-3.1,90.58,-1.6
,Other Floor,,0.00,,,0.00,0.00,0.00,
,Fenestration Conduction,1635.07,,,,1635.07,35.20,26.76,61.11
,Fenestration Solar,,1375.51,,,1375.51,29.61,26.76,51.41
,Opaque Door,,0.00,,,0.00,0.00,0.00,
,Grand Total,2669.66,1642.25,0.00,333.81,4645.72,,,


Cooling Peak Conditions

,,Value
,Time of Peak Load,8/21 13:45:00
,Outside Dry Bulb Temperature [C],29.27
,Outside Wet Bulb Temperature [C],18.30
,Outside Humidity Ratio at Peak [kgWater/kgDryAir],0.01196
,Zone Dry Bulb Temperature [C],24.00
,Zone Relative Humidity [%],38.15
,Zone Humidity Ratio at Peak [kgWater/kgDryAir],0.00885
,Supply Air Temperature [C],12.89
,Mixed Air Temperature [C],
,Main Fan Air Flow [m3/s],0.3911
,Outside Air Flow [m3/s],0.0450
,Peak Sensible Load with Sizing Factor [W],4922.33
,Difference Due to Sizing Factor [W],642.04
,Peak Sensible Load [W],4280.29
,Estimated Instant + Delayed Sensible Load [W],4311.91
,Difference Between Peak and Estimated Sensible Load [W],-31.6


Engineering Checks for Cooling

,,Value
,Outside Air Fraction [fraction],0.1150
,Airflow per Floor Area [m3/s-m2],4.318E-03
,Airflow per Total Capacity [m3/s-W],7.946E-05
,Floor Area per Total Capacity [m2/W],1.840E-02
,Total Capacity per Floor Area [W/m2],5.434E+01
,Number of People,4.9


Estimated Heating Peak Load Components

,,Sensible - Instant [W],Sensible - Delayed [W],Sensible - Return Air [W],Latent [W],Total [W],%Grand Total,Related Area [m2],Total per Area [W/m2]
,People,0.00,0.00,,0.00,0.00,-0.00,90.58,0.00
,Lights,0.00,0.00,0.00,,0.00,-0.00,90.58,0.00
,Equipment,0.00,0.00,,0.00,0.00,-0.00,90.58,0.00
,Refrigeration,0.00,,0.00,0.00,0.00,-0.00,90.58,0.00
,Water Use Equipment,0.00,,,0.00,0.00,-0.00,90.58,0.00
,HVAC Equipment Losses,0.00,0.00,,,0.00,-0.00,,
,Power Generation Equipment,0.00,0.00,,,0.00,-0.00,,
,DOAS Direct to Zone,0.00,,,0.00,0.00,-0.00,,
,Infiltration,-45.3,,,-20.9,-66.2,2.86,66.89,-1.0
,Zone Ventilation,0.00,,,0.00,0.00,-0.00,,
,Interzone Mixing,0.00,,,0.00,0.00,-0.00,,
,Roof,,0.00,,,0.00,-0.00,0.00,
,Interzone Ceiling,,-228.8,,,-228.8,9.87,90.58,-2.5
,Other Roof,,0.00,,,0.00,-0.00,0.00,
,Exterior Wall,,-390.6,,,-390.6,16.85,66.89,-5.8
,Interzone Wall,,39.54,,,39.54,-1.7,77.28,0.51
,Ground Contact Wall,,0.00,,,0.00,-0.00,0.00,
,Other Wall,,0.00,,,0.00,-0.00,66.89,0.00
,Exterior Floor,,0.00,,,0.00,-0.00,0.00,
,Interzone Floor,,0.00,,,0.00,-0.00,0.00,
,Ground Contact Floor,,-680.1,,,-680.1,29.34,90.58,-7.5
,Other Floor,,0.00,,,0.00,-0.00,0.00,
,Fenestration Conduction,-992.1,,,,-992.1,42.79,26.76,-37.1
,Fenestration Solar,,0.00,,,0.00,-0.00,26.76,0.00
,Opaque Door,,0.00,,,0.00,-0.00,0.00,
,Grand Total,-1037.4,-1260.0,0.00,-20.9,-2318.3,,,


Heating Peak Conditions

,,Value
,Time of Peak Load,12/21 08:00:00
,Outside Dry Bulb Temperature [C],-4.2
,Outside Wet Bulb Temperature [C],-4.2
,Outside Humidity Ratio at Peak [kgWater/kgDryAir],0.00331
,Zone Dry Bulb Temperature [C],21.00
,Zone Relative Humidity [%],41.22
,Zone Humidity Ratio at Peak [kgWater/kgDryAir],0.00796
,Supply Air Temperature [C],9.89
,Mixed Air Temperature [C],
,Main Fan Air Flow [m3/s],0.2320
,Outside Air Flow [m3/s],0.0450
,Peak Sensible Load with Sizing Factor [W],-3171.0
,Difference Due to Sizing Factor [W],-634.2
,Peak Sensible Load [W],-2536.8
,Estimated Instant + Delayed Sensible Load [W],-2297.3
,Difference Between Peak and Estimated Sensible Load [W],-239.4


Engineering Checks for Heating

,,Value
,Outside Air Fraction [fraction],0.1939
,Airflow per Floor Area [m3/s-m2],2.561E-03
,Airflow per Total Capacity [m3/s-W],-7.317E-05
,Floor Area per Total Capacity [m2/W],-2.857E-02
,Total Capacity per Floor Area [W/m2],-3.501E+01
,Number of People,4.9


----------------------------------------------------------------------------------------------------
REPORT:,Zone Component Load Summary
FOR:,BLOCKS-3644_OFFICE_1_WEST PERIMETER
Estimated Cooling Peak Load Components

,,Sensible - Instant [W],Sensible - Delayed [W],Sensible - Return Air [W],Latent [W],Total [W],%Grand Total,Related Area [m2],Total per Area [W/m2]
,People,433.12,119.72,,618.75,1171.59,11.54,174.19,6.73
,Lights,556.82,502.83,0.00,,1059.65,10.44,174.19,6.08
,Equipment,984.37,315.35,,0.00,1299.73,12.81,174.19,7.46
,Refrigeration,0.00,,0.00,0.00,0.00,0.00,174.19,0.00
,Water Use Equipment,0.00,,,0.00,0.00,0.00,174.19,0.00
,HVAC Equipment Losses,0.00,0.00,,,0.00,0.00,,
,Power Generation Equipment,0.00,0.00,,,0.00,0.00,,
,DOAS Direct to Zone,0.00,,,0.00,0.00,0.00,,
,Infiltration,11.10,,,21.47,32.57,0.32,117.06,0.28
,Zone Ventilation,0.00,,,0.00,0.00,0.00,,
,Interzone Mixing,0.00,,,0.00,0.00,0.00,,
,Roof,,0.00,,,0.00,0.00,0.00,
,Interzone Ceiling,,-459.9,,,-459.9,-4.5,174.19,-2.6
,Other Roof,,0.00,,,0.00,0.00,0.00,
,Exterior Wall,,379.77,,,379.77,3.74,117.06,3.24
,Interzone Wall,,-509.6,,,-509.6,-5.0,127.45,-4.0
,Ground Contact Wall,,0.00,,,0.00,0.00,0.00,
,Other Wall,,0.00,,,0.00,0.00,117.06,0.00
,Exterior Floor,,0.00,,,0.00,0.00,0.00,
,Interzone Floor,,0.00,,,0.00,0.00,0.00,
,Ground Contact Floor,,-60.3,,,-60.3,-0.6,174.19,-0.3
,Other Floor,,0.00,,,0.00,0.00,0.00,
,Fenestration Conduction,3505.51,,,,3505.51,34.54,46.82,74.87
,Fenestration Solar,,3729.29,,,3729.29,36.75,46.82,79.65
,Opaque Door,,0.00,,,0.00,0.00,0.00,
,Grand Total,5490.93,4017.24,0.00,640.22,10148.38,,,


Cooling Peak Conditions

,,Value
,Time of Peak Load,8/21 17:15:00
,Outside Dry Bulb Temperature [C],27.68
,Outside Wet Bulb Temperature [C],17.85
,Outside Humidity Ratio at Peak [kgWater/kgDryAir],0.01195
,Zone Dry Bulb Temperature [C],24.00
,Zone Relative Humidity [%],37.96
,Zone Humidity Ratio at Peak [kgWater/kgDryAir],0.00880
,Supply Air Temperature [C],12.89
,Mixed Air Temperature [C],
,Main Fan Air Flow [m3/s],0.8637
,Outside Air Flow [m3/s],0.0865
,Peak Sensible Load with Sizing Factor [W],10869.41
,Difference Due to Sizing Factor [W],1417.75
,Peak Sensible Load [W],9451.66
,Estimated Instant + Delayed Sensible Load [W],9508.16
,Difference Between Peak and Estimated Sensible Load [W],-56.5


Engineering Checks for Cooling

,,Value
,Outside Air Fraction [fraction],0.1002
,Airflow per Floor Area [m3/s-m2],4.958E-03
,Airflow per Total Capacity [m3/s-W],7.946E-05
,Floor Area per Total Capacity [m2/W],1.603E-02
,Total Capacity per Floor Area [W/m2],6.240E+01
,Number of People,9.4


Estimated Heating Peak Load Components

,,Sensible - Instant [W],Sensible - Delayed [W],Sensible - Return Air [W],Latent [W],Total [W],%Grand Total,Related Area [m2],Total per Area [W/m2]
,People,0.00,0.00,,0.00,0.00,-0.00,174.19,0.00
,Lights,0.00,0.00,0.00,,0.00,-0.00,174.19,0.00
,Equipment,0.00,0.00,,0.00,0.00,-0.00,174.19,0.00
,Refrigeration,0.00,,0.00,0.00,0.00,-0.00,174.19,0.00
,Water Use Equipment,0.00,,,0.00,0.00,-0.00,174.19,0.00
,HVAC Equipment Losses,0.00,0.00,,,0.00,-0.00,,
,Power Generation Equipment,0.00,0.00,,,0.00,-0.00,,
,DOAS Direct to Zone,0.00,,,0.00,0.00,-0.00,,
,Infiltration,-79.3,,,-36.5,-115.8,2.86,117.06,-1.0
,Zone Ventilation,0.00,,,0.00,0.00,-0.00,,
,Interzone Mixing,0.00,,,0.00,0.00,-0.00,,
,Roof,,0.00,,,0.00,-0.00,0.00,
,Interzone Ceiling,,-430.9,,,-430.9,10.65,174.19,-2.5
,Other Roof,,0.00,,,0.00,-0.00,0.00,
,Exterior Wall,,-677.8,,,-677.8,16.76,117.06,-5.8
,Interzone Wall,,122.31,,,122.31,-3.0,127.45,0.96
,Ground Contact Wall,,0.00,,,0.00,-0.00,0.00,
,Other Wall,,0.00,,,0.00,-0.00,117.06,0.00
,Exterior Floor,,0.00,,,0.00,-0.00,0.00,
,Interzone Floor,,0.00,,,0.00,-0.00,0.00,
,Ground Contact Floor,,-1203.7,,,-1203.7,29.76,174.19,-6.9
,Other Floor,,0.00,,,0.00,-0.00,0.00,
,Fenestration Conduction,-1739.3,,,,-1739.3,43.00,46.82,-37.1
,Fenestration Solar,,0.00,,,0.00,-0.00,46.82,0.00
,Opaque Door,,0.00,,,0.00,-0.00,0.00,
,Grand Total,-1818.6,-2190.1,0.00,-36.5,-4045.2,,,


Heating Peak Conditions

,,Value
,Time of Peak Load,12/21 08:00:00
,Outside Dry Bulb Temperature [C],-4.2
,Outside Wet Bulb Temperature [C],-4.2
,Outside Humidity Ratio at Peak [kgWater/kgDryAir],0.00331
,Zone Dry Bulb Temperature [C],21.00
,Zone Relative Humidity [%],41.19
,Zone Humidity Ratio at Peak [kgWater/kgDryAir],0.00795
,Supply Air Temperature [C],9.89
,Mixed Air Temperature [C],
,Main Fan Air Flow [m3/s],0.4062
,Outside Air Flow [m3/s],0.0865
,Peak Sensible Load with Sizing Factor [W],-5551.7
,Difference Due to Sizing Factor [W],-1110.3
,Peak Sensible Load [W],-4441.4
,Estimated Instant + Delayed Sensible Load [W],-4008.7
,Difference Between Peak and Estimated Sensible Load [W],-432.7


Engineering Checks for Heating

,,Value
,Outside Air Fraction [fraction],0.2129
,Airflow per Floor Area [m3/s-m2],2.332E-03
,Airflow per Total Capacity [m3/s-W],-7.317E-05
,Floor Area per Total Capacity [m2/W],-3.138E-02
,Total Capacity per Floor Area [W/m2],-3.187E+01
,Number of People,9.4


----------------------------------------------------------------------------------------------------
REPORT:,Zone Component Load Summary
FOR:,BLOCKS-3644_OFFICE_2_CORE
Estimated Cooling Peak Load Components

,,Sensible - Instant [W],Sensible - Delayed [W],Sensible - Return Air [W],Latent [W],Total [W],%Grand Total,Related Area [m2],Total per Area [W/m2]
,People,1270.50,201.51,,1815.00,3287.01,23.13,510.97,6.43
,Lights,1633.33,1377.11,0.00,,3010.44,21.18,510.97,5.89
,Equipment,2887.50,860.62,,0.00,3748.12,26.37,510.97,7.34
,Refrigeration,0.00,,0.00,0.00,0.00,0.00,510.97,0.00
,Water Use Equipment,0.00,,,0.00,0.00,0.00,510.97,0.00
,HVAC Equipment Losses,0.00,0.00,,,0.00,0.00,,
,Power Generation Equipment,0.00,0.00,,,0.00,0.00,,
,DOAS Direct to Zone,0.00,,,0.00,0.00,0.00,,
,Infiltration,0.00,,,0.00,0.00,0.00,0.00,
,Zone Ventilation,0.00,,,0.00,0.00,0.00,,
,Interzone Mixing,0.00,,,0.00,0.00,0.00,,
,Roof,,0.00,,,0.00,0.00,0.00,
,Interzone Ceiling,,1859.45,,,1859.45,13.08,510.97,3.64
,Other Roof,,0.00,,,0.00,0.00,0.00,
,Exterior Wall,,0.00,,,0.00,0.00,0.00,
,Interzone Wall,,1271.70,,,1271.70,8.95,267.56,4.75
,Ground Contact Wall,,0.00,,,0.00,0.00,0.00,
,Other Wall,,0.00,,,0.00,0.00,0.00,
,Exterior Floor,,0.00,,,0.00,0.00,0.00,
,Interzone Floor,,1036.54,,,1036.54,7.29,510.97,2.03
,Ground Contact Floor,,0.00,,,0.00,0.00,0.00,
,Other Floor,,0.00,,,0.00,0.00,510.97,0.00
,Fenestration Conduction,0.00,,,,0.00,0.00,0.00,
,Fenestration Solar,,0.00,,,0.00,0.00,0.00,
,Opaque Door,,0.00,,,0.00,0.00,0.00,
,Grand Total,5791.33,6606.93,0.00,1815.00,14213.25,,,


Cooling Peak Conditions

,,Value
,Time of Peak Load,8/21 08:00:00
,Outside Dry Bulb Temperature [C],21.70
,Outside Wet Bulb Temperature [C],16.06
,Outside Humidity Ratio at Peak [kgWater/kgDryAir],0.01194
,Zone Dry Bulb Temperature [C],24.00
,Zone Relative Humidity [%],39.27
,Zone Humidity Ratio at Peak [kgWater/kgDryAir],0.00911
,Supply Air Temperature [C],12.89
,Mixed Air Temperature [C],
,Main Fan Air Flow [m3/s],1.1967
,Outside Air Flow [m3/s],0.2537
,Peak Sensible Load with Sizing Factor [W],15060.18
,Difference Due to Sizing Factor [W],1964.37
,Peak Sensible Load [W],13095.81
,Estimated Instant + Delayed Sensible Load [W],12398.25
,Difference Between Peak and Estimated Sensible Load [W],697.56


Engineering Checks for Cooling

,,Value
,Outside Air Fraction [fraction],0.2120
,Airflow per Floor Area [m3/s-m2],2.342E-03
,Airflow per Total Capacity [m3/s-W],7.946E-05
,Floor Area per Total Capacity [m2/W],3.393E-02
,Total Capacity per Floor Area [W/m2],2.947E+01
,Number of People,27.5


Estimated Heating Peak Load Components

,,Sensible - Instant [W],Sensible - Delayed [W],Sensible - Return Air [W],Latent [W],Total [W],%Grand Total,Related Area [m2],Total per Area [W/m2]
,People,0.00,0.00,,0.00,0.00,-0.00,510.97,0.00
,Lights,0.00,0.00,0.00,,0.00,-0.00,510.97,0.00
,Equipment,0.00,0.00,,0.00,0.00,-0.00,510.97,0.00
,Refrigeration,0.00,,0.00,0.00,0.00,-0.00,510.97,0.00
,Water Use Equipment,0.00,,,0.00,0.00,-0.00,510.97,0.00
,HVAC Equipment Losses,0.00,0.00,,,0.00,-0.00,,
,Power Generation Equipment,0.00,0.00,,,0.00,-0.00,,
,DOAS Direct to Zone,0.00,,,0.00,0.00,-0.00,,
,Infiltration,0.00,,,0.00,0.00,-0.00,0.00,
,Zone Ventilation,0.00,,,0.00,0.00,-0.00,,
,Interzone Mixing,0.00,,,0.00,0.00,-0.00,,
,Roof,,0.00,,,0.00,-0.00,0.00,
,Interzone Ceiling,,-2710.2,,,-2710.2,61.06,510.97,-5.3
,Other Roof,,0.00,,,0.00,-0.00,0.00,
,Exterior Wall,,0.00,,,0.00,-0.00,0.00,
,Interzone Wall,,-986.3,,,-986.3,22.22,267.56,-3.7
,Ground Contact Wall,,0.00,,,0.00,-0.00,0.00,
,Other Wall,,0.00,,,0.00,-0.00,0.00,
,Exterior Floor,,0.00,,,0.00,-0.00,0.00,
,Interzone Floor,,-741.7,,,-741.7,16.71,510.97,-1.5
,Ground Contact Floor,,0.00,,,0.00,-0.00,0.00,
,Other Floor,,0.00,,,0.00,-0.00,510.97,0.00
,Fenestration Conduction,0.00,,,,0.00,-0.00,0.00,
,Fenestration Solar,,0.00,,,0.00,-0.00,0.00,
,Opaque Door,,0.00,,,0.00,-0.00,0.00,
,Grand Total,0.00,-4438.2,0.00,0.00,-4438.2,,,


Heating Peak Conditions

,,Value
,Time of Peak Load,12/21 08:00:00
,Outside Dry Bulb Temperature [C],-4.2
,Outside Wet Bulb Temperature [C],-4.2
,Outside Humidity Ratio at Peak [kgWater/kgDryAir],0.00331
,Zone Dry Bulb Temperature [C],21.00
,Zone Relative Humidity [%],41.45
,Zone Humidity Ratio at Peak [kgWater/kgDryAir],0.00800
,Supply Air Temperature [C],9.89
,Mixed Air Temperature [C],
,Main Fan Air Flow [m3/s],0.4808
,Outside Air Flow [m3/s],0.2537
,Peak Sensible Load with Sizing Factor [W],-6571.6
,Difference Due to Sizing Factor [W],-1314.3
,Peak Sensible Load [W],-5257.2
,Estimated Instant + Delayed Sensible Load [W],-4438.2
,Difference Between Peak and Estimated Sensible Load [W],-819.0


Engineering Checks for Heating

,,Value
,Outside Air Fraction [fraction],0.5277
,Airflow per Floor Area [m3/s-m2],9.410E-04
,Airflow per Total Capacity [m3/s-W],-7.317E-05
,Floor Area per Total Capacity [m2/W],-7.775E-02
,Total Capacity per Floor Area [W/m2],-1.286E+01
,Number of People,27.5


----------------------------------------------------------------------------------------------------
REPORT:,Zone Component Load Summary
FOR:,BLOCKS-3644_OFFICE_2_EAST PERIMETER
Estimated Cooling Peak Load Components

,,Sensible - Instant [W],Sensible - Delayed [W],Sensible - Return Air [W],Latent [W],Total [W],%Grand Total,Related Area [m2],Total per Area [W/m2]
,People,433.12,102.09,,618.75,1153.97,9.47,174.19,6.62
,Lights,556.82,611.03,0.00,,1167.85,9.58,174.19,6.70
,Equipment,984.37,385.43,,0.00,1369.80,11.24,174.19,7.86
,Refrigeration,0.00,,0.00,0.00,0.00,0.00,174.19,0.00
,Water Use Equipment,0.00,,,0.00,0.00,0.00,174.19,0.00
,HVAC Equipment Losses,0.00,0.00,,,0.00,0.00,,
,Power Generation Equipment,0.00,0.00,,,0.00,0.00,,
,DOAS Direct to Zone,0.00,,,0.00,0.00,0.00,,
,Infiltration,-7.7,,,29.54,21.86,0.18,117.06,0.19
,Zone Ventilation,0.00,,,0.00,0.00,0.00,,
,Interzone Mixing,0.00,,,0.00,0.00,0.00,,
,Roof,,0.00,,,0.00,0.00,0.00,
,Interzone Ceiling,,-1037.3,,,-1037.3,-8.5,174.19,-6.0
,Other Roof,,0.00,,,0.00,0.00,0.00,
,Exterior Wall,,-27.0,,,-27.0,-0.2,117.06,-0.2
,Interzone Wall,,-783.6,,,-783.6,-6.4,127.45,-6.1
,Ground Contact Wall,,0.00,,,0.00,0.00,0.00,
,Other Wall,,0.00,,,0.00,0.00,117.06,0.00
,Exterior Floor,,0.00,,,0.00,0.00,0.00,
,Interzone Floor,,-54.0,,,-54.0,-0.4,174.19,-0.3
,Ground Contact Floor,,0.00,,,0.00,0.00,0.00,
,Other Floor,,0.00,,,0.00,0.00,174.19,0.00
,Fenestration Conduction,3212.23,,,,3212.23,26.36,46.82,68.60
,Fenestration Solar,,7162.21,,,7162.21,58.77,46.82,152.96
,Opaque Door,,0.00,,,0.00,0.00,0.00,
,Grand Total,5178.86,6358.90,0.00,648.29,12186.05,,,


Cooling Peak Conditions

,,Value
,Time of Peak Load,8/21 08:30:00
,Outside Dry Bulb Temperature [C],22.69
,Outside Wet Bulb Temperature [C],16.36
,Outside Humidity Ratio at Peak [kgWater/kgDryAir],0.01194
,Zone Dry Bulb Temperature [C],24.00
,Zone Relative Humidity [%],37.75
,Zone Humidity Ratio at Peak [kgWater/kgDryAir],0.00875
,Supply Air Temperature [C],12.89
,Mixed Air Temperature [C],
,Main Fan Air Flow [m3/s],1.0513
,Outside Air Flow [m3/s],0.0865
,Peak Sensible Load with Sizing Factor [W],13230.28
,Difference Due to Sizing Factor [W],1725.69
,Peak Sensible Load [W],11504.60
,Estimated Instant + Delayed Sensible Load [W],11537.76
,Difference Between Peak and Estimated Sensible Load [W],-33.2


Engineering Checks for Cooling

,,Value
,Outside Air Fraction [fraction],0.0823
,Airflow per Floor Area [m3/s-m2],6.035E-03
,Airflow per Total Capacity [m3/s-W],7.946E-05
,Floor Area per Total Capacity [m2/W],1.317E-02
,Total Capacity per Floor Area [W/m2],7.595E+01
,Number of People,9.4


Estimated Heating Peak Load Components

,,Sensible - Instant [W],Sensible - Delayed [W],Sensible - Return Air [W],Latent [W],Total [W],%Grand Total,Related Area [m2],Total per Area [W/m2]
,People,0.00,0.00,,0.00,0.00,-0.00,174.19,0.00
,Lights,0.00,0.00,0.00,,0.00,-0.00,174.19,0.00
,Equipment,0.00,0.00,,0.00,0.00,-0.00,174.19,0.00
,Refrigeration,0.00,,0.00,0.00,0.00,-0.00,174.19,0.00
,Water Use Equipment,0.00,,,0.00,0.00,-0.00,174.19,0.00
,HVAC Equipment Losses,0.00,0.00,,,0.00,-0.00,,
,Power Generation Equipment,0.00,0.00,,,0.00,-0.00,,
,DOAS Direct to Zone,0.00,,,0.00,0.00,-0.00,,
,Infiltration,-105.6,,,-48.5,-154.1,4.07,117.06,-1.3
,Zone Ventilation,0.00,,,0.00,0.00,-0.00,,
,Interzone Mixing,0.00,,,0.00,0.00,-0.00,,
,Roof,,0.00,,,0.00,-0.00,0.00,
,Interzone Ceiling,,-966.4,,,-966.4,25.49,174.19,-5.5
,Other Roof,,0.00,,,0.00,-0.00,0.00,
,Exterior Wall,,-712.9,,,-712.9,18.81,117.06,-6.1
,Interzone Wall,,-57.2,,,-57.2,1.51,127.45,-0.4
,Ground Contact Wall,,0.00,,,0.00,-0.00,0.00,
,Other Wall,,0.00,,,0.00,-0.00,117.06,0.00
,Exterior Floor,,0.00,,,0.00,-0.00,0.00,
,Interzone Floor,,-106.5,,,-106.5,2.81,174.19,-0.6
,Ground Contact Floor,,0.00,,,0.00,-0.00,0.00,
,Other Floor,,0.00,,,0.00,-0.00,174.19,0.00
,Fenestration Conduction,-1793.6,,,,-1793.6,47.32,46.82,-38.3
,Fenestration Solar,,0.00,,,0.00,-0.00,46.82,0.00
,Opaque Door,,0.00,,,0.00,-0.00,0.00,
,Grand Total,-1899.2,-1843.0,0.00,-48.5,-3790.7,,,


Heating Peak Conditions

,,Value
,Time of Peak Load,12/21 08:00:00
,Outside Dry Bulb Temperature [C],-4.2
,Outside Wet Bulb Temperature [C],-4.2
,Outside Humidity Ratio at Peak [kgWater/kgDryAir],0.00331
,Zone Dry Bulb Temperature [C],21.00
,Zone Relative Humidity [%],41.11
,Zone Humidity Ratio at Peak [kgWater/kgDryAir],0.00793
,Supply Air Temperature [C],9.89
,Mixed Air Temperature [C],
,Main Fan Air Flow [m3/s],0.3814
,Outside Air Flow [m3/s],0.0865
,Peak Sensible Load with Sizing Factor [W],-5212.3
,Difference Due to Sizing Factor [W],-1042.5
,Peak Sensible Load [W],-4169.9
,Estimated Instant + Delayed Sensible Load [W],-3742.2
,Difference Between Peak and Estimated Sensible Load [W],-427.6


Engineering Checks for Heating

,,Value
,Outside Air Fraction [fraction],0.2268
,Airflow per Floor Area [m3/s-m2],2.189E-03
,Airflow per Total Capacity [m3/s-W],-7.317E-05
,Floor Area per Total Capacity [m2/W],-3.342E-02
,Total Capacity per Floor Area [W/m2],-2.992E+01
,Number of People,9.4


----------------------------------------------------------------------------------------------------
REPORT:,Zone Component Load Summary
FOR:,BLOCKS-3644_OFFICE_2_NORTH PERIMETER
Estimated Cooling Peak Load Components

,,Sensible - Instant [W],Sensible - Delayed [W],Sensible - Return Air [W],Latent [W],Total [W],%Grand Total,Related Area [m2],Total per Area [W/m2]
,People,225.23,85.88,,321.75,632.86,18.20,90.58,6.99
,Lights,289.54,401.12,0.00,,690.66,19.86,90.58,7.62
,Equipment,511.88,253.03,,0.00,764.90,22.00,90.58,8.44
,Refrigeration,0.00,,0.00,0.00,0.00,0.00,90.58,0.00
,Water Use Equipment,0.00,,,0.00,0.00,0.00,90.58,0.00
,HVAC Equipment Losses,0.00,0.00,,,0.00,0.00,,
,Power Generation Equipment,0.00,0.00,,,0.00,0.00,,
,DOAS Direct to Zone,0.00,,,0.00,0.00,0.00,,
,Infiltration,11.20,,,15.33,26.52,0.76,66.89,0.40
,Zone Ventilation,0.00,,,0.00,0.00,0.00,,
,Interzone Mixing,0.00,,,0.00,0.00,0.00,,
,Roof,,0.00,,,0.00,0.00,0.00,
,Interzone Ceiling,,113.77,,,113.77,3.27,90.58,1.26
,Other Roof,,0.00,,,0.00,0.00,0.00,
,Exterior Wall,,-3.1,,,-3.1,-0.1,66.89,-0.0
,Interzone Wall,,-43.9,,,-43.9,-1.3,77.28,-0.6
,Ground Contact Wall,,0.00,,,0.00,0.00,0.00,
,Other Wall,,0.00,,,0.00,0.00,66.89,0.00
,Exterior Floor,,0.00,,,0.00,0.00,0.00,
,Interzone Floor,,-75.9,,,-75.9,-2.2,90.58,-0.8
,Ground Contact Floor,,0.00,,,0.00,0.00,0.00,
,Other Floor,,0.00,,,0.00,0.00,90.58,0.00
,Fenestration Conduction,384.16,,,,384.16,11.05,26.76,14.36
,Fenestration Solar,,987.33,,,987.33,28.39,26.76,36.90
,Opaque Door,,0.00,,,0.00,0.00,0.00,
,Grand Total,1422.00,1718.27,0.00,337.08,3477.35,,,


Cooling Peak Conditions

,,Value
,Time of Peak Load,8/21 14:45:00
,Outside Dry Bulb Temperature [C],29.40
,Outside Wet Bulb Temperature [C],18.34
,Outside Humidity Ratio at Peak [kgWater/kgDryAir],0.01196
,Zone Dry Bulb Temperature [C],24.00
,Zone Relative Humidity [%],38.74
,Zone Humidity Ratio at Peak [kgWater/kgDryAir],0.00898
,Supply Air Temperature [C],12.89
,Mixed Air Temperature [C],
,Main Fan Air Flow [m3/s],0.2834
,Outside Air Flow [m3/s],0.0450
,Peak Sensible Load with Sizing Factor [W],3566.19
,Difference Due to Sizing Factor [W],465.16
,Peak Sensible Load [W],3101.03
,Estimated Instant + Delayed Sensible Load [W],3140.27
,Difference Between Peak and Estimated Sensible Load [W],-39.2


Engineering Checks for Cooling

,,Value
,Outside Air Fraction [fraction],0.1587
,Airflow per Floor Area [m3/s-m2],3.128E-03
,Airflow per Total Capacity [m3/s-W],7.946E-05
,Floor Area per Total Capacity [m2/W],2.540E-02
,Total Capacity per Floor Area [W/m2],3.937E+01
,Number of People,4.9


Estimated Heating Peak Load Components

,,Sensible - Instant [W],Sensible - Delayed [W],Sensible - Return Air [W],Latent [W],Total [W],%Grand Total,Related Area [m2],Total per Area [W/m2]
,People,0.00,0.00,,0.00,0.00,-0.00,90.58,0.00
,Lights,0.00,0.00,0.00,,0.00,-0.00,90.58,0.00
,Equipment,0.00,0.00,,0.00,0.00,-0.00,90.58,0.00
,Refrigeration,0.00,,0.00,0.00,0.00,-0.00,90.58,0.00
,Water Use Equipment,0.00,,,0.00,0.00,-0.00,90.58,0.00
,HVAC Equipment Losses,0.00,0.00,,,0.00,-0.00,,
,Power Generation Equipment,0.00,0.00,,,0.00,-0.00,,
,DOAS Direct to Zone,0.00,,,0.00,0.00,-0.00,,
,Infiltration,-60.3,,,-27.8,-88.1,4.12,66.89,-1.3
,Zone Ventilation,0.00,,,0.00,0.00,-0.00,,
,Interzone Mixing,0.00,,,0.00,0.00,-0.00,,
,Roof,,0.00,,,0.00,-0.00,0.00,
,Interzone Ceiling,,-505.8,,,-505.8,23.67,90.58,-5.6
,Other Roof,,0.00,,,0.00,-0.00,0.00,
,Exterior Wall,,-410.2,,,-410.2,19.20,66.89,-6.1
,Interzone Wall,,-55.2,,,-55.2,2.58,77.28,-0.7
,Ground Contact Wall,,0.00,,,0.00,-0.00,0.00,
,Other Wall,,0.00,,,0.00,-0.00,66.89,0.00
,Exterior Floor,,0.00,,,0.00,-0.00,0.00,
,Interzone Floor,,-53.1,,,-53.1,2.49,90.58,-0.6
,Ground Contact Floor,,0.00,,,0.00,-0.00,0.00,
,Other Floor,,0.00,,,0.00,-0.00,90.58,0.00
,Fenestration Conduction,-1024.4,,,,-1024.4,47.94,26.76,-38.3
,Fenestration Solar,,0.00,,,0.00,-0.00,26.76,0.00
,Opaque Door,,0.00,,,0.00,-0.00,0.00,
,Grand Total,-1084.7,-1024.3,0.00,-27.8,-2136.8,,,


Heating Peak Conditions

,,Value
,Time of Peak Load,12/21 08:00:00
,Outside Dry Bulb Temperature [C],-4.2
,Outside Wet Bulb Temperature [C],-4.2
,Outside Humidity Ratio at Peak [kgWater/kgDryAir],0.00331
,Zone Dry Bulb Temperature [C],21.00
,Zone Relative Humidity [%],41.14
,Zone Humidity Ratio at Peak [kgWater/kgDryAir],0.00794
,Supply Air Temperature [C],9.89
,Mixed Air Temperature [C],
,Main Fan Air Flow [m3/s],0.2144
,Outside Air Flow [m3/s],0.0450
,Peak Sensible Load with Sizing Factor [W],-2930.2
,Difference Due to Sizing Factor [W],-586.0
,Peak Sensible Load [W],-2344.2
,Estimated Instant + Delayed Sensible Load [W],-2109.0
,Difference Between Peak and Estimated Sensible Load [W],-235.2


Engineering Checks for Heating

,,Value
,Outside Air Fraction [fraction],0.2098
,Airflow per Floor Area [m3/s-m2],2.367E-03
,Airflow per Total Capacity [m3/s-W],-7.317E-05
,Floor Area per Total Capacity [m2/W],-3.091E-02
,Total Capacity per Floor Area [W/m2],-3.235E+01
,Number of People,4.9


----------------------------------------------------------------------------------------------------
REPORT:,Zone Component Load Summary
FOR:,BLOCKS-3644_OFFICE_2_SOUTH PERIMETER
Estimated Cooling Peak Load Components

,,Sensible - Instant [W],Sensible - Delayed [W],Sensible - Return Air [W],Latent [W],Total [W],%Grand Total,Related Area [m2],Total per Area [W/m2]
,People,225.22,80.92,,321.75,627.90,11.61,90.58,6.93
,Lights,289.54,397.11,0.00,,686.66,12.70,90.58,7.58
,Equipment,511.87,250.30,,0.00,762.18,14.10,90.58,8.41
,Refrigeration,0.00,,0.00,0.00,0.00,0.00,90.58,0.00
,Water Use Equipment,0.00,,,0.00,0.00,0.00,90.58,0.00
,HVAC Equipment Losses,0.00,0.00,,,0.00,0.00,,
,Power Generation Equipment,0.00,0.00,,,0.00,0.00,,
,DOAS Direct to Zone,0.00,,,0.00,0.00,0.00,,
,Infiltration,9.49,,,16.32,25.81,0.48,66.89,0.39
,Zone Ventilation,0.00,,,0.00,0.00,0.00,,
,Interzone Mixing,0.00,,,0.00,0.00,0.00,,
,Roof,,0.00,,,0.00,0.00,0.00,
,Interzone Ceiling,,-350.4,,,-350.4,-6.5,90.58,-3.9
,Other Roof,,0.00,,,0.00,0.00,0.00,
,Exterior Wall,,39.79,,,39.79,0.74,66.89,0.59
,Interzone Wall,,-373.2,,,-373.2,-6.9,77.28,-4.8
,Ground Contact Wall,,0.00,,,0.00,0.00,0.00,
,Other Wall,,0.00,,,0.00,0.00,66.89,0.00
,Exterior Floor,,0.00,,,0.00,0.00,0.00,
,Interzone Floor,,-270.6,,,-270.6,-5.0,90.58,-3.0
,Ground Contact Floor,,0.00,,,0.00,0.00,0.00,
,Other Floor,,0.00,,,0.00,0.00,90.58,0.00
,Fenestration Conduction,1666.18,,,,1666.18,30.82,26.76,62.27
,Fenestration Solar,,2591.99,,,2591.99,47.94,26.76,96.87
,Opaque Door,,0.00,,,0.00,0.00,0.00,
,Grand Total,2702.31,2365.95,0.00,338.07,5406.33,,,


Cooling Peak Conditions

,,Value
,Time of Peak Load,8/21 13:00:00
,Outside Dry Bulb Temperature [C],28.88
,Outside Wet Bulb Temperature [C],18.19
,Outside Humidity Ratio at Peak [kgWater/kgDryAir],0.01195
,Zone Dry Bulb Temperature [C],24.00
,Zone Relative Humidity [%],37.95
,Zone Humidity Ratio at Peak [kgWater/kgDryAir],0.00880
,Supply Air Temperature [C],12.89
,Mixed Air Temperature [C],
,Main Fan Air Flow [m3/s],0.4594
,Outside Air Flow [m3/s],0.0450
,Peak Sensible Load with Sizing Factor [W],5781.63
,Difference Due to Sizing Factor [W],754.13
,Peak Sensible Load [W],5027.50
,Estimated Instant + Delayed Sensible Load [W],5068.26
,Difference Between Peak and Estimated Sensible Load [W],-40.8


Engineering Checks for Cooling

,,Value
,Outside Air Fraction [fraction],0.0979
,Airflow per Floor Area [m3/s-m2],5.072E-03
,Airflow per Total Capacity [m3/s-W],7.946E-05
,Floor Area per Total Capacity [m2/W],1.567E-02
,Total Capacity per Floor Area [W/m2],6.383E+01
,Number of People,4.9


Estimated Heating Peak Load Components

,,Sensible - Instant [W],Sensible - Delayed [W],Sensible - Return Air [W],Latent [W],Total [W],%Grand Total,Related Area [m2],Total per Area [W/m2]
,People,0.00,0.00,,0.00,0.00,-0.00,90.58,0.00
,Lights,0.00,0.00,0.00,,0.00,-0.00,90.58,0.00
,Equipment,0.00,0.00,,0.00,0.00,-0.00,90.58,0.00
,Refrigeration,0.00,,0.00,0.00,0.00,-0.00,90.58,0.00
,Water Use Equipment,0.00,,,0.00,0.00,-0.00,90.58,0.00
,HVAC Equipment Losses,0.00,0.00,,,0.00,-0.00,,
,Power Generation Equipment,0.00,0.00,,,0.00,-0.00,,
,DOAS Direct to Zone,0.00,,,0.00,0.00,-0.00,,
,Infiltration,-60.3,,,-27.8,-88.1,4.13,66.89,-1.3
,Zone Ventilation,0.00,,,0.00,0.00,-0.00,,
,Interzone Mixing,0.00,,,0.00,0.00,-0.00,,
,Roof,,0.00,,,0.00,-0.00,0.00,
,Interzone Ceiling,,-506.2,,,-506.2,23.74,90.58,-5.6
,Other Roof,,0.00,,,0.00,-0.00,0.00,
,Exterior Wall,,-411.9,,,-411.9,19.31,66.89,-6.2
,Interzone Wall,,-55.8,,,-55.8,2.62,77.28,-0.7
,Ground Contact Wall,,0.00,,,0.00,-0.00,0.00,
,Other Wall,,0.00,,,0.00,-0.00,66.89,0.00
,Exterior Floor,,0.00,,,0.00,-0.00,0.00,
,Interzone Floor,,-53.6,,,-53.6,2.52,90.58,-0.6
,Ground Contact Floor,,0.00,,,0.00,-0.00,0.00,
,Other Floor,,0.00,,,0.00,-0.00,90.58,0.00
,Fenestration Conduction,-1016.9,,,,-1016.9,47.69,26.76,-38.0
,Fenestration Solar,,0.00,,,0.00,-0.00,26.76,0.00
,Opaque Door,,0.00,,,0.00,-0.00,0.00,
,Grand Total,-1077.3,-1027.5,0.00,-27.8,-2132.5,,,


Heating Peak Conditions

,,Value
,Time of Peak Load,12/21 08:00:00
,Outside Dry Bulb Temperature [C],-4.2
,Outside Wet Bulb Temperature [C],-4.2
,Outside Humidity Ratio at Peak [kgWater/kgDryAir],0.00331
,Zone Dry Bulb Temperature [C],21.00
,Zone Relative Humidity [%],41.14
,Zone Humidity Ratio at Peak [kgWater/kgDryAir],0.00794
,Supply Air Temperature [C],9.89
,Mixed Air Temperature [C],
,Main Fan Air Flow [m3/s],0.2140
,Outside Air Flow [m3/s],0.0450
,Peak Sensible Load with Sizing Factor [W],-2924.8
,Difference Due to Sizing Factor [W],-585.0
,Peak Sensible Load [W],-2339.8
,Estimated Instant + Delayed Sensible Load [W],-2104.8
,Difference Between Peak and Estimated Sensible Load [W],-235.1


Engineering Checks for Heating

,,Value
,Outside Air Fraction [fraction],0.2102
,Airflow per Floor Area [m3/s-m2],2.363E-03
,Airflow per Total Capacity [m3/s-W],-7.317E-05
,Floor Area per Total Capacity [m2/W],-3.097E-02
,Total Capacity per Floor Area [W/m2],-3.229E+01
,Number of People,4.9


----------------------------------------------------------------------------------------------------
REPORT:,Zone Component Load Summary
FOR:,BLOCKS-3644_OFFICE_2_WEST PERIMETER
Estimated Cooling Peak Load Components

,,Sensible - Instant [W],Sensible - Delayed [W],Sensible - Return Air [W],Latent [W],Total [W],%Grand Total,Related Area [m2],Total per Area [W/m2]
,People,433.12,188.03,,618.75,1239.91,9.79,174.19,7.12
,Lights,556.82,796.64,0.00,,1353.45,10.69,174.19,7.77
,Equipment,984.37,501.61,,0.00,1485.99,11.74,174.19,8.53
,Refrigeration,0.00,,0.00,0.00,0.00,0.00,174.19,0.00
,Water Use Equipment,0.00,,,0.00,0.00,0.00,174.19,0.00
,HVAC Equipment Losses,0.00,0.00,,,0.00,0.00,,
,Power Generation Equipment,0.00,0.00,,,0.00,0.00,,
,DOAS Direct to Zone,0.00,,,0.00,0.00,0.00,,
,Infiltration,15.49,,,29.11,44.59,0.35,117.06,0.38
,Zone Ventilation,0.00,,,0.00,0.00,0.00,,
,Interzone Mixing,0.00,,,0.00,0.00,0.00,,
,Roof,,0.00,,,0.00,0.00,0.00,
,Interzone Ceiling,,-1463.4,,,-1463.4,-11.6,174.19,-8.4
,Other Roof,,0.00,,,0.00,0.00,0.00,
,Exterior Wall,,183.19,,,183.19,1.45,117.06,1.56
,Interzone Wall,,-1058.1,,,-1058.1,-8.4,127.45,-8.3
,Ground Contact Wall,,0.00,,,0.00,0.00,0.00,
,Other Wall,,0.00,,,0.00,0.00,117.06,0.00
,Exterior Floor,,0.00,,,0.00,0.00,0.00,
,Interzone Floor,,-38.1,,,-38.1,-0.3,174.19,-0.2
,Ground Contact Floor,,0.00,,,0.00,0.00,0.00,
,Other Floor,,0.00,,,0.00,0.00,174.19,0.00
,Fenestration Conduction,3519.08,,,,3519.08,27.80,46.82,75.16
,Fenestration Solar,,7393.20,,,7393.20,58.40,46.82,157.90
,Opaque Door,,0.00,,,0.00,0.00,0.00,
,Grand Total,5508.88,6503.02,0.00,647.86,12659.76,,,


Cooling Peak Conditions

,,Value
,Time of Peak Load,8/21 17:00:00
,Outside Dry Bulb Temperature [C],27.94
,Outside Wet Bulb Temperature [C],17.92
,Outside Humidity Ratio at Peak [kgWater/kgDryAir],0.01195
,Zone Dry Bulb Temperature [C],24.00
,Zone Relative Humidity [%],37.70
,Zone Humidity Ratio at Peak [kgWater/kgDryAir],0.00874
,Supply Air Temperature [C],12.89
,Mixed Air Temperature [C],
,Main Fan Air Flow [m3/s],1.0907
,Outside Air Flow [m3/s],0.0865
,Peak Sensible Load with Sizing Factor [W],13726.92
,Difference Due to Sizing Factor [W],1790.47
,Peak Sensible Load [W],11936.45
,Estimated Instant + Delayed Sensible Load [W],12011.91
,Difference Between Peak and Estimated Sensible Load [W],-75.5


Engineering Checks for Cooling

,,Value
,Outside Air Fraction [fraction],0.0793
,Airflow per Floor Area [m3/s-m2],6.262E-03
,Airflow per Total Capacity [m3/s-W],7.946E-05
,Floor Area per Total Capacity [m2/W],1.269E-02
,Total Capacity per Floor Area [W/m2],7.880E+01
,Number of People,9.4


Estimated Heating Peak Load Components

,,Sensible - Instant [W],Sensible - Delayed [W],Sensible - Return Air [W],Latent [W],Total [W],%Grand Total,Related Area [m2],Total per Area [W/m2]
,People,0.00,0.00,,0.00,0.00,-0.00,174.19,0.00
,Lights,0.00,0.00,0.00,,0.00,-0.00,174.19,0.00
,Equipment,0.00,0.00,,0.00,0.00,-0.00,174.19,0.00
,Refrigeration,0.00,,0.00,0.00,0.00,-0.00,174.19,0.00
,Water Use Equipment,0.00,,,0.00,0.00,-0.00,174.19,0.00
,HVAC Equipment Losses,0.00,0.00,,,0.00,-0.00,,
,Power Generation Equipment,0.00,0.00,,,0.00,-0.00,,
,DOAS Direct to Zone,0.00,,,0.00,0.00,-0.00,,
,Infiltration,-105.6,,,-48.5,-154.1,4.07,117.06,-1.3
,Zone Ventilation,0.00,,,0.00,0.00,-0.00,,
,Interzone Mixing,0.00,,,0.00,0.00,-0.00,,
,Roof,,0.00,,,0.00,-0.00,0.00,
,Interzone Ceiling,,-967.0,,,-967.0,25.56,174.19,-5.6
,Other Roof,,0.00,,,0.00,-0.00,0.00,
,Exterior Wall,,-715.9,,,-715.9,18.92,117.06,-6.1
,Interzone Wall,,-58.2,,,-58.2,1.54,127.45,-0.5
,Ground Contact Wall,,0.00,,,0.00,-0.00,0.00,
,Other Wall,,0.00,,,0.00,-0.00,117.06,0.00
,Exterior Floor,,0.00,,,0.00,-0.00,0.00,
,Interzone Floor,,-107.5,,,-107.5,2.84,174.19,-0.6
,Ground Contact Floor,,0.00,,,0.00,-0.00,0.00,
,Other Floor,,0.00,,,0.00,-0.00,174.19,0.00
,Fenestration Conduction,-1780.5,,,,-1780.5,47.06,46.82,-38.0
,Fenestration Solar,,0.00,,,0.00,-0.00,46.82,0.00
,Opaque Door,,0.00,,,0.00,-0.00,0.00,
,Grand Total,-1886.1,-1848.5,0.00,-48.5,-3783.1,,,


Heating Peak Conditions

,,Value
,Time of Peak Load,12/21 08:00:00
,Outside Dry Bulb Temperature [C],-4.2
,Outside Wet Bulb Temperature [C],-4.2
,Outside Humidity Ratio at Peak [kgWater/kgDryAir],0.00331
,Zone Dry Bulb Temperature [C],21.00
,Zone Relative Humidity [%],41.11
,Zone Humidity Ratio at Peak [kgWater/kgDryAir],0.00793
,Supply Air Temperature [C],9.89
,Mixed Air Temperature [C],
,Main Fan Air Flow [m3/s],0.3807
,Outside Air Flow [m3/s],0.0865
,Peak Sensible Load with Sizing Factor [W],-5202.6
,Difference Due to Sizing Factor [W],-1040.5
,Peak Sensible Load [W],-4162.1
,Estimated Instant + Delayed Sensible Load [W],-3734.6
,Difference Between Peak and Estimated Sensible Load [W],-427.4


Engineering Checks for Heating

,,Value
,Outside Air Fraction [fraction],0.2272
,Airflow per Floor Area [m3/s-m2],2.185E-03
,Airflow per Total Capacity [m3/s-W],-7.317E-05
,Floor Area per Total Capacity [m2/W],-3.348E-02
,Total Capacity per Floor Area [W/m2],-2.987E+01
,Number of People,9.4


----------------------------------------------------------------------------------------------------
REPORT:,Zone Component Load Summary
FOR:,BLOCKS-3645_OFFICE_1_CORE
Estimated Cooling Peak Load Components

,,Sensible - Instant [W],Sensible - Delayed [W],Sensible - Return Air [W],Latent [W],Total [W],%Grand Total,Related Area [m2],Total per Area [W/m2]
,People,346.50,60.99,,495.00,902.49,22.04,139.35,6.48
,Lights,445.50,399.86,0.00,,845.36,20.65,139.35,6.07
,Equipment,787.50,249.91,,0.00,1037.41,25.34,139.35,7.44
,Refrigeration,0.00,,0.00,0.00,0.00,0.00,139.35,0.00
,Water Use Equipment,0.00,,,0.00,0.00,0.00,139.35,0.00
,HVAC Equipment Losses,0.00,0.00,,,0.00,0.00,,
,Power Generation Equipment,0.00,0.00,,,0.00,0.00,,
,DOAS Direct to Zone,0.00,,,0.00,0.00,0.00,,
,Infiltration,0.00,,,0.00,0.00,0.00,0.00,
,Zone Ventilation,0.00,,,0.00,0.00,0.00,,
,Interzone Mixing,0.00,,,0.00,0.00,0.00,,
,Roof,,0.00,,,0.00,0.00,0.00,
,Interzone Ceiling,,473.79,,,473.79,11.57,139.35,3.40
,Other Roof,,0.00,,,0.00,0.00,0.00,
,Exterior Wall,,0.00,,,0.00,0.00,0.00,
,Interzone Wall,,496.78,,,496.78,12.13,133.78,3.71
,Ground Contact Wall,,0.00,,,0.00,0.00,0.00,
,Other Wall,,0.00,,,0.00,0.00,0.00,
,Exterior Floor,,0.00,,,0.00,0.00,0.00,
,Interzone Floor,,338.05,,,338.05,8.26,139.35,2.43
,Ground Contact Floor,,0.00,,,0.00,0.00,0.00,
,Other Floor,,0.00,,,0.00,0.00,139.35,0.00
,Fenestration Conduction,0.00,,,,0.00,0.00,0.00,
,Fenestration Solar,,0.00,,,0.00,0.00,0.00,
,Opaque Door,,0.00,,,0.00,0.00,0.00,
,Grand Total,1579.50,2019.38,0.00,495.00,4093.88,,,


Cooling Peak Conditions

,,Value
,Time of Peak Load,8/21 08:00:00
,Outside Dry Bulb Temperature [C],21.70
,Outside Wet Bulb Temperature [C],16.06
,Outside Humidity Ratio at Peak [kgWater/kgDryAir],0.01194
,Zone Dry Bulb Temperature [C],24.00
,Zone Relative Humidity [%],39.11
,Zone Humidity Ratio at Peak [kgWater/kgDryAir],0.00907
,Supply Air Temperature [C],12.89
,Mixed Air Temperature [C],
,Main Fan Air Flow [m3/s],0.3485
,Outside Air Flow [m3/s],0.0644
,Peak Sensible Load with Sizing Factor [W],4385.45
,Difference Due to Sizing Factor [W],572.02
,Peak Sensible Load [W],3813.43
,Estimated Instant + Delayed Sensible Load [W],3598.88
,Difference Between Peak and Estimated Sensible Load [W],214.55


Engineering Checks for Cooling

,,Value
,Outside Air Fraction [fraction],0.1848
,Airflow per Floor Area [m3/s-m2],2.501E-03
,Airflow per Total Capacity [m3/s-W],7.946E-05
,Floor Area per Total Capacity [m2/W],3.178E-02
,Total Capacity per Floor Area [W/m2],3.147E+01
,Number of People,7.5


Estimated Heating Peak Load Components

,,Sensible - Instant [W],Sensible - Delayed [W],Sensible - Return Air [W],Latent [W],Total [W],%Grand Total,Related Area [m2],Total per Area [W/m2]
,People,0.00,0.00,,0.00,0.00,-0.00,139.35,0.00
,Lights,0.00,0.00,0.00,,0.00,-0.00,139.35,0.00
,Equipment,0.00,0.00,,0.00,0.00,-0.00,139.35,0.00
,Refrigeration,0.00,,0.00,0.00,0.00,-0.00,139.35,0.00
,Water Use Equipment,0.00,,,0.00,0.00,-0.00,139.35,0.00
,HVAC Equipment Losses,0.00,0.00,,,0.00,-0.00,,
,Power Generation Equipment,0.00,0.00,,,0.00,-0.00,,
,DOAS Direct to Zone,0.00,,,0.00,0.00,-0.00,,
,Infiltration,0.00,,,0.00,0.00,-0.00,0.00,
,Zone Ventilation,0.00,,,0.00,0.00,-0.00,,
,Interzone Mixing,0.00,,,0.00,0.00,-0.00,,
,Roof,,0.00,,,0.00,-0.00,0.00,
,Interzone Ceiling,,-627.9,,,-627.9,40.56,139.35,-4.5
,Other Roof,,0.00,,,0.00,-0.00,0.00,
,Exterior Wall,,0.00,,,0.00,-0.00,0.00,
,Interzone Wall,,-514.5,,,-514.5,33.23,133.78,-3.8
,Ground Contact Wall,,0.00,,,0.00,-0.00,0.00,
,Other Wall,,0.00,,,0.00,-0.00,0.00,
,Exterior Floor,,0.00,,,0.00,-0.00,0.00,
,Interzone Floor,,-405.9,,,-405.9,26.22,139.35,-2.9
,Ground Contact Floor,,0.00,,,0.00,-0.00,0.00,
,Other Floor,,0.00,,,0.00,-0.00,139.35,0.00
,Fenestration Conduction,0.00,,,,0.00,-0.00,0.00,
,Fenestration Solar,,0.00,,,0.00,-0.00,0.00,
,Opaque Door,,0.00,,,0.00,-0.00,0.00,
,Grand Total,0.00,-1548.4,0.00,0.00,-1548.4,,,


Heating Peak Conditions

,,Value
,Time of Peak Load,12/21 08:00:00
,Outside Dry Bulb Temperature [C],-4.2
,Outside Wet Bulb Temperature [C],-4.2
,Outside Humidity Ratio at Peak [kgWater/kgDryAir],0.00331
,Zone Dry Bulb Temperature [C],21.00
,Zone Relative Humidity [%],41.45
,Zone Humidity Ratio at Peak [kgWater/kgDryAir],0.00800
,Supply Air Temperature [C],9.89
,Mixed Air Temperature [C],
,Main Fan Air Flow [m3/s],0.1659
,Outside Air Flow [m3/s],0.0644
,Peak Sensible Load with Sizing Factor [W],-2267.6
,Difference Due to Sizing Factor [W],-453.5
,Peak Sensible Load [W],-1814.1
,Estimated Instant + Delayed Sensible Load [W],-1548.4
,Difference Between Peak and Estimated Sensible Load [W],-265.7


Engineering Checks for Heating

,,Value
,Outside Air Fraction [fraction],0.3881
,Airflow per Floor Area [m3/s-m2],1.191E-03
,Airflow per Total Capacity [m3/s-W],-7.317E-05
,Floor Area per Total Capacity [m2/W],-6.145E-02
,Total Capacity per Floor Area [W/m2],-1.627E+01
,Number of People,7.5


----------------------------------------------------------------------------------------------------
REPORT:,Zone Component Load Summary
FOR:,BLOCKS-3645_OFFICE_1_EAST PERIMETER
Estimated Cooling Peak Load Components

,,Sensible - Instant [W],Sensible - Delayed [W],Sensible - Return Air [W],Latent [W],Total [W],%Grand Total,Related Area [m2],Total per Area [W/m2]
,People,155.92,38.47,,222.75,417.14,8.39,62.71,6.65
,Lights,200.47,224.52,0.00,,424.99,8.55,62.71,6.78
,Equipment,354.37,141.91,,0.00,496.29,9.98,62.71,7.91
,Refrigeration,0.00,,0.00,0.00,0.00,0.00,62.71,0.00
,Water Use Equipment,0.00,,,0.00,0.00,0.00,62.71,0.00
,HVAC Equipment Losses,0.00,0.00,,,0.00,0.00,,
,Power Generation Equipment,0.00,0.00,,,0.00,0.00,,
,DOAS Direct to Zone,0.00,,,0.00,0.00,0.00,,
,Infiltration,-3.8,,,14.40,10.64,0.21,50.17,0.21
,Zone Ventilation,0.00,,,0.00,0.00,0.00,,
,Interzone Mixing,0.00,,,0.00,0.00,0.00,,
,Roof,,0.00,,,0.00,0.00,0.00,
,Interzone Ceiling,,-432.2,,,-432.2,-8.7,62.71,-6.9
,Other Roof,,0.00,,,0.00,0.00,0.00,
,Exterior Wall,,-17.4,,,-17.4,-0.3,50.17,-0.3
,Interzone Wall,,-401.2,,,-401.2,-8.1,60.56,-6.6
,Ground Contact Wall,,0.00,,,0.00,0.00,0.00,
,Other Wall,,0.00,,,0.00,0.00,50.17,0.00
,Exterior Floor,,0.00,,,0.00,0.00,0.00,
,Interzone Floor,,-113.4,,,-113.4,-2.3,62.71,-1.8
,Ground Contact Floor,,0.00,,,0.00,0.00,0.00,
,Other Floor,,0.00,,,0.00,0.00,62.71,0.00
,Fenestration Conduction,1360.26,,,,1360.26,27.36,20.07,67.79
,Fenestration Solar,,3226.84,,,3226.84,64.90,20.07,160.80
,Opaque Door,,0.00,,,0.00,0.00,0.00,
,Grand Total,2067.27,2667.61,0.00,237.15,4972.03,,,


Cooling Peak Conditions

,,Value
,Time of Peak Load,8/21 08:30:00
,Outside Dry Bulb Temperature [C],22.69
,Outside Wet Bulb Temperature [C],16.36
,Outside Humidity Ratio at Peak [kgWater/kgDryAir],0.01194
,Zone Dry Bulb Temperature [C],24.00
,Zone Relative Humidity [%],37.63
,Zone Humidity Ratio at Peak [kgWater/kgDryAir],0.00872
,Supply Air Temperature [C],12.89
,Mixed Air Temperature [C],
,Main Fan Air Flow [m3/s],0.4314
,Outside Air Flow [m3/s],0.0290
,Peak Sensible Load with Sizing Factor [W],5429.51
,Difference Due to Sizing Factor [W],708.20
,Peak Sensible Load [W],4721.31
,Estimated Instant + Delayed Sensible Load [W],4734.88
,Difference Between Peak and Estimated Sensible Load [W],-13.6


Engineering Checks for Cooling

,,Value
,Outside Air Fraction [fraction],0.0672
,Airflow per Floor Area [m3/s-m2],6.880E-03
,Airflow per Total Capacity [m3/s-W],7.946E-05
,Floor Area per Total Capacity [m2/W],1.155E-02
,Total Capacity per Floor Area [W/m2],8.658E+01
,Number of People,3.4


Estimated Heating Peak Load Components

,,Sensible - Instant [W],Sensible - Delayed [W],Sensible - Return Air [W],Latent [W],Total [W],%Grand Total,Related Area [m2],Total per Area [W/m2]
,People,0.00,0.00,,0.00,0.00,-0.00,62.71,0.00
,Lights,0.00,0.00,0.00,,0.00,-0.00,62.71,0.00
,Equipment,0.00,0.00,,0.00,0.00,-0.00,62.71,0.00
,Refrigeration,0.00,,0.00,0.00,0.00,-0.00,62.71,0.00
,Water Use Equipment,0.00,,,0.00,0.00,-0.00,62.71,0.00
,HVAC Equipment Losses,0.00,0.00,,,0.00,-0.00,,
,Power Generation Equipment,0.00,0.00,,,0.00,-0.00,,
,DOAS Direct to Zone,0.00,,,0.00,0.00,-0.00,,
,Infiltration,-51.1,,,-23.5,-74.6,4.57,50.17,-1.5
,Zone Ventilation,0.00,,,0.00,0.00,-0.00,,
,Interzone Mixing,0.00,,,0.00,0.00,-0.00,,
,Roof,,0.00,,,0.00,-0.00,0.00,
,Interzone Ceiling,,-287.0,,,-287.0,17.57,62.71,-4.6
,Other Roof,,0.00,,,0.00,-0.00,0.00,
,Exterior Wall,,-309.4,,,-309.4,18.94,50.17,-6.2
,Interzone Wall,,-66.8,,,-66.8,4.09,60.56,-1.1
,Ground Contact Wall,,0.00,,,0.00,-0.00,0.00,
,Other Wall,,0.00,,,0.00,-0.00,50.17,0.00
,Exterior Floor,,0.00,,,0.00,-0.00,0.00,
,Interzone Floor,,-125.7,,,-125.7,7.70,62.71,-2.0
,Ground Contact Floor,,0.00,,,0.00,-0.00,0.00,
,Other Floor,,0.00,,,0.00,-0.00,62.71,0.00
,Fenestration Conduction,-769.9,,,,-769.9,47.13,20.07,-38.4
,Fenestration Solar,,0.00,,,0.00,-0.00,20.07,0.00
,Opaque Door,,0.00,,,0.00,-0.00,0.00,
,Grand Total,-821.0,-789.0,0.00,-23.5,-1633.5,,,


Heating Peak Conditions

,,Value
,Time of Peak Load,12/21 08:00:00
,Outside Dry Bulb Temperature [C],-4.2
,Outside Wet Bulb Temperature [C],-4.2
,Outside Humidity Ratio at Peak [kgWater/kgDryAir],0.00331
,Zone Dry Bulb Temperature [C],21.00
,Zone Relative Humidity [%],41.14
,Zone Humidity Ratio at Peak [kgWater/kgDryAir],0.00794
,Supply Air Temperature [C],9.89
,Mixed Air Temperature [C],
,Main Fan Air Flow [m3/s],0.1630
,Outside Air Flow [m3/s],0.0290
,Peak Sensible Load with Sizing Factor [W],-2228.2
,Difference Due to Sizing Factor [W],-445.6
,Peak Sensible Load [W],-1782.6
,Estimated Instant + Delayed Sensible Load [W],-1610.0
,Difference Between Peak and Estimated Sensible Load [W],-172.6


Engineering Checks for Heating

,,Value
,Outside Air Fraction [fraction],0.1777
,Airflow per Floor Area [m3/s-m2],2.600E-03
,Airflow per Total Capacity [m3/s-W],-7.317E-05
,Floor Area per Total Capacity [m2/W],-2.814E-02
,Total Capacity per Floor Area [W/m2],-3.553E+01
,Number of People,3.4


----------------------------------------------------------------------------------------------------
REPORT:,Zone Component Load Summary
FOR:,BLOCKS-3645_OFFICE_1_NORTH PERIMETER
Estimated Cooling Peak Load Components

,,Sensible - Instant [W],Sensible - Delayed [W],Sensible - Return Air [W],Latent [W],Total [W],%Grand Total,Related Area [m2],Total per Area [W/m2]
,People,225.23,82.99,,321.75,629.96,18.08,90.58,6.95
,Lights,289.57,384.07,0.00,,673.64,19.34,90.58,7.44
,Equipment,511.88,243.08,,0.00,754.95,21.67,90.58,8.33
,Refrigeration,0.00,,0.00,0.00,0.00,0.00,90.58,0.00
,Water Use Equipment,0.00,,,0.00,0.00,0.00,90.58,0.00
,HVAC Equipment Losses,0.00,0.00,,,0.00,0.00,,
,Power Generation Equipment,0.00,0.00,,,0.00,0.00,,
,DOAS Direct to Zone,0.00,,,0.00,0.00,0.00,,
,Infiltration,12.57,,,17.28,29.85,0.86,66.89,0.45
,Zone Ventilation,0.00,,,0.00,0.00,0.00,,
,Interzone Mixing,0.00,,,0.00,0.00,0.00,,
,Roof,,0.00,,,0.00,0.00,0.00,
,Interzone Ceiling,,147.82,,,147.82,4.24,90.58,1.63
,Other Roof,,0.00,,,0.00,0.00,0.00,
,Exterior Wall,,-1.2,,,-1.2,-0.0,66.89,-0.0
,Interzone Wall,,-4.6,,,-4.6,-0.1,77.28,-0.1
,Ground Contact Wall,,0.00,,,0.00,0.00,0.00,
,Other Wall,,0.00,,,0.00,0.00,66.89,0.00
,Exterior Floor,,0.00,,,0.00,0.00,0.00,
,Interzone Floor,,-81.5,,,-81.5,-2.3,90.58,-0.9
,Ground Contact Floor,,0.00,,,0.00,0.00,0.00,
,Other Floor,,0.00,,,0.00,0.00,90.58,0.00
,Fenestration Conduction,385.57,,,,385.57,11.07,26.76,14.41
,Fenestration Solar,,949.32,,,949.32,27.25,26.76,35.48
,Opaque Door,,0.00,,,0.00,0.00,0.00,
,Grand Total,1424.82,1720.00,0.00,339.03,3483.84,,,


Cooling Peak Conditions

,,Value
,Time of Peak Load,8/21 14:45:00
,Outside Dry Bulb Temperature [C],29.40
,Outside Wet Bulb Temperature [C],18.34
,Outside Humidity Ratio at Peak [kgWater/kgDryAir],0.01196
,Zone Dry Bulb Temperature [C],24.00
,Zone Relative Humidity [%],38.74
,Zone Humidity Ratio at Peak [kgWater/kgDryAir],0.00899
,Supply Air Temperature [C],12.89
,Mixed Air Temperature [C],
,Main Fan Air Flow [m3/s],0.2839
,Outside Air Flow [m3/s],0.0419
,Peak Sensible Load with Sizing Factor [W],3573.19
,Difference Due to Sizing Factor [W],466.07
,Peak Sensible Load [W],3107.12
,Estimated Instant + Delayed Sensible Load [W],3144.82
,Difference Between Peak and Estimated Sensible Load [W],-37.7


Engineering Checks for Cooling

,,Value
,Outside Air Fraction [fraction],0.1474
,Airflow per Floor Area [m3/s-m2],3.135E-03
,Airflow per Total Capacity [m3/s-W],7.946E-05
,Floor Area per Total Capacity [m2/W],2.535E-02
,Total Capacity per Floor Area [W/m2],3.945E+01
,Number of People,4.9


Estimated Heating Peak Load Components

,,Sensible - Instant [W],Sensible - Delayed [W],Sensible - Return Air [W],Latent [W],Total [W],%Grand Total,Related Area [m2],Total per Area [W/m2]
,People,0.00,0.00,,0.00,0.00,-0.00,90.58,0.00
,Lights,0.00,0.00,0.00,,0.00,-0.00,90.58,0.00
,Equipment,0.00,0.00,,0.00,0.00,-0.00,90.58,0.00
,Refrigeration,0.00,,0.00,0.00,0.00,-0.00,90.58,0.00
,Water Use Equipment,0.00,,,0.00,0.00,-0.00,90.58,0.00
,HVAC Equipment Losses,0.00,0.00,,,0.00,-0.00,,
,Power Generation Equipment,0.00,0.00,,,0.00,-0.00,,
,DOAS Direct to Zone,0.00,,,0.00,0.00,-0.00,,
,Infiltration,-68.1,,,-31.3,-99.4,4.52,66.89,-1.5
,Zone Ventilation,0.00,,,0.00,0.00,-0.00,,
,Interzone Mixing,0.00,,,0.00,0.00,-0.00,,
,Roof,,0.00,,,0.00,-0.00,0.00,
,Interzone Ceiling,,-412.1,,,-412.1,18.72,90.58,-4.5
,Other Roof,,0.00,,,0.00,-0.00,0.00,
,Exterior Wall,,-410.2,,,-410.2,18.63,66.89,-6.1
,Interzone Wall,,-75.6,,,-75.6,3.43,77.28,-1.0
,Ground Contact Wall,,0.00,,,0.00,-0.00,0.00,
,Other Wall,,0.00,,,0.00,-0.00,66.89,0.00
,Exterior Floor,,0.00,,,0.00,-0.00,0.00,
,Interzone Floor,,-177.4,,,-177.4,8.06,90.58,-2.0
,Ground Contact Floor,,0.00,,,0.00,-0.00,0.00,
,Other Floor,,0.00,,,0.00,-0.00,90.58,0.00
,Fenestration Conduction,-1027.3,,,,-1027.3,46.65,26.76,-38.4
,Fenestration Solar,,0.00,,,0.00,-0.00,26.76,0.00
,Opaque Door,,0.00,,,0.00,-0.00,0.00,
,Grand Total,-1095.4,-1075.4,0.00,-31.3,-2202.1,,,


Heating Peak Conditions

,,Value
,Time of Peak Load,12/21 08:00:00
,Outside Dry Bulb Temperature [C],-4.2
,Outside Wet Bulb Temperature [C],-4.2
,Outside Humidity Ratio at Peak [kgWater/kgDryAir],0.00331
,Zone Dry Bulb Temperature [C],21.00
,Zone Relative Humidity [%],41.13
,Zone Humidity Ratio at Peak [kgWater/kgDryAir],0.00794
,Supply Air Temperature [C],9.89
,Mixed Air Temperature [C],
,Main Fan Air Flow [m3/s],0.2203
,Outside Air Flow [m3/s],0.0419
,Peak Sensible Load with Sizing Factor [W],-3010.3
,Difference Due to Sizing Factor [W],-602.1
,Peak Sensible Load [W],-2408.2
,Estimated Instant + Delayed Sensible Load [W],-2170.8
,Difference Between Peak and Estimated Sensible Load [W],-237.4


Engineering Checks for Heating

,,Value
,Outside Air Fraction [fraction],0.1900
,Airflow per Floor Area [m3/s-m2],2.432E-03
,Airflow per Total Capacity [m3/s-W],-7.317E-05
,Floor Area per Total Capacity [m2/W],-3.009E-02
,Total Capacity per Floor Area [W/m2],-3.323E+01
,Number of People,4.9


----------------------------------------------------------------------------------------------------
REPORT:,Zone Component Load Summary
FOR:,BLOCKS-3645_OFFICE_1_SOUTH PERIMETER
Estimated Cooling Peak Load Components

,,Sensible - Instant [W],Sensible - Delayed [W],Sensible - Return Air [W],Latent [W],Total [W],%Grand Total,Related Area [m2],Total per Area [W/m2]
,People,225.22,78.14,,321.75,625.11,11.58,90.58,6.90
,Lights,289.57,380.60,0.00,,670.17,12.41,90.58,7.40
,Equipment,511.87,240.62,,0.00,752.49,13.94,90.58,8.31
,Refrigeration,0.00,,0.00,0.00,0.00,0.00,90.58,0.00
,Water Use Equipment,0.00,,,0.00,0.00,0.00,90.58,0.00
,HVAC Equipment Losses,0.00,0.00,,,0.00,0.00,,
,Power Generation Equipment,0.00,0.00,,,0.00,0.00,,
,DOAS Direct to Zone,0.00,,,0.00,0.00,0.00,,
,Infiltration,10.65,,,18.39,29.04,0.54,66.89,0.43
,Zone Ventilation,0.00,,,0.00,0.00,0.00,,
,Interzone Mixing,0.00,,,0.00,0.00,0.00,,
,Roof,,0.00,,,0.00,0.00,0.00,
,Interzone Ceiling,,-322.2,,,-322.2,-6.0,90.58,-3.6
,Other Roof,,0.00,,,0.00,0.00,0.00,
,Exterior Wall,,42.55,,,42.55,0.79,66.89,0.64
,Interzone Wall,,-340.7,,,-340.7,-6.3,77.28,-4.4
,Ground Contact Wall,,0.00,,,0.00,0.00,0.00,
,Other Wall,,0.00,,,0.00,0.00,66.89,0.00
,Exterior Floor,,0.00,,,0.00,0.00,0.00,
,Interzone Floor,,-279.0,,,-279.0,-5.2,90.58,-3.1
,Ground Contact Floor,,0.00,,,0.00,0.00,0.00,
,Other Floor,,0.00,,,0.00,0.00,90.58,0.00
,Fenestration Conduction,1658.85,,,,1658.85,30.72,26.76,62.00
,Fenestration Solar,,2563.24,,,2563.24,47.47,26.76,95.80
,Opaque Door,,0.00,,,0.00,0.00,0.00,
,Grand Total,2696.17,2363.20,0.00,340.14,5399.52,,,


Cooling Peak Conditions

,,Value
,Time of Peak Load,8/21 13:00:00
,Outside Dry Bulb Temperature [C],28.88
,Outside Wet Bulb Temperature [C],18.19
,Outside Humidity Ratio at Peak [kgWater/kgDryAir],0.01195
,Zone Dry Bulb Temperature [C],24.00
,Zone Relative Humidity [%],37.96
,Zone Humidity Ratio at Peak [kgWater/kgDryAir],0.00880
,Supply Air Temperature [C],12.89
,Mixed Air Temperature [C],
,Main Fan Air Flow [m3/s],0.4587
,Outside Air Flow [m3/s],0.0419
,Peak Sensible Load with Sizing Factor [W],5773.30
,Difference Due to Sizing Factor [W],753.04
,Peak Sensible Load [W],5020.26
,Estimated Instant + Delayed Sensible Load [W],5059.38
,Difference Between Peak and Estimated Sensible Load [W],-39.1


Engineering Checks for Cooling

,,Value
,Outside Air Fraction [fraction],0.0912
,Airflow per Floor Area [m3/s-m2],5.065E-03
,Airflow per Total Capacity [m3/s-W],7.946E-05
,Floor Area per Total Capacity [m2/W],1.569E-02
,Total Capacity per Floor Area [W/m2],6.374E+01
,Number of People,4.9


Estimated Heating Peak Load Components

,,Sensible - Instant [W],Sensible - Delayed [W],Sensible - Return Air [W],Latent [W],Total [W],%Grand Total,Related Area [m2],Total per Area [W/m2]
,People,0.00,0.00,,0.00,0.00,-0.00,90.58,0.00
,Lights,0.00,0.00,0.00,,0.00,-0.00,90.58,0.00
,Equipment,0.00,0.00,,0.00,0.00,-0.00,90.58,0.00
,Refrigeration,0.00,,0.00,0.00,0.00,-0.00,90.58,0.00
,Water Use Equipment,0.00,,,0.00,0.00,-0.00,90.58,0.00
,HVAC Equipment Losses,0.00,0.00,,,0.00,-0.00,,
,Power Generation Equipment,0.00,0.00,,,0.00,-0.00,,
,DOAS Direct to Zone,0.00,,,0.00,0.00,-0.00,,
,Infiltration,-68.1,,,-31.3,-99.4,4.53,66.89,-1.5
,Zone Ventilation,0.00,,,0.00,0.00,-0.00,,
,Interzone Mixing,0.00,,,0.00,0.00,-0.00,,
,Roof,,0.00,,,0.00,-0.00,0.00,
,Interzone Ceiling,,-412.6,,,-412.6,18.78,90.58,-4.6
,Other Roof,,0.00,,,0.00,-0.00,0.00,
,Exterior Wall,,-412.2,,,-412.2,18.76,66.89,-6.2
,Interzone Wall,,-76.4,,,-76.4,3.48,77.28,-1.0
,Ground Contact Wall,,0.00,,,0.00,-0.00,0.00,
,Other Wall,,0.00,,,0.00,-0.00,66.89,0.00
,Exterior Floor,,0.00,,,0.00,-0.00,0.00,
,Interzone Floor,,-178.0,,,-178.0,8.10,90.58,-2.0
,Ground Contact Floor,,0.00,,,0.00,-0.00,0.00,
,Other Floor,,0.00,,,0.00,-0.00,90.58,0.00
,Fenestration Conduction,-1018.5,,,,-1018.5,46.36,26.76,-38.1
,Fenestration Solar,,0.00,,,0.00,-0.00,26.76,0.00
,Opaque Door,,0.00,,,0.00,-0.00,0.00,
,Grand Total,-1086.6,-1079.2,0.00,-31.3,-2197.1,,,


Heating Peak Conditions

,,Value
,Time of Peak Load,12/21 08:00:00
,Outside Dry Bulb Temperature [C],-4.2
,Outside Wet Bulb Temperature [C],-4.2
,Outside Humidity Ratio at Peak [kgWater/kgDryAir],0.00331
,Zone Dry Bulb Temperature [C],21.00
,Zone Relative Humidity [%],41.13
,Zone Humidity Ratio at Peak [kgWater/kgDryAir],0.00794
,Supply Air Temperature [C],9.89
,Mixed Air Temperature [C],
,Main Fan Air Flow [m3/s],0.2198
,Outside Air Flow [m3/s],0.0419
,Peak Sensible Load with Sizing Factor [W],-3003.9
,Difference Due to Sizing Factor [W],-600.8
,Peak Sensible Load [W],-2403.1
,Estimated Instant + Delayed Sensible Load [W],-2165.8
,Difference Between Peak and Estimated Sensible Load [W],-237.3


Engineering Checks for Heating

,,Value
,Outside Air Fraction [fraction],0.1904
,Airflow per Floor Area [m3/s-m2],2.427E-03
,Airflow per Total Capacity [m3/s-W],-7.317E-05
,Floor Area per Total Capacity [m2/W],-3.015E-02
,Total Capacity per Floor Area [W/m2],-3.316E+01
,Number of People,4.9


----------------------------------------------------------------------------------------------------
REPORT:,Zone Component Load Summary
FOR:,BLOCKS-3645_OFFICE_1_WEST PERIMETER
Estimated Cooling Peak Load Components

,,Sensible - Instant [W],Sensible - Delayed [W],Sensible - Return Air [W],Latent [W],Total [W],%Grand Total,Related Area [m2],Total per Area [W/m2]
,People,155.92,68.79,,222.75,447.47,8.60,62.71,7.14
,Lights,200.47,289.41,0.00,,489.88,9.42,62.71,7.81
,Equipment,354.37,182.79,,0.00,537.16,10.33,62.71,8.57
,Refrigeration,0.00,,0.00,0.00,0.00,0.00,62.71,0.00
,Water Use Equipment,0.00,,,0.00,0.00,0.00,62.71,0.00
,HVAC Equipment Losses,0.00,0.00,,,0.00,0.00,,
,Power Generation Equipment,0.00,0.00,,,0.00,0.00,,
,DOAS Direct to Zone,0.00,,,0.00,0.00,0.00,,
,Infiltration,7.44,,,14.19,21.63,0.42,50.17,0.43
,Zone Ventilation,0.00,,,0.00,0.00,0.00,,
,Interzone Mixing,0.00,,,0.00,0.00,0.00,,
,Roof,,0.00,,,0.00,0.00,0.00,
,Interzone Ceiling,,-553.4,,,-553.4,-10.6,62.71,-8.8
,Other Roof,,0.00,,,0.00,0.00,0.00,
,Exterior Wall,,74.77,,,74.77,1.44,50.17,1.49
,Interzone Wall,,-499.9,,,-499.9,-9.6,60.56,-8.3
,Ground Contact Wall,,0.00,,,0.00,0.00,0.00,
,Other Wall,,0.00,,,0.00,0.00,50.17,0.00
,Exterior Floor,,0.00,,,0.00,0.00,0.00,
,Interzone Floor,,-103.9,,,-103.9,-2.0,62.71,-1.7
,Ground Contact Floor,,0.00,,,0.00,0.00,0.00,
,Other Floor,,0.00,,,0.00,0.00,62.71,0.00
,Fenestration Conduction,1489.10,,,,1489.10,28.63,20.07,74.21
,Fenestration Solar,,3297.79,,,3297.79,63.41,20.07,164.34
,Opaque Door,,0.00,,,0.00,0.00,0.00,
,Grand Total,2207.31,2756.44,0.00,236.94,5200.69,,,


Cooling Peak Conditions

,,Value
,Time of Peak Load,8/21 17:00:00
,Outside Dry Bulb Temperature [C],27.94
,Outside Wet Bulb Temperature [C],17.92
,Outside Humidity Ratio at Peak [kgWater/kgDryAir],0.01195
,Zone Dry Bulb Temperature [C],24.00
,Zone Relative Humidity [%],37.58
,Zone Humidity Ratio at Peak [kgWater/kgDryAir],0.00871
,Supply Air Temperature [C],12.89
,Mixed Air Temperature [C],
,Main Fan Air Flow [m3/s],0.4510
,Outside Air Flow [m3/s],0.0290
,Peak Sensible Load with Sizing Factor [W],5675.33
,Difference Due to Sizing Factor [W],740.26
,Peak Sensible Load [W],4935.07
,Estimated Instant + Delayed Sensible Load [W],4963.75
,Difference Between Peak and Estimated Sensible Load [W],-28.7


Engineering Checks for Cooling

,,Value
,Outside Air Fraction [fraction],0.0643
,Airflow per Floor Area [m3/s-m2],7.191E-03
,Airflow per Total Capacity [m3/s-W],7.946E-05
,Floor Area per Total Capacity [m2/W],1.105E-02
,Total Capacity per Floor Area [W/m2],9.050E+01
,Number of People,3.4


Estimated Heating Peak Load Components

,,Sensible - Instant [W],Sensible - Delayed [W],Sensible - Return Air [W],Latent [W],Total [W],%Grand Total,Related Area [m2],Total per Area [W/m2]
,People,0.00,0.00,,0.00,0.00,-0.00,62.71,0.00
,Lights,0.00,0.00,0.00,,0.00,-0.00,62.71,0.00
,Equipment,0.00,0.00,,0.00,0.00,-0.00,62.71,0.00
,Refrigeration,0.00,,0.00,0.00,0.00,-0.00,62.71,0.00
,Water Use Equipment,0.00,,,0.00,0.00,-0.00,62.71,0.00
,HVAC Equipment Losses,0.00,0.00,,,0.00,-0.00,,
,Power Generation Equipment,0.00,0.00,,,0.00,-0.00,,
,DOAS Direct to Zone,0.00,,,0.00,0.00,-0.00,,
,Infiltration,-51.1,,,-23.5,-74.6,4.58,50.17,-1.5
,Zone Ventilation,0.00,,,0.00,0.00,-0.00,,
,Interzone Mixing,0.00,,,0.00,0.00,-0.00,,
,Roof,,0.00,,,0.00,-0.00,0.00,
,Interzone Ceiling,,-287.3,,,-287.3,17.63,62.71,-4.6
,Other Roof,,0.00,,,0.00,-0.00,0.00,
,Exterior Wall,,-310.9,,,-310.9,19.08,50.17,-6.2
,Interzone Wall,,-67.4,,,-67.4,4.14,60.56,-1.1
,Ground Contact Wall,,0.00,,,0.00,-0.00,0.00,
,Other Wall,,0.00,,,0.00,-0.00,50.17,0.00
,Exterior Floor,,0.00,,,0.00,-0.00,0.00,
,Interzone Floor,,-126.2,,,-126.2,7.74,62.71,-2.0
,Ground Contact Floor,,0.00,,,0.00,-0.00,0.00,
,Other Floor,,0.00,,,0.00,-0.00,62.71,0.00
,Fenestration Conduction,-763.4,,,,-763.4,46.84,20.07,-38.0
,Fenestration Solar,,0.00,,,0.00,-0.00,20.07,0.00
,Opaque Door,,0.00,,,0.00,-0.00,0.00,
,Grand Total,-814.4,-791.8,0.00,-23.5,-1629.7,,,


Heating Peak Conditions

,,Value
,Time of Peak Load,12/21 08:00:00
,Outside Dry Bulb Temperature [C],-4.2
,Outside Wet Bulb Temperature [C],-4.2
,Outside Humidity Ratio at Peak [kgWater/kgDryAir],0.00331
,Zone Dry Bulb Temperature [C],21.00
,Zone Relative Humidity [%],41.14
,Zone Humidity Ratio at Peak [kgWater/kgDryAir],0.00794
,Supply Air Temperature [C],9.89
,Mixed Air Temperature [C],
,Main Fan Air Flow [m3/s],0.1627
,Outside Air Flow [m3/s],0.0290
,Peak Sensible Load with Sizing Factor [W],-2223.5
,Difference Due to Sizing Factor [W],-444.7
,Peak Sensible Load [W],-1778.8
,Estimated Instant + Delayed Sensible Load [W],-1606.2
,Difference Between Peak and Estimated Sensible Load [W],-172.5


Engineering Checks for Heating

,,Value
,Outside Air Fraction [fraction],0.1781
,Airflow per Floor Area [m3/s-m2],2.594E-03
,Airflow per Total Capacity [m3/s-W],-7.317E-05
,Floor Area per Total Capacity [m2/W],-2.820E-02
,Total Capacity per Floor Area [W/m2],-3.546E+01
,Number of People,3.4


----------------------------------------------------------------------------------------------------
REPORT:,Zone Component Load Summary
FOR:,BLOCKS-3645_OFFICE_2_CORE
Estimated Cooling Peak Load Components

,,Sensible - Instant [W],Sensible - Delayed [W],Sensible - Return Air [W],Latent [W],Total [W],%Grand Total,Related Area [m2],Total per Area [W/m2]
,People,346.50,60.61,,495.00,902.11,22.19,139.35,6.47
,Lights,445.50,376.02,0.00,,821.52,20.21,139.35,5.90
,Equipment,787.50,234.68,,0.00,1022.18,25.14,139.35,7.34
,Refrigeration,0.00,,0.00,0.00,0.00,0.00,139.35,0.00
,Water Use Equipment,0.00,,,0.00,0.00,0.00,139.35,0.00
,HVAC Equipment Losses,0.00,0.00,,,0.00,0.00,,
,Power Generation Equipment,0.00,0.00,,,0.00,0.00,,
,DOAS Direct to Zone,0.00,,,0.00,0.00,0.00,,
,Infiltration,0.00,,,0.00,0.00,0.00,0.00,
,Zone Ventilation,0.00,,,0.00,0.00,0.00,,
,Interzone Mixing,0.00,,,0.00,0.00,0.00,,
,Roof,,0.00,,,0.00,0.00,0.00,
,Interzone Ceiling,,484.45,,,484.45,11.92,139.35,3.48
,Other Roof,,0.00,,,0.00,0.00,0.00,
,Exterior Wall,,0.00,,,0.00,0.00,0.00,
,Interzone Wall,,505.76,,,505.76,12.44,133.78,3.78
,Ground Contact Wall,,0.00,,,0.00,0.00,0.00,
,Other Wall,,0.00,,,0.00,0.00,0.00,
,Exterior Floor,,0.00,,,0.00,0.00,0.00,
,Interzone Floor,,329.79,,,329.79,8.11,139.35,2.37
,Ground Contact Floor,,0.00,,,0.00,0.00,0.00,
,Other Floor,,0.00,,,0.00,0.00,139.35,0.00
,Fenestration Conduction,0.00,,,,0.00,0.00,0.00,
,Fenestration Solar,,0.00,,,0.00,0.00,0.00,
,Opaque Door,,0.00,,,0.00,0.00,0.00,
,Grand Total,1579.50,1991.33,0.00,495.00,4065.82,,,


Cooling Peak Conditions

,,Value
,Time of Peak Load,8/21 08:00:00
,Outside Dry Bulb Temperature [C],21.70
,Outside Wet Bulb Temperature [C],16.06
,Outside Humidity Ratio at Peak [kgWater/kgDryAir],0.01194
,Zone Dry Bulb Temperature [C],24.00
,Zone Relative Humidity [%],39.13
,Zone Humidity Ratio at Peak [kgWater/kgDryAir],0.00908
,Supply Air Temperature [C],12.89
,Mixed Air Temperature [C],
,Main Fan Air Flow [m3/s],0.3458
,Outside Air Flow [m3/s],0.0644
,Peak Sensible Load with Sizing Factor [W],4352.14
,Difference Due to Sizing Factor [W],567.67
,Peak Sensible Load [W],3784.47
,Estimated Instant + Delayed Sensible Load [W],3570.82
,Difference Between Peak and Estimated Sensible Load [W],213.65


Engineering Checks for Cooling

,,Value
,Outside Air Fraction [fraction],0.1862
,Airflow per Floor Area [m3/s-m2],2.482E-03
,Airflow per Total Capacity [m3/s-W],7.946E-05
,Floor Area per Total Capacity [m2/W],3.202E-02
,Total Capacity per Floor Area [W/m2],3.123E+01
,Number of People,7.5


Estimated Heating Peak Load Components

,,Sensible - Instant [W],Sensible - Delayed [W],Sensible - Return Air [W],Latent [W],Total [W],%Grand Total,Related Area [m2],Total per Area [W/m2]
,People,0.00,0.00,,0.00,0.00,-0.00,139.35,0.00
,Lights,0.00,0.00,0.00,,0.00,-0.00,139.35,0.00
,Equipment,0.00,0.00,,0.00,0.00,-0.00,139.35,0.00
,Refrigeration,0.00,,0.00,0.00,0.00,-0.00,139.35,0.00
,Water Use Equipment,0.00,,,0.00,0.00,-0.00,139.35,0.00
,HVAC Equipment Losses,0.00,0.00,,,0.00,-0.00,,
,Power Generation Equipment,0.00,0.00,,,0.00,-0.00,,
,DOAS Direct to Zone,0.00,,,0.00,0.00,-0.00,,
,Infiltration,0.00,,,0.00,0.00,-0.00,0.00,
,Zone Ventilation,0.00,,,0.00,0.00,-0.00,,
,Interzone Mixing,0.00,,,0.00,0.00,-0.00,,
,Roof,,0.00,,,0.00,-0.00,0.00,
,Interzone Ceiling,,-630.5,,,-630.5,42.57,139.35,-4.5
,Other Roof,,0.00,,,0.00,-0.00,0.00,
,Exterior Wall,,0.00,,,0.00,-0.00,0.00,
,Interzone Wall,,-517.5,,,-517.5,34.94,133.78,-3.9
,Ground Contact Wall,,0.00,,,0.00,-0.00,0.00,
,Other Wall,,0.00,,,0.00,-0.00,0.00,
,Exterior Floor,,0.00,,,0.00,-0.00,0.00,
,Interzone Floor,,-333.0,,,-333.0,22.49,139.35,-2.4
,Ground Contact Floor,,0.00,,,0.00,-0.00,0.00,
,Other Floor,,0.00,,,0.00,-0.00,139.35,0.00
,Fenestration Conduction,0.00,,,,0.00,-0.00,0.00,
,Fenestration Solar,,0.00,,,0.00,-0.00,0.00,
,Opaque Door,,0.00,,,0.00,-0.00,0.00,
,Grand Total,0.00,-1481.0,0.00,0.00,-1481.0,,,


Heating Peak Conditions

,,Value
,Time of Peak Load,12/21 08:00:00
,Outside Dry Bulb Temperature [C],-4.2
,Outside Wet Bulb Temperature [C],-4.2
,Outside Humidity Ratio at Peak [kgWater/kgDryAir],0.00331
,Zone Dry Bulb Temperature [C],21.00
,Zone Relative Humidity [%],41.45
,Zone Humidity Ratio at Peak [kgWater/kgDryAir],0.00800
,Supply Air Temperature [C],9.89
,Mixed Air Temperature [C],
,Main Fan Air Flow [m3/s],0.1594
,Outside Air Flow [m3/s],0.0644
,Peak Sensible Load with Sizing Factor [W],-2178.3
,Difference Due to Sizing Factor [W],-435.7
,Peak Sensible Load [W],-1742.7
,Estimated Instant + Delayed Sensible Load [W],-1481.0
,Difference Between Peak and Estimated Sensible Load [W],-261.7


Engineering Checks for Heating

,,Value
,Outside Air Fraction [fraction],0.4040
,Airflow per Floor Area [m3/s-m2],1.144E-03
,Airflow per Total Capacity [m3/s-W],-7.317E-05
,Floor Area per Total Capacity [m2/W],-6.397E-02
,Total Capacity per Floor Area [W/m2],-1.563E+01
,Number of People,7.5


----------------------------------------------------------------------------------------------------
REPORT:,Zone Component Load Summary
FOR:,BLOCKS-3645_OFFICE_2_EAST PERIMETER
Estimated Cooling Peak Load Components

,,Sensible - Instant [W],Sensible - Delayed [W],Sensible - Return Air [W],Latent [W],Total [W],%Grand Total,Related Area [m2],Total per Area [W/m2]
,People,155.92,38.12,,222.75,416.79,8.42,62.71,6.65
,Lights,200.47,210.48,0.00,,410.95,8.30,62.71,6.55
,Equipment,354.37,132.90,,0.00,487.27,9.84,62.71,7.77
,Refrigeration,0.00,,0.00,0.00,0.00,0.00,62.71,0.00
,Water Use Equipment,0.00,,,0.00,0.00,0.00,62.71,0.00
,HVAC Equipment Losses,0.00,0.00,,,0.00,0.00,,
,Power Generation Equipment,0.00,0.00,,,0.00,0.00,,
,DOAS Direct to Zone,0.00,,,0.00,0.00,0.00,,
,Infiltration,-4.1,,,15.55,11.44,0.23,50.17,0.23
,Zone Ventilation,0.00,,,0.00,0.00,0.00,,
,Interzone Mixing,0.00,,,0.00,0.00,0.00,,
,Roof,,0.00,,,0.00,0.00,0.00,
,Interzone Ceiling,,-426.3,,,-426.3,-8.6,62.71,-6.8
,Other Roof,,0.00,,,0.00,0.00,0.00,
,Exterior Wall,,-15.0,,,-15.0,-0.3,50.17,-0.3
,Interzone Wall,,-394.7,,,-394.7,-8.0,60.56,-6.5
,Ground Contact Wall,,0.00,,,0.00,0.00,0.00,
,Other Wall,,0.00,,,0.00,0.00,50.17,0.00
,Exterior Floor,,0.00,,,0.00,0.00,0.00,
,Interzone Floor,,-58.0,,,-58.0,-1.2,62.71,-0.9
,Ground Contact Floor,,0.00,,,0.00,0.00,0.00,
,Other Floor,,0.00,,,0.00,0.00,62.71,0.00
,Fenestration Conduction,1354.62,,,,1354.62,27.36,20.07,67.50
,Fenestration Solar,,3163.61,,,3163.61,63.90,20.07,157.65
,Opaque Door,,0.00,,,0.00,0.00,0.00,
,Grand Total,2061.29,2651.10,0.00,238.30,4950.68,,,


Cooling Peak Conditions

,,Value
,Time of Peak Load,8/21 08:30:00
,Outside Dry Bulb Temperature [C],22.69
,Outside Wet Bulb Temperature [C],16.36
,Outside Humidity Ratio at Peak [kgWater/kgDryAir],0.01194
,Zone Dry Bulb Temperature [C],24.00
,Zone Relative Humidity [%],37.64
,Zone Humidity Ratio at Peak [kgWater/kgDryAir],0.00873
,Supply Air Temperature [C],12.89
,Mixed Air Temperature [C],
,Main Fan Air Flow [m3/s],0.4294
,Outside Air Flow [m3/s],0.0290
,Peak Sensible Load with Sizing Factor [W],5404.54
,Difference Due to Sizing Factor [W],704.94
,Peak Sensible Load [W],4699.60
,Estimated Instant + Delayed Sensible Load [W],4712.39
,Difference Between Peak and Estimated Sensible Load [W],-12.8


Engineering Checks for Cooling

,,Value
,Outside Air Fraction [fraction],0.0675
,Airflow per Floor Area [m3/s-m2],6.848E-03
,Airflow per Total Capacity [m3/s-W],7.946E-05
,Floor Area per Total Capacity [m2/W],1.160E-02
,Total Capacity per Floor Area [W/m2],8.618E+01
,Number of People,3.4


Estimated Heating Peak Load Components

,,Sensible - Instant [W],Sensible - Delayed [W],Sensible - Return Air [W],Latent [W],Total [W],%Grand Total,Related Area [m2],Total per Area [W/m2]
,People,0.00,0.00,,0.00,0.00,-0.00,62.71,0.00
,Lights,0.00,0.00,0.00,,0.00,-0.00,62.71,0.00
,Equipment,0.00,0.00,,0.00,0.00,-0.00,62.71,0.00
,Refrigeration,0.00,,0.00,0.00,0.00,-0.00,62.71,0.00
,Water Use Equipment,0.00,,,0.00,0.00,-0.00,62.71,0.00
,HVAC Equipment Losses,0.00,0.00,,,0.00,-0.00,,
,Power Generation Equipment,0.00,0.00,,,0.00,-0.00,,
,DOAS Direct to Zone,0.00,,,0.00,0.00,-0.00,,
,Infiltration,-55.3,,,-25.4,-80.6,5.02,50.17,-1.6
,Zone Ventilation,0.00,,,0.00,0.00,-0.00,,
,Interzone Mixing,0.00,,,0.00,0.00,-0.00,,
,Roof,,0.00,,,0.00,-0.00,0.00,
,Interzone Ceiling,,-289.5,,,-289.5,18.03,62.71,-4.6
,Other Roof,,0.00,,,0.00,-0.00,0.00,
,Exterior Wall,,-308.9,,,-308.9,19.24,50.17,-6.2
,Interzone Wall,,-65.6,,,-65.6,4.09,60.56,-1.1
,Ground Contact Wall,,0.00,,,0.00,-0.00,0.00,
,Other Wall,,0.00,,,0.00,-0.00,50.17,0.00
,Exterior Floor,,0.00,,,0.00,-0.00,0.00,
,Interzone Floor,,-86.4,,,-86.4,5.38,62.71,-1.4
,Ground Contact Floor,,0.00,,,0.00,-0.00,0.00,
,Other Floor,,0.00,,,0.00,-0.00,62.71,0.00
,Fenestration Conduction,-774.3,,,,-774.3,48.23,20.07,-38.6
,Fenestration Solar,,0.00,,,0.00,-0.00,20.07,0.00
,Opaque Door,,0.00,,,0.00,-0.00,0.00,
,Grand Total,-829.6,-750.4,0.00,-25.4,-1605.3,,,


Heating Peak Conditions

,,Value
,Time of Peak Load,12/21 08:00:00
,Outside Dry Bulb Temperature [C],-4.2
,Outside Wet Bulb Temperature [C],-4.2
,Outside Humidity Ratio at Peak [kgWater/kgDryAir],0.00331
,Zone Dry Bulb Temperature [C],21.00
,Zone Relative Humidity [%],41.10
,Zone Humidity Ratio at Peak [kgWater/kgDryAir],0.00793
,Supply Air Temperature [C],9.89
,Mixed Air Temperature [C],
,Main Fan Air Flow [m3/s],0.1602
,Outside Air Flow [m3/s],0.0290
,Peak Sensible Load with Sizing Factor [W],-2189.2
,Difference Due to Sizing Factor [W],-437.8
,Peak Sensible Load [W],-1751.3
,Estimated Instant + Delayed Sensible Load [W],-1580.0
,Difference Between Peak and Estimated Sensible Load [W],-171.3


Engineering Checks for Heating

,,Value
,Outside Air Fraction [fraction],0.1809
,Airflow per Floor Area [m3/s-m2],2.554E-03
,Airflow per Total Capacity [m3/s-W],-7.317E-05
,Floor Area per Total Capacity [m2/W],-2.865E-02
,Total Capacity per Floor Area [W/m2],-3.491E+01
,Number of People,3.4


----------------------------------------------------------------------------------------------------
REPORT:,Zone Component Load Summary
FOR:,BLOCKS-3645_OFFICE_2_NORTH PERIMETER
Estimated Cooling Peak Load Components

,,Sensible - Instant [W],Sensible - Delayed [W],Sensible - Return Air [W],Latent [W],Total [W],%Grand Total,Related Area [m2],Total per Area [W/m2]
,People,225.23,77.66,,321.75,624.64,18.03,90.58,6.90
,Lights,289.57,351.14,0.00,,640.71,18.50,90.58,7.07
,Equipment,511.88,221.93,,0.00,733.80,21.18,90.58,8.10
,Refrigeration,0.00,,0.00,0.00,0.00,0.00,90.58,0.00
,Water Use Equipment,0.00,,,0.00,0.00,0.00,90.58,0.00
,HVAC Equipment Losses,0.00,0.00,,,0.00,0.00,,
,Power Generation Equipment,0.00,0.00,,,0.00,0.00,,
,DOAS Direct to Zone,0.00,,,0.00,0.00,0.00,,
,Infiltration,13.52,,,18.63,32.16,0.93,66.89,0.48
,Zone Ventilation,0.00,,,0.00,0.00,0.00,,
,Interzone Mixing,0.00,,,0.00,0.00,0.00,,
,Roof,,0.00,,,0.00,0.00,0.00,
,Interzone Ceiling,,163.03,,,163.03,4.71,90.58,1.80
,Other Roof,,0.00,,,0.00,0.00,0.00,
,Exterior Wall,,2.99,,,2.99,0.09,66.89,0.04
,Interzone Wall,,15.29,,,15.29,0.44,77.28,0.20
,Ground Contact Wall,,0.00,,,0.00,0.00,0.00,
,Other Wall,,0.00,,,0.00,0.00,66.89,0.00
,Exterior Floor,,0.00,,,0.00,0.00,0.00,
,Interzone Floor,,-24.8,,,-24.8,-0.7,90.58,-0.3
,Ground Contact Floor,,0.00,,,0.00,0.00,0.00,
,Other Floor,,0.00,,,0.00,0.00,90.58,0.00
,Fenestration Conduction,386.93,,,,386.93,11.17,26.76,14.46
,Fenestration Solar,,889.32,,,889.32,25.67,26.76,33.24
,Opaque Door,,0.00,,,0.00,0.00,0.00,
,Grand Total,1427.13,1696.57,0.00,340.38,3464.09,,,


Cooling Peak Conditions

,,Value
,Time of Peak Load,8/21 14:45:00
,Outside Dry Bulb Temperature [C],29.40
,Outside Wet Bulb Temperature [C],18.34
,Outside Humidity Ratio at Peak [kgWater/kgDryAir],0.01196
,Zone Dry Bulb Temperature [C],24.00
,Zone Relative Humidity [%],38.77
,Zone Humidity Ratio at Peak [kgWater/kgDryAir],0.00899
,Supply Air Temperature [C],12.89
,Mixed Air Temperature [C],
,Main Fan Air Flow [m3/s],0.2822
,Outside Air Flow [m3/s],0.0419
,Peak Sensible Load with Sizing Factor [W],3551.29
,Difference Due to Sizing Factor [W],463.21
,Peak Sensible Load [W],3088.08
,Estimated Instant + Delayed Sensible Load [W],3123.71
,Difference Between Peak and Estimated Sensible Load [W],-35.6


Engineering Checks for Cooling

,,Value
,Outside Air Fraction [fraction],0.1483
,Airflow per Floor Area [m3/s-m2],3.115E-03
,Airflow per Total Capacity [m3/s-W],7.946E-05
,Floor Area per Total Capacity [m2/W],2.551E-02
,Total Capacity per Floor Area [W/m2],3.921E+01
,Number of People,4.9


Estimated Heating Peak Load Components

,,Sensible - Instant [W],Sensible - Delayed [W],Sensible - Return Air [W],Latent [W],Total [W],%Grand Total,Related Area [m2],Total per Area [W/m2]
,People,0.00,0.00,,0.00,0.00,-0.00,90.58,0.00
,Lights,0.00,0.00,0.00,,0.00,-0.00,90.58,0.00
,Equipment,0.00,0.00,,0.00,0.00,-0.00,90.58,0.00
,Refrigeration,0.00,,0.00,0.00,0.00,-0.00,90.58,0.00
,Water Use Equipment,0.00,,,0.00,0.00,-0.00,90.58,0.00
,HVAC Equipment Losses,0.00,0.00,,,0.00,-0.00,,
,Power Generation Equipment,0.00,0.00,,,0.00,-0.00,,
,DOAS Direct to Zone,0.00,,,0.00,0.00,-0.00,,
,Infiltration,-73.7,,,-33.8,-107.4,4.96,66.89,-1.6
,Zone Ventilation,0.00,,,0.00,0.00,-0.00,,
,Interzone Mixing,0.00,,,0.00,0.00,-0.00,,
,Roof,,0.00,,,0.00,-0.00,0.00,
,Interzone Ceiling,,-415.4,,,-415.4,19.16,90.58,-4.6
,Other Roof,,0.00,,,0.00,-0.00,0.00,
,Exterior Wall,,-409.6,,,-409.6,18.90,66.89,-6.1
,Interzone Wall,,-72.4,,,-72.4,3.34,77.28,-0.9
,Ground Contact Wall,,0.00,,,0.00,-0.00,0.00,
,Other Wall,,0.00,,,0.00,-0.00,66.89,0.00
,Exterior Floor,,0.00,,,0.00,-0.00,0.00,
,Interzone Floor,,-129.8,,,-129.8,5.99,90.58,-1.4
,Ground Contact Floor,,0.00,,,0.00,-0.00,0.00,
,Other Floor,,0.00,,,0.00,-0.00,90.58,0.00
,Fenestration Conduction,-1032.9,,,,-1032.9,47.65,26.76,-38.6
,Fenestration Solar,,0.00,,,0.00,-0.00,26.76,0.00
,Opaque Door,,0.00,,,0.00,-0.00,0.00,
,Grand Total,-1106.6,-1027.1,0.00,-33.8,-2167.5,,,


Heating Peak Conditions

,,Value
,Time of Peak Load,12/21 08:00:00
,Outside Dry Bulb Temperature [C],-4.2
,Outside Wet Bulb Temperature [C],-4.2
,Outside Humidity Ratio at Peak [kgWater/kgDryAir],0.00331
,Zone Dry Bulb Temperature [C],21.00
,Zone Relative Humidity [%],41.09
,Zone Humidity Ratio at Peak [kgWater/kgDryAir],0.00793
,Supply Air Temperature [C],9.89
,Mixed Air Temperature [C],
,Main Fan Air Flow [m3/s],0.2167
,Outside Air Flow [m3/s],0.0419
,Peak Sensible Load with Sizing Factor [W],-2961.9
,Difference Due to Sizing Factor [W],-592.4
,Peak Sensible Load [W],-2369.5
,Estimated Instant + Delayed Sensible Load [W],-2133.7
,Difference Between Peak and Estimated Sensible Load [W],-235.8


Engineering Checks for Heating

,,Value
,Outside Air Fraction [fraction],0.1931
,Airflow per Floor Area [m3/s-m2],2.393E-03
,Airflow per Total Capacity [m3/s-W],-7.317E-05
,Floor Area per Total Capacity [m2/W],-3.058E-02
,Total Capacity per Floor Area [W/m2],-3.270E+01
,Number of People,4.9


----------------------------------------------------------------------------------------------------
REPORT:,Zone Component Load Summary
FOR:,BLOCKS-3645_OFFICE_2_SOUTH PERIMETER
Estimated Cooling Peak Load Components

,,Sensible - Instant [W],Sensible - Delayed [W],Sensible - Return Air [W],Latent [W],Total [W],%Grand Total,Related Area [m2],Total per Area [W/m2]
,People,225.22,74.04,,321.75,621.02,11.56,90.58,6.86
,Lights,289.57,349.88,0.00,,639.46,11.90,90.58,7.06
,Equipment,511.87,220.94,,0.00,732.81,13.64,90.58,8.09
,Refrigeration,0.00,,0.00,0.00,0.00,0.00,90.58,0.00
,Water Use Equipment,0.00,,,0.00,0.00,0.00,90.58,0.00
,HVAC Equipment Losses,0.00,0.00,,,0.00,0.00,,
,Power Generation Equipment,0.00,0.00,,,0.00,0.00,,
,DOAS Direct to Zone,0.00,,,0.00,0.00,0.00,,
,Infiltration,11.44,,,19.85,31.30,0.58,66.89,0.47
,Zone Ventilation,0.00,,,0.00,0.00,0.00,,
,Interzone Mixing,0.00,,,0.00,0.00,0.00,,
,Roof,,0.00,,,0.00,0.00,0.00,
,Interzone Ceiling,,-309.2,,,-309.2,-5.8,90.58,-3.4
,Other Roof,,0.00,,,0.00,0.00,0.00,
,Exterior Wall,,46.23,,,46.23,0.86,66.89,0.69
,Interzone Wall,,-324.5,,,-324.5,-6.0,77.28,-4.2
,Ground Contact Wall,,0.00,,,0.00,0.00,0.00,
,Other Wall,,0.00,,,0.00,0.00,66.89,0.00
,Exterior Floor,,0.00,,,0.00,0.00,0.00,
,Interzone Floor,,-179.5,,,-179.5,-3.3,90.58,-2.0
,Ground Contact Floor,,0.00,,,0.00,0.00,0.00,
,Other Floor,,0.00,,,0.00,0.00,90.58,0.00
,Fenestration Conduction,1654.28,,,,1654.28,30.79,26.76,61.83
,Fenestration Solar,,2461.62,,,2461.62,45.81,26.76,92.00
,Opaque Door,,0.00,,,0.00,0.00,0.00,
,Grand Total,2692.40,2339.52,0.00,341.60,5373.52,,,


Cooling Peak Conditions

,,Value
,Time of Peak Load,8/21 13:00:00
,Outside Dry Bulb Temperature [C],28.88
,Outside Wet Bulb Temperature [C],18.19
,Outside Humidity Ratio at Peak [kgWater/kgDryAir],0.01195
,Zone Dry Bulb Temperature [C],24.00
,Zone Relative Humidity [%],37.97
,Zone Humidity Ratio at Peak [kgWater/kgDryAir],0.00880
,Supply Air Temperature [C],12.89
,Mixed Air Temperature [C],
,Main Fan Air Flow [m3/s],0.4564
,Outside Air Flow [m3/s],0.0419
,Peak Sensible Load with Sizing Factor [W],5743.78
,Difference Due to Sizing Factor [W],749.19
,Peak Sensible Load [W],4994.59
,Estimated Instant + Delayed Sensible Load [W],5031.92
,Difference Between Peak and Estimated Sensible Load [W],-37.3


Engineering Checks for Cooling

,,Value
,Outside Air Fraction [fraction],0.0917
,Airflow per Floor Area [m3/s-m2],5.039E-03
,Airflow per Total Capacity [m3/s-W],7.946E-05
,Floor Area per Total Capacity [m2/W],1.577E-02
,Total Capacity per Floor Area [W/m2],6.341E+01
,Number of People,4.9


Estimated Heating Peak Load Components

,,Sensible - Instant [W],Sensible - Delayed [W],Sensible - Return Air [W],Latent [W],Total [W],%Grand Total,Related Area [m2],Total per Area [W/m2]
,People,0.00,0.00,,0.00,0.00,-0.00,90.58,0.00
,Lights,0.00,0.00,0.00,,0.00,-0.00,90.58,0.00
,Equipment,0.00,0.00,,0.00,0.00,-0.00,90.58,0.00
,Refrigeration,0.00,,0.00,0.00,0.00,-0.00,90.58,0.00
,Water Use Equipment,0.00,,,0.00,0.00,-0.00,90.58,0.00
,HVAC Equipment Losses,0.00,0.00,,,0.00,-0.00,,
,Power Generation Equipment,0.00,0.00,,,0.00,-0.00,,
,DOAS Direct to Zone,0.00,,,0.00,0.00,-0.00,,
,Infiltration,-73.7,,,-33.8,-107.4,4.97,66.89,-1.6
,Zone Ventilation,0.00,,,0.00,0.00,-0.00,,
,Interzone Mixing,0.00,,,0.00,0.00,-0.00,,
,Roof,,0.00,,,0.00,-0.00,0.00,
,Interzone Ceiling,,-415.9,,,-415.9,19.24,90.58,-4.6
,Other Roof,,0.00,,,0.00,-0.00,0.00,
,Exterior Wall,,-411.7,,,-411.7,19.04,66.89,-6.2
,Interzone Wall,,-73.2,,,-73.2,3.39,77.28,-0.9
,Ground Contact Wall,,0.00,,,0.00,-0.00,0.00,
,Other Wall,,0.00,,,0.00,-0.00,66.89,0.00
,Exterior Floor,,0.00,,,0.00,-0.00,0.00,
,Interzone Floor,,-130.5,,,-130.5,6.04,90.58,-1.4
,Ground Contact Floor,,0.00,,,0.00,-0.00,0.00,
,Other Floor,,0.00,,,0.00,-0.00,90.58,0.00
,Fenestration Conduction,-1023.2,,,,-1023.2,47.33,26.76,-38.2
,Fenestration Solar,,0.00,,,0.00,-0.00,26.76,0.00
,Opaque Door,,0.00,,,0.00,-0.00,0.00,
,Grand Total,-1096.9,-1031.3,0.00,-33.8,-2162.0,,,


Heating Peak Conditions

,,Value
,Time of Peak Load,12/21 08:00:00
,Outside Dry Bulb Temperature [C],-4.2
,Outside Wet Bulb Temperature [C],-4.2
,Outside Humidity Ratio at Peak [kgWater/kgDryAir],0.00331
,Zone Dry Bulb Temperature [C],21.00
,Zone Relative Humidity [%],41.09
,Zone Humidity Ratio at Peak [kgWater/kgDryAir],0.00793
,Supply Air Temperature [C],9.89
,Mixed Air Temperature [C],
,Main Fan Air Flow [m3/s],0.2162
,Outside Air Flow [m3/s],0.0419
,Peak Sensible Load with Sizing Factor [W],-2954.8
,Difference Due to Sizing Factor [W],-591.0
,Peak Sensible Load [W],-2363.9
,Estimated Instant + Delayed Sensible Load [W],-2128.2
,Difference Between Peak and Estimated Sensible Load [W],-235.7


Engineering Checks for Heating

,,Value
,Outside Air Fraction [fraction],0.1936
,Airflow per Floor Area [m3/s-m2],2.387E-03
,Airflow per Total Capacity [m3/s-W],-7.317E-05
,Floor Area per Total Capacity [m2/W],-3.066E-02
,Total Capacity per Floor Area [W/m2],-3.262E+01
,Number of People,4.9


----------------------------------------------------------------------------------------------------
REPORT:,Zone Component Load Summary
FOR:,BLOCKS-3645_OFFICE_2_WEST PERIMETER
Estimated Cooling Peak Load Components

,,Sensible - Instant [W],Sensible - Delayed [W],Sensible - Return Air [W],Latent [W],Total [W],%Grand Total,Related Area [m2],Total per Area [W/m2]
,People,155.92,63.07,,222.75,441.75,8.53,62.71,7.04
,Lights,200.47,261.73,0.00,,462.20,8.92,62.71,7.37
,Equipment,354.37,165.04,,0.00,519.42,10.03,62.71,8.28
,Refrigeration,0.00,,0.00,0.00,0.00,0.00,62.71,0.00
,Water Use Equipment,0.00,,,0.00,0.00,0.00,62.71,0.00
,HVAC Equipment Losses,0.00,0.00,,,0.00,0.00,,
,Power Generation Equipment,0.00,0.00,,,0.00,0.00,,
,DOAS Direct to Zone,0.00,,,0.00,0.00,0.00,,
,Infiltration,8.00,,,15.32,23.32,0.45,50.17,0.46
,Zone Ventilation,0.00,,,0.00,0.00,0.00,,
,Interzone Mixing,0.00,,,0.00,0.00,0.00,,
,Roof,,0.00,,,0.00,0.00,0.00,
,Interzone Ceiling,,-539.6,,,-539.6,-10.4,62.71,-8.6
,Other Roof,,0.00,,,0.00,0.00,0.00,
,Exterior Wall,,77.81,,,77.81,1.50,50.17,1.55
,Interzone Wall,,-478.1,,,-478.1,-9.2,60.56,-7.9
,Ground Contact Wall,,0.00,,,0.00,0.00,0.00,
,Other Wall,,0.00,,,0.00,0.00,50.17,0.00
,Exterior Floor,,0.00,,,0.00,0.00,0.00,
,Interzone Floor,,29.57,,,29.57,0.57,62.71,0.47
,Ground Contact Floor,,0.00,,,0.00,0.00,0.00,
,Other Floor,,0.00,,,0.00,0.00,62.71,0.00
,Fenestration Conduction,1482.19,,,,1482.19,28.62,20.07,73.86
,Fenestration Solar,,3160.71,,,3160.71,61.03,20.07,157.51
,Opaque Door,,0.00,,,0.00,0.00,0.00,
,Grand Total,2200.96,2740.27,0.00,238.07,5179.30,,,


Cooling Peak Conditions

,,Value
,Time of Peak Load,8/21 17:00:00
,Outside Dry Bulb Temperature [C],27.94
,Outside Wet Bulb Temperature [C],17.92
,Outside Humidity Ratio at Peak [kgWater/kgDryAir],0.01195
,Zone Dry Bulb Temperature [C],24.00
,Zone Relative Humidity [%],37.59
,Zone Humidity Ratio at Peak [kgWater/kgDryAir],0.00871
,Supply Air Temperature [C],12.89
,Mixed Air Temperature [C],
,Main Fan Air Flow [m3/s],0.4491
,Outside Air Flow [m3/s],0.0290
,Peak Sensible Load with Sizing Factor [W],5651.45
,Difference Due to Sizing Factor [W],737.15
,Peak Sensible Load [W],4914.31
,Estimated Instant + Delayed Sensible Load [W],4941.23
,Difference Between Peak and Estimated Sensible Load [W],-26.9


Engineering Checks for Cooling

,,Value
,Outside Air Fraction [fraction],0.0645
,Airflow per Floor Area [m3/s-m2],7.161E-03
,Airflow per Total Capacity [m3/s-W],7.946E-05
,Floor Area per Total Capacity [m2/W],1.110E-02
,Total Capacity per Floor Area [W/m2],9.012E+01
,Number of People,3.4


Estimated Heating Peak Load Components

,,Sensible - Instant [W],Sensible - Delayed [W],Sensible - Return Air [W],Latent [W],Total [W],%Grand Total,Related Area [m2],Total per Area [W/m2]
,People,0.00,0.00,,0.00,0.00,-0.00,62.71,0.00
,Lights,0.00,0.00,0.00,,0.00,-0.00,62.71,0.00
,Equipment,0.00,0.00,,0.00,0.00,-0.00,62.71,0.00
,Refrigeration,0.00,,0.00,0.00,0.00,-0.00,62.71,0.00
,Water Use Equipment,0.00,,,0.00,0.00,-0.00,62.71,0.00
,HVAC Equipment Losses,0.00,0.00,,,0.00,-0.00,,
,Power Generation Equipment,0.00,0.00,,,0.00,-0.00,,
,DOAS Direct to Zone,0.00,,,0.00,0.00,-0.00,,
,Infiltration,-55.3,,,-25.3,-80.6,5.03,50.17,-1.6
,Zone Ventilation,0.00,,,0.00,0.00,-0.00,,
,Interzone Mixing,0.00,,,0.00,0.00,-0.00,,
,Roof,,0.00,,,0.00,-0.00,0.00,
,Interzone Ceiling,,-289.9,,,-289.9,18.10,62.71,-4.6
,Other Roof,,0.00,,,0.00,-0.00,0.00,
,Exterior Wall,,-310.5,,,-310.5,19.39,50.17,-6.2
,Interzone Wall,,-66.3,,,-66.3,4.14,60.56,-1.1
,Ground Contact Wall,,0.00,,,0.00,-0.00,0.00,
,Other Wall,,0.00,,,0.00,-0.00,50.17,0.00
,Exterior Floor,,0.00,,,0.00,-0.00,0.00,
,Interzone Floor,,-86.9,,,-86.9,5.42,62.71,-1.4
,Ground Contact Floor,,0.00,,,0.00,-0.00,0.00,
,Other Floor,,0.00,,,0.00,-0.00,62.71,0.00
,Fenestration Conduction,-767.1,,,,-767.1,47.90,20.07,-38.2
,Fenestration Solar,,0.00,,,0.00,-0.00,20.07,0.00
,Opaque Door,,0.00,,,0.00,-0.00,0.00,
,Grand Total,-822.3,-753.6,0.00,-25.3,-1601.2,,,


Heating Peak Conditions

,,Value
,Time of Peak Load,12/21 08:00:00
,Outside Dry Bulb Temperature [C],-4.2
,Outside Wet Bulb Temperature [C],-4.2
,Outside Humidity Ratio at Peak [kgWater/kgDryAir],0.00331
,Zone Dry Bulb Temperature [C],21.00
,Zone Relative Humidity [%],41.10
,Zone Humidity Ratio at Peak [kgWater/kgDryAir],0.00793
,Supply Air Temperature [C],9.89
,Mixed Air Temperature [C],
,Main Fan Air Flow [m3/s],0.1598
,Outside Air Flow [m3/s],0.0290
,Peak Sensible Load with Sizing Factor [W],-2183.9
,Difference Due to Sizing Factor [W],-436.8
,Peak Sensible Load [W],-1747.1
,Estimated Instant + Delayed Sensible Load [W],-1575.9
,Difference Between Peak and Estimated Sensible Load [W],-171.3


Engineering Checks for Heating

,,Value
,Outside Air Fraction [fraction],0.1813
,Airflow per Floor Area [m3/s-m2],2.548E-03
,Airflow per Total Capacity [m3/s-W],-7.317E-05
,Floor Area per Total Capacity [m2/W],-2.871E-02
,Total Capacity per Floor Area [W/m2],-3.483E+01
,Number of People,3.4


----------------------------------------------------------------------------------------------------
REPORT:,Zone Component Load Summary
FOR:,BLOCKS-3645_OFFICE_3_CORE
Estimated Cooling Peak Load Components

,,Sensible - Instant [W],Sensible - Delayed [W],Sensible - Return Air [W],Latent [W],Total [W],%Grand Total,Related Area [m2],Total per Area [W/m2]
,People,346.50,60.61,,495.00,902.11,22.19,139.35,6.47
,Lights,445.50,376.01,0.00,,821.51,20.21,139.35,5.90
,Equipment,787.50,234.68,,0.00,1022.18,25.14,139.35,7.34
,Refrigeration,0.00,,0.00,0.00,0.00,0.00,139.35,0.00
,Water Use Equipment,0.00,,,0.00,0.00,0.00,139.35,0.00
,HVAC Equipment Losses,0.00,0.00,,,0.00,0.00,,
,Power Generation Equipment,0.00,0.00,,,0.00,0.00,,
,DOAS Direct to Zone,0.00,,,0.00,0.00,0.00,,
,Infiltration,0.00,,,0.00,0.00,0.00,0.00,
,Zone Ventilation,0.00,,,0.00,0.00,0.00,,
,Interzone Mixing,0.00,,,0.00,0.00,0.00,,
,Roof,,0.00,,,0.00,0.00,0.00,
,Interzone Ceiling,,484.49,,,484.49,11.92,139.35,3.48
,Other Roof,,0.00,,,0.00,0.00,0.00,
,Exterior Wall,,0.00,,,0.00,0.00,0.00,
,Interzone Wall,,505.38,,,505.38,12.43,133.78,3.78
,Ground Contact Wall,,0.00,,,0.00,0.00,0.00,
,Other Wall,,0.00,,,0.00,0.00,0.00,
,Exterior Floor,,0.00,,,0.00,0.00,0.00,
,Interzone Floor,,329.84,,,329.84,8.11,139.35,2.37
,Ground Contact Floor,,0.00,,,0.00,0.00,0.00,
,Other Floor,,0.00,,,0.00,0.00,139.35,0.00
,Fenestration Conduction,0.00,,,,0.00,0.00,0.00,
,Fenestration Solar,,0.00,,,0.00,0.00,0.00,
,Opaque Door,,0.00,,,0.00,0.00,0.00,
,Grand Total,1579.50,1991.01,0.00,495.00,4065.51,,,


Cooling Peak Conditions

,,Value
,Time of Peak Load,8/21 08:00:00
,Outside Dry Bulb Temperature [C],21.70
,Outside Wet Bulb Temperature [C],16.06
,Outside Humidity Ratio at Peak [kgWater/kgDryAir],0.01194
,Zone Dry Bulb Temperature [C],24.00
,Zone Relative Humidity [%],39.13
,Zone Humidity Ratio at Peak [kgWater/kgDryAir],0.00908
,Supply Air Temperature [C],12.89
,Mixed Air Temperature [C],
,Main Fan Air Flow [m3/s],0.3458
,Outside Air Flow [m3/s],0.0644
,Peak Sensible Load with Sizing Factor [W],4351.77
,Difference Due to Sizing Factor [W],567.62
,Peak Sensible Load [W],3784.15
,Estimated Instant + Delayed Sensible Load [W],3570.51
,Difference Between Peak and Estimated Sensible Load [W],213.64


Engineering Checks for Cooling

,,Value
,Outside Air Fraction [fraction],0.1862
,Airflow per Floor Area [m3/s-m2],2.481E-03
,Airflow per Total Capacity [m3/s-W],7.946E-05
,Floor Area per Total Capacity [m2/W],3.202E-02
,Total Capacity per Floor Area [W/m2],3.123E+01
,Number of People,7.5


Estimated Heating Peak Load Components

,,Sensible - Instant [W],Sensible - Delayed [W],Sensible - Return Air [W],Latent [W],Total [W],%Grand Total,Related Area [m2],Total per Area [W/m2]
,People,0.00,0.00,,0.00,0.00,-0.00,139.35,0.00
,Lights,0.00,0.00,0.00,,0.00,-0.00,139.35,0.00
,Equipment,0.00,0.00,,0.00,0.00,-0.00,139.35,0.00
,Refrigeration,0.00,,0.00,0.00,0.00,-0.00,139.35,0.00
,Water Use Equipment,0.00,,,0.00,0.00,-0.00,139.35,0.00
,HVAC Equipment Losses,0.00,0.00,,,0.00,-0.00,,
,Power Generation Equipment,0.00,0.00,,,0.00,-0.00,,
,DOAS Direct to Zone,0.00,,,0.00,0.00,-0.00,,
,Infiltration,0.00,,,0.00,0.00,-0.00,0.00,
,Zone Ventilation,0.00,,,0.00,0.00,-0.00,,
,Interzone Mixing,0.00,,,0.00,0.00,-0.00,,
,Roof,,0.00,,,0.00,-0.00,0.00,
,Interzone Ceiling,,-630.7,,,-630.7,42.57,139.35,-4.5
,Other Roof,,0.00,,,0.00,-0.00,0.00,
,Exterior Wall,,0.00,,,0.00,-0.00,0.00,
,Interzone Wall,,-518.0,,,-518.0,34.96,133.78,-3.9
,Ground Contact Wall,,0.00,,,0.00,-0.00,0.00,
,Other Wall,,0.00,,,0.00,-0.00,0.00,
,Exterior Floor,,0.00,,,0.00,-0.00,0.00,
,Interzone Floor,,-333.0,,,-333.0,22.47,139.35,-2.4
,Ground Contact Floor,,0.00,,,0.00,-0.00,0.00,
,Other Floor,,0.00,,,0.00,-0.00,139.35,0.00
,Fenestration Conduction,0.00,,,,0.00,-0.00,0.00,
,Fenestration Solar,,0.00,,,0.00,-0.00,0.00,
,Opaque Door,,0.00,,,0.00,-0.00,0.00,
,Grand Total,0.00,-1481.7,0.00,0.00,-1481.7,,,


Heating Peak Conditions

,,Value
,Time of Peak Load,12/21 08:00:00
,Outside Dry Bulb Temperature [C],-4.2
,Outside Wet Bulb Temperature [C],-4.2
,Outside Humidity Ratio at Peak [kgWater/kgDryAir],0.00331
,Zone Dry Bulb Temperature [C],21.00
,Zone Relative Humidity [%],41.45
,Zone Humidity Ratio at Peak [kgWater/kgDryAir],0.00800
,Supply Air Temperature [C],9.89
,Mixed Air Temperature [C],
,Main Fan Air Flow [m3/s],0.1595
,Outside Air Flow [m3/s],0.0644
,Peak Sensible Load with Sizing Factor [W],-2179.3
,Difference Due to Sizing Factor [W],-435.9
,Peak Sensible Load [W],-1743.4
,Estimated Instant + Delayed Sensible Load [W],-1481.7
,Difference Between Peak and Estimated Sensible Load [W],-261.7


Engineering Checks for Heating

,,Value
,Outside Air Fraction [fraction],0.4038
,Airflow per Floor Area [m3/s-m2],1.144E-03
,Airflow per Total Capacity [m3/s-W],-7.317E-05
,Floor Area per Total Capacity [m2/W],-6.395E-02
,Total Capacity per Floor Area [W/m2],-1.564E+01
,Number of People,7.5


----------------------------------------------------------------------------------------------------
REPORT:,Zone Component Load Summary
FOR:,BLOCKS-3645_OFFICE_3_EAST PERIMETER
Estimated Cooling Peak Load Components

,,Sensible - Instant [W],Sensible - Delayed [W],Sensible - Return Air [W],Latent [W],Total [W],%Grand Total,Related Area [m2],Total per Area [W/m2]
,People,155.92,38.11,,222.75,416.79,8.42,62.71,6.65
,Lights,200.47,210.44,0.00,,410.91,8.30,62.71,6.55
,Equipment,354.37,132.87,,0.00,487.25,9.85,62.71,7.77
,Refrigeration,0.00,,0.00,0.00,0.00,0.00,62.71,0.00
,Water Use Equipment,0.00,,,0.00,0.00,0.00,62.71,0.00
,HVAC Equipment Losses,0.00,0.00,,,0.00,0.00,,
,Power Generation Equipment,0.00,0.00,,,0.00,0.00,,
,DOAS Direct to Zone,0.00,,,0.00,0.00,0.00,,
,Infiltration,-4.4,,,16.46,12.06,0.24,50.17,0.24
,Zone Ventilation,0.00,,,0.00,0.00,0.00,,
,Interzone Mixing,0.00,,,0.00,0.00,0.00,,
,Roof,,0.00,,,0.00,0.00,0.00,
,Interzone Ceiling,,-425.5,,,-425.5,-8.6,62.71,-6.8
,Other Roof,,0.00,,,0.00,0.00,0.00,
,Exterior Wall,,-15.3,,,-15.3,-0.3,50.17,-0.3
,Interzone Wall,,-394.2,,,-394.2,-8.0,60.56,-6.5
,Ground Contact Wall,,0.00,,,0.00,0.00,0.00,
,Other Wall,,0.00,,,0.00,0.00,50.17,0.00
,Exterior Floor,,0.00,,,0.00,0.00,0.00,
,Interzone Floor,,-57.3,,,-57.3,-1.2,62.71,-0.9
,Ground Contact Floor,,0.00,,,0.00,0.00,0.00,
,Other Floor,,0.00,,,0.00,0.00,62.71,0.00
,Fenestration Conduction,1349.88,,,,1349.88,27.28,20.07,67.27
,Fenestration Solar,,3163.28,,,3163.28,63.93,20.07,157.64
,Opaque Door,,0.00,,,0.00,0.00,0.00,
,Grand Total,2056.26,2652.40,0.00,239.21,4947.87,,,


Cooling Peak Conditions

,,Value
,Time of Peak Load,8/21 08:30:00
,Outside Dry Bulb Temperature [C],22.69
,Outside Wet Bulb Temperature [C],16.36
,Outside Humidity Ratio at Peak [kgWater/kgDryAir],0.01194
,Zone Dry Bulb Temperature [C],24.00
,Zone Relative Humidity [%],37.64
,Zone Humidity Ratio at Peak [kgWater/kgDryAir],0.00873
,Supply Air Temperature [C],12.89
,Mixed Air Temperature [C],
,Main Fan Air Flow [m3/s],0.4291
,Outside Air Flow [m3/s],0.0290
,Peak Sensible Load with Sizing Factor [W],5400.26
,Difference Due to Sizing Factor [W],704.38
,Peak Sensible Load [W],4695.88
,Estimated Instant + Delayed Sensible Load [W],4708.66
,Difference Between Peak and Estimated Sensible Load [W],-12.8


Engineering Checks for Cooling

,,Value
,Outside Air Fraction [fraction],0.0675
,Airflow per Floor Area [m3/s-m2],6.843E-03
,Airflow per Total Capacity [m3/s-W],7.946E-05
,Floor Area per Total Capacity [m2/W],1.161E-02
,Total Capacity per Floor Area [W/m2],8.612E+01
,Number of People,3.4


Estimated Heating Peak Load Components

,,Sensible - Instant [W],Sensible - Delayed [W],Sensible - Return Air [W],Latent [W],Total [W],%Grand Total,Related Area [m2],Total per Area [W/m2]
,People,0.00,0.00,,0.00,0.00,-0.00,62.71,0.00
,Lights,0.00,0.00,0.00,,0.00,-0.00,62.71,0.00
,Equipment,0.00,0.00,,0.00,0.00,-0.00,62.71,0.00
,Refrigeration,0.00,,0.00,0.00,0.00,-0.00,62.71,0.00
,Water Use Equipment,0.00,,,0.00,0.00,-0.00,62.71,0.00
,HVAC Equipment Losses,0.00,0.00,,,0.00,-0.00,,
,Power Generation Equipment,0.00,0.00,,,0.00,-0.00,,
,DOAS Direct to Zone,0.00,,,0.00,0.00,-0.00,,
,Infiltration,-58.6,,,-26.8,-85.4,5.30,50.17,-1.7
,Zone Ventilation,0.00,,,0.00,0.00,-0.00,,
,Interzone Mixing,0.00,,,0.00,0.00,-0.00,,
,Roof,,0.00,,,0.00,-0.00,0.00,
,Interzone Ceiling,,-289.6,,,-289.6,17.96,62.71,-4.6
,Other Roof,,0.00,,,0.00,-0.00,0.00,
,Exterior Wall,,-308.8,,,-308.8,19.16,50.17,-6.2
,Interzone Wall,,-65.5,,,-65.5,4.07,60.56,-1.1
,Ground Contact Wall,,0.00,,,0.00,-0.00,0.00,
,Other Wall,,0.00,,,0.00,-0.00,50.17,0.00
,Exterior Floor,,0.00,,,0.00,-0.00,0.00,
,Interzone Floor,,-86.2,,,-86.2,5.35,62.71,-1.4
,Ground Contact Floor,,0.00,,,0.00,-0.00,0.00,
,Other Floor,,0.00,,,0.00,-0.00,62.71,0.00
,Fenestration Conduction,-776.5,,,,-776.5,48.17,20.07,-38.7
,Fenestration Solar,,0.00,,,0.00,-0.00,20.07,0.00
,Opaque Door,,0.00,,,0.00,-0.00,0.00,
,Grand Total,-835.1,-750.2,0.00,-26.8,-1612.1,,,


Heating Peak Conditions

,,Value
,Time of Peak Load,12/21 08:00:00
,Outside Dry Bulb Temperature [C],-4.2
,Outside Wet Bulb Temperature [C],-4.2
,Outside Humidity Ratio at Peak [kgWater/kgDryAir],0.00331
,Zone Dry Bulb Temperature [C],21.00
,Zone Relative Humidity [%],41.09
,Zone Humidity Ratio at Peak [kgWater/kgDryAir],0.00793
,Supply Air Temperature [C],9.89
,Mixed Air Temperature [C],
,Main Fan Air Flow [m3/s],0.1607
,Outside Air Flow [m3/s],0.0290
,Peak Sensible Load with Sizing Factor [W],-2195.9
,Difference Due to Sizing Factor [W],-439.2
,Peak Sensible Load [W],-1756.7
,Estimated Instant + Delayed Sensible Load [W],-1585.3
,Difference Between Peak and Estimated Sensible Load [W],-171.4


Engineering Checks for Heating

,,Value
,Outside Air Fraction [fraction],0.1803
,Airflow per Floor Area [m3/s-m2],2.562E-03
,Airflow per Total Capacity [m3/s-W],-7.317E-05
,Floor Area per Total Capacity [m2/W],-2.856E-02
,Total Capacity per Floor Area [W/m2],-3.502E+01
,Number of People,3.4


----------------------------------------------------------------------------------------------------
REPORT:,Zone Component Load Summary
FOR:,BLOCKS-3645_OFFICE_3_NORTH PERIMETER
Estimated Cooling Peak Load Components

,,Sensible - Instant [W],Sensible - Delayed [W],Sensible - Return Air [W],Latent [W],Total [W],%Grand Total,Related Area [m2],Total per Area [W/m2]
,People,225.23,77.65,,321.75,624.62,18.03,90.58,6.90
,Lights,289.57,351.33,0.00,,640.91,18.50,90.58,7.08
,Equipment,511.88,222.03,,0.00,733.91,21.18,90.58,8.10
,Refrigeration,0.00,,0.00,0.00,0.00,0.00,90.58,0.00
,Water Use Equipment,0.00,,,0.00,0.00,0.00,90.58,0.00
,HVAC Equipment Losses,0.00,0.00,,,0.00,0.00,,
,Power Generation Equipment,0.00,0.00,,,0.00,0.00,,
,DOAS Direct to Zone,0.00,,,0.00,0.00,0.00,,
,Infiltration,14.26,,,19.72,33.98,0.98,66.89,0.51
,Zone Ventilation,0.00,,,0.00,0.00,0.00,,
,Interzone Mixing,0.00,,,0.00,0.00,0.00,,
,Roof,,0.00,,,0.00,0.00,0.00,
,Interzone Ceiling,,163.23,,,163.23,4.71,90.58,1.80
,Other Roof,,0.00,,,0.00,0.00,0.00,
,Exterior Wall,,1.36,,,1.36,0.04,66.89,0.02
,Interzone Wall,,15.20,,,15.20,0.44,77.28,0.20
,Ground Contact Wall,,0.00,,,0.00,0.00,0.00,
,Other Wall,,0.00,,,0.00,0.00,66.89,0.00
,Exterior Floor,,0.00,,,0.00,0.00,0.00,
,Interzone Floor,,-24.6,,,-24.6,-0.7,90.58,-0.3
,Ground Contact Floor,,0.00,,,0.00,0.00,0.00,
,Other Floor,,0.00,,,0.00,0.00,90.58,0.00
,Fenestration Conduction,387.16,,,,387.16,11.17,26.76,14.47
,Fenestration Solar,,889.23,,,889.23,25.66,26.76,33.23
,Opaque Door,,0.00,,,0.00,0.00,0.00,
,Grand Total,1428.09,1695.44,0.00,341.47,3465.00,,,


Cooling Peak Conditions

,,Value
,Time of Peak Load,8/21 14:45:00
,Outside Dry Bulb Temperature [C],29.40
,Outside Wet Bulb Temperature [C],18.34
,Outside Humidity Ratio at Peak [kgWater/kgDryAir],0.01196
,Zone Dry Bulb Temperature [C],24.00
,Zone Relative Humidity [%],38.77
,Zone Humidity Ratio at Peak [kgWater/kgDryAir],0.00899
,Supply Air Temperature [C],12.89
,Mixed Air Temperature [C],
,Main Fan Air Flow [m3/s],0.2822
,Outside Air Flow [m3/s],0.0419
,Peak Sensible Load with Sizing Factor [W],3551.12
,Difference Due to Sizing Factor [W],463.19
,Peak Sensible Load [W],3087.93
,Estimated Instant + Delayed Sensible Load [W],3123.53
,Difference Between Peak and Estimated Sensible Load [W],-35.6


Engineering Checks for Cooling

,,Value
,Outside Air Fraction [fraction],0.1483
,Airflow per Floor Area [m3/s-m2],3.115E-03
,Airflow per Total Capacity [m3/s-W],7.946E-05
,Floor Area per Total Capacity [m2/W],2.551E-02
,Total Capacity per Floor Area [W/m2],3.920E+01
,Number of People,4.9


Estimated Heating Peak Load Components

,,Sensible - Instant [W],Sensible - Delayed [W],Sensible - Return Air [W],Latent [W],Total [W],%Grand Total,Related Area [m2],Total per Area [W/m2]
,People,0.00,0.00,,0.00,0.00,-0.00,90.58,0.00
,Lights,0.00,0.00,0.00,,0.00,-0.00,90.58,0.00
,Equipment,0.00,0.00,,0.00,0.00,-0.00,90.58,0.00
,Refrigeration,0.00,,0.00,0.00,0.00,-0.00,90.58,0.00
,Water Use Equipment,0.00,,,0.00,0.00,-0.00,90.58,0.00
,HVAC Equipment Losses,0.00,0.00,,,0.00,-0.00,,
,Power Generation Equipment,0.00,0.00,,,0.00,-0.00,,
,DOAS Direct to Zone,0.00,,,0.00,0.00,-0.00,,
,Infiltration,-78.1,,,-35.7,-113.8,5.23,66.89,-1.7
,Zone Ventilation,0.00,,,0.00,0.00,-0.00,,
,Interzone Mixing,0.00,,,0.00,0.00,-0.00,,
,Roof,,0.00,,,0.00,-0.00,0.00,
,Interzone Ceiling,,-415.6,,,-415.6,19.09,90.58,-4.6
,Other Roof,,0.00,,,0.00,-0.00,0.00,
,Exterior Wall,,-409.4,,,-409.4,18.81,66.89,-6.1
,Interzone Wall,,-72.2,,,-72.2,3.32,77.28,-0.9
,Ground Contact Wall,,0.00,,,0.00,-0.00,0.00,
,Other Wall,,0.00,,,0.00,-0.00,66.89,0.00
,Exterior Floor,,0.00,,,0.00,-0.00,0.00,
,Interzone Floor,,-129.6,,,-129.6,5.96,90.58,-1.4
,Ground Contact Floor,,0.00,,,0.00,-0.00,0.00,
,Other Floor,,0.00,,,0.00,-0.00,90.58,0.00
,Fenestration Conduction,-1035.9,,,,-1035.9,47.59,26.76,-38.7
,Fenestration Solar,,0.00,,,0.00,-0.00,26.76,0.00
,Opaque Door,,0.00,,,0.00,-0.00,0.00,
,Grand Total,-1113.9,-1026.9,0.00,-35.7,-2176.5,,,


Heating Peak Conditions

,,Value
,Time of Peak Load,12/21 08:00:00
,Outside Dry Bulb Temperature [C],-4.2
,Outside Wet Bulb Temperature [C],-4.2
,Outside Humidity Ratio at Peak [kgWater/kgDryAir],0.00331
,Zone Dry Bulb Temperature [C],21.00
,Zone Relative Humidity [%],41.08
,Zone Humidity Ratio at Peak [kgWater/kgDryAir],0.00793
,Supply Air Temperature [C],9.89
,Mixed Air Temperature [C],
,Main Fan Air Flow [m3/s],0.2174
,Outside Air Flow [m3/s],0.0419
,Peak Sensible Load with Sizing Factor [W],-2970.9
,Difference Due to Sizing Factor [W],-594.2
,Peak Sensible Load [W],-2376.7
,Estimated Instant + Delayed Sensible Load [W],-2140.8
,Difference Between Peak and Estimated Sensible Load [W],-235.9


Engineering Checks for Heating

,,Value
,Outside Air Fraction [fraction],0.1925
,Airflow per Floor Area [m3/s-m2],2.400E-03
,Airflow per Total Capacity [m3/s-W],-7.317E-05
,Floor Area per Total Capacity [m2/W],-3.049E-02
,Total Capacity per Floor Area [W/m2],-3.280E+01
,Number of People,4.9


----------------------------------------------------------------------------------------------------
REPORT:,Zone Component Load Summary
FOR:,BLOCKS-3645_OFFICE_3_SOUTH PERIMETER
Estimated Cooling Peak Load Components

,,Sensible - Instant [W],Sensible - Delayed [W],Sensible - Return Air [W],Latent [W],Total [W],%Grand Total,Related Area [m2],Total per Area [W/m2]
,People,225.22,74.03,,321.75,621.01,11.56,90.58,6.86
,Lights,289.57,349.83,0.00,,639.40,11.90,90.58,7.06
,Equipment,511.87,220.90,,0.00,732.78,13.64,90.58,8.09
,Refrigeration,0.00,,0.00,0.00,0.00,0.00,90.58,0.00
,Water Use Equipment,0.00,,,0.00,0.00,0.00,90.58,0.00
,HVAC Equipment Losses,0.00,0.00,,,0.00,0.00,,
,Power Generation Equipment,0.00,0.00,,,0.00,0.00,,
,DOAS Direct to Zone,0.00,,,0.00,0.00,0.00,,
,Infiltration,12.05,,,21.01,33.07,0.62,66.89,0.49
,Zone Ventilation,0.00,,,0.00,0.00,0.00,,
,Interzone Mixing,0.00,,,0.00,0.00,0.00,,
,Roof,,0.00,,,0.00,0.00,0.00,
,Interzone Ceiling,,-308.2,,,-308.2,-5.7,90.58,-3.4
,Other Roof,,0.00,,,0.00,0.00,0.00,
,Exterior Wall,,44.55,,,44.55,0.83,66.89,0.67
,Interzone Wall,,-324.0,,,-324.0,-6.0,77.28,-4.2
,Ground Contact Wall,,0.00,,,0.00,0.00,0.00,
,Other Wall,,0.00,,,0.00,0.00,66.89,0.00
,Exterior Floor,,0.00,,,0.00,0.00,0.00,
,Interzone Floor,,-178.8,,,-178.8,-3.3,90.58,-2.0
,Ground Contact Floor,,0.00,,,0.00,0.00,0.00,
,Other Floor,,0.00,,,0.00,0.00,90.58,0.00
,Fenestration Conduction,1649.96,,,,1649.96,30.72,26.76,61.67
,Fenestration Solar,,2461.38,,,2461.38,45.83,26.76,91.99
,Opaque Door,,0.00,,,0.00,0.00,0.00,
,Grand Total,2688.69,2339.72,0.00,342.76,5371.17,,,


Cooling Peak Conditions

,,Value
,Time of Peak Load,8/21 13:00:00
,Outside Dry Bulb Temperature [C],28.88
,Outside Wet Bulb Temperature [C],18.19
,Outside Humidity Ratio at Peak [kgWater/kgDryAir],0.01195
,Zone Dry Bulb Temperature [C],24.00
,Zone Relative Humidity [%],37.98
,Zone Humidity Ratio at Peak [kgWater/kgDryAir],0.00881
,Supply Air Temperature [C],12.89
,Mixed Air Temperature [C],
,Main Fan Air Flow [m3/s],0.4561
,Outside Air Flow [m3/s],0.0419
,Peak Sensible Load with Sizing Factor [W],5739.77
,Difference Due to Sizing Factor [W],748.67
,Peak Sensible Load [W],4991.11
,Estimated Instant + Delayed Sensible Load [W],5028.41
,Difference Between Peak and Estimated Sensible Load [W],-37.3


Engineering Checks for Cooling

,,Value
,Outside Air Fraction [fraction],0.0918
,Airflow per Floor Area [m3/s-m2],5.035E-03
,Airflow per Total Capacity [m3/s-W],7.946E-05
,Floor Area per Total Capacity [m2/W],1.578E-02
,Total Capacity per Floor Area [W/m2],6.337E+01
,Number of People,4.9


Estimated Heating Peak Load Components

,,Sensible - Instant [W],Sensible - Delayed [W],Sensible - Return Air [W],Latent [W],Total [W],%Grand Total,Related Area [m2],Total per Area [W/m2]
,People,0.00,0.00,,0.00,0.00,-0.00,90.58,0.00
,Lights,0.00,0.00,0.00,,0.00,-0.00,90.58,0.00
,Equipment,0.00,0.00,,0.00,0.00,-0.00,90.58,0.00
,Refrigeration,0.00,,0.00,0.00,0.00,-0.00,90.58,0.00
,Water Use Equipment,0.00,,,0.00,0.00,-0.00,90.58,0.00
,HVAC Equipment Losses,0.00,0.00,,,0.00,-0.00,,
,Power Generation Equipment,0.00,0.00,,,0.00,-0.00,,
,DOAS Direct to Zone,0.00,,,0.00,0.00,-0.00,,
,Infiltration,-78.1,,,-35.7,-113.8,5.24,66.89,-1.7
,Zone Ventilation,0.00,,,0.00,0.00,-0.00,,
,Interzone Mixing,0.00,,,0.00,0.00,-0.00,,
,Roof,,0.00,,,0.00,-0.00,0.00,
,Interzone Ceiling,,-416.1,,,-416.1,19.17,90.58,-4.6
,Other Roof,,0.00,,,0.00,-0.00,0.00,
,Exterior Wall,,-411.6,,,-411.6,18.96,66.89,-6.2
,Interzone Wall,,-73.1,,,-73.1,3.37,77.28,-0.9
,Ground Contact Wall,,0.00,,,0.00,-0.00,0.00,
,Other Wall,,0.00,,,0.00,-0.00,66.89,0.00
,Exterior Floor,,0.00,,,0.00,-0.00,0.00,
,Interzone Floor,,-130.4,,,-130.4,6.01,90.58,-1.4
,Ground Contact Floor,,0.00,,,0.00,-0.00,0.00,
,Other Floor,,0.00,,,0.00,-0.00,90.58,0.00
,Fenestration Conduction,-1025.6,,,,-1025.6,47.25,26.76,-38.3
,Fenestration Solar,,0.00,,,0.00,-0.00,26.76,0.00
,Opaque Door,,0.00,,,0.00,-0.00,0.00,
,Grand Total,-1103.6,-1031.2,0.00,-35.7,-2170.6,,,


Heating Peak Conditions

,,Value
,Time of Peak Load,12/21 08:00:00
,Outside Dry Bulb Temperature [C],-4.2
,Outside Wet Bulb Temperature [C],-4.2
,Outside Humidity Ratio at Peak [kgWater/kgDryAir],0.00331
,Zone Dry Bulb Temperature [C],21.00
,Zone Relative Humidity [%],41.08
,Zone Humidity Ratio at Peak [kgWater/kgDryAir],0.00793
,Supply Air Temperature [C],9.89
,Mixed Air Temperature [C],
,Main Fan Air Flow [m3/s],0.2168
,Outside Air Flow [m3/s],0.0419
,Peak Sensible Load with Sizing Factor [W],-2963.3
,Difference Due to Sizing Factor [W],-592.7
,Peak Sensible Load [W],-2370.6
,Estimated Instant + Delayed Sensible Load [W],-2134.9
,Difference Between Peak and Estimated Sensible Load [W],-235.8


Engineering Checks for Heating

,,Value
,Outside Air Fraction [fraction],0.1930
,Airflow per Floor Area [m3/s-m2],2.394E-03
,Airflow per Total Capacity [m3/s-W],-7.317E-05
,Floor Area per Total Capacity [m2/W],-3.057E-02
,Total Capacity per Floor Area [W/m2],-3.271E+01
,Number of People,4.9


----------------------------------------------------------------------------------------------------
REPORT:,Zone Component Load Summary
FOR:,BLOCKS-3645_OFFICE_3_WEST PERIMETER
Estimated Cooling Peak Load Components

,,Sensible - Instant [W],Sensible - Delayed [W],Sensible - Return Air [W],Latent [W],Total [W],%Grand Total,Related Area [m2],Total per Area [W/m2]
,People,155.92,63.06,,222.75,441.73,8.54,62.71,7.04
,Lights,200.47,261.66,0.00,,462.14,8.93,62.71,7.37
,Equipment,354.37,165.00,,0.00,519.37,10.04,62.71,8.28
,Refrigeration,0.00,,0.00,0.00,0.00,0.00,62.71,0.00
,Water Use Equipment,0.00,,,0.00,0.00,0.00,62.71,0.00
,HVAC Equipment Losses,0.00,0.00,,,0.00,0.00,,
,Power Generation Equipment,0.00,0.00,,,0.00,0.00,,
,DOAS Direct to Zone,0.00,,,0.00,0.00,0.00,,
,Infiltration,8.42,,,16.22,24.64,0.48,50.17,0.49
,Zone Ventilation,0.00,,,0.00,0.00,0.00,,
,Interzone Mixing,0.00,,,0.00,0.00,0.00,,
,Roof,,0.00,,,0.00,0.00,0.00,
,Interzone Ceiling,,-538.3,,,-538.3,-10.4,62.71,-8.6
,Other Roof,,0.00,,,0.00,0.00,0.00,
,Exterior Wall,,75.51,,,75.51,1.46,50.17,1.51
,Interzone Wall,,-477.3,,,-477.3,-9.2,60.56,-7.9
,Ground Contact Wall,,0.00,,,0.00,0.00,0.00,
,Other Wall,,0.00,,,0.00,0.00,50.17,0.00
,Exterior Floor,,0.00,,,0.00,0.00,0.00,
,Interzone Floor,,30.59,,,30.59,0.59,62.71,0.49
,Ground Contact Floor,,0.00,,,0.00,0.00,0.00,
,Other Floor,,0.00,,,0.00,0.00,62.71,0.00
,Fenestration Conduction,1476.61,,,,1476.61,28.53,20.07,73.58
,Fenestration Solar,,3160.29,,,3160.29,61.07,20.07,157.49
,Opaque Door,,0.00,,,0.00,0.00,0.00,
,Grand Total,2195.80,2740.45,0.00,238.97,5175.22,,,


Cooling Peak Conditions

,,Value
,Time of Peak Load,8/21 17:00:00
,Outside Dry Bulb Temperature [C],27.94
,Outside Wet Bulb Temperature [C],17.92
,Outside Humidity Ratio at Peak [kgWater/kgDryAir],0.01195
,Zone Dry Bulb Temperature [C],24.00
,Zone Relative Humidity [%],37.60
,Zone Humidity Ratio at Peak [kgWater/kgDryAir],0.00872
,Supply Air Temperature [C],12.89
,Mixed Air Temperature [C],
,Main Fan Air Flow [m3/s],0.4486
,Outside Air Flow [m3/s],0.0290
,Peak Sensible Load with Sizing Factor [W],5645.76
,Difference Due to Sizing Factor [W],736.40
,Peak Sensible Load [W],4909.35
,Estimated Instant + Delayed Sensible Load [W],4936.25
,Difference Between Peak and Estimated Sensible Load [W],-26.9


Engineering Checks for Cooling

,,Value
,Outside Air Fraction [fraction],0.0646
,Airflow per Floor Area [m3/s-m2],7.154E-03
,Airflow per Total Capacity [m3/s-W],7.946E-05
,Floor Area per Total Capacity [m2/W],1.111E-02
,Total Capacity per Floor Area [W/m2],9.003E+01
,Number of People,3.4


Estimated Heating Peak Load Components

,,Sensible - Instant [W],Sensible - Delayed [W],Sensible - Return Air [W],Latent [W],Total [W],%Grand Total,Related Area [m2],Total per Area [W/m2]
,People,0.00,0.00,,0.00,0.00,-0.00,62.71,0.00
,Lights,0.00,0.00,0.00,,0.00,-0.00,62.71,0.00
,Equipment,0.00,0.00,,0.00,0.00,-0.00,62.71,0.00
,Refrigeration,0.00,,0.00,0.00,0.00,-0.00,62.71,0.00
,Water Use Equipment,0.00,,,0.00,0.00,-0.00,62.71,0.00
,HVAC Equipment Losses,0.00,0.00,,,0.00,-0.00,,
,Power Generation Equipment,0.00,0.00,,,0.00,-0.00,,
,DOAS Direct to Zone,0.00,,,0.00,0.00,-0.00,,
,Infiltration,-58.6,,,-26.8,-85.4,5.31,50.17,-1.7
,Zone Ventilation,0.00,,,0.00,0.00,-0.00,,
,Interzone Mixing,0.00,,,0.00,0.00,-0.00,,
,Roof,,0.00,,,0.00,-0.00,0.00,
,Interzone Ceiling,,-290.0,,,-290.0,18.04,62.71,-4.6
,Other Roof,,0.00,,,0.00,-0.00,0.00,
,Exterior Wall,,-310.5,,,-310.5,19.31,50.17,-6.2
,Interzone Wall,,-66.3,,,-66.3,4.12,60.56,-1.1
,Ground Contact Wall,,0.00,,,0.00,-0.00,0.00,
,Other Wall,,0.00,,,0.00,-0.00,50.17,0.00
,Exterior Floor,,0.00,,,0.00,-0.00,0.00,
,Interzone Floor,,-86.8,,,-86.8,5.40,62.71,-1.4
,Ground Contact Floor,,0.00,,,0.00,-0.00,0.00,
,Other Floor,,0.00,,,0.00,-0.00,62.71,0.00
,Fenestration Conduction,-768.8,,,,-768.8,47.82,20.07,-38.3
,Fenestration Solar,,0.00,,,0.00,-0.00,20.07,0.00
,Opaque Door,,0.00,,,0.00,-0.00,0.00,
,Grand Total,-827.4,-753.5,0.00,-26.8,-1607.7,,,


Heating Peak Conditions

,,Value
,Time of Peak Load,12/21 08:00:00
,Outside Dry Bulb Temperature [C],-4.2
,Outside Wet Bulb Temperature [C],-4.2
,Outside Humidity Ratio at Peak [kgWater/kgDryAir],0.00331
,Zone Dry Bulb Temperature [C],21.00
,Zone Relative Humidity [%],41.08
,Zone Humidity Ratio at Peak [kgWater/kgDryAir],0.00793
,Supply Air Temperature [C],9.89
,Mixed Air Temperature [C],
,Main Fan Air Flow [m3/s],0.1603
,Outside Air Flow [m3/s],0.0290
,Peak Sensible Load with Sizing Factor [W],-2190.2
,Difference Due to Sizing Factor [W],-438.0
,Peak Sensible Load [W],-1752.2
,Estimated Instant + Delayed Sensible Load [W],-1580.8
,Difference Between Peak and Estimated Sensible Load [W],-171.3


Engineering Checks for Heating

,,Value
,Outside Air Fraction [fraction],0.1808
,Airflow per Floor Area [m3/s-m2],2.556E-03
,Airflow per Total Capacity [m3/s-W],-7.317E-05
,Floor Area per Total Capacity [m2/W],-2.863E-02
,Total Capacity per Floor Area [W/m2],-3.493E+01
,Number of People,3.4


----------------------------------------------------------------------------------------------------
REPORT:,Zone Component Load Summary
FOR:,BLOCKS-3645_OFFICE_4_CORE
Estimated Cooling Peak Load Components

,,Sensible - Instant [W],Sensible - Delayed [W],Sensible - Return Air [W],Latent [W],Total [W],%Grand Total,Related Area [m2],Total per Area [W/m2]
,People,346.50,60.61,,495.00,902.11,22.19,139.35,6.47
,Lights,445.50,376.01,0.00,,821.50,20.21,139.35,5.90
,Equipment,787.50,234.67,,0.00,1022.17,25.14,139.35,7.34
,Refrigeration,0.00,,0.00,0.00,0.00,0.00,139.35,0.00
,Water Use Equipment,0.00,,,0.00,0.00,0.00,139.35,0.00
,HVAC Equipment Losses,0.00,0.00,,,0.00,0.00,,
,Power Generation Equipment,0.00,0.00,,,0.00,0.00,,
,DOAS Direct to Zone,0.00,,,0.00,0.00,0.00,,
,Infiltration,0.00,,,0.00,0.00,0.00,0.00,
,Zone Ventilation,0.00,,,0.00,0.00,0.00,,
,Interzone Mixing,0.00,,,0.00,0.00,0.00,,
,Roof,,0.00,,,0.00,0.00,0.00,
,Interzone Ceiling,,484.53,,,484.53,11.92,139.35,3.48
,Other Roof,,0.00,,,0.00,0.00,0.00,
,Exterior Wall,,0.00,,,0.00,0.00,0.00,
,Interzone Wall,,505.03,,,505.03,12.42,133.78,3.78
,Ground Contact Wall,,0.00,,,0.00,0.00,0.00,
,Other Wall,,0.00,,,0.00,0.00,0.00,
,Exterior Floor,,0.00,,,0.00,0.00,0.00,
,Interzone Floor,,329.88,,,329.88,8.11,139.35,2.37
,Ground Contact Floor,,0.00,,,0.00,0.00,0.00,
,Other Floor,,0.00,,,0.00,0.00,139.35,0.00
,Fenestration Conduction,0.00,,,,0.00,0.00,0.00,
,Fenestration Solar,,0.00,,,0.00,0.00,0.00,
,Opaque Door,,0.00,,,0.00,0.00,0.00,
,Grand Total,1579.50,1990.73,0.00,495.00,4065.22,,,


Cooling Peak Conditions

,,Value
,Time of Peak Load,8/21 08:00:00
,Outside Dry Bulb Temperature [C],21.70
,Outside Wet Bulb Temperature [C],16.06
,Outside Humidity Ratio at Peak [kgWater/kgDryAir],0.01194
,Zone Dry Bulb Temperature [C],24.00
,Zone Relative Humidity [%],39.13
,Zone Humidity Ratio at Peak [kgWater/kgDryAir],0.00908
,Supply Air Temperature [C],12.89
,Mixed Air Temperature [C],
,Main Fan Air Flow [m3/s],0.3458
,Outside Air Flow [m3/s],0.0644
,Peak Sensible Load with Sizing Factor [W],4351.43
,Difference Due to Sizing Factor [W],567.58
,Peak Sensible Load [W],3783.85
,Estimated Instant + Delayed Sensible Load [W],3570.22
,Difference Between Peak and Estimated Sensible Load [W],213.63


Engineering Checks for Cooling

,,Value
,Outside Air Fraction [fraction],0.1862
,Airflow per Floor Area [m3/s-m2],2.481E-03
,Airflow per Total Capacity [m3/s-W],7.946E-05
,Floor Area per Total Capacity [m2/W],3.202E-02
,Total Capacity per Floor Area [W/m2],3.123E+01
,Number of People,7.5


Estimated Heating Peak Load Components

,,Sensible - Instant [W],Sensible - Delayed [W],Sensible - Return Air [W],Latent [W],Total [W],%Grand Total,Related Area [m2],Total per Area [W/m2]
,People,0.00,0.00,,0.00,0.00,-0.00,139.35,0.00
,Lights,0.00,0.00,0.00,,0.00,-0.00,139.35,0.00
,Equipment,0.00,0.00,,0.00,0.00,-0.00,139.35,0.00
,Refrigeration,0.00,,0.00,0.00,0.00,-0.00,139.35,0.00
,Water Use Equipment,0.00,,,0.00,0.00,-0.00,139.35,0.00
,HVAC Equipment Losses,0.00,0.00,,,0.00,-0.00,,
,Power Generation Equipment,0.00,0.00,,,0.00,-0.00,,
,DOAS Direct to Zone,0.00,,,0.00,0.00,-0.00,,
,Infiltration,0.00,,,0.00,0.00,-0.00,0.00,
,Zone Ventilation,0.00,,,0.00,0.00,-0.00,,
,Interzone Mixing,0.00,,,0.00,0.00,-0.00,,
,Roof,,0.00,,,0.00,-0.00,0.00,
,Interzone Ceiling,,-630.9,,,-630.9,42.56,139.35,-4.5
,Other Roof,,0.00,,,0.00,-0.00,0.00,
,Exterior Wall,,0.00,,,0.00,-0.00,0.00,
,Interzone Wall,,-518.5,,,-518.5,34.98,133.78,-3.9
,Ground Contact Wall,,0.00,,,0.00,-0.00,0.00,
,Other Wall,,0.00,,,0.00,-0.00,0.00,
,Exterior Floor,,0.00,,,0.00,-0.00,0.00,
,Interzone Floor,,-333.0,,,-333.0,22.46,139.35,-2.4
,Ground Contact Floor,,0.00,,,0.00,-0.00,0.00,
,Other Floor,,0.00,,,0.00,-0.00,139.35,0.00
,Fenestration Conduction,0.00,,,,0.00,-0.00,0.00,
,Fenestration Solar,,0.00,,,0.00,-0.00,0.00,
,Opaque Door,,0.00,,,0.00,-0.00,0.00,
,Grand Total,0.00,-1482.3,0.00,0.00,-1482.3,,,


Heating Peak Conditions

,,Value
,Time of Peak Load,12/21 08:00:00
,Outside Dry Bulb Temperature [C],-4.2
,Outside Wet Bulb Temperature [C],-4.2
,Outside Humidity Ratio at Peak [kgWater/kgDryAir],0.00331
,Zone Dry Bulb Temperature [C],21.00
,Zone Relative Humidity [%],41.45
,Zone Humidity Ratio at Peak [kgWater/kgDryAir],0.00800
,Supply Air Temperature [C],9.89
,Mixed Air Temperature [C],
,Main Fan Air Flow [m3/s],0.1595
,Outside Air Flow [m3/s],0.0644
,Peak Sensible Load with Sizing Factor [W],-2180.1
,Difference Due to Sizing Factor [W],-436.0
,Peak Sensible Load [W],-1744.1
,Estimated Instant + Delayed Sensible Load [W],-1482.3
,Difference Between Peak and Estimated Sensible Load [W],-261.8


Engineering Checks for Heating

,,Value
,Outside Air Fraction [fraction],0.4036
,Airflow per Floor Area [m3/s-m2],1.145E-03
,Airflow per Total Capacity [m3/s-W],-7.317E-05
,Floor Area per Total Capacity [m2/W],-6.392E-02
,Total Capacity per Floor Area [W/m2],-1.564E+01
,Number of People,7.5


----------------------------------------------------------------------------------------------------
REPORT:,Zone Component Load Summary
FOR:,BLOCKS-3645_OFFICE_4_EAST PERIMETER
Estimated Cooling Peak Load Components

,,Sensible - Instant [W],Sensible - Delayed [W],Sensible - Return Air [W],Latent [W],Total [W],%Grand Total,Related Area [m2],Total per Area [W/m2]
,People,155.92,38.11,,222.75,416.78,8.43,62.71,6.65
,Lights,200.47,210.41,0.00,,410.88,8.31,62.71,6.55
,Equipment,354.37,132.85,,0.00,487.23,9.85,62.71,7.77
,Refrigeration,0.00,,0.00,0.00,0.00,0.00,62.71,0.00
,Water Use Equipment,0.00,,,0.00,0.00,0.00,62.71,0.00
,HVAC Equipment Losses,0.00,0.00,,,0.00,0.00,,
,Power Generation Equipment,0.00,0.00,,,0.00,0.00,,
,DOAS Direct to Zone,0.00,,,0.00,0.00,0.00,,
,Infiltration,-4.7,,,17.22,12.56,0.25,50.17,0.25
,Zone Ventilation,0.00,,,0.00,0.00,0.00,,
,Interzone Mixing,0.00,,,0.00,0.00,0.00,,
,Roof,,0.00,,,0.00,0.00,0.00,
,Interzone Ceiling,,-424.8,,,-424.8,-8.6,62.71,-6.8
,Other Roof,,0.00,,,0.00,0.00,0.00,
,Exterior Wall,,-15.5,,,-15.5,-0.3,50.17,-0.3
,Interzone Wall,,-393.8,,,-393.8,-8.0,60.56,-6.5
,Ground Contact Wall,,0.00,,,0.00,0.00,0.00,
,Other Wall,,0.00,,,0.00,0.00,50.17,0.00
,Exterior Floor,,0.00,,,0.00,0.00,0.00,
,Interzone Floor,,-56.8,,,-56.8,-1.1,62.71,-0.9
,Ground Contact Floor,,0.00,,,0.00,0.00,0.00,
,Other Floor,,0.00,,,0.00,0.00,62.71,0.00
,Fenestration Conduction,1345.96,,,,1345.96,27.22,20.07,67.07
,Fenestration Solar,,3163.01,,,3163.01,63.96,20.07,157.62
,Opaque Door,,0.00,,,0.00,0.00,0.00,
,Grand Total,2052.08,2653.44,0.00,239.97,4945.49,,,


Cooling Peak Conditions

,,Value
,Time of Peak Load,8/21 08:30:00
,Outside Dry Bulb Temperature [C],22.69
,Outside Wet Bulb Temperature [C],16.36
,Outside Humidity Ratio at Peak [kgWater/kgDryAir],0.01194
,Zone Dry Bulb Temperature [C],24.00
,Zone Relative Humidity [%],37.65
,Zone Humidity Ratio at Peak [kgWater/kgDryAir],0.00873
,Supply Air Temperature [C],12.89
,Mixed Air Temperature [C],
,Main Fan Air Flow [m3/s],0.4288
,Outside Air Flow [m3/s],0.0290
,Peak Sensible Load with Sizing Factor [W],5396.66
,Difference Due to Sizing Factor [W],703.91
,Peak Sensible Load [W],4692.75
,Estimated Instant + Delayed Sensible Load [W],4705.52
,Difference Between Peak and Estimated Sensible Load [W],-12.8


Engineering Checks for Cooling

,,Value
,Outside Air Fraction [fraction],0.0676
,Airflow per Floor Area [m3/s-m2],6.838E-03
,Airflow per Total Capacity [m3/s-W],7.946E-05
,Floor Area per Total Capacity [m2/W],1.162E-02
,Total Capacity per Floor Area [W/m2],8.606E+01
,Number of People,3.4


Estimated Heating Peak Load Components

,,Sensible - Instant [W],Sensible - Delayed [W],Sensible - Return Air [W],Latent [W],Total [W],%Grand Total,Related Area [m2],Total per Area [W/m2]
,People,0.00,0.00,,0.00,0.00,-0.00,62.71,0.00
,Lights,0.00,0.00,0.00,,0.00,-0.00,62.71,0.00
,Equipment,0.00,0.00,,0.00,0.00,-0.00,62.71,0.00
,Refrigeration,0.00,,0.00,0.00,0.00,-0.00,62.71,0.00
,Water Use Equipment,0.00,,,0.00,0.00,-0.00,62.71,0.00
,HVAC Equipment Losses,0.00,0.00,,,0.00,-0.00,,
,Power Generation Equipment,0.00,0.00,,,0.00,-0.00,,
,DOAS Direct to Zone,0.00,,,0.00,0.00,-0.00,,
,Infiltration,-61.3,,,-28.1,-89.4,5.53,50.17,-1.8
,Zone Ventilation,0.00,,,0.00,0.00,-0.00,,
,Interzone Mixing,0.00,,,0.00,0.00,-0.00,,
,Roof,,0.00,,,0.00,-0.00,0.00,
,Interzone Ceiling,,-289.7,,,-289.7,17.91,62.71,-4.6
,Other Roof,,0.00,,,0.00,-0.00,0.00,
,Exterior Wall,,-308.8,,,-308.8,19.08,50.17,-6.2
,Interzone Wall,,-65.5,,,-65.5,4.05,60.56,-1.1
,Ground Contact Wall,,0.00,,,0.00,-0.00,0.00,
,Other Wall,,0.00,,,0.00,-0.00,50.17,0.00
,Exterior Floor,,0.00,,,0.00,-0.00,0.00,
,Interzone Floor,,-86.1,,,-86.1,5.32,62.71,-1.4
,Ground Contact Floor,,0.00,,,0.00,-0.00,0.00,
,Other Floor,,0.00,,,0.00,-0.00,62.71,0.00
,Fenestration Conduction,-778.4,,,,-778.4,48.11,20.07,-38.8
,Fenestration Solar,,0.00,,,0.00,-0.00,20.07,0.00
,Opaque Door,,0.00,,,0.00,-0.00,0.00,
,Grand Total,-839.7,-750.0,0.00,-28.1,-1617.8,,,


Heating Peak Conditions

,,Value
,Time of Peak Load,12/21 08:00:00
,Outside Dry Bulb Temperature [C],-4.2
,Outside Wet Bulb Temperature [C],-4.2
,Outside Humidity Ratio at Peak [kgWater/kgDryAir],0.00331
,Zone Dry Bulb Temperature [C],21.00
,Zone Relative Humidity [%],41.07
,Zone Humidity Ratio at Peak [kgWater/kgDryAir],0.00793
,Supply Air Temperature [C],9.89
,Mixed Air Temperature [C],
,Main Fan Air Flow [m3/s],0.1611
,Outside Air Flow [m3/s],0.0290
,Peak Sensible Load with Sizing Factor [W],-2201.6
,Difference Due to Sizing Factor [W],-440.3
,Peak Sensible Load [W],-1761.3
,Estimated Instant + Delayed Sensible Load [W],-1589.8
,Difference Between Peak and Estimated Sensible Load [W],-171.5


Engineering Checks for Heating

,,Value
,Outside Air Fraction [fraction],0.1799
,Airflow per Floor Area [m3/s-m2],2.569E-03
,Airflow per Total Capacity [m3/s-W],-7.317E-05
,Floor Area per Total Capacity [m2/W],-2.848E-02
,Total Capacity per Floor Area [W/m2],-3.511E+01
,Number of People,3.4


----------------------------------------------------------------------------------------------------
REPORT:,Zone Component Load Summary
FOR:,BLOCKS-3645_OFFICE_4_NORTH PERIMETER
Estimated Cooling Peak Load Components

,,Sensible - Instant [W],Sensible - Delayed [W],Sensible - Return Air [W],Latent [W],Total [W],%Grand Total,Related Area [m2],Total per Area [W/m2]
,People,225.23,77.63,,321.75,624.61,18.02,90.58,6.90
,Lights,289.57,350.66,0.00,,640.23,18.47,90.58,7.07
,Equipment,511.88,221.63,,0.00,733.50,21.17,90.58,8.10
,Refrigeration,0.00,,0.00,0.00,0.00,0.00,90.58,0.00
,Water Use Equipment,0.00,,,0.00,0.00,0.00,90.58,0.00
,HVAC Equipment Losses,0.00,0.00,,,0.00,0.00,,
,Power Generation Equipment,0.00,0.00,,,0.00,0.00,,
,DOAS Direct to Zone,0.00,,,0.00,0.00,0.00,,
,Infiltration,14.85,,,20.63,35.48,1.02,66.89,0.53
,Zone Ventilation,0.00,,,0.00,0.00,0.00,,
,Interzone Mixing,0.00,,,0.00,0.00,0.00,,
,Roof,,0.00,,,0.00,0.00,0.00,
,Interzone Ceiling,,163.38,,,163.38,4.71,90.58,1.80
,Other Roof,,0.00,,,0.00,0.00,0.00,
,Exterior Wall,,1.49,,,1.49,0.04,66.89,0.02
,Interzone Wall,,15.10,,,15.10,0.44,77.28,0.20
,Ground Contact Wall,,0.00,,,0.00,0.00,0.00,
,Other Wall,,0.00,,,0.00,0.00,66.89,0.00
,Exterior Floor,,0.00,,,0.00,0.00,0.00,
,Interzone Floor,,-24.5,,,-24.5,-0.7,90.58,-0.3
,Ground Contact Floor,,0.00,,,0.00,0.00,0.00,
,Other Floor,,0.00,,,0.00,0.00,90.58,0.00
,Fenestration Conduction,387.14,,,,387.14,11.17,26.76,14.47
,Fenestration Solar,,889.15,,,889.15,25.66,26.76,33.23
,Opaque Door,,0.00,,,0.00,0.00,0.00,
,Grand Total,1428.67,1694.56,0.00,342.38,3465.60,,,


Cooling Peak Conditions

,,Value
,Time of Peak Load,8/21 14:45:00
,Outside Dry Bulb Temperature [C],29.40
,Outside Wet Bulb Temperature [C],18.34
,Outside Humidity Ratio at Peak [kgWater/kgDryAir],0.01196
,Zone Dry Bulb Temperature [C],24.00
,Zone Relative Humidity [%],38.78
,Zone Humidity Ratio at Peak [kgWater/kgDryAir],0.00899
,Supply Air Temperature [C],12.89
,Mixed Air Temperature [C],
,Main Fan Air Flow [m3/s],0.2821
,Outside Air Flow [m3/s],0.0419
,Peak Sensible Load with Sizing Factor [W],3550.79
,Difference Due to Sizing Factor [W],463.15
,Peak Sensible Load [W],3087.64
,Estimated Instant + Delayed Sensible Load [W],3123.23
,Difference Between Peak and Estimated Sensible Load [W],-35.6


Engineering Checks for Cooling

,,Value
,Outside Air Fraction [fraction],0.1483
,Airflow per Floor Area [m3/s-m2],3.115E-03
,Airflow per Total Capacity [m3/s-W],7.946E-05
,Floor Area per Total Capacity [m2/W],2.551E-02
,Total Capacity per Floor Area [W/m2],3.920E+01
,Number of People,4.9


Estimated Heating Peak Load Components

,,Sensible - Instant [W],Sensible - Delayed [W],Sensible - Return Air [W],Latent [W],Total [W],%Grand Total,Related Area [m2],Total per Area [W/m2]
,People,0.00,0.00,,0.00,0.00,-0.00,90.58,0.00
,Lights,0.00,0.00,0.00,,0.00,-0.00,90.58,0.00
,Equipment,0.00,0.00,,0.00,0.00,-0.00,90.58,0.00
,Refrigeration,0.00,,0.00,0.00,0.00,-0.00,90.58,0.00
,Water Use Equipment,0.00,,,0.00,0.00,-0.00,90.58,0.00
,HVAC Equipment Losses,0.00,0.00,,,0.00,-0.00,,
,Power Generation Equipment,0.00,0.00,,,0.00,-0.00,,
,DOAS Direct to Zone,0.00,,,0.00,0.00,-0.00,,
,Infiltration,-81.8,,,-37.4,-119.2,5.46,66.89,-1.8
,Zone Ventilation,0.00,,,0.00,0.00,-0.00,,
,Interzone Mixing,0.00,,,0.00,0.00,-0.00,,
,Roof,,0.00,,,0.00,-0.00,0.00,
,Interzone Ceiling,,-415.7,,,-415.7,19.03,90.58,-4.6
,Other Roof,,0.00,,,0.00,-0.00,0.00,
,Exterior Wall,,-409.4,,,-409.4,18.74,66.89,-6.1
,Interzone Wall,,-72.1,,,-72.1,3.30,77.28,-0.9
,Ground Contact Wall,,0.00,,,0.00,-0.00,0.00,
,Other Wall,,0.00,,,0.00,-0.00,66.89,0.00
,Exterior Floor,,0.00,,,0.00,-0.00,0.00,
,Interzone Floor,,-129.5,,,-129.5,5.93,90.58,-1.4
,Ground Contact Floor,,0.00,,,0.00,-0.00,0.00,
,Other Floor,,0.00,,,0.00,-0.00,90.58,0.00
,Fenestration Conduction,-1038.4,,,,-1038.4,47.54,26.76,-38.8
,Fenestration Solar,,0.00,,,0.00,-0.00,26.76,0.00
,Opaque Door,,0.00,,,0.00,-0.00,0.00,
,Grand Total,-1120.2,-1026.7,0.00,-37.4,-2184.2,,,


Heating Peak Conditions

,,Value
,Time of Peak Load,12/21 08:00:00
,Outside Dry Bulb Temperature [C],-4.2
,Outside Wet Bulb Temperature [C],-4.2
,Outside Humidity Ratio at Peak [kgWater/kgDryAir],0.00331
,Zone Dry Bulb Temperature [C],21.00
,Zone Relative Humidity [%],41.06
,Zone Humidity Ratio at Peak [kgWater/kgDryAir],0.00792
,Supply Air Temperature [C],9.89
,Mixed Air Temperature [C],
,Main Fan Air Flow [m3/s],0.2179
,Outside Air Flow [m3/s],0.0419
,Peak Sensible Load with Sizing Factor [W],-2978.5
,Difference Due to Sizing Factor [W],-595.7
,Peak Sensible Load [W],-2382.8
,Estimated Instant + Delayed Sensible Load [W],-2146.8
,Difference Between Peak and Estimated Sensible Load [W],-236.0


Engineering Checks for Heating

,,Value
,Outside Air Fraction [fraction],0.1920
,Airflow per Floor Area [m3/s-m2],2.406E-03
,Airflow per Total Capacity [m3/s-W],-7.317E-05
,Floor Area per Total Capacity [m2/W],-3.041E-02
,Total Capacity per Floor Area [W/m2],-3.288E+01
,Number of People,4.9


----------------------------------------------------------------------------------------------------
REPORT:,Zone Component Load Summary
FOR:,BLOCKS-3645_OFFICE_4_SOUTH PERIMETER
Estimated Cooling Peak Load Components

,,Sensible - Instant [W],Sensible - Delayed [W],Sensible - Return Air [W],Latent [W],Total [W],%Grand Total,Related Area [m2],Total per Area [W/m2]
,People,225.22,74.02,,321.75,621.00,11.57,90.58,6.86
,Lights,289.57,349.79,0.00,,639.36,11.91,90.58,7.06
,Equipment,511.87,220.87,,0.00,732.75,13.65,90.58,8.09
,Refrigeration,0.00,,0.00,0.00,0.00,0.00,90.58,0.00
,Water Use Equipment,0.00,,,0.00,0.00,0.00,90.58,0.00
,HVAC Equipment Losses,0.00,0.00,,,0.00,0.00,,
,Power Generation Equipment,0.00,0.00,,,0.00,0.00,,
,DOAS Direct to Zone,0.00,,,0.00,0.00,0.00,,
,Infiltration,12.55,,,21.98,34.53,0.64,66.89,0.52
,Zone Ventilation,0.00,,,0.00,0.00,0.00,,
,Interzone Mixing,0.00,,,0.00,0.00,0.00,,
,Roof,,0.00,,,0.00,0.00,0.00,
,Interzone Ceiling,,-307.4,,,-307.4,-5.7,90.58,-3.4
,Other Roof,,0.00,,,0.00,0.00,0.00,
,Exterior Wall,,43.16,,,43.16,0.80,66.89,0.65
,Interzone Wall,,-323.6,,,-323.6,-6.0,77.28,-4.2
,Ground Contact Wall,,0.00,,,0.00,0.00,0.00,
,Other Wall,,0.00,,,0.00,0.00,66.89,0.00
,Exterior Floor,,0.00,,,0.00,0.00,0.00,
,Interzone Floor,,-178.2,,,-178.2,-3.3,90.58,-2.0
,Ground Contact Floor,,0.00,,,0.00,0.00,0.00,
,Other Floor,,0.00,,,0.00,0.00,90.58,0.00
,Fenestration Conduction,1646.51,,,,1646.51,30.67,26.76,61.54
,Fenestration Solar,,2461.18,,,2461.18,45.84,26.76,91.99
,Opaque Door,,0.00,,,0.00,0.00,0.00,
,Grand Total,2685.73,2339.81,0.00,343.73,5369.27,,,


Cooling Peak Conditions

,,Value
,Time of Peak Load,8/21 13:00:00
,Outside Dry Bulb Temperature [C],28.88
,Outside Wet Bulb Temperature [C],18.19
,Outside Humidity Ratio at Peak [kgWater/kgDryAir],0.01195
,Zone Dry Bulb Temperature [C],24.00
,Zone Relative Humidity [%],37.98
,Zone Humidity Ratio at Peak [kgWater/kgDryAir],0.00881
,Supply Air Temperature [C],12.89
,Mixed Air Temperature [C],
,Main Fan Air Flow [m3/s],0.4558
,Outside Air Flow [m3/s],0.0419
,Peak Sensible Load with Sizing Factor [W],5736.49
,Difference Due to Sizing Factor [W],748.24
,Peak Sensible Load [W],4988.25
,Estimated Instant + Delayed Sensible Load [W],5025.54
,Difference Between Peak and Estimated Sensible Load [W],-37.3


Engineering Checks for Cooling

,,Value
,Outside Air Fraction [fraction],0.0918
,Airflow per Floor Area [m3/s-m2],5.032E-03
,Airflow per Total Capacity [m3/s-W],7.946E-05
,Floor Area per Total Capacity [m2/W],1.579E-02
,Total Capacity per Floor Area [W/m2],6.333E+01
,Number of People,4.9


Estimated Heating Peak Load Components

,,Sensible - Instant [W],Sensible - Delayed [W],Sensible - Return Air [W],Latent [W],Total [W],%Grand Total,Related Area [m2],Total per Area [W/m2]
,People,0.00,0.00,,0.00,0.00,-0.00,90.58,0.00
,Lights,0.00,0.00,0.00,,0.00,-0.00,90.58,0.00
,Equipment,0.00,0.00,,0.00,0.00,-0.00,90.58,0.00
,Refrigeration,0.00,,0.00,0.00,0.00,-0.00,90.58,0.00
,Water Use Equipment,0.00,,,0.00,0.00,-0.00,90.58,0.00
,HVAC Equipment Losses,0.00,0.00,,,0.00,-0.00,,
,Power Generation Equipment,0.00,0.00,,,0.00,-0.00,,
,DOAS Direct to Zone,0.00,,,0.00,0.00,-0.00,,
,Infiltration,-81.8,,,-37.4,-119.2,5.47,66.89,-1.8
,Zone Ventilation,0.00,,,0.00,0.00,-0.00,,
,Interzone Mixing,0.00,,,0.00,0.00,-0.00,,
,Roof,,0.00,,,0.00,-0.00,0.00,
,Interzone Ceiling,,-416.3,,,-416.3,19.11,90.58,-4.6
,Other Roof,,0.00,,,0.00,-0.00,0.00,
,Exterior Wall,,-411.6,,,-411.6,18.90,66.89,-6.2
,Interzone Wall,,-73.0,,,-73.0,3.35,77.28,-0.9
,Ground Contact Wall,,0.00,,,0.00,-0.00,0.00,
,Other Wall,,0.00,,,0.00,-0.00,66.89,0.00
,Exterior Floor,,0.00,,,0.00,-0.00,0.00,
,Interzone Floor,,-130.3,,,-130.3,5.98,90.58,-1.4
,Ground Contact Floor,,0.00,,,0.00,-0.00,0.00,
,Other Floor,,0.00,,,0.00,-0.00,90.58,0.00
,Fenestration Conduction,-1027.6,,,,-1027.6,47.18,26.76,-38.4
,Fenestration Solar,,0.00,,,0.00,-0.00,26.76,0.00
,Opaque Door,,0.00,,,0.00,-0.00,0.00,
,Grand Total,-1109.4,-1031.2,0.00,-37.4,-2177.9,,,


Heating Peak Conditions

,,Value
,Time of Peak Load,12/21 08:00:00
,Outside Dry Bulb Temperature [C],-4.2
,Outside Wet Bulb Temperature [C],-4.2
,Outside Humidity Ratio at Peak [kgWater/kgDryAir],0.00331
,Zone Dry Bulb Temperature [C],21.00
,Zone Relative Humidity [%],41.06
,Zone Humidity Ratio at Peak [kgWater/kgDryAir],0.00792
,Supply Air Temperature [C],9.89
,Mixed Air Temperature [C],
,Main Fan Air Flow [m3/s],0.2174
,Outside Air Flow [m3/s],0.0419
,Peak Sensible Load with Sizing Factor [W],-2970.5
,Difference Due to Sizing Factor [W],-594.1
,Peak Sensible Load [W],-2376.4
,Estimated Instant + Delayed Sensible Load [W],-2140.6
,Difference Between Peak and Estimated Sensible Load [W],-235.9


Engineering Checks for Heating

,,Value
,Outside Air Fraction [fraction],0.1926
,Airflow per Floor Area [m3/s-m2],2.400E-03
,Airflow per Total Capacity [m3/s-W],-7.317E-05
,Floor Area per Total Capacity [m2/W],-3.049E-02
,Total Capacity per Floor Area [W/m2],-3.279E+01
,Number of People,4.9


----------------------------------------------------------------------------------------------------
REPORT:,Zone Component Load Summary
FOR:,BLOCKS-3645_OFFICE_4_WEST PERIMETER
Estimated Cooling Peak Load Components

,,Sensible - Instant [W],Sensible - Delayed [W],Sensible - Return Air [W],Latent [W],Total [W],%Grand Total,Related Area [m2],Total per Area [W/m2]
,People,155.92,63.05,,222.75,441.72,8.54,62.71,7.04
,Lights,200.47,261.61,0.00,,462.09,8.93,62.71,7.37
,Equipment,354.37,164.97,,0.00,519.34,10.04,62.71,8.28
,Refrigeration,0.00,,0.00,0.00,0.00,0.00,62.71,0.00
,Water Use Equipment,0.00,,,0.00,0.00,0.00,62.71,0.00
,HVAC Equipment Losses,0.00,0.00,,,0.00,0.00,,
,Power Generation Equipment,0.00,0.00,,,0.00,0.00,,
,DOAS Direct to Zone,0.00,,,0.00,0.00,0.00,,
,Infiltration,8.76,,,16.97,25.73,0.50,50.17,0.51
,Zone Ventilation,0.00,,,0.00,0.00,0.00,,
,Interzone Mixing,0.00,,,0.00,0.00,0.00,,
,Roof,,0.00,,,0.00,0.00,0.00,
,Interzone Ceiling,,-537.3,,,-537.3,-10.4,62.71,-8.6
,Other Roof,,0.00,,,0.00,0.00,0.00,
,Exterior Wall,,73.64,,,73.64,1.42,50.17,1.47
,Interzone Wall,,-476.7,,,-476.7,-9.2,60.56,-7.9
,Ground Contact Wall,,0.00,,,0.00,0.00,0.00,
,Other Wall,,0.00,,,0.00,0.00,50.17,0.00
,Exterior Floor,,0.00,,,0.00,0.00,0.00,
,Interzone Floor,,31.43,,,31.43,0.61,62.71,0.50
,Ground Contact Floor,,0.00,,,0.00,0.00,0.00,
,Other Floor,,0.00,,,0.00,0.00,62.71,0.00
,Fenestration Conduction,1472.03,,,,1472.03,28.46,20.07,73.36
,Fenestration Solar,,3159.92,,,3159.92,61.10,20.07,157.47
,Opaque Door,,0.00,,,0.00,0.00,0.00,
,Grand Total,2191.57,2740.59,0.00,239.72,5171.87,,,


Cooling Peak Conditions

,,Value
,Time of Peak Load,8/21 17:00:00
,Outside Dry Bulb Temperature [C],27.94
,Outside Wet Bulb Temperature [C],17.92
,Outside Humidity Ratio at Peak [kgWater/kgDryAir],0.01195
,Zone Dry Bulb Temperature [C],24.00
,Zone Relative Humidity [%],37.60
,Zone Humidity Ratio at Peak [kgWater/kgDryAir],0.00872
,Supply Air Temperature [C],12.89
,Mixed Air Temperature [C],
,Main Fan Air Flow [m3/s],0.4482
,Outside Air Flow [m3/s],0.0290
,Peak Sensible Load with Sizing Factor [W],5641.06
,Difference Due to Sizing Factor [W],735.79
,Peak Sensible Load [W],4905.27
,Estimated Instant + Delayed Sensible Load [W],4932.15
,Difference Between Peak and Estimated Sensible Load [W],-26.9


Engineering Checks for Cooling

,,Value
,Outside Air Fraction [fraction],0.0646
,Airflow per Floor Area [m3/s-m2],7.148E-03
,Airflow per Total Capacity [m3/s-W],7.946E-05
,Floor Area per Total Capacity [m2/W],1.112E-02
,Total Capacity per Floor Area [W/m2],8.996E+01
,Number of People,3.4


Estimated Heating Peak Load Components

,,Sensible - Instant [W],Sensible - Delayed [W],Sensible - Return Air [W],Latent [W],Total [W],%Grand Total,Related Area [m2],Total per Area [W/m2]
,People,0.00,0.00,,0.00,0.00,-0.00,62.71,0.00
,Lights,0.00,0.00,0.00,,0.00,-0.00,62.71,0.00
,Equipment,0.00,0.00,,0.00,0.00,-0.00,62.71,0.00
,Refrigeration,0.00,,0.00,0.00,0.00,-0.00,62.71,0.00
,Water Use Equipment,0.00,,,0.00,0.00,-0.00,62.71,0.00
,HVAC Equipment Losses,0.00,0.00,,,0.00,-0.00,,
,Power Generation Equipment,0.00,0.00,,,0.00,-0.00,,
,DOAS Direct to Zone,0.00,,,0.00,0.00,-0.00,,
,Infiltration,-61.3,,,-28.0,-89.4,5.54,50.17,-1.8
,Zone Ventilation,0.00,,,0.00,0.00,-0.00,,
,Interzone Mixing,0.00,,,0.00,0.00,-0.00,,
,Roof,,0.00,,,0.00,-0.00,0.00,
,Interzone Ceiling,,-290.1,,,-290.1,17.98,62.71,-4.6
,Other Roof,,0.00,,,0.00,-0.00,0.00,
,Exterior Wall,,-310.5,,,-310.5,19.25,50.17,-6.2
,Interzone Wall,,-66.2,,,-66.2,4.10,60.56,-1.1
,Ground Contact Wall,,0.00,,,0.00,-0.00,0.00,
,Other Wall,,0.00,,,0.00,-0.00,50.17,0.00
,Exterior Floor,,0.00,,,0.00,-0.00,0.00,
,Interzone Floor,,-86.7,,,-86.7,5.37,62.71,-1.4
,Ground Contact Floor,,0.00,,,0.00,-0.00,0.00,
,Other Floor,,0.00,,,0.00,-0.00,62.71,0.00
,Fenestration Conduction,-770.3,,,,-770.3,47.75,20.07,-38.4
,Fenestration Solar,,0.00,,,0.00,-0.00,20.07,0.00
,Opaque Door,,0.00,,,0.00,-0.00,0.00,
,Grand Total,-831.6,-753.5,0.00,-28.0,-1613.2,,,


Heating Peak Conditions

,,Value
,Time of Peak Load,12/21 08:00:00
,Outside Dry Bulb Temperature [C],-4.2
,Outside Wet Bulb Temperature [C],-4.2
,Outside Humidity Ratio at Peak [kgWater/kgDryAir],0.00331
,Zone Dry Bulb Temperature [C],21.00
,Zone Relative Humidity [%],41.07
,Zone Humidity Ratio at Peak [kgWater/kgDryAir],0.00793
,Supply Air Temperature [C],9.89
,Mixed Air Temperature [C],
,Main Fan Air Flow [m3/s],0.1607
,Outside Air Flow [m3/s],0.0290
,Peak Sensible Load with Sizing Factor [W],-2195.6
,Difference Due to Sizing Factor [W],-439.1
,Peak Sensible Load [W],-1756.5
,Estimated Instant + Delayed Sensible Load [W],-1585.1
,Difference Between Peak and Estimated Sensible Load [W],-171.4


Engineering Checks for Heating

,,Value
,Outside Air Fraction [fraction],0.1804
,Airflow per Floor Area [m3/s-m2],2.562E-03
,Airflow per Total Capacity [m3/s-W],-7.317E-05
,Floor Area per Total Capacity [m2/W],-2.856E-02
,Total Capacity per Floor Area [W/m2],-3.501E+01
,Number of People,3.4


----------------------------------------------------------------------------------------------------
REPORT:,Zone Component Load Summary
FOR:,BLOCKS-3645_OFFICE_5_CORE
Estimated Cooling Peak Load Components

,,Sensible - Instant [W],Sensible - Delayed [W],Sensible - Return Air [W],Latent [W],Total [W],%Grand Total,Related Area [m2],Total per Area [W/m2]
,People,346.50,60.61,,495.00,902.11,22.19,139.35,6.47
,Lights,445.50,376.00,0.00,,821.50,20.21,139.35,5.89
,Equipment,787.50,234.67,,0.00,1022.17,25.15,139.35,7.34
,Refrigeration,0.00,,0.00,0.00,0.00,0.00,139.35,0.00
,Water Use Equipment,0.00,,,0.00,0.00,0.00,139.35,0.00
,HVAC Equipment Losses,0.00,0.00,,,0.00,0.00,,
,Power Generation Equipment,0.00,0.00,,,0.00,0.00,,
,DOAS Direct to Zone,0.00,,,0.00,0.00,0.00,,
,Infiltration,0.00,,,0.00,0.00,0.00,0.00,
,Zone Ventilation,0.00,,,0.00,0.00,0.00,,
,Interzone Mixing,0.00,,,0.00,0.00,0.00,,
,Roof,,0.00,,,0.00,0.00,0.00,
,Interzone Ceiling,,484.56,,,484.56,11.92,139.35,3.48
,Other Roof,,0.00,,,0.00,0.00,0.00,
,Exterior Wall,,0.00,,,0.00,0.00,0.00,
,Interzone Wall,,504.70,,,504.70,12.42,133.78,3.77
,Ground Contact Wall,,0.00,,,0.00,0.00,0.00,
,Other Wall,,0.00,,,0.00,0.00,0.00,
,Exterior Floor,,0.00,,,0.00,0.00,0.00,
,Interzone Floor,,329.92,,,329.92,8.12,139.35,2.37
,Ground Contact Floor,,0.00,,,0.00,0.00,0.00,
,Other Floor,,0.00,,,0.00,0.00,139.35,0.00
,Fenestration Conduction,0.00,,,,0.00,0.00,0.00,
,Fenestration Solar,,0.00,,,0.00,0.00,0.00,
,Opaque Door,,0.00,,,0.00,0.00,0.00,
,Grand Total,1579.50,1990.46,0.00,495.00,4064.95,,,


Cooling Peak Conditions

,,Value
,Time of Peak Load,8/21 08:00:00
,Outside Dry Bulb Temperature [C],21.70
,Outside Wet Bulb Temperature [C],16.06
,Outside Humidity Ratio at Peak [kgWater/kgDryAir],0.01194
,Zone Dry Bulb Temperature [C],24.00
,Zone Relative Humidity [%],39.13
,Zone Humidity Ratio at Peak [kgWater/kgDryAir],0.00908
,Supply Air Temperature [C],12.89
,Mixed Air Temperature [C],
,Main Fan Air Flow [m3/s],0.3457
,Outside Air Flow [m3/s],0.0644
,Peak Sensible Load with Sizing Factor [W],4351.11
,Difference Due to Sizing Factor [W],567.54
,Peak Sensible Load [W],3783.58
,Estimated Instant + Delayed Sensible Load [W],3569.95
,Difference Between Peak and Estimated Sensible Load [W],213.62


Engineering Checks for Cooling

,,Value
,Outside Air Fraction [fraction],0.1862
,Airflow per Floor Area [m3/s-m2],2.481E-03
,Airflow per Total Capacity [m3/s-W],7.946E-05
,Floor Area per Total Capacity [m2/W],3.203E-02
,Total Capacity per Floor Area [W/m2],3.122E+01
,Number of People,7.5


Estimated Heating Peak Load Components

,,Sensible - Instant [W],Sensible - Delayed [W],Sensible - Return Air [W],Latent [W],Total [W],%Grand Total,Related Area [m2],Total per Area [W/m2]
,People,0.00,0.00,,0.00,0.00,-0.00,139.35,0.00
,Lights,0.00,0.00,0.00,,0.00,-0.00,139.35,0.00
,Equipment,0.00,0.00,,0.00,0.00,-0.00,139.35,0.00
,Refrigeration,0.00,,0.00,0.00,0.00,-0.00,139.35,0.00
,Water Use Equipment,0.00,,,0.00,0.00,-0.00,139.35,0.00
,HVAC Equipment Losses,0.00,0.00,,,0.00,-0.00,,
,Power Generation Equipment,0.00,0.00,,,0.00,-0.00,,
,DOAS Direct to Zone,0.00,,,0.00,0.00,-0.00,,
,Infiltration,0.00,,,0.00,0.00,-0.00,0.00,
,Zone Ventilation,0.00,,,0.00,0.00,-0.00,,
,Interzone Mixing,0.00,,,0.00,0.00,-0.00,,
,Roof,,0.00,,,0.00,-0.00,0.00,
,Interzone Ceiling,,-631.0,,,-631.0,42.55,139.35,-4.5
,Other Roof,,0.00,,,0.00,-0.00,0.00,
,Exterior Wall,,0.00,,,0.00,-0.00,0.00,
,Interzone Wall,,-518.9,,,-518.9,35.00,133.78,-3.9
,Ground Contact Wall,,0.00,,,0.00,-0.00,0.00,
,Other Wall,,0.00,,,0.00,-0.00,0.00,
,Exterior Floor,,0.00,,,0.00,-0.00,0.00,
,Interzone Floor,,-332.9,,,-332.9,22.45,139.35,-2.4
,Ground Contact Floor,,0.00,,,0.00,-0.00,0.00,
,Other Floor,,0.00,,,0.00,-0.00,139.35,0.00
,Fenestration Conduction,0.00,,,,0.00,-0.00,0.00,
,Fenestration Solar,,0.00,,,0.00,-0.00,0.00,
,Opaque Door,,0.00,,,0.00,-0.00,0.00,
,Grand Total,0.00,-1482.8,0.00,0.00,-1482.8,,,


Heating Peak Conditions

,,Value
,Time of Peak Load,12/21 08:00:00
,Outside Dry Bulb Temperature [C],-4.2
,Outside Wet Bulb Temperature [C],-4.2
,Outside Humidity Ratio at Peak [kgWater/kgDryAir],0.00331
,Zone Dry Bulb Temperature [C],21.00
,Zone Relative Humidity [%],41.45
,Zone Humidity Ratio at Peak [kgWater/kgDryAir],0.00800
,Supply Air Temperature [C],9.89
,Mixed Air Temperature [C],
,Main Fan Air Flow [m3/s],0.1596
,Outside Air Flow [m3/s],0.0644
,Peak Sensible Load with Sizing Factor [W],-2180.8
,Difference Due to Sizing Factor [W],-436.2
,Peak Sensible Load [W],-1744.6
,Estimated Instant + Delayed Sensible Load [W],-1482.8
,Difference Between Peak and Estimated Sensible Load [W],-261.8


Engineering Checks for Heating

,,Value
,Outside Air Fraction [fraction],0.4035
,Airflow per Floor Area [m3/s-m2],1.145E-03
,Airflow per Total Capacity [m3/s-W],-7.317E-05
,Floor Area per Total Capacity [m2/W],-6.390E-02
,Total Capacity per Floor Area [W/m2],-1.565E+01
,Number of People,7.5


----------------------------------------------------------------------------------------------------
REPORT:,Zone Component Load Summary
FOR:,BLOCKS-3645_OFFICE_5_EAST PERIMETER
Estimated Cooling Peak Load Components

,,Sensible - Instant [W],Sensible - Delayed [W],Sensible - Return Air [W],Latent [W],Total [W],%Grand Total,Related Area [m2],Total per Area [W/m2]
,People,155.92,38.10,,222.75,416.78,8.43,62.71,6.65
,Lights,200.47,210.38,0.00,,410.86,8.31,62.71,6.55
,Equipment,354.37,132.84,,0.00,487.21,9.86,62.71,7.77
,Refrigeration,0.00,,0.00,0.00,0.00,0.00,62.71,0.00
,Water Use Equipment,0.00,,,0.00,0.00,0.00,62.71,0.00
,HVAC Equipment Losses,0.00,0.00,,,0.00,0.00,,
,Power Generation Equipment,0.00,0.00,,,0.00,0.00,,
,DOAS Direct to Zone,0.00,,,0.00,0.00,0.00,,
,Infiltration,-4.9,,,17.87,12.99,0.26,50.17,0.26
,Zone Ventilation,0.00,,,0.00,0.00,0.00,,
,Interzone Mixing,0.00,,,0.00,0.00,0.00,,
,Roof,,0.00,,,0.00,0.00,0.00,
,Interzone Ceiling,,-424.3,,,-424.3,-8.6,62.71,-6.8
,Other Roof,,0.00,,,0.00,0.00,0.00,
,Exterior Wall,,-15.8,,,-15.8,-0.3,50.17,-0.3
,Interzone Wall,,-393.5,,,-393.5,-8.0,60.56,-6.5
,Ground Contact Wall,,0.00,,,0.00,0.00,0.00,
,Other Wall,,0.00,,,0.00,0.00,50.17,0.00
,Exterior Floor,,0.00,,,0.00,0.00,0.00,
,Interzone Floor,,-56.3,,,-56.3,-1.1,62.71,-0.9
,Ground Contact Floor,,0.00,,,0.00,0.00,0.00,
,Other Floor,,0.00,,,0.00,0.00,62.71,0.00
,Fenestration Conduction,1342.58,,,,1342.58,27.16,20.07,66.90
,Fenestration Solar,,3162.78,,,3162.78,63.98,20.07,157.61
,Opaque Door,,0.00,,,0.00,0.00,0.00,
,Grand Total,2048.47,2654.29,0.00,240.62,4943.39,,,


Cooling Peak Conditions

,,Value
,Time of Peak Load,8/21 08:30:00
,Outside Dry Bulb Temperature [C],22.69
,Outside Wet Bulb Temperature [C],16.36
,Outside Humidity Ratio at Peak [kgWater/kgDryAir],0.01194
,Zone Dry Bulb Temperature [C],24.00
,Zone Relative Humidity [%],37.65
,Zone Humidity Ratio at Peak [kgWater/kgDryAir],0.00873
,Supply Air Temperature [C],12.89
,Mixed Air Temperature [C],
,Main Fan Air Flow [m3/s],0.4286
,Outside Air Flow [m3/s],0.0290
,Peak Sensible Load with Sizing Factor [W],5393.50
,Difference Due to Sizing Factor [W],703.50
,Peak Sensible Load [W],4690.00
,Estimated Instant + Delayed Sensible Load [W],4702.76
,Difference Between Peak and Estimated Sensible Load [W],-12.8


Engineering Checks for Cooling

,,Value
,Outside Air Fraction [fraction],0.0676
,Airflow per Floor Area [m3/s-m2],6.834E-03
,Airflow per Total Capacity [m3/s-W],7.946E-05
,Floor Area per Total Capacity [m2/W],1.163E-02
,Total Capacity per Floor Area [W/m2],8.601E+01
,Number of People,3.4


Estimated Heating Peak Load Components

,,Sensible - Instant [W],Sensible - Delayed [W],Sensible - Return Air [W],Latent [W],Total [W],%Grand Total,Related Area [m2],Total per Area [W/m2]
,People,0.00,0.00,,0.00,0.00,-0.00,62.71,0.00
,Lights,0.00,0.00,0.00,,0.00,-0.00,62.71,0.00
,Equipment,0.00,0.00,,0.00,0.00,-0.00,62.71,0.00
,Refrigeration,0.00,,0.00,0.00,0.00,-0.00,62.71,0.00
,Water Use Equipment,0.00,,,0.00,0.00,-0.00,62.71,0.00
,HVAC Equipment Losses,0.00,0.00,,,0.00,-0.00,,
,Power Generation Equipment,0.00,0.00,,,0.00,-0.00,,
,DOAS Direct to Zone,0.00,,,0.00,0.00,-0.00,,
,Infiltration,-63.7,,,-29.1,-92.9,5.72,50.17,-1.9
,Zone Ventilation,0.00,,,0.00,0.00,-0.00,,
,Interzone Mixing,0.00,,,0.00,0.00,-0.00,,
,Roof,,0.00,,,0.00,-0.00,0.00,
,Interzone Ceiling,,-289.8,,,-289.8,17.86,62.71,-4.6
,Other Roof,,0.00,,,0.00,-0.00,0.00,
,Exterior Wall,,-308.7,,,-308.7,19.03,50.17,-6.2
,Interzone Wall,,-65.4,,,-65.4,4.03,60.56,-1.1
,Ground Contact Wall,,0.00,,,0.00,-0.00,0.00,
,Other Wall,,0.00,,,0.00,-0.00,50.17,0.00
,Exterior Floor,,0.00,,,0.00,-0.00,0.00,
,Interzone Floor,,-86.0,,,-86.0,5.30,62.71,-1.4
,Ground Contact Floor,,0.00,,,0.00,-0.00,0.00,
,Other Floor,,0.00,,,0.00,-0.00,62.71,0.00
,Fenestration Conduction,-780.1,,,,-780.1,48.07,20.07,-38.9
,Fenestration Solar,,0.00,,,0.00,-0.00,20.07,0.00
,Opaque Door,,0.00,,,0.00,-0.00,0.00,
,Grand Total,-843.8,-749.9,0.00,-29.1,-1622.8,,,


Heating Peak Conditions

,,Value
,Time of Peak Load,12/21 08:00:00
,Outside Dry Bulb Temperature [C],-4.2
,Outside Wet Bulb Temperature [C],-4.2
,Outside Humidity Ratio at Peak [kgWater/kgDryAir],0.00331
,Zone Dry Bulb Temperature [C],21.00
,Zone Relative Humidity [%],41.06
,Zone Humidity Ratio at Peak [kgWater/kgDryAir],0.00792
,Supply Air Temperature [C],9.89
,Mixed Air Temperature [C],
,Main Fan Air Flow [m3/s],0.1615
,Outside Air Flow [m3/s],0.0290
,Peak Sensible Load with Sizing Factor [W],-2206.6
,Difference Due to Sizing Factor [W],-441.3
,Peak Sensible Load [W],-1765.3
,Estimated Instant + Delayed Sensible Load [W],-1593.7
,Difference Between Peak and Estimated Sensible Load [W],-171.6


Engineering Checks for Heating

,,Value
,Outside Air Fraction [fraction],0.1795
,Airflow per Floor Area [m3/s-m2],2.575E-03
,Airflow per Total Capacity [m3/s-W],-7.317E-05
,Floor Area per Total Capacity [m2/W],-2.842E-02
,Total Capacity per Floor Area [W/m2],-3.519E+01
,Number of People,3.4


----------------------------------------------------------------------------------------------------
REPORT:,Zone Component Load Summary
FOR:,BLOCKS-3645_OFFICE_5_NORTH PERIMETER
Estimated Cooling Peak Load Components

,,Sensible - Instant [W],Sensible - Delayed [W],Sensible - Return Air [W],Latent [W],Total [W],%Grand Total,Related Area [m2],Total per Area [W/m2]
,People,225.23,77.62,,321.75,624.60,18.02,90.58,6.90
,Lights,289.57,350.05,0.00,,639.62,18.45,90.58,7.06
,Equipment,511.88,221.26,,0.00,733.14,21.15,90.58,8.09
,Refrigeration,0.00,,0.00,0.00,0.00,0.00,90.58,0.00
,Water Use Equipment,0.00,,,0.00,0.00,0.00,90.58,0.00
,HVAC Equipment Losses,0.00,0.00,,,0.00,0.00,,
,Power Generation Equipment,0.00,0.00,,,0.00,0.00,,
,DOAS Direct to Zone,0.00,,,0.00,0.00,0.00,,
,Infiltration,15.35,,,21.41,36.76,1.06,66.89,0.55
,Zone Ventilation,0.00,,,0.00,0.00,0.00,,
,Interzone Mixing,0.00,,,0.00,0.00,0.00,,
,Roof,,0.00,,,0.00,0.00,0.00,
,Interzone Ceiling,,163.53,,,163.53,4.72,90.58,1.81
,Other Roof,,0.00,,,0.00,0.00,0.00,
,Exterior Wall,,1.65,,,1.65,0.05,66.89,0.02
,Interzone Wall,,15.02,,,15.02,0.43,77.28,0.19
,Ground Contact Wall,,0.00,,,0.00,0.00,0.00,
,Other Wall,,0.00,,,0.00,0.00,66.89,0.00
,Exterior Floor,,0.00,,,0.00,0.00,0.00,
,Interzone Floor,,-24.4,,,-24.4,-0.7,90.58,-0.3
,Ground Contact Floor,,0.00,,,0.00,0.00,0.00,
,Other Floor,,0.00,,,0.00,0.00,90.58,0.00
,Fenestration Conduction,386.96,,,,386.96,11.16,26.76,14.46
,Fenestration Solar,,889.08,,,889.08,25.65,26.76,33.23
,Opaque Door,,0.00,,,0.00,0.00,0.00,
,Grand Total,1428.99,1693.85,0.00,343.16,3465.99,,,


Cooling Peak Conditions

,,Value
,Time of Peak Load,8/21 14:45:00
,Outside Dry Bulb Temperature [C],29.40
,Outside Wet Bulb Temperature [C],18.34
,Outside Humidity Ratio at Peak [kgWater/kgDryAir],0.01196
,Zone Dry Bulb Temperature [C],24.00
,Zone Relative Humidity [%],38.78
,Zone Humidity Ratio at Peak [kgWater/kgDryAir],0.00900
,Supply Air Temperature [C],12.89
,Mixed Air Temperature [C],
,Main Fan Air Flow [m3/s],0.2821
,Outside Air Flow [m3/s],0.0419
,Peak Sensible Load with Sizing Factor [W],3550.35
,Difference Due to Sizing Factor [W],463.09
,Peak Sensible Load [W],3087.26
,Estimated Instant + Delayed Sensible Load [W],3122.83
,Difference Between Peak and Estimated Sensible Load [W],-35.6


Engineering Checks for Cooling

,,Value
,Outside Air Fraction [fraction],0.1484
,Airflow per Floor Area [m3/s-m2],3.114E-03
,Airflow per Total Capacity [m3/s-W],7.946E-05
,Floor Area per Total Capacity [m2/W],2.551E-02
,Total Capacity per Floor Area [W/m2],3.920E+01
,Number of People,4.9


Estimated Heating Peak Load Components

,,Sensible - Instant [W],Sensible - Delayed [W],Sensible - Return Air [W],Latent [W],Total [W],%Grand Total,Related Area [m2],Total per Area [W/m2]
,People,0.00,0.00,,0.00,0.00,-0.00,90.58,0.00
,Lights,0.00,0.00,0.00,,0.00,-0.00,90.58,0.00
,Equipment,0.00,0.00,,0.00,0.00,-0.00,90.58,0.00
,Refrigeration,0.00,,0.00,0.00,0.00,-0.00,90.58,0.00
,Water Use Equipment,0.00,,,0.00,0.00,-0.00,90.58,0.00
,HVAC Equipment Losses,0.00,0.00,,,0.00,-0.00,,
,Power Generation Equipment,0.00,0.00,,,0.00,-0.00,,
,DOAS Direct to Zone,0.00,,,0.00,0.00,-0.00,,
,Infiltration,-85.0,,,-38.8,-123.8,5.65,66.89,-1.9
,Zone Ventilation,0.00,,,0.00,0.00,-0.00,,
,Interzone Mixing,0.00,,,0.00,0.00,-0.00,,
,Roof,,0.00,,,0.00,-0.00,0.00,
,Interzone Ceiling,,-415.8,,,-415.8,18.98,90.58,-4.6
,Other Roof,,0.00,,,0.00,-0.00,0.00,
,Exterior Wall,,-409.3,,,-409.3,18.68,66.89,-6.1
,Interzone Wall,,-72.0,,,-72.0,3.29,77.28,-0.9
,Ground Contact Wall,,0.00,,,0.00,-0.00,0.00,
,Other Wall,,0.00,,,0.00,-0.00,66.89,0.00
,Exterior Floor,,0.00,,,0.00,-0.00,0.00,
,Interzone Floor,,-129.3,,,-129.3,5.90,90.58,-1.4
,Ground Contact Floor,,0.00,,,0.00,-0.00,0.00,
,Other Floor,,0.00,,,0.00,-0.00,90.58,0.00
,Fenestration Conduction,-1040.6,,,,-1040.6,47.50,26.76,-38.9
,Fenestration Solar,,0.00,,,0.00,-0.00,26.76,0.00
,Opaque Door,,0.00,,,0.00,-0.00,0.00,
,Grand Total,-1125.6,-1026.5,0.00,-38.8,-2190.9,,,


Heating Peak Conditions

,,Value
,Time of Peak Load,12/21 08:00:00
,Outside Dry Bulb Temperature [C],-4.2
,Outside Wet Bulb Temperature [C],-4.2
,Outside Humidity Ratio at Peak [kgWater/kgDryAir],0.00331
,Zone Dry Bulb Temperature [C],21.00
,Zone Relative Humidity [%],41.05
,Zone Humidity Ratio at Peak [kgWater/kgDryAir],0.00792
,Supply Air Temperature [C],9.89
,Mixed Air Temperature [C],
,Main Fan Air Flow [m3/s],0.2184
,Outside Air Flow [m3/s],0.0419
,Peak Sensible Load with Sizing Factor [W],-2985.2
,Difference Due to Sizing Factor [W],-597.0
,Peak Sensible Load [W],-2388.2
,Estimated Instant + Delayed Sensible Load [W],-2152.1
,Difference Between Peak and Estimated Sensible Load [W],-236.1


Engineering Checks for Heating

,,Value
,Outside Air Fraction [fraction],0.1916
,Airflow per Floor Area [m3/s-m2],2.411E-03
,Airflow per Total Capacity [m3/s-W],-7.317E-05
,Floor Area per Total Capacity [m2/W],-3.034E-02
,Total Capacity per Floor Area [W/m2],-3.296E+01
,Number of People,4.9


----------------------------------------------------------------------------------------------------
REPORT:,Zone Component Load Summary
FOR:,BLOCKS-3645_OFFICE_5_SOUTH PERIMETER
Estimated Cooling Peak Load Components

,,Sensible - Instant [W],Sensible - Delayed [W],Sensible - Return Air [W],Latent [W],Total [W],%Grand Total,Related Area [m2],Total per Area [W/m2]
,People,225.22,74.01,,321.75,620.99,11.57,90.58,6.86
,Lights,289.57,349.75,0.00,,639.33,11.91,90.58,7.06
,Equipment,511.87,220.85,,0.00,732.72,13.65,90.58,8.09
,Refrigeration,0.00,,0.00,0.00,0.00,0.00,90.58,0.00
,Water Use Equipment,0.00,,,0.00,0.00,0.00,90.58,0.00
,HVAC Equipment Losses,0.00,0.00,,,0.00,0.00,,
,Power Generation Equipment,0.00,0.00,,,0.00,0.00,,
,DOAS Direct to Zone,0.00,,,0.00,0.00,0.00,,
,Infiltration,12.96,,,22.82,35.77,0.67,66.89,0.53
,Zone Ventilation,0.00,,,0.00,0.00,0.00,,
,Interzone Mixing,0.00,,,0.00,0.00,0.00,,
,Roof,,0.00,,,0.00,0.00,0.00,
,Interzone Ceiling,,-306.7,,,-306.7,-5.7,90.58,-3.4
,Other Roof,,0.00,,,0.00,0.00,0.00,
,Exterior Wall,,41.97,,,41.97,0.78,66.89,0.63
,Interzone Wall,,-323.3,,,-323.3,-6.0,77.28,-4.2
,Ground Contact Wall,,0.00,,,0.00,0.00,0.00,
,Other Wall,,0.00,,,0.00,0.00,66.89,0.00
,Exterior Floor,,0.00,,,0.00,0.00,0.00,
,Interzone Floor,,-177.7,,,-177.7,-3.3,90.58,-2.0
,Ground Contact Floor,,0.00,,,0.00,0.00,0.00,
,Other Floor,,0.00,,,0.00,0.00,90.58,0.00
,Fenestration Conduction,1643.48,,,,1643.48,30.62,26.76,61.42
,Fenestration Solar,,2461.02,,,2461.02,45.85,26.76,91.98
,Opaque Door,,0.00,,,0.00,0.00,0.00,
,Grand Total,2683.11,2339.88,0.00,344.57,5367.56,,,


Cooling Peak Conditions

,,Value
,Time of Peak Load,8/21 13:00:00
,Outside Dry Bulb Temperature [C],28.88
,Outside Wet Bulb Temperature [C],18.19
,Outside Humidity Ratio at Peak [kgWater/kgDryAir],0.01195
,Zone Dry Bulb Temperature [C],24.00
,Zone Relative Humidity [%],37.98
,Zone Humidity Ratio at Peak [kgWater/kgDryAir],0.00881
,Supply Air Temperature [C],12.89
,Mixed Air Temperature [C],
,Main Fan Air Flow [m3/s],0.4556
,Outside Air Flow [m3/s],0.0419
,Peak Sensible Load with Sizing Factor [W],5733.58
,Difference Due to Sizing Factor [W],747.86
,Peak Sensible Load [W],4985.72
,Estimated Instant + Delayed Sensible Load [W],5023.00
,Difference Between Peak and Estimated Sensible Load [W],-37.3


Engineering Checks for Cooling

,,Value
,Outside Air Fraction [fraction],0.0919
,Airflow per Floor Area [m3/s-m2],5.030E-03
,Airflow per Total Capacity [m3/s-W],7.946E-05
,Floor Area per Total Capacity [m2/W],1.580E-02
,Total Capacity per Floor Area [W/m2],6.330E+01
,Number of People,4.9


Estimated Heating Peak Load Components

,,Sensible - Instant [W],Sensible - Delayed [W],Sensible - Return Air [W],Latent [W],Total [W],%Grand Total,Related Area [m2],Total per Area [W/m2]
,People,0.00,0.00,,0.00,0.00,-0.00,90.58,0.00
,Lights,0.00,0.00,0.00,,0.00,-0.00,90.58,0.00
,Equipment,0.00,0.00,,0.00,0.00,-0.00,90.58,0.00
,Refrigeration,0.00,,0.00,0.00,0.00,-0.00,90.58,0.00
,Water Use Equipment,0.00,,,0.00,0.00,-0.00,90.58,0.00
,HVAC Equipment Losses,0.00,0.00,,,0.00,-0.00,,
,Power Generation Equipment,0.00,0.00,,,0.00,-0.00,,
,DOAS Direct to Zone,0.00,,,0.00,0.00,-0.00,,
,Infiltration,-85.0,,,-38.8,-123.8,5.67,66.89,-1.9
,Zone Ventilation,0.00,,,0.00,0.00,-0.00,,
,Interzone Mixing,0.00,,,0.00,0.00,-0.00,,
,Roof,,0.00,,,0.00,-0.00,0.00,
,Interzone Ceiling,,-416.4,,,-416.4,19.06,90.58,-4.6
,Other Roof,,0.00,,,0.00,-0.00,0.00,
,Exterior Wall,,-411.7,,,-411.7,18.85,66.89,-6.2
,Interzone Wall,,-72.9,,,-72.9,3.34,77.28,-0.9
,Ground Contact Wall,,0.00,,,0.00,-0.00,0.00,
,Other Wall,,0.00,,,0.00,-0.00,66.89,0.00
,Exterior Floor,,0.00,,,0.00,-0.00,0.00,
,Interzone Floor,,-130.2,,,-130.2,5.96,90.58,-1.4
,Ground Contact Floor,,0.00,,,0.00,-0.00,0.00,
,Other Floor,,0.00,,,0.00,-0.00,90.58,0.00
,Fenestration Conduction,-1029.4,,,,-1029.4,47.13,26.76,-38.5
,Fenestration Solar,,0.00,,,0.00,-0.00,26.76,0.00
,Opaque Door,,0.00,,,0.00,-0.00,0.00,
,Grand Total,-1114.4,-1031.2,0.00,-38.8,-2184.4,,,


Heating Peak Conditions

,,Value
,Time of Peak Load,12/21 08:00:00
,Outside Dry Bulb Temperature [C],-4.2
,Outside Wet Bulb Temperature [C],-4.2
,Outside Humidity Ratio at Peak [kgWater/kgDryAir],0.00331
,Zone Dry Bulb Temperature [C],21.00
,Zone Relative Humidity [%],41.05
,Zone Humidity Ratio at Peak [kgWater/kgDryAir],0.00792
,Supply Air Temperature [C],9.89
,Mixed Air Temperature [C],
,Main Fan Air Flow [m3/s],0.2178
,Outside Air Flow [m3/s],0.0419
,Peak Sensible Load with Sizing Factor [W],-2976.9
,Difference Due to Sizing Factor [W],-595.4
,Peak Sensible Load [W],-2381.5
,Estimated Instant + Delayed Sensible Load [W],-2145.6
,Difference Between Peak and Estimated Sensible Load [W],-235.9


Engineering Checks for Heating

,,Value
,Outside Air Fraction [fraction],0.1921
,Airflow per Floor Area [m3/s-m2],2.405E-03
,Airflow per Total Capacity [m3/s-W],-7.317E-05
,Floor Area per Total Capacity [m2/W],-3.043E-02
,Total Capacity per Floor Area [W/m2],-3.286E+01
,Number of People,4.9


----------------------------------------------------------------------------------------------------
REPORT:,Zone Component Load Summary
FOR:,BLOCKS-3645_OFFICE_5_WEST PERIMETER
Estimated Cooling Peak Load Components

,,Sensible - Instant [W],Sensible - Delayed [W],Sensible - Return Air [W],Latent [W],Total [W],%Grand Total,Related Area [m2],Total per Area [W/m2]
,People,155.92,63.04,,222.75,441.71,8.55,62.71,7.04
,Lights,200.47,261.58,0.00,,462.05,8.94,62.71,7.37
,Equipment,354.37,164.94,,0.00,519.32,10.05,62.71,8.28
,Refrigeration,0.00,,0.00,0.00,0.00,0.00,62.71,0.00
,Water Use Equipment,0.00,,,0.00,0.00,0.00,62.71,0.00
,HVAC Equipment Losses,0.00,0.00,,,0.00,0.00,,
,Power Generation Equipment,0.00,0.00,,,0.00,0.00,,
,DOAS Direct to Zone,0.00,,,0.00,0.00,0.00,,
,Infiltration,9.04,,,17.62,26.66,0.52,50.17,0.53
,Zone Ventilation,0.00,,,0.00,0.00,0.00,,
,Interzone Mixing,0.00,,,0.00,0.00,0.00,,
,Roof,,0.00,,,0.00,0.00,0.00,
,Interzone Ceiling,,-536.4,,,-536.4,-10.4,62.71,-8.6
,Other Roof,,0.00,,,0.00,0.00,0.00,
,Exterior Wall,,72.06,,,72.06,1.39,50.17,1.44
,Interzone Wall,,-476.3,,,-476.3,-9.2,60.56,-7.9
,Ground Contact Wall,,0.00,,,0.00,0.00,0.00,
,Other Wall,,0.00,,,0.00,0.00,50.17,0.00
,Exterior Floor,,0.00,,,0.00,0.00,0.00,
,Interzone Floor,,32.14,,,32.14,0.62,62.71,0.51
,Ground Contact Floor,,0.00,,,0.00,0.00,0.00,
,Other Floor,,0.00,,,0.00,0.00,62.71,0.00
,Fenestration Conduction,1468.12,,,,1468.12,28.40,20.07,73.16
,Fenestration Solar,,3159.60,,,3159.60,61.13,20.07,157.45
,Opaque Door,,0.00,,,0.00,0.00,0.00,
,Grand Total,2187.94,2740.69,0.00,240.37,5168.99,,,


Cooling Peak Conditions

,,Value
,Time of Peak Load,8/21 17:00:00
,Outside Dry Bulb Temperature [C],27.94
,Outside Wet Bulb Temperature [C],17.92
,Outside Humidity Ratio at Peak [kgWater/kgDryAir],0.01195
,Zone Dry Bulb Temperature [C],24.00
,Zone Relative Humidity [%],37.60
,Zone Humidity Ratio at Peak [kgWater/kgDryAir],0.00872
,Supply Air Temperature [C],12.89
,Mixed Air Temperature [C],
,Main Fan Air Flow [m3/s],0.4479
,Outside Air Flow [m3/s],0.0290
,Peak Sensible Load with Sizing Factor [W],5637.02
,Difference Due to Sizing Factor [W],735.26
,Peak Sensible Load [W],4901.76
,Estimated Instant + Delayed Sensible Load [W],4928.63
,Difference Between Peak and Estimated Sensible Load [W],-26.9


Engineering Checks for Cooling

,,Value
,Outside Air Fraction [fraction],0.0647
,Airflow per Floor Area [m3/s-m2],7.143E-03
,Airflow per Total Capacity [m3/s-W],7.946E-05
,Floor Area per Total Capacity [m2/W],1.112E-02
,Total Capacity per Floor Area [W/m2],8.989E+01
,Number of People,3.4


Estimated Heating Peak Load Components

,,Sensible - Instant [W],Sensible - Delayed [W],Sensible - Return Air [W],Latent [W],Total [W],%Grand Total,Related Area [m2],Total per Area [W/m2]
,People,0.00,0.00,,0.00,0.00,-0.00,62.71,0.00
,Lights,0.00,0.00,0.00,,0.00,-0.00,62.71,0.00
,Equipment,0.00,0.00,,0.00,0.00,-0.00,62.71,0.00
,Refrigeration,0.00,,0.00,0.00,0.00,-0.00,62.71,0.00
,Water Use Equipment,0.00,,,0.00,0.00,-0.00,62.71,0.00
,HVAC Equipment Losses,0.00,0.00,,,0.00,-0.00,,
,Power Generation Equipment,0.00,0.00,,,0.00,-0.00,,
,DOAS Direct to Zone,0.00,,,0.00,0.00,-0.00,,
,Infiltration,-63.7,,,-29.1,-92.9,5.74,50.17,-1.9
,Zone Ventilation,0.00,,,0.00,0.00,-0.00,,
,Interzone Mixing,0.00,,,0.00,0.00,-0.00,,
,Roof,,0.00,,,0.00,-0.00,0.00,
,Interzone Ceiling,,-290.2,,,-290.2,17.94,62.71,-4.6
,Other Roof,,0.00,,,0.00,-0.00,0.00,
,Exterior Wall,,-310.5,,,-310.5,19.19,50.17,-6.2
,Interzone Wall,,-66.2,,,-66.2,4.09,60.56,-1.1
,Ground Contact Wall,,0.00,,,0.00,-0.00,0.00,
,Other Wall,,0.00,,,0.00,-0.00,50.17,0.00
,Exterior Floor,,0.00,,,0.00,-0.00,0.00,
,Interzone Floor,,-86.6,,,-86.6,5.35,62.71,-1.4
,Ground Contact Floor,,0.00,,,0.00,-0.00,0.00,
,Other Floor,,0.00,,,0.00,-0.00,62.71,0.00
,Fenestration Conduction,-771.7,,,,-771.7,47.69,20.07,-38.5
,Fenestration Solar,,0.00,,,0.00,-0.00,20.07,0.00
,Opaque Door,,0.00,,,0.00,-0.00,0.00,
,Grand Total,-835.4,-753.4,0.00,-29.1,-1618.0,,,


Heating Peak Conditions

,,Value
,Time of Peak Load,12/21 08:00:00
,Outside Dry Bulb Temperature [C],-4.2
,Outside Wet Bulb Temperature [C],-4.2
,Outside Humidity Ratio at Peak [kgWater/kgDryAir],0.00331
,Zone Dry Bulb Temperature [C],21.00
,Zone Relative Humidity [%],41.06
,Zone Humidity Ratio at Peak [kgWater/kgDryAir],0.00792
,Supply Air Temperature [C],9.89
,Mixed Air Temperature [C],
,Main Fan Air Flow [m3/s],0.1610
,Outside Air Flow [m3/s],0.0290
,Peak Sensible Load with Sizing Factor [W],-2200.4
,Difference Due to Sizing Factor [W],-440.1
,Peak Sensible Load [W],-1760.3
,Estimated Instant + Delayed Sensible Load [W],-1588.8
,Difference Between Peak and Estimated Sensible Load [W],-171.5


Engineering Checks for Heating

,,Value
,Outside Air Fraction [fraction],0.1800
,Airflow per Floor Area [m3/s-m2],2.567E-03
,Airflow per Total Capacity [m3/s-W],-7.317E-05
,Floor Area per Total Capacity [m2/W],-2.850E-02
,Total Capacity per Floor Area [W/m2],-3.509E+01
,Number of People,3.4


----------------------------------------------------------------------------------------------------
REPORT:,Zone Component Load Summary
FOR:,BLOCKS-3645_OFFICE_6_CORE
Estimated Cooling Peak Load Components

,,Sensible - Instant [W],Sensible - Delayed [W],Sensible - Return Air [W],Latent [W],Total [W],%Grand Total,Related Area [m2],Total per Area [W/m2]
,People,346.50,60.60,,495.00,902.10,22.19,139.35,6.47
,Lights,445.50,375.99,0.00,,821.48,20.21,139.35,5.89
,Equipment,787.50,234.66,,0.00,1022.16,25.15,139.35,7.33
,Refrigeration,0.00,,0.00,0.00,0.00,0.00,139.35,0.00
,Water Use Equipment,0.00,,,0.00,0.00,0.00,139.35,0.00
,HVAC Equipment Losses,0.00,0.00,,,0.00,0.00,,
,Power Generation Equipment,0.00,0.00,,,0.00,0.00,,
,DOAS Direct to Zone,0.00,,,0.00,0.00,0.00,,
,Infiltration,0.00,,,0.00,0.00,0.00,0.00,
,Zone Ventilation,0.00,,,0.00,0.00,0.00,,
,Interzone Mixing,0.00,,,0.00,0.00,0.00,,
,Roof,,0.00,,,0.00,0.00,0.00,
,Interzone Ceiling,,484.60,,,484.60,11.92,139.35,3.48
,Other Roof,,0.00,,,0.00,0.00,0.00,
,Exterior Wall,,0.00,,,0.00,0.00,0.00,
,Interzone Wall,,504.38,,,504.38,12.41,133.78,3.77
,Ground Contact Wall,,0.00,,,0.00,0.00,0.00,
,Other Wall,,0.00,,,0.00,0.00,0.00,
,Exterior Floor,,0.00,,,0.00,0.00,0.00,
,Interzone Floor,,329.96,,,329.96,8.12,139.35,2.37
,Ground Contact Floor,,0.00,,,0.00,0.00,0.00,
,Other Floor,,0.00,,,0.00,0.00,139.35,0.00
,Fenestration Conduction,0.00,,,,0.00,0.00,0.00,
,Fenestration Solar,,0.00,,,0.00,0.00,0.00,
,Opaque Door,,0.00,,,0.00,0.00,0.00,
,Grand Total,1579.50,1990.20,0.00,495.00,4064.69,,,


Cooling Peak Conditions

,,Value
,Time of Peak Load,8/21 08:00:00
,Outside Dry Bulb Temperature [C],21.70
,Outside Wet Bulb Temperature [C],16.06
,Outside Humidity Ratio at Peak [kgWater/kgDryAir],0.01194
,Zone Dry Bulb Temperature [C],24.00
,Zone Relative Humidity [%],39.13
,Zone Humidity Ratio at Peak [kgWater/kgDryAir],0.00908
,Supply Air Temperature [C],12.89
,Mixed Air Temperature [C],
,Main Fan Air Flow [m3/s],0.3457
,Outside Air Flow [m3/s],0.0644
,Peak Sensible Load with Sizing Factor [W],4350.80
,Difference Due to Sizing Factor [W],567.50
,Peak Sensible Load [W],3783.31
,Estimated Instant + Delayed Sensible Load [W],3569.69
,Difference Between Peak and Estimated Sensible Load [W],213.61


Engineering Checks for Cooling

,,Value
,Outside Air Fraction [fraction],0.1862
,Airflow per Floor Area [m3/s-m2],2.481E-03
,Airflow per Total Capacity [m3/s-W],7.946E-05
,Floor Area per Total Capacity [m2/W],3.203E-02
,Total Capacity per Floor Area [W/m2],3.122E+01
,Number of People,7.5


Estimated Heating Peak Load Components

,,Sensible - Instant [W],Sensible - Delayed [W],Sensible - Return Air [W],Latent [W],Total [W],%Grand Total,Related Area [m2],Total per Area [W/m2]
,People,0.00,0.00,,0.00,0.00,-0.00,139.35,0.00
,Lights,0.00,0.00,0.00,,0.00,-0.00,139.35,0.00
,Equipment,0.00,0.00,,0.00,0.00,-0.00,139.35,0.00
,Refrigeration,0.00,,0.00,0.00,0.00,-0.00,139.35,0.00
,Water Use Equipment,0.00,,,0.00,0.00,-0.00,139.35,0.00
,HVAC Equipment Losses,0.00,0.00,,,0.00,-0.00,,
,Power Generation Equipment,0.00,0.00,,,0.00,-0.00,,
,DOAS Direct to Zone,0.00,,,0.00,0.00,-0.00,,
,Infiltration,0.00,,,0.00,0.00,-0.00,0.00,
,Zone Ventilation,0.00,,,0.00,0.00,-0.00,,
,Interzone Mixing,0.00,,,0.00,0.00,-0.00,,
,Roof,,0.00,,,0.00,-0.00,0.00,
,Interzone Ceiling,,-631.1,,,-631.1,42.55,139.35,-4.5
,Other Roof,,0.00,,,0.00,-0.00,0.00,
,Exterior Wall,,0.00,,,0.00,-0.00,0.00,
,Interzone Wall,,-519.3,,,-519.3,35.01,133.78,-3.9
,Ground Contact Wall,,0.00,,,0.00,-0.00,0.00,
,Other Wall,,0.00,,,0.00,-0.00,0.00,
,Exterior Floor,,0.00,,,0.00,-0.00,0.00,
,Interzone Floor,,-332.9,,,-332.9,22.44,139.35,-2.4
,Ground Contact Floor,,0.00,,,0.00,-0.00,0.00,
,Other Floor,,0.00,,,0.00,-0.00,139.35,0.00
,Fenestration Conduction,0.00,,,,0.00,-0.00,0.00,
,Fenestration Solar,,0.00,,,0.00,-0.00,0.00,
,Opaque Door,,0.00,,,0.00,-0.00,0.00,
,Grand Total,0.00,-1483.3,0.00,0.00,-1483.3,,,


Heating Peak Conditions

,,Value
,Time of Peak Load,12/21 08:00:00
,Outside Dry Bulb Temperature [C],-4.2
,Outside Wet Bulb Temperature [C],-4.2
,Outside Humidity Ratio at Peak [kgWater/kgDryAir],0.00331
,Zone Dry Bulb Temperature [C],21.00
,Zone Relative Humidity [%],41.45
,Zone Humidity Ratio at Peak [kgWater/kgDryAir],0.00800
,Supply Air Temperature [C],9.89
,Mixed Air Temperature [C],
,Main Fan Air Flow [m3/s],0.1596
,Outside Air Flow [m3/s],0.0644
,Peak Sensible Load with Sizing Factor [W],-2181.4
,Difference Due to Sizing Factor [W],-436.3
,Peak Sensible Load [W],-1745.1
,Estimated Instant + Delayed Sensible Load [W],-1483.3
,Difference Between Peak and Estimated Sensible Load [W],-261.8


Engineering Checks for Heating

,,Value
,Outside Air Fraction [fraction],0.4034
,Airflow per Floor Area [m3/s-m2],1.145E-03
,Airflow per Total Capacity [m3/s-W],-7.317E-05
,Floor Area per Total Capacity [m2/W],-6.388E-02
,Total Capacity per Floor Area [W/m2],-1.565E+01
,Number of People,7.5


----------------------------------------------------------------------------------------------------
REPORT:,Zone Component Load Summary
FOR:,BLOCKS-3645_OFFICE_6_EAST PERIMETER
Estimated Cooling Peak Load Components

,,Sensible - Instant [W],Sensible - Delayed [W],Sensible - Return Air [W],Latent [W],Total [W],%Grand Total,Related Area [m2],Total per Area [W/m2]
,People,155.92,38.10,,222.75,416.77,8.43,62.71,6.65
,Lights,200.47,210.36,0.00,,410.83,8.31,62.71,6.55
,Equipment,354.37,132.82,,0.00,487.20,9.86,62.71,7.77
,Refrigeration,0.00,,0.00,0.00,0.00,0.00,62.71,0.00
,Water Use Equipment,0.00,,,0.00,0.00,0.00,62.71,0.00
,HVAC Equipment Losses,0.00,0.00,,,0.00,0.00,,
,Power Generation Equipment,0.00,0.00,,,0.00,0.00,,
,DOAS Direct to Zone,0.00,,,0.00,0.00,0.00,,
,Infiltration,-5.1,,,18.45,13.35,0.27,50.17,0.27
,Zone Ventilation,0.00,,,0.00,0.00,0.00,,
,Interzone Mixing,0.00,,,0.00,0.00,0.00,,
,Roof,,0.00,,,0.00,0.00,0.00,
,Interzone Ceiling,,-423.8,,,-423.8,-8.6,62.71,-6.8
,Other Roof,,0.00,,,0.00,0.00,0.00,
,Exterior Wall,,-16.0,,,-16.0,-0.3,50.17,-0.3
,Interzone Wall,,-393.2,,,-393.2,-8.0,60.56,-6.5
,Ground Contact Wall,,0.00,,,0.00,0.00,0.00,
,Other Wall,,0.00,,,0.00,0.00,50.17,0.00
,Exterior Floor,,0.00,,,0.00,0.00,0.00,
,Interzone Floor,,-55.9,,,-55.9,-1.1,62.71,-0.9
,Ground Contact Floor,,0.00,,,0.00,0.00,0.00,
,Other Floor,,0.00,,,0.00,0.00,62.71,0.00
,Fenestration Conduction,1339.59,,,,1339.59,27.11,20.07,66.76
,Fenestration Solar,,3162.57,,,3162.57,64.00,20.07,157.60
,Opaque Door,,0.00,,,0.00,0.00,0.00,
,Grand Total,2045.26,2655.01,0.00,241.20,4941.48,,,


Cooling Peak Conditions

,,Value
,Time of Peak Load,8/21 08:30:00
,Outside Dry Bulb Temperature [C],22.69
,Outside Wet Bulb Temperature [C],16.36
,Outside Humidity Ratio at Peak [kgWater/kgDryAir],0.01194
,Zone Dry Bulb Temperature [C],24.00
,Zone Relative Humidity [%],37.65
,Zone Humidity Ratio at Peak [kgWater/kgDryAir],0.00873
,Supply Air Temperature [C],12.89
,Mixed Air Temperature [C],
,Main Fan Air Flow [m3/s],0.4283
,Outside Air Flow [m3/s],0.0290
,Peak Sensible Load with Sizing Factor [W],5390.64
,Difference Due to Sizing Factor [W],703.13
,Peak Sensible Load [W],4687.51
,Estimated Instant + Delayed Sensible Load [W],4700.28
,Difference Between Peak and Estimated Sensible Load [W],-12.8


Engineering Checks for Cooling

,,Value
,Outside Air Fraction [fraction],0.0676
,Airflow per Floor Area [m3/s-m2],6.831E-03
,Airflow per Total Capacity [m3/s-W],7.946E-05
,Floor Area per Total Capacity [m2/W],1.163E-02
,Total Capacity per Floor Area [W/m2],8.596E+01
,Number of People,3.4


Estimated Heating Peak Load Components

,,Sensible - Instant [W],Sensible - Delayed [W],Sensible - Return Air [W],Latent [W],Total [W],%Grand Total,Related Area [m2],Total per Area [W/m2]
,People,0.00,0.00,,0.00,0.00,-0.00,62.71,0.00
,Lights,0.00,0.00,0.00,,0.00,-0.00,62.71,0.00
,Equipment,0.00,0.00,,0.00,0.00,-0.00,62.71,0.00
,Refrigeration,0.00,,0.00,0.00,0.00,-0.00,62.71,0.00
,Water Use Equipment,0.00,,,0.00,0.00,-0.00,62.71,0.00
,HVAC Equipment Losses,0.00,0.00,,,0.00,-0.00,,
,Power Generation Equipment,0.00,0.00,,,0.00,-0.00,,
,DOAS Direct to Zone,0.00,,,0.00,0.00,-0.00,,
,Infiltration,-65.9,,,-30.0,-95.9,5.90,50.17,-1.9
,Zone Ventilation,0.00,,,0.00,0.00,-0.00,,
,Interzone Mixing,0.00,,,0.00,0.00,-0.00,,
,Roof,,0.00,,,0.00,-0.00,0.00,
,Interzone Ceiling,,-289.8,,,-289.8,17.81,62.71,-4.6
,Other Roof,,0.00,,,0.00,-0.00,0.00,
,Exterior Wall,,-308.8,,,-308.8,18.97,50.17,-6.2
,Interzone Wall,,-65.3,,,-65.3,4.01,60.56,-1.1
,Ground Contact Wall,,0.00,,,0.00,-0.00,0.00,
,Other Wall,,0.00,,,0.00,-0.00,50.17,0.00
,Exterior Floor,,0.00,,,0.00,-0.00,0.00,
,Interzone Floor,,-85.9,,,-85.9,5.28,62.71,-1.4
,Ground Contact Floor,,0.00,,,0.00,-0.00,0.00,
,Other Floor,,0.00,,,0.00,-0.00,62.71,0.00
,Fenestration Conduction,-781.6,,,,-781.6,48.03,20.07,-38.9
,Fenestration Solar,,0.00,,,0.00,-0.00,20.07,0.00
,Opaque Door,,0.00,,,0.00,-0.00,0.00,
,Grand Total,-847.5,-749.8,0.00,-30.0,-1627.3,,,


Heating Peak Conditions

,,Value
,Time of Peak Load,12/21 08:00:00
,Outside Dry Bulb Temperature [C],-4.2
,Outside Wet Bulb Temperature [C],-4.2
,Outside Humidity Ratio at Peak [kgWater/kgDryAir],0.00331
,Zone Dry Bulb Temperature [C],21.00
,Zone Relative Humidity [%],41.05
,Zone Humidity Ratio at Peak [kgWater/kgDryAir],0.00792
,Supply Air Temperature [C],9.89
,Mixed Air Temperature [C],
,Main Fan Air Flow [m3/s],0.1618
,Outside Air Flow [m3/s],0.0290
,Peak Sensible Load with Sizing Factor [W],-2211.1
,Difference Due to Sizing Factor [W],-442.2
,Peak Sensible Load [W],-1768.9
,Estimated Instant + Delayed Sensible Load [W],-1597.2
,Difference Between Peak and Estimated Sensible Load [W],-171.6


Engineering Checks for Heating

,,Value
,Outside Air Fraction [fraction],0.1791
,Airflow per Floor Area [m3/s-m2],2.580E-03
,Airflow per Total Capacity [m3/s-W],-7.317E-05
,Floor Area per Total Capacity [m2/W],-2.836E-02
,Total Capacity per Floor Area [W/m2],-3.526E+01
,Number of People,3.4


----------------------------------------------------------------------------------------------------
REPORT:,Zone Component Load Summary
FOR:,BLOCKS-3645_OFFICE_6_NORTH PERIMETER
Estimated Cooling Peak Load Components

,,Sensible - Instant [W],Sensible - Delayed [W],Sensible - Return Air [W],Latent [W],Total [W],%Grand Total,Related Area [m2],Total per Area [W/m2]
,People,225.23,77.61,,321.75,624.59,18.02,90.58,6.90
,Lights,289.57,350.22,0.00,,639.80,18.46,90.58,7.06
,Equipment,511.88,221.36,,0.00,733.23,21.15,90.58,8.09
,Refrigeration,0.00,,0.00,0.00,0.00,0.00,90.58,0.00
,Water Use Equipment,0.00,,,0.00,0.00,0.00,90.58,0.00
,HVAC Equipment Losses,0.00,0.00,,,0.00,0.00,,
,Power Generation Equipment,0.00,0.00,,,0.00,0.00,,
,DOAS Direct to Zone,0.00,,,0.00,0.00,0.00,,
,Infiltration,15.78,,,22.10,37.88,1.09,66.89,0.57
,Zone Ventilation,0.00,,,0.00,0.00,0.00,,
,Interzone Mixing,0.00,,,0.00,0.00,0.00,,
,Roof,,0.00,,,0.00,0.00,0.00,
,Interzone Ceiling,,163.70,,,163.70,4.72,90.58,1.81
,Other Roof,,0.00,,,0.00,0.00,0.00,
,Exterior Wall,,0.52,,,0.52,0.02,66.89,0.01
,Interzone Wall,,15.01,,,15.01,0.43,77.28,0.19
,Ground Contact Wall,,0.00,,,0.00,0.00,0.00,
,Other Wall,,0.00,,,0.00,0.00,66.89,0.00
,Exterior Floor,,0.00,,,0.00,0.00,0.00,
,Interzone Floor,,-24.2,,,-24.2,-0.7,90.58,-0.3
,Ground Contact Floor,,0.00,,,0.00,0.00,0.00,
,Other Floor,,0.00,,,0.00,0.00,90.58,0.00
,Fenestration Conduction,386.66,,,,386.66,11.16,26.76,14.45
,Fenestration Solar,,889.01,,,889.01,25.65,26.76,33.23
,Opaque Door,,0.00,,,0.00,0.00,0.00,
,Grand Total,1429.12,1693.24,0.00,343.85,3466.21,,,


Cooling Peak Conditions

,,Value
,Time of Peak Load,8/21 14:45:00
,Outside Dry Bulb Temperature [C],29.40
,Outside Wet Bulb Temperature [C],18.34
,Outside Humidity Ratio at Peak [kgWater/kgDryAir],0.01196
,Zone Dry Bulb Temperature [C],24.00
,Zone Relative Humidity [%],38.79
,Zone Humidity Ratio at Peak [kgWater/kgDryAir],0.00900
,Supply Air Temperature [C],12.89
,Mixed Air Temperature [C],
,Main Fan Air Flow [m3/s],0.2821
,Outside Air Flow [m3/s],0.0419
,Peak Sensible Load with Sizing Factor [W],3549.83
,Difference Due to Sizing Factor [W],463.02
,Peak Sensible Load [W],3086.81
,Estimated Instant + Delayed Sensible Load [W],3122.36
,Difference Between Peak and Estimated Sensible Load [W],-35.5


Engineering Checks for Cooling

,,Value
,Outside Air Fraction [fraction],0.1484
,Airflow per Floor Area [m3/s-m2],3.114E-03
,Airflow per Total Capacity [m3/s-W],7.946E-05
,Floor Area per Total Capacity [m2/W],2.552E-02
,Total Capacity per Floor Area [W/m2],3.919E+01
,Number of People,4.9


Estimated Heating Peak Load Components

,,Sensible - Instant [W],Sensible - Delayed [W],Sensible - Return Air [W],Latent [W],Total [W],%Grand Total,Related Area [m2],Total per Area [W/m2]
,People,0.00,0.00,,0.00,0.00,-0.00,90.58,0.00
,Lights,0.00,0.00,0.00,,0.00,-0.00,90.58,0.00
,Equipment,0.00,0.00,,0.00,0.00,-0.00,90.58,0.00
,Refrigeration,0.00,,0.00,0.00,0.00,-0.00,90.58,0.00
,Water Use Equipment,0.00,,,0.00,0.00,-0.00,90.58,0.00
,HVAC Equipment Losses,0.00,0.00,,,0.00,-0.00,,
,Power Generation Equipment,0.00,0.00,,,0.00,-0.00,,
,DOAS Direct to Zone,0.00,,,0.00,0.00,-0.00,,
,Infiltration,-87.9,,,-40.0,-127.9,5.82,66.89,-1.9
,Zone Ventilation,0.00,,,0.00,0.00,-0.00,,
,Interzone Mixing,0.00,,,0.00,0.00,-0.00,,
,Roof,,0.00,,,0.00,-0.00,0.00,
,Interzone Ceiling,,-415.9,,,-415.9,18.93,90.58,-4.6
,Other Roof,,0.00,,,0.00,-0.00,0.00,
,Exterior Wall,,-409.4,,,-409.4,18.63,66.89,-6.1
,Interzone Wall,,-71.9,,,-71.9,3.27,77.28,-0.9
,Ground Contact Wall,,0.00,,,0.00,-0.00,0.00,
,Other Wall,,0.00,,,0.00,-0.00,66.89,0.00
,Exterior Floor,,0.00,,,0.00,-0.00,0.00,
,Interzone Floor,,-129.2,,,-129.2,5.88,90.58,-1.4
,Ground Contact Floor,,0.00,,,0.00,-0.00,0.00,
,Other Floor,,0.00,,,0.00,-0.00,90.58,0.00
,Fenestration Conduction,-1042.7,,,,-1042.7,47.46,26.76,-39.0
,Fenestration Solar,,0.00,,,0.00,-0.00,26.76,0.00
,Opaque Door,,0.00,,,0.00,-0.00,0.00,
,Grand Total,-1130.5,-1026.3,0.00,-40.0,-2196.9,,,


Heating Peak Conditions

,,Value
,Time of Peak Load,12/21 08:00:00
,Outside Dry Bulb Temperature [C],-4.2
,Outside Wet Bulb Temperature [C],-4.2
,Outside Humidity Ratio at Peak [kgWater/kgDryAir],0.00331
,Zone Dry Bulb Temperature [C],21.00
,Zone Relative Humidity [%],41.04
,Zone Humidity Ratio at Peak [kgWater/kgDryAir],0.00792
,Supply Air Temperature [C],9.89
,Mixed Air Temperature [C],
,Main Fan Air Flow [m3/s],0.2189
,Outside Air Flow [m3/s],0.0419
,Peak Sensible Load with Sizing Factor [W],-2991.3
,Difference Due to Sizing Factor [W],-598.3
,Peak Sensible Load [W],-2393.0
,Estimated Instant + Delayed Sensible Load [W],-2156.8
,Difference Between Peak and Estimated Sensible Load [W],-236.2


Engineering Checks for Heating

,,Value
,Outside Air Fraction [fraction],0.1912
,Airflow per Floor Area [m3/s-m2],2.416E-03
,Airflow per Total Capacity [m3/s-W],-7.317E-05
,Floor Area per Total Capacity [m2/W],-3.028E-02
,Total Capacity per Floor Area [W/m2],-3.302E+01
,Number of People,4.9


----------------------------------------------------------------------------------------------------
REPORT:,Zone Component Load Summary
FOR:,BLOCKS-3645_OFFICE_6_SOUTH PERIMETER
Estimated Cooling Peak Load Components

,,Sensible - Instant [W],Sensible - Delayed [W],Sensible - Return Air [W],Latent [W],Total [W],%Grand Total,Related Area [m2],Total per Area [W/m2]
,People,225.22,73.99,,321.75,620.96,11.57,90.58,6.86
,Lights,289.57,349.60,0.00,,639.17,11.91,90.58,7.06
,Equipment,511.87,220.75,,0.00,732.62,13.65,90.58,8.09
,Refrigeration,0.00,,0.00,0.00,0.00,0.00,90.58,0.00
,Water Use Equipment,0.00,,,0.00,0.00,0.00,90.58,0.00
,HVAC Equipment Losses,0.00,0.00,,,0.00,0.00,,
,Power Generation Equipment,0.00,0.00,,,0.00,0.00,,
,DOAS Direct to Zone,0.00,,,0.00,0.00,0.00,,
,Infiltration,13.31,,,23.55,36.86,0.69,66.89,0.55
,Zone Ventilation,0.00,,,0.00,0.00,0.00,,
,Interzone Mixing,0.00,,,0.00,0.00,0.00,,
,Roof,,0.00,,,0.00,0.00,0.00,
,Interzone Ceiling,,-306.1,,,-306.1,-5.7,90.58,-3.4
,Other Roof,,0.00,,,0.00,0.00,0.00,
,Exterior Wall,,40.95,,,40.95,0.76,66.89,0.61
,Interzone Wall,,-322.9,,,-322.9,-6.0,77.28,-4.2
,Ground Contact Wall,,0.00,,,0.00,0.00,0.00,
,Other Wall,,0.00,,,0.00,0.00,66.89,0.00
,Exterior Floor,,0.00,,,0.00,0.00,0.00,
,Interzone Floor,,-176.6,,,-176.6,-3.3,90.58,-1.9
,Ground Contact Floor,,0.00,,,0.00,0.00,0.00,
,Other Floor,,0.00,,,0.00,0.00,90.58,0.00
,Fenestration Conduction,1640.77,,,,1640.77,30.58,26.76,61.32
,Fenestration Solar,,2460.27,,,2460.27,45.85,26.76,91.95
,Opaque Door,,0.00,,,0.00,0.00,0.00,
,Grand Total,2680.75,2339.93,0.00,345.30,5365.99,,,


Cooling Peak Conditions

,,Value
,Time of Peak Load,8/21 13:00:00
,Outside Dry Bulb Temperature [C],28.88
,Outside Wet Bulb Temperature [C],18.19
,Outside Humidity Ratio at Peak [kgWater/kgDryAir],0.01195
,Zone Dry Bulb Temperature [C],24.00
,Zone Relative Humidity [%],37.99
,Zone Humidity Ratio at Peak [kgWater/kgDryAir],0.00881
,Supply Air Temperature [C],12.89
,Mixed Air Temperature [C],
,Main Fan Air Flow [m3/s],0.4554
,Outside Air Flow [m3/s],0.0419
,Peak Sensible Load with Sizing Factor [W],5730.94
,Difference Due to Sizing Factor [W],747.51
,Peak Sensible Load [W],4983.43
,Estimated Instant + Delayed Sensible Load [W],5020.68
,Difference Between Peak and Estimated Sensible Load [W],-37.3


Engineering Checks for Cooling

,,Value
,Outside Air Fraction [fraction],0.0919
,Airflow per Floor Area [m3/s-m2],5.027E-03
,Airflow per Total Capacity [m3/s-W],7.946E-05
,Floor Area per Total Capacity [m2/W],1.581E-02
,Total Capacity per Floor Area [W/m2],6.327E+01
,Number of People,4.9


Estimated Heating Peak Load Components

,,Sensible - Instant [W],Sensible - Delayed [W],Sensible - Return Air [W],Latent [W],Total [W],%Grand Total,Related Area [m2],Total per Area [W/m2]
,People,0.00,0.00,,0.00,0.00,-0.00,90.58,0.00
,Lights,0.00,0.00,0.00,,0.00,-0.00,90.58,0.00
,Equipment,0.00,0.00,,0.00,0.00,-0.00,90.58,0.00
,Refrigeration,0.00,,0.00,0.00,0.00,-0.00,90.58,0.00
,Water Use Equipment,0.00,,,0.00,0.00,-0.00,90.58,0.00
,HVAC Equipment Losses,0.00,0.00,,,0.00,-0.00,,
,Power Generation Equipment,0.00,0.00,,,0.00,-0.00,,
,DOAS Direct to Zone,0.00,,,0.00,0.00,-0.00,,
,Infiltration,-87.9,,,-40.0,-127.9,5.84,66.89,-1.9
,Zone Ventilation,0.00,,,0.00,0.00,-0.00,,
,Interzone Mixing,0.00,,,0.00,0.00,-0.00,,
,Roof,,0.00,,,0.00,-0.00,0.00,
,Interzone Ceiling,,-416.5,,,-416.5,19.02,90.58,-4.6
,Other Roof,,0.00,,,0.00,-0.00,0.00,
,Exterior Wall,,-411.7,,,-411.7,18.80,66.89,-6.2
,Interzone Wall,,-72.9,,,-72.9,3.33,77.28,-0.9
,Ground Contact Wall,,0.00,,,0.00,-0.00,0.00,
,Other Wall,,0.00,,,0.00,-0.00,66.89,0.00
,Exterior Floor,,0.00,,,0.00,-0.00,0.00,
,Interzone Floor,,-130.1,,,-130.1,5.94,90.58,-1.4
,Ground Contact Floor,,0.00,,,0.00,-0.00,0.00,
,Other Floor,,0.00,,,0.00,-0.00,90.58,0.00
,Fenestration Conduction,-1031.1,,,,-1031.1,47.08,26.76,-38.5
,Fenestration Solar,,0.00,,,0.00,-0.00,26.76,0.00
,Opaque Door,,0.00,,,0.00,-0.00,0.00,
,Grand Total,-1118.9,-1031.2,0.00,-40.0,-2190.1,,,


Heating Peak Conditions

,,Value
,Time of Peak Load,12/21 08:00:00
,Outside Dry Bulb Temperature [C],-4.2
,Outside Wet Bulb Temperature [C],-4.2
,Outside Humidity Ratio at Peak [kgWater/kgDryAir],0.00331
,Zone Dry Bulb Temperature [C],21.00
,Zone Relative Humidity [%],41.04
,Zone Humidity Ratio at Peak [kgWater/kgDryAir],0.00792
,Supply Air Temperature [C],9.89
,Mixed Air Temperature [C],
,Main Fan Air Flow [m3/s],0.2182
,Outside Air Flow [m3/s],0.0419
,Peak Sensible Load with Sizing Factor [W],-2982.7
,Difference Due to Sizing Factor [W],-596.5
,Peak Sensible Load [W],-2386.1
,Estimated Instant + Delayed Sensible Load [W],-2150.1
,Difference Between Peak and Estimated Sensible Load [W],-236.0


Engineering Checks for Heating

,,Value
,Outside Air Fraction [fraction],0.1918
,Airflow per Floor Area [m3/s-m2],2.409E-03
,Airflow per Total Capacity [m3/s-W],-7.317E-05
,Floor Area per Total Capacity [m2/W],-3.037E-02
,Total Capacity per Floor Area [W/m2],-3.293E+01
,Number of People,4.9


----------------------------------------------------------------------------------------------------
REPORT:,Zone Component Load Summary
FOR:,BLOCKS-3645_OFFICE_6_WEST PERIMETER
Estimated Cooling Peak Load Components

,,Sensible - Instant [W],Sensible - Delayed [W],Sensible - Return Air [W],Latent [W],Total [W],%Grand Total,Related Area [m2],Total per Area [W/m2]
,People,155.92,63.03,,222.75,441.70,8.55,62.71,7.04
,Lights,200.47,261.54,0.00,,462.01,8.94,62.71,7.37
,Equipment,354.37,164.92,,0.00,519.29,10.05,62.71,8.28
,Refrigeration,0.00,,0.00,0.00,0.00,0.00,62.71,0.00
,Water Use Equipment,0.00,,,0.00,0.00,0.00,62.71,0.00
,HVAC Equipment Losses,0.00,0.00,,,0.00,0.00,,
,Power Generation Equipment,0.00,0.00,,,0.00,0.00,,
,DOAS Direct to Zone,0.00,,,0.00,0.00,0.00,,
,Infiltration,9.28,,,18.19,27.47,0.53,50.17,0.55
,Zone Ventilation,0.00,,,0.00,0.00,0.00,,
,Interzone Mixing,0.00,,,0.00,0.00,0.00,,
,Roof,,0.00,,,0.00,0.00,0.00,
,Interzone Ceiling,,-535.7,,,-535.7,-10.4,62.71,-8.5
,Other Roof,,0.00,,,0.00,0.00,0.00,
,Exterior Wall,,70.69,,,70.69,1.37,50.17,1.41
,Interzone Wall,,-475.8,,,-475.8,-9.2,60.56,-7.9
,Ground Contact Wall,,0.00,,,0.00,0.00,0.00,
,Other Wall,,0.00,,,0.00,0.00,50.17,0.00
,Exterior Floor,,0.00,,,0.00,0.00,0.00,
,Interzone Floor,,32.77,,,32.77,0.63,62.71,0.52
,Ground Contact Floor,,0.00,,,0.00,0.00,0.00,
,Other Floor,,0.00,,,0.00,0.00,62.71,0.00
,Fenestration Conduction,1464.68,,,,1464.68,28.35,20.07,72.99
,Fenestration Solar,,3159.31,,,3159.31,61.15,20.07,157.44
,Opaque Door,,0.00,,,0.00,0.00,0.00,
,Grand Total,2184.73,2740.77,0.00,240.94,5166.44,,,


Cooling Peak Conditions

,,Value
,Time of Peak Load,8/21 17:00:00
,Outside Dry Bulb Temperature [C],27.94
,Outside Wet Bulb Temperature [C],17.92
,Outside Humidity Ratio at Peak [kgWater/kgDryAir],0.01195
,Zone Dry Bulb Temperature [C],24.00
,Zone Relative Humidity [%],37.60
,Zone Humidity Ratio at Peak [kgWater/kgDryAir],0.00872
,Supply Air Temperature [C],12.89
,Mixed Air Temperature [C],
,Main Fan Air Flow [m3/s],0.4476
,Outside Air Flow [m3/s],0.0290
,Peak Sensible Load with Sizing Factor [W],5633.45
,Difference Due to Sizing Factor [W],734.80
,Peak Sensible Load [W],4898.65
,Estimated Instant + Delayed Sensible Load [W],4925.51
,Difference Between Peak and Estimated Sensible Load [W],-26.9


Engineering Checks for Cooling

,,Value
,Outside Air Fraction [fraction],0.0647
,Airflow per Floor Area [m3/s-m2],7.138E-03
,Airflow per Total Capacity [m3/s-W],7.946E-05
,Floor Area per Total Capacity [m2/W],1.113E-02
,Total Capacity per Floor Area [W/m2],8.983E+01
,Number of People,3.4


Estimated Heating Peak Load Components

,,Sensible - Instant [W],Sensible - Delayed [W],Sensible - Return Air [W],Latent [W],Total [W],%Grand Total,Related Area [m2],Total per Area [W/m2]
,People,0.00,0.00,,0.00,0.00,-0.00,62.71,0.00
,Lights,0.00,0.00,0.00,,0.00,-0.00,62.71,0.00
,Equipment,0.00,0.00,,0.00,0.00,-0.00,62.71,0.00
,Refrigeration,0.00,,0.00,0.00,0.00,-0.00,62.71,0.00
,Water Use Equipment,0.00,,,0.00,0.00,-0.00,62.71,0.00
,HVAC Equipment Losses,0.00,0.00,,,0.00,-0.00,,
,Power Generation Equipment,0.00,0.00,,,0.00,-0.00,,
,DOAS Direct to Zone,0.00,,,0.00,0.00,-0.00,,
,Infiltration,-65.9,,,-30.0,-95.9,5.91,50.17,-1.9
,Zone Ventilation,0.00,,,0.00,0.00,-0.00,,
,Interzone Mixing,0.00,,,0.00,0.00,-0.00,,
,Roof,,0.00,,,0.00,-0.00,0.00,
,Interzone Ceiling,,-290.2,,,-290.2,17.89,62.71,-4.6
,Other Roof,,0.00,,,0.00,-0.00,0.00,
,Exterior Wall,,-310.5,,,-310.5,19.14,50.17,-6.2
,Interzone Wall,,-66.1,,,-66.1,4.08,60.56,-1.1
,Ground Contact Wall,,0.00,,,0.00,-0.00,0.00,
,Other Wall,,0.00,,,0.00,-0.00,50.17,0.00
,Exterior Floor,,0.00,,,0.00,-0.00,0.00,
,Interzone Floor,,-86.5,,,-86.5,5.33,62.71,-1.4
,Ground Contact Floor,,0.00,,,0.00,-0.00,0.00,
,Other Floor,,0.00,,,0.00,-0.00,62.71,0.00
,Fenestration Conduction,-772.9,,,,-772.9,47.65,20.07,-38.5
,Fenestration Solar,,0.00,,,0.00,-0.00,20.07,0.00
,Opaque Door,,0.00,,,0.00,-0.00,0.00,
,Grand Total,-838.8,-753.4,0.00,-30.0,-1622.3,,,


Heating Peak Conditions

,,Value
,Time of Peak Load,12/21 08:00:00
,Outside Dry Bulb Temperature [C],-4.2
,Outside Wet Bulb Temperature [C],-4.2
,Outside Humidity Ratio at Peak [kgWater/kgDryAir],0.00331
,Zone Dry Bulb Temperature [C],21.00
,Zone Relative Humidity [%],41.05
,Zone Humidity Ratio at Peak [kgWater/kgDryAir],0.00792
,Supply Air Temperature [C],9.89
,Mixed Air Temperature [C],
,Main Fan Air Flow [m3/s],0.1613
,Outside Air Flow [m3/s],0.0290
,Peak Sensible Load with Sizing Factor [W],-2204.7
,Difference Due to Sizing Factor [W],-440.9
,Peak Sensible Load [W],-1763.7
,Estimated Instant + Delayed Sensible Load [W],-1592.2
,Difference Between Peak and Estimated Sensible Load [W],-171.5


Engineering Checks for Heating

,,Value
,Outside Air Fraction [fraction],0.1796
,Airflow per Floor Area [m3/s-m2],2.572E-03
,Airflow per Total Capacity [m3/s-W],-7.317E-05
,Floor Area per Total Capacity [m2/W],-2.844E-02
,Total Capacity per Floor Area [W/m2],-3.516E+01
,Number of People,3.4


----------------------------------------------------------------------------------------------------
REPORT:,Zone Component Load Summary
FOR:,BLOCKS-3645_OFFICE_7_CORE
Estimated Cooling Peak Load Components

,,Sensible - Instant [W],Sensible - Delayed [W],Sensible - Return Air [W],Latent [W],Total [W],%Grand Total,Related Area [m2],Total per Area [W/m2]
,People,346.50,60.60,,495.00,902.10,22.20,139.35,6.47
,Lights,445.50,375.98,0.00,,821.48,20.21,139.35,5.89
,Equipment,787.50,234.66,,0.00,1022.16,25.15,139.35,7.33
,Refrigeration,0.00,,0.00,0.00,0.00,0.00,139.35,0.00
,Water Use Equipment,0.00,,,0.00,0.00,0.00,139.35,0.00
,HVAC Equipment Losses,0.00,0.00,,,0.00,0.00,,
,Power Generation Equipment,0.00,0.00,,,0.00,0.00,,
,DOAS Direct to Zone,0.00,,,0.00,0.00,0.00,,
,Infiltration,0.00,,,0.00,0.00,0.00,0.00,
,Zone Ventilation,0.00,,,0.00,0.00,0.00,,
,Interzone Mixing,0.00,,,0.00,0.00,0.00,,
,Roof,,0.00,,,0.00,0.00,0.00,
,Interzone Ceiling,,484.63,,,484.63,11.92,139.35,3.48
,Other Roof,,0.00,,,0.00,0.00,0.00,
,Exterior Wall,,0.00,,,0.00,0.00,0.00,
,Interzone Wall,,504.07,,,504.07,12.40,133.78,3.77
,Ground Contact Wall,,0.00,,,0.00,0.00,0.00,
,Other Wall,,0.00,,,0.00,0.00,0.00,
,Exterior Floor,,0.00,,,0.00,0.00,0.00,
,Interzone Floor,,330.00,,,330.00,8.12,139.35,2.37
,Ground Contact Floor,,0.00,,,0.00,0.00,0.00,
,Other Floor,,0.00,,,0.00,0.00,139.35,0.00
,Fenestration Conduction,0.00,,,,0.00,0.00,0.00,
,Fenestration Solar,,0.00,,,0.00,0.00,0.00,
,Opaque Door,,0.00,,,0.00,0.00,0.00,
,Grand Total,1579.50,1989.94,0.00,495.00,4064.44,,,


Cooling Peak Conditions

,,Value
,Time of Peak Load,8/21 08:00:00
,Outside Dry Bulb Temperature [C],21.70
,Outside Wet Bulb Temperature [C],16.06
,Outside Humidity Ratio at Peak [kgWater/kgDryAir],0.01194
,Zone Dry Bulb Temperature [C],24.00
,Zone Relative Humidity [%],39.13
,Zone Humidity Ratio at Peak [kgWater/kgDryAir],0.00908
,Supply Air Temperature [C],12.89
,Mixed Air Temperature [C],
,Main Fan Air Flow [m3/s],0.3457
,Outside Air Flow [m3/s],0.0644
,Peak Sensible Load with Sizing Factor [W],4350.50
,Difference Due to Sizing Factor [W],567.46
,Peak Sensible Load [W],3783.05
,Estimated Instant + Delayed Sensible Load [W],3569.44
,Difference Between Peak and Estimated Sensible Load [W],213.60


Engineering Checks for Cooling

,,Value
,Outside Air Fraction [fraction],0.1863
,Airflow per Floor Area [m3/s-m2],2.481E-03
,Airflow per Total Capacity [m3/s-W],7.946E-05
,Floor Area per Total Capacity [m2/W],3.203E-02
,Total Capacity per Floor Area [W/m2],3.122E+01
,Number of People,7.5


Estimated Heating Peak Load Components

,,Sensible - Instant [W],Sensible - Delayed [W],Sensible - Return Air [W],Latent [W],Total [W],%Grand Total,Related Area [m2],Total per Area [W/m2]
,People,0.00,0.00,,0.00,0.00,-0.00,139.35,0.00
,Lights,0.00,0.00,0.00,,0.00,-0.00,139.35,0.00
,Equipment,0.00,0.00,,0.00,0.00,-0.00,139.35,0.00
,Refrigeration,0.00,,0.00,0.00,0.00,-0.00,139.35,0.00
,Water Use Equipment,0.00,,,0.00,0.00,-0.00,139.35,0.00
,HVAC Equipment Losses,0.00,0.00,,,0.00,-0.00,,
,Power Generation Equipment,0.00,0.00,,,0.00,-0.00,,
,DOAS Direct to Zone,0.00,,,0.00,0.00,-0.00,,
,Infiltration,0.00,,,0.00,0.00,-0.00,0.00,
,Zone Ventilation,0.00,,,0.00,0.00,-0.00,,
,Interzone Mixing,0.00,,,0.00,0.00,-0.00,,
,Roof,,0.00,,,0.00,-0.00,0.00,
,Interzone Ceiling,,-631.2,,,-631.2,42.54,139.35,-4.5
,Other Roof,,0.00,,,0.00,-0.00,0.00,
,Exterior Wall,,0.00,,,0.00,-0.00,0.00,
,Interzone Wall,,-519.7,,,-519.7,35.03,133.78,-3.9
,Ground Contact Wall,,0.00,,,0.00,-0.00,0.00,
,Other Wall,,0.00,,,0.00,-0.00,0.00,
,Exterior Floor,,0.00,,,0.00,-0.00,0.00,
,Interzone Floor,,-332.9,,,-332.9,22.43,139.35,-2.4
,Ground Contact Floor,,0.00,,,0.00,-0.00,0.00,
,Other Floor,,0.00,,,0.00,-0.00,139.35,0.00
,Fenestration Conduction,0.00,,,,0.00,-0.00,0.00,
,Fenestration Solar,,0.00,,,0.00,-0.00,0.00,
,Opaque Door,,0.00,,,0.00,-0.00,0.00,
,Grand Total,0.00,-1483.8,0.00,0.00,-1483.8,,,


Heating Peak Conditions

,,Value
,Time of Peak Load,12/21 08:00:00
,Outside Dry Bulb Temperature [C],-4.2
,Outside Wet Bulb Temperature [C],-4.2
,Outside Humidity Ratio at Peak [kgWater/kgDryAir],0.00331
,Zone Dry Bulb Temperature [C],21.00
,Zone Relative Humidity [%],41.45
,Zone Humidity Ratio at Peak [kgWater/kgDryAir],0.00800
,Supply Air Temperature [C],9.89
,Mixed Air Temperature [C],
,Main Fan Air Flow [m3/s],0.1597
,Outside Air Flow [m3/s],0.0644
,Peak Sensible Load with Sizing Factor [W],-2182.0
,Difference Due to Sizing Factor [W],-436.4
,Peak Sensible Load [W],-1745.6
,Estimated Instant + Delayed Sensible Load [W],-1483.8
,Difference Between Peak and Estimated Sensible Load [W],-261.9


Engineering Checks for Heating

,,Value
,Outside Air Fraction [fraction],0.4033
,Airflow per Floor Area [m3/s-m2],1.146E-03
,Airflow per Total Capacity [m3/s-W],-7.317E-05
,Floor Area per Total Capacity [m2/W],-6.387E-02
,Total Capacity per Floor Area [W/m2],-1.566E+01
,Number of People,7.5


----------------------------------------------------------------------------------------------------
REPORT:,Zone Component Load Summary
FOR:,BLOCKS-3645_OFFICE_7_EAST PERIMETER
Estimated Cooling Peak Load Components

,,Sensible - Instant [W],Sensible - Delayed [W],Sensible - Return Air [W],Latent [W],Total [W],%Grand Total,Related Area [m2],Total per Area [W/m2]
,People,155.92,38.09,,222.75,416.77,8.44,62.71,6.65
,Lights,200.47,210.34,0.00,,410.81,8.32,62.71,6.55
,Equipment,354.37,132.81,,0.00,487.18,9.86,62.71,7.77
,Refrigeration,0.00,,0.00,0.00,0.00,0.00,62.71,0.00
,Water Use Equipment,0.00,,,0.00,0.00,0.00,62.71,0.00
,HVAC Equipment Losses,0.00,0.00,,,0.00,0.00,,
,Power Generation Equipment,0.00,0.00,,,0.00,0.00,,
,DOAS Direct to Zone,0.00,,,0.00,0.00,0.00,,
,Infiltration,-5.3,,,18.97,13.67,0.28,50.17,0.27
,Zone Ventilation,0.00,,,0.00,0.00,0.00,,
,Interzone Mixing,0.00,,,0.00,0.00,0.00,,
,Roof,,0.00,,,0.00,0.00,0.00,
,Interzone Ceiling,,-423.3,,,-423.3,-8.6,62.71,-6.8
,Other Roof,,0.00,,,0.00,0.00,0.00,
,Exterior Wall,,-16.2,,,-16.2,-0.3,50.17,-0.3
,Interzone Wall,,-392.9,,,-392.9,-8.0,60.56,-6.5
,Ground Contact Wall,,0.00,,,0.00,0.00,0.00,
,Other Wall,,0.00,,,0.00,0.00,50.17,0.00
,Exterior Floor,,0.00,,,0.00,0.00,0.00,
,Interzone Floor,,-55.5,,,-55.5,-1.1,62.71,-0.9
,Ground Contact Floor,,0.00,,,0.00,0.00,0.00,
,Other Floor,,0.00,,,0.00,0.00,62.71,0.00
,Fenestration Conduction,1336.88,,,,1336.88,27.06,20.07,66.62
,Fenestration Solar,,3162.39,,,3162.39,64.02,20.07,157.59
,Opaque Door,,0.00,,,0.00,0.00,0.00,
,Grand Total,2042.35,2655.64,0.00,241.72,4939.72,,,


Cooling Peak Conditions

,,Value
,Time of Peak Load,8/21 08:30:00
,Outside Dry Bulb Temperature [C],22.69
,Outside Wet Bulb Temperature [C],16.36
,Outside Humidity Ratio at Peak [kgWater/kgDryAir],0.01194
,Zone Dry Bulb Temperature [C],24.00
,Zone Relative Humidity [%],37.66
,Zone Humidity Ratio at Peak [kgWater/kgDryAir],0.00873
,Supply Air Temperature [C],12.89
,Mixed Air Temperature [C],
,Main Fan Air Flow [m3/s],0.4281
,Outside Air Flow [m3/s],0.0290
,Peak Sensible Load with Sizing Factor [W],5388.03
,Difference Due to Sizing Factor [W],702.79
,Peak Sensible Load [W],4685.24
,Estimated Instant + Delayed Sensible Load [W],4698.00
,Difference Between Peak and Estimated Sensible Load [W],-12.8


Engineering Checks for Cooling

,,Value
,Outside Air Fraction [fraction],0.0677
,Airflow per Floor Area [m3/s-m2],6.827E-03
,Airflow per Total Capacity [m3/s-W],7.946E-05
,Floor Area per Total Capacity [m2/W],1.164E-02
,Total Capacity per Floor Area [W/m2],8.592E+01
,Number of People,3.4


Estimated Heating Peak Load Components

,,Sensible - Instant [W],Sensible - Delayed [W],Sensible - Return Air [W],Latent [W],Total [W],%Grand Total,Related Area [m2],Total per Area [W/m2]
,People,0.00,0.00,,0.00,0.00,-0.00,62.71,0.00
,Lights,0.00,0.00,0.00,,0.00,-0.00,62.71,0.00
,Equipment,0.00,0.00,,0.00,0.00,-0.00,62.71,0.00
,Refrigeration,0.00,,0.00,0.00,0.00,-0.00,62.71,0.00
,Water Use Equipment,0.00,,,0.00,0.00,-0.00,62.71,0.00
,HVAC Equipment Losses,0.00,0.00,,,0.00,-0.00,,
,Power Generation Equipment,0.00,0.00,,,0.00,-0.00,,
,DOAS Direct to Zone,0.00,,,0.00,0.00,-0.00,,
,Infiltration,-67.8,,,-30.9,-98.7,6.05,50.17,-2.0
,Zone Ventilation,0.00,,,0.00,0.00,-0.00,,
,Interzone Mixing,0.00,,,0.00,0.00,-0.00,,
,Roof,,0.00,,,0.00,-0.00,0.00,
,Interzone Ceiling,,-289.8,,,-289.8,17.77,62.71,-4.6
,Other Roof,,0.00,,,0.00,-0.00,0.00,
,Exterior Wall,,-308.8,,,-308.8,18.93,50.17,-6.2
,Interzone Wall,,-65.2,,,-65.2,4.00,60.56,-1.1
,Ground Contact Wall,,0.00,,,0.00,-0.00,0.00,
,Other Wall,,0.00,,,0.00,-0.00,50.17,0.00
,Exterior Floor,,0.00,,,0.00,-0.00,0.00,
,Interzone Floor,,-85.8,,,-85.8,5.26,62.71,-1.4
,Ground Contact Floor,,0.00,,,0.00,-0.00,0.00,
,Other Floor,,0.00,,,0.00,-0.00,62.71,0.00
,Fenestration Conduction,-783.0,,,,-783.0,48.00,20.07,-39.0
,Fenestration Solar,,0.00,,,0.00,-0.00,20.07,0.00
,Opaque Door,,0.00,,,0.00,-0.00,0.00,
,Grand Total,-850.8,-749.7,0.00,-30.9,-1631.4,,,


Heating Peak Conditions

,,Value
,Time of Peak Load,12/21 08:00:00
,Outside Dry Bulb Temperature [C],-4.2
,Outside Wet Bulb Temperature [C],-4.2
,Outside Humidity Ratio at Peak [kgWater/kgDryAir],0.00331
,Zone Dry Bulb Temperature [C],21.00
,Zone Relative Humidity [%],41.04
,Zone Humidity Ratio at Peak [kgWater/kgDryAir],0.00792
,Supply Air Temperature [C],9.89
,Mixed Air Temperature [C],
,Main Fan Air Flow [m3/s],0.1621
,Outside Air Flow [m3/s],0.0290
,Peak Sensible Load with Sizing Factor [W],-2215.2
,Difference Due to Sizing Factor [W],-443.0
,Peak Sensible Load [W],-1772.2
,Estimated Instant + Delayed Sensible Load [W],-1600.5
,Difference Between Peak and Estimated Sensible Load [W],-171.7


Engineering Checks for Heating

,,Value
,Outside Air Fraction [fraction],0.1788
,Airflow per Floor Area [m3/s-m2],2.585E-03
,Airflow per Total Capacity [m3/s-W],-7.317E-05
,Floor Area per Total Capacity [m2/W],-2.831E-02
,Total Capacity per Floor Area [W/m2],-3.533E+01
,Number of People,3.4


----------------------------------------------------------------------------------------------------
REPORT:,Zone Component Load Summary
FOR:,BLOCKS-3645_OFFICE_7_NORTH PERIMETER
Estimated Cooling Peak Load Components

,,Sensible - Instant [W],Sensible - Delayed [W],Sensible - Return Air [W],Latent [W],Total [W],%Grand Total,Related Area [m2],Total per Area [W/m2]
,People,225.23,77.60,,321.75,624.58,18.02,90.58,6.90
,Lights,289.57,350.28,0.00,,639.85,18.46,90.58,7.06
,Equipment,511.88,221.39,,0.00,733.26,21.15,90.58,8.10
,Refrigeration,0.00,,0.00,0.00,0.00,0.00,90.58,0.00
,Water Use Equipment,0.00,,,0.00,0.00,0.00,90.58,0.00
,HVAC Equipment Losses,0.00,0.00,,,0.00,0.00,,
,Power Generation Equipment,0.00,0.00,,,0.00,0.00,,
,DOAS Direct to Zone,0.00,,,0.00,0.00,0.00,,
,Infiltration,16.16,,,22.72,38.88,1.12,66.89,0.58
,Zone Ventilation,0.00,,,0.00,0.00,0.00,,
,Interzone Mixing,0.00,,,0.00,0.00,0.00,,
,Roof,,0.00,,,0.00,0.00,0.00,
,Interzone Ceiling,,163.86,,,163.86,4.73,90.58,1.81
,Other Roof,,0.00,,,0.00,0.00,0.00,
,Exterior Wall,,-0.3,,,-0.3,-0.0,66.89,-0.0
,Interzone Wall,,15.00,,,15.00,0.43,77.28,0.19
,Ground Contact Wall,,0.00,,,0.00,0.00,0.00,
,Other Wall,,0.00,,,0.00,0.00,66.89,0.00
,Exterior Floor,,0.00,,,0.00,0.00,0.00,
,Interzone Floor,,-24.0,,,-24.0,-0.7,90.58,-0.3
,Ground Contact Floor,,0.00,,,0.00,0.00,0.00,
,Other Floor,,0.00,,,0.00,0.00,90.58,0.00
,Fenestration Conduction,386.28,,,,386.28,11.14,26.76,14.44
,Fenestration Solar,,888.95,,,888.95,25.65,26.76,33.22
,Opaque Door,,0.00,,,0.00,0.00,0.00,
,Grand Total,1429.11,1692.72,0.00,344.47,3466.30,,,


Cooling Peak Conditions

,,Value
,Time of Peak Load,8/21 14:45:00
,Outside Dry Bulb Temperature [C],29.40
,Outside Wet Bulb Temperature [C],18.34
,Outside Humidity Ratio at Peak [kgWater/kgDryAir],0.01196
,Zone Dry Bulb Temperature [C],24.00
,Zone Relative Humidity [%],38.79
,Zone Humidity Ratio at Peak [kgWater/kgDryAir],0.00900
,Supply Air Temperature [C],12.89
,Mixed Air Temperature [C],
,Main Fan Air Flow [m3/s],0.2820
,Outside Air Flow [m3/s],0.0419
,Peak Sensible Load with Sizing Factor [W],3549.25
,Difference Due to Sizing Factor [W],462.95
,Peak Sensible Load [W],3086.30
,Estimated Instant + Delayed Sensible Load [W],3121.83
,Difference Between Peak and Estimated Sensible Load [W],-35.5


Engineering Checks for Cooling

,,Value
,Outside Air Fraction [fraction],0.1484
,Airflow per Floor Area [m3/s-m2],3.114E-03
,Airflow per Total Capacity [m3/s-W],7.946E-05
,Floor Area per Total Capacity [m2/W],2.552E-02
,Total Capacity per Floor Area [W/m2],3.918E+01
,Number of People,4.9


Estimated Heating Peak Load Components

,,Sensible - Instant [W],Sensible - Delayed [W],Sensible - Return Air [W],Latent [W],Total [W],%Grand Total,Related Area [m2],Total per Area [W/m2]
,People,0.00,0.00,,0.00,0.00,-0.00,90.58,0.00
,Lights,0.00,0.00,0.00,,0.00,-0.00,90.58,0.00
,Equipment,0.00,0.00,,0.00,0.00,-0.00,90.58,0.00
,Refrigeration,0.00,,0.00,0.00,0.00,-0.00,90.58,0.00
,Water Use Equipment,0.00,,,0.00,0.00,-0.00,90.58,0.00
,HVAC Equipment Losses,0.00,0.00,,,0.00,-0.00,,
,Power Generation Equipment,0.00,0.00,,,0.00,-0.00,,
,DOAS Direct to Zone,0.00,,,0.00,0.00,-0.00,,
,Infiltration,-90.4,,,-41.2,-131.6,5.98,66.89,-2.0
,Zone Ventilation,0.00,,,0.00,0.00,-0.00,,
,Interzone Mixing,0.00,,,0.00,0.00,-0.00,,
,Roof,,0.00,,,0.00,-0.00,0.00,
,Interzone Ceiling,,-416.0,,,-416.0,18.89,90.58,-4.6
,Other Roof,,0.00,,,0.00,-0.00,0.00,
,Exterior Wall,,-409.4,,,-409.4,18.59,66.89,-6.1
,Interzone Wall,,-71.8,,,-71.8,3.26,77.28,-0.9
,Ground Contact Wall,,0.00,,,0.00,-0.00,0.00,
,Other Wall,,0.00,,,0.00,-0.00,66.89,0.00
,Exterior Floor,,0.00,,,0.00,-0.00,0.00,
,Interzone Floor,,-129.1,,,-129.1,5.86,90.58,-1.4
,Ground Contact Floor,,0.00,,,0.00,-0.00,0.00,
,Other Floor,,0.00,,,0.00,-0.00,90.58,0.00
,Fenestration Conduction,-1044.5,,,,-1044.5,47.43,26.76,-39.0
,Fenestration Solar,,0.00,,,0.00,-0.00,26.76,0.00
,Opaque Door,,0.00,,,0.00,-0.00,0.00,
,Grand Total,-1135.0,-1026.2,0.00,-41.2,-2202.4,,,


Heating Peak Conditions

,,Value
,Time of Peak Load,12/21 08:00:00
,Outside Dry Bulb Temperature [C],-4.2
,Outside Wet Bulb Temperature [C],-4.2
,Outside Humidity Ratio at Peak [kgWater/kgDryAir],0.00331
,Zone Dry Bulb Temperature [C],21.00
,Zone Relative Humidity [%],41.03
,Zone Humidity Ratio at Peak [kgWater/kgDryAir],0.00792
,Supply Air Temperature [C],9.89
,Mixed Air Temperature [C],
,Main Fan Air Flow [m3/s],0.2193
,Outside Air Flow [m3/s],0.0419
,Peak Sensible Load with Sizing Factor [W],-2996.8
,Difference Due to Sizing Factor [W],-599.4
,Peak Sensible Load [W],-2397.5
,Estimated Instant + Delayed Sensible Load [W],-2161.2
,Difference Between Peak and Estimated Sensible Load [W],-236.2


Engineering Checks for Heating

,,Value
,Outside Air Fraction [fraction],0.1909
,Airflow per Floor Area [m3/s-m2],2.421E-03
,Airflow per Total Capacity [m3/s-W],-7.317E-05
,Floor Area per Total Capacity [m2/W],-3.023E-02
,Total Capacity per Floor Area [W/m2],-3.308E+01
,Number of People,4.9


----------------------------------------------------------------------------------------------------
REPORT:,Zone Component Load Summary
FOR:,BLOCKS-3645_OFFICE_7_SOUTH PERIMETER
Estimated Cooling Peak Load Components

,,Sensible - Instant [W],Sensible - Delayed [W],Sensible - Return Air [W],Latent [W],Total [W],%Grand Total,Related Area [m2],Total per Area [W/m2]
,People,225.22,73.98,,321.75,620.95,11.58,90.58,6.86
,Lights,289.57,349.57,0.00,,639.14,11.91,90.58,7.06
,Equipment,511.87,220.73,,0.00,732.60,13.66,90.58,8.09
,Refrigeration,0.00,,0.00,0.00,0.00,0.00,90.58,0.00
,Water Use Equipment,0.00,,,0.00,0.00,0.00,90.58,0.00
,HVAC Equipment Losses,0.00,0.00,,,0.00,0.00,,
,Power Generation Equipment,0.00,0.00,,,0.00,0.00,,
,DOAS Direct to Zone,0.00,,,0.00,0.00,0.00,,
,Infiltration,13.61,,,24.22,37.83,0.71,66.89,0.57
,Zone Ventilation,0.00,,,0.00,0.00,0.00,,
,Interzone Mixing,0.00,,,0.00,0.00,0.00,,
,Roof,,0.00,,,0.00,0.00,0.00,
,Interzone Ceiling,,-305.6,,,-305.6,-5.7,90.58,-3.4
,Other Roof,,0.00,,,0.00,0.00,0.00,
,Exterior Wall,,40.00,,,40.00,0.75,66.89,0.60
,Interzone Wall,,-322.7,,,-322.7,-6.0,77.28,-4.2
,Ground Contact Wall,,0.00,,,0.00,0.00,0.00,
,Other Wall,,0.00,,,0.00,0.00,66.89,0.00
,Exterior Floor,,0.00,,,0.00,0.00,0.00,
,Interzone Floor,,-176.1,,,-176.1,-3.3,90.58,-1.9
,Ground Contact Floor,,0.00,,,0.00,0.00,0.00,
,Other Floor,,0.00,,,0.00,0.00,90.58,0.00
,Fenestration Conduction,1638.28,,,,1638.28,30.54,26.76,61.23
,Fenestration Solar,,2460.12,,,2460.12,45.86,26.76,91.95
,Opaque Door,,0.00,,,0.00,0.00,0.00,
,Grand Total,2678.56,2339.98,0.00,345.97,5364.51,,,


Cooling Peak Conditions

,,Value
,Time of Peak Load,8/21 13:00:00
,Outside Dry Bulb Temperature [C],28.88
,Outside Wet Bulb Temperature [C],18.19
,Outside Humidity Ratio at Peak [kgWater/kgDryAir],0.01195
,Zone Dry Bulb Temperature [C],24.00
,Zone Relative Humidity [%],37.99
,Zone Humidity Ratio at Peak [kgWater/kgDryAir],0.00881
,Supply Air Temperature [C],12.89
,Mixed Air Temperature [C],
,Main Fan Air Flow [m3/s],0.4552
,Outside Air Flow [m3/s],0.0419
,Peak Sensible Load with Sizing Factor [W],5728.49
,Difference Due to Sizing Factor [W],747.19
,Peak Sensible Load [W],4981.30
,Estimated Instant + Delayed Sensible Load [W],5018.54
,Difference Between Peak and Estimated Sensible Load [W],-37.2


Engineering Checks for Cooling

,,Value
,Outside Air Fraction [fraction],0.0919
,Airflow per Floor Area [m3/s-m2],5.025E-03
,Airflow per Total Capacity [m3/s-W],7.946E-05
,Floor Area per Total Capacity [m2/W],1.581E-02
,Total Capacity per Floor Area [W/m2],6.324E+01
,Number of People,4.9


Estimated Heating Peak Load Components

,,Sensible - Instant [W],Sensible - Delayed [W],Sensible - Return Air [W],Latent [W],Total [W],%Grand Total,Related Area [m2],Total per Area [W/m2]
,People,0.00,0.00,,0.00,0.00,-0.00,90.58,0.00
,Lights,0.00,0.00,0.00,,0.00,-0.00,90.58,0.00
,Equipment,0.00,0.00,,0.00,0.00,-0.00,90.58,0.00
,Refrigeration,0.00,,0.00,0.00,0.00,-0.00,90.58,0.00
,Water Use Equipment,0.00,,,0.00,0.00,-0.00,90.58,0.00
,HVAC Equipment Losses,0.00,0.00,,,0.00,-0.00,,
,Power Generation Equipment,0.00,0.00,,,0.00,-0.00,,
,DOAS Direct to Zone,0.00,,,0.00,0.00,-0.00,,
,Infiltration,-90.4,,,-41.2,-131.6,5.99,66.89,-2.0
,Zone Ventilation,0.00,,,0.00,0.00,-0.00,,
,Interzone Mixing,0.00,,,0.00,0.00,-0.00,,
,Roof,,0.00,,,0.00,-0.00,0.00,
,Interzone Ceiling,,-416.6,,,-416.6,18.98,90.58,-4.6
,Other Roof,,0.00,,,0.00,-0.00,0.00,
,Exterior Wall,,-411.8,,,-411.8,18.76,66.89,-6.2
,Interzone Wall,,-72.8,,,-72.8,3.32,77.28,-0.9
,Ground Contact Wall,,0.00,,,0.00,-0.00,0.00,
,Other Wall,,0.00,,,0.00,-0.00,66.89,0.00
,Exterior Floor,,0.00,,,0.00,-0.00,0.00,
,Interzone Floor,,-130.0,,,-130.0,5.92,90.58,-1.4
,Ground Contact Floor,,0.00,,,0.00,-0.00,0.00,
,Other Floor,,0.00,,,0.00,-0.00,90.58,0.00
,Fenestration Conduction,-1032.7,,,,-1032.7,47.04,26.76,-38.6
,Fenestration Solar,,0.00,,,0.00,-0.00,26.76,0.00
,Opaque Door,,0.00,,,0.00,-0.00,0.00,
,Grand Total,-1123.1,-1031.2,0.00,-41.2,-2195.4,,,


Heating Peak Conditions

,,Value
,Time of Peak Load,12/21 08:00:00
,Outside Dry Bulb Temperature [C],-4.2
,Outside Wet Bulb Temperature [C],-4.2
,Outside Humidity Ratio at Peak [kgWater/kgDryAir],0.00331
,Zone Dry Bulb Temperature [C],21.00
,Zone Relative Humidity [%],41.03
,Zone Humidity Ratio at Peak [kgWater/kgDryAir],0.00792
,Supply Air Temperature [C],9.89
,Mixed Air Temperature [C],
,Main Fan Air Flow [m3/s],0.2186
,Outside Air Flow [m3/s],0.0419
,Peak Sensible Load with Sizing Factor [W],-2988.0
,Difference Due to Sizing Factor [W],-597.6
,Peak Sensible Load [W],-2390.4
,Estimated Instant + Delayed Sensible Load [W],-2154.3
,Difference Between Peak and Estimated Sensible Load [W],-236.1


Engineering Checks for Heating

,,Value
,Outside Air Fraction [fraction],0.1914
,Airflow per Floor Area [m3/s-m2],2.414E-03
,Airflow per Total Capacity [m3/s-W],-7.317E-05
,Floor Area per Total Capacity [m2/W],-3.032E-02
,Total Capacity per Floor Area [W/m2],-3.299E+01
,Number of People,4.9


----------------------------------------------------------------------------------------------------
REPORT:,Zone Component Load Summary
FOR:,BLOCKS-3645_OFFICE_7_WEST PERIMETER
Estimated Cooling Peak Load Components

,,Sensible - Instant [W],Sensible - Delayed [W],Sensible - Return Air [W],Latent [W],Total [W],%Grand Total,Related Area [m2],Total per Area [W/m2]
,People,155.92,63.02,,222.75,441.69,8.55,62.71,7.04
,Lights,200.47,261.50,0.00,,461.97,8.95,62.71,7.37
,Equipment,354.37,164.89,,0.00,519.26,10.06,62.71,8.28
,Refrigeration,0.00,,0.00,0.00,0.00,0.00,62.71,0.00
,Water Use Equipment,0.00,,,0.00,0.00,0.00,62.71,0.00
,HVAC Equipment Losses,0.00,0.00,,,0.00,0.00,,
,Power Generation Equipment,0.00,0.00,,,0.00,0.00,,
,DOAS Direct to Zone,0.00,,,0.00,0.00,0.00,,
,Infiltration,9.49,,,18.70,28.19,0.55,50.17,0.56
,Zone Ventilation,0.00,,,0.00,0.00,0.00,,
,Interzone Mixing,0.00,,,0.00,0.00,0.00,,
,Roof,,0.00,,,0.00,0.00,0.00,
,Interzone Ceiling,,-535.0,,,-535.0,-10.4,62.71,-8.5
,Other Roof,,0.00,,,0.00,0.00,0.00,
,Exterior Wall,,69.48,,,69.48,1.35,50.17,1.38
,Interzone Wall,,-475.4,,,-475.4,-9.2,60.56,-7.9
,Ground Contact Wall,,0.00,,,0.00,0.00,0.00,
,Other Wall,,0.00,,,0.00,0.00,50.17,0.00
,Exterior Floor,,0.00,,,0.00,0.00,0.00,
,Interzone Floor,,33.38,,,33.38,0.65,62.71,0.53
,Ground Contact Floor,,0.00,,,0.00,0.00,0.00,
,Other Floor,,0.00,,,0.00,0.00,62.71,0.00
,Fenestration Conduction,1461.58,,,,1461.58,28.30,20.07,72.83
,Fenestration Solar,,3158.99,,,3158.99,61.17,20.07,157.42
,Opaque Door,,0.00,,,0.00,0.00,0.00,
,Grand Total,2181.85,2740.83,0.00,241.45,5164.13,,,


Cooling Peak Conditions

,,Value
,Time of Peak Load,8/21 17:00:00
,Outside Dry Bulb Temperature [C],27.94
,Outside Wet Bulb Temperature [C],17.92
,Outside Humidity Ratio at Peak [kgWater/kgDryAir],0.01195
,Zone Dry Bulb Temperature [C],24.00
,Zone Relative Humidity [%],37.61
,Zone Humidity Ratio at Peak [kgWater/kgDryAir],0.00872
,Supply Air Temperature [C],12.89
,Mixed Air Temperature [C],
,Main Fan Air Flow [m3/s],0.4474
,Outside Air Flow [m3/s],0.0290
,Peak Sensible Load with Sizing Factor [W],5630.22
,Difference Due to Sizing Factor [W],734.38
,Peak Sensible Load [W],4895.84
,Estimated Instant + Delayed Sensible Load [W],4922.68
,Difference Between Peak and Estimated Sensible Load [W],-26.8


Engineering Checks for Cooling

,,Value
,Outside Air Fraction [fraction],0.0648
,Airflow per Floor Area [m3/s-m2],7.134E-03
,Airflow per Total Capacity [m3/s-W],7.946E-05
,Floor Area per Total Capacity [m2/W],1.114E-02
,Total Capacity per Floor Area [W/m2],8.978E+01
,Number of People,3.4


Estimated Heating Peak Load Components

,,Sensible - Instant [W],Sensible - Delayed [W],Sensible - Return Air [W],Latent [W],Total [W],%Grand Total,Related Area [m2],Total per Area [W/m2]
,People,0.00,0.00,,0.00,0.00,-0.00,62.71,0.00
,Lights,0.00,0.00,0.00,,0.00,-0.00,62.71,0.00
,Equipment,0.00,0.00,,0.00,0.00,-0.00,62.71,0.00
,Refrigeration,0.00,,0.00,0.00,0.00,-0.00,62.71,0.00
,Water Use Equipment,0.00,,,0.00,0.00,-0.00,62.71,0.00
,HVAC Equipment Losses,0.00,0.00,,,0.00,-0.00,,
,Power Generation Equipment,0.00,0.00,,,0.00,-0.00,,
,DOAS Direct to Zone,0.00,,,0.00,0.00,-0.00,,
,Infiltration,-67.8,,,-30.9,-98.7,6.07,50.17,-2.0
,Zone Ventilation,0.00,,,0.00,0.00,-0.00,,
,Interzone Mixing,0.00,,,0.00,0.00,-0.00,,
,Roof,,0.00,,,0.00,-0.00,0.00,
,Interzone Ceiling,,-290.3,,,-290.3,17.85,62.71,-4.6
,Other Roof,,0.00,,,0.00,-0.00,0.00,
,Exterior Wall,,-310.6,,,-310.6,19.10,50.17,-6.2
,Interzone Wall,,-66.1,,,-66.1,4.06,60.56,-1.1
,Ground Contact Wall,,0.00,,,0.00,-0.00,0.00,
,Other Wall,,0.00,,,0.00,-0.00,50.17,0.00
,Exterior Floor,,0.00,,,0.00,-0.00,0.00,
,Interzone Floor,,-86.4,,,-86.4,5.32,62.71,-1.4
,Ground Contact Floor,,0.00,,,0.00,-0.00,0.00,
,Other Floor,,0.00,,,0.00,-0.00,62.71,0.00
,Fenestration Conduction,-774.1,,,,-774.1,47.60,20.07,-38.6
,Fenestration Solar,,0.00,,,0.00,-0.00,20.07,0.00
,Opaque Door,,0.00,,,0.00,-0.00,0.00,
,Grand Total,-842.0,-753.4,0.00,-30.9,-1626.2,,,


Heating Peak Conditions

,,Value
,Time of Peak Load,12/21 08:00:00
,Outside Dry Bulb Temperature [C],-4.2
,Outside Wet Bulb Temperature [C],-4.2
,Outside Humidity Ratio at Peak [kgWater/kgDryAir],0.00331
,Zone Dry Bulb Temperature [C],21.00
,Zone Relative Humidity [%],41.04
,Zone Humidity Ratio at Peak [kgWater/kgDryAir],0.00792
,Supply Air Temperature [C],9.89
,Mixed Air Temperature [C],
,Main Fan Air Flow [m3/s],0.1616
,Outside Air Flow [m3/s],0.0290
,Peak Sensible Load with Sizing Factor [W],-2208.6
,Difference Due to Sizing Factor [W],-441.7
,Peak Sensible Load [W],-1766.9
,Estimated Instant + Delayed Sensible Load [W],-1595.3
,Difference Between Peak and Estimated Sensible Load [W],-171.6


Engineering Checks for Heating

,,Value
,Outside Air Fraction [fraction],0.1793
,Airflow per Floor Area [m3/s-m2],2.577E-03
,Airflow per Total Capacity [m3/s-W],-7.317E-05
,Floor Area per Total Capacity [m2/W],-2.839E-02
,Total Capacity per Floor Area [W/m2],-3.522E+01
,Number of People,3.4


----------------------------------------------------------------------------------------------------
REPORT:,Zone Component Load Summary
FOR:,BLOCKS-3645_OFFICE_8_CORE
Estimated Cooling Peak Load Components

,,Sensible - Instant [W],Sensible - Delayed [W],Sensible - Return Air [W],Latent [W],Total [W],%Grand Total,Related Area [m2],Total per Area [W/m2]
,People,346.50,60.60,,495.00,902.10,22.20,139.35,6.47
,Lights,445.50,375.97,0.00,,821.46,20.21,139.35,5.89
,Equipment,787.50,234.65,,0.00,1022.15,25.15,139.35,7.33
,Refrigeration,0.00,,0.00,0.00,0.00,0.00,139.35,0.00
,Water Use Equipment,0.00,,,0.00,0.00,0.00,139.35,0.00
,HVAC Equipment Losses,0.00,0.00,,,0.00,0.00,,
,Power Generation Equipment,0.00,0.00,,,0.00,0.00,,
,DOAS Direct to Zone,0.00,,,0.00,0.00,0.00,,
,Infiltration,0.00,,,0.00,0.00,0.00,0.00,
,Zone Ventilation,0.00,,,0.00,0.00,0.00,,
,Interzone Mixing,0.00,,,0.00,0.00,0.00,,
,Roof,,0.00,,,0.00,0.00,0.00,
,Interzone Ceiling,,484.66,,,484.66,11.93,139.35,3.48
,Other Roof,,0.00,,,0.00,0.00,0.00,
,Exterior Wall,,0.00,,,0.00,0.00,0.00,
,Interzone Wall,,503.78,,,503.78,12.40,133.78,3.77
,Ground Contact Wall,,0.00,,,0.00,0.00,0.00,
,Other Wall,,0.00,,,0.00,0.00,0.00,
,Exterior Floor,,0.00,,,0.00,0.00,0.00,
,Interzone Floor,,330.04,,,330.04,8.12,139.35,2.37
,Ground Contact Floor,,0.00,,,0.00,0.00,0.00,
,Other Floor,,0.00,,,0.00,0.00,139.35,0.00
,Fenestration Conduction,0.00,,,,0.00,0.00,0.00,
,Fenestration Solar,,0.00,,,0.00,0.00,0.00,
,Opaque Door,,0.00,,,0.00,0.00,0.00,
,Grand Total,1579.50,1989.70,0.00,495.00,4064.19,,,


Cooling Peak Conditions

,,Value
,Time of Peak Load,8/21 08:00:00
,Outside Dry Bulb Temperature [C],21.70
,Outside Wet Bulb Temperature [C],16.06
,Outside Humidity Ratio at Peak [kgWater/kgDryAir],0.01194
,Zone Dry Bulb Temperature [C],24.00
,Zone Relative Humidity [%],39.13
,Zone Humidity Ratio at Peak [kgWater/kgDryAir],0.00908
,Supply Air Temperature [C],12.89
,Mixed Air Temperature [C],
,Main Fan Air Flow [m3/s],0.3457
,Outside Air Flow [m3/s],0.0644
,Peak Sensible Load with Sizing Factor [W],4350.21
,Difference Due to Sizing Factor [W],567.42
,Peak Sensible Load [W],3782.79
,Estimated Instant + Delayed Sensible Load [W],3569.19
,Difference Between Peak and Estimated Sensible Load [W],213.60


Engineering Checks for Cooling

,,Value
,Outside Air Fraction [fraction],0.1863
,Airflow per Floor Area [m3/s-m2],2.481E-03
,Airflow per Total Capacity [m3/s-W],7.946E-05
,Floor Area per Total Capacity [m2/W],3.203E-02
,Total Capacity per Floor Area [W/m2],3.122E+01
,Number of People,7.5


Estimated Heating Peak Load Components

,,Sensible - Instant [W],Sensible - Delayed [W],Sensible - Return Air [W],Latent [W],Total [W],%Grand Total,Related Area [m2],Total per Area [W/m2]
,People,0.00,0.00,,0.00,0.00,-0.00,139.35,0.00
,Lights,0.00,0.00,0.00,,0.00,-0.00,139.35,0.00
,Equipment,0.00,0.00,,0.00,0.00,-0.00,139.35,0.00
,Refrigeration,0.00,,0.00,0.00,0.00,-0.00,139.35,0.00
,Water Use Equipment,0.00,,,0.00,0.00,-0.00,139.35,0.00
,HVAC Equipment Losses,0.00,0.00,,,0.00,-0.00,,
,Power Generation Equipment,0.00,0.00,,,0.00,-0.00,,
,DOAS Direct to Zone,0.00,,,0.00,0.00,-0.00,,
,Infiltration,0.00,,,0.00,0.00,-0.00,0.00,
,Zone Ventilation,0.00,,,0.00,0.00,-0.00,,
,Interzone Mixing,0.00,,,0.00,0.00,-0.00,,
,Roof,,0.00,,,0.00,-0.00,0.00,
,Interzone Ceiling,,-631.3,,,-631.3,42.53,139.35,-4.5
,Other Roof,,0.00,,,0.00,-0.00,0.00,
,Exterior Wall,,0.00,,,0.00,-0.00,0.00,
,Interzone Wall,,-520.0,,,-520.0,35.04,133.78,-3.9
,Ground Contact Wall,,0.00,,,0.00,-0.00,0.00,
,Other Wall,,0.00,,,0.00,-0.00,0.00,
,Exterior Floor,,0.00,,,0.00,-0.00,0.00,
,Interzone Floor,,-332.9,,,-332.9,22.43,139.35,-2.4
,Ground Contact Floor,,0.00,,,0.00,-0.00,0.00,
,Other Floor,,0.00,,,0.00,-0.00,139.35,0.00
,Fenestration Conduction,0.00,,,,0.00,-0.00,0.00,
,Fenestration Solar,,0.00,,,0.00,-0.00,0.00,
,Opaque Door,,0.00,,,0.00,-0.00,0.00,
,Grand Total,0.00,-1484.2,0.00,0.00,-1484.2,,,


Heating Peak Conditions

,,Value
,Time of Peak Load,12/21 08:00:00
,Outside Dry Bulb Temperature [C],-4.2
,Outside Wet Bulb Temperature [C],-4.2
,Outside Humidity Ratio at Peak [kgWater/kgDryAir],0.00331
,Zone Dry Bulb Temperature [C],21.00
,Zone Relative Humidity [%],41.45
,Zone Humidity Ratio at Peak [kgWater/kgDryAir],0.00800
,Supply Air Temperature [C],9.89
,Mixed Air Temperature [C],
,Main Fan Air Flow [m3/s],0.1597
,Outside Air Flow [m3/s],0.0644
,Peak Sensible Load with Sizing Factor [W],-2182.6
,Difference Due to Sizing Factor [W],-436.5
,Peak Sensible Load [W],-1746.1
,Estimated Instant + Delayed Sensible Load [W],-1484.2
,Difference Between Peak and Estimated Sensible Load [W],-261.9


Engineering Checks for Heating

,,Value
,Outside Air Fraction [fraction],0.4032
,Airflow per Floor Area [m3/s-m2],1.146E-03
,Airflow per Total Capacity [m3/s-W],-7.317E-05
,Floor Area per Total Capacity [m2/W],-6.385E-02
,Total Capacity per Floor Area [W/m2],-1.566E+01
,Number of People,7.5


----------------------------------------------------------------------------------------------------
REPORT:,Zone Component Load Summary
FOR:,BLOCKS-3645_OFFICE_8_EAST PERIMETER
Estimated Cooling Peak Load Components

,,Sensible - Instant [W],Sensible - Delayed [W],Sensible - Return Air [W],Latent [W],Total [W],%Grand Total,Related Area [m2],Total per Area [W/m2]
,People,155.92,38.09,,222.75,416.76,8.44,62.71,6.65
,Lights,200.47,210.32,0.00,,410.79,8.32,62.71,6.55
,Equipment,354.37,132.79,,0.00,487.17,9.87,62.71,7.77
,Refrigeration,0.00,,0.00,0.00,0.00,0.00,62.71,0.00
,Water Use Equipment,0.00,,,0.00,0.00,0.00,62.71,0.00
,HVAC Equipment Losses,0.00,0.00,,,0.00,0.00,,
,Power Generation Equipment,0.00,0.00,,,0.00,0.00,,
,DOAS Direct to Zone,0.00,,,0.00,0.00,0.00,,
,Infiltration,-5.5,,,19.45,13.96,0.28,50.17,0.28
,Zone Ventilation,0.00,,,0.00,0.00,0.00,,
,Interzone Mixing,0.00,,,0.00,0.00,0.00,,
,Roof,,0.00,,,0.00,0.00,0.00,
,Interzone Ceiling,,-422.9,,,-422.9,-8.6,62.71,-6.7
,Other Roof,,0.00,,,0.00,0.00,0.00,
,Exterior Wall,,-16.4,,,-16.4,-0.3,50.17,-0.3
,Interzone Wall,,-392.6,,,-392.6,-8.0,60.56,-6.5
,Ground Contact Wall,,0.00,,,0.00,0.00,0.00,
,Other Wall,,0.00,,,0.00,0.00,50.17,0.00
,Exterior Floor,,0.00,,,0.00,0.00,0.00,
,Interzone Floor,,-55.2,,,-55.2,-1.1,62.71,-0.9
,Ground Contact Floor,,0.00,,,0.00,0.00,0.00,
,Other Floor,,0.00,,,0.00,0.00,62.71,0.00
,Fenestration Conduction,1334.26,,,,1334.26,27.02,20.07,66.49
,Fenestration Solar,,3162.21,,,3162.21,64.04,20.07,157.58
,Opaque Door,,0.00,,,0.00,0.00,0.00,
,Grand Total,2039.54,2656.24,0.00,242.20,4937.99,,,


Cooling Peak Conditions

,,Value
,Time of Peak Load,8/21 08:30:00
,Outside Dry Bulb Temperature [C],22.69
,Outside Wet Bulb Temperature [C],16.36
,Outside Humidity Ratio at Peak [kgWater/kgDryAir],0.01194
,Zone Dry Bulb Temperature [C],24.00
,Zone Relative Humidity [%],37.66
,Zone Humidity Ratio at Peak [kgWater/kgDryAir],0.00873
,Supply Air Temperature [C],12.89
,Mixed Air Temperature [C],
,Main Fan Air Flow [m3/s],0.4279
,Outside Air Flow [m3/s],0.0290
,Peak Sensible Load with Sizing Factor [W],5385.49
,Difference Due to Sizing Factor [W],702.46
,Peak Sensible Load [W],4683.03
,Estimated Instant + Delayed Sensible Load [W],4695.79
,Difference Between Peak and Estimated Sensible Load [W],-12.8


Engineering Checks for Cooling

,,Value
,Outside Air Fraction [fraction],0.0677
,Airflow per Floor Area [m3/s-m2],6.824E-03
,Airflow per Total Capacity [m3/s-W],7.946E-05
,Floor Area per Total Capacity [m2/W],1.164E-02
,Total Capacity per Floor Area [W/m2],8.588E+01
,Number of People,3.4


Estimated Heating Peak Load Components

,,Sensible - Instant [W],Sensible - Delayed [W],Sensible - Return Air [W],Latent [W],Total [W],%Grand Total,Related Area [m2],Total per Area [W/m2]
,People,0.00,0.00,,0.00,0.00,-0.00,62.71,0.00
,Lights,0.00,0.00,0.00,,0.00,-0.00,62.71,0.00
,Equipment,0.00,0.00,,0.00,0.00,-0.00,62.71,0.00
,Refrigeration,0.00,,0.00,0.00,0.00,-0.00,62.71,0.00
,Water Use Equipment,0.00,,,0.00,0.00,-0.00,62.71,0.00
,HVAC Equipment Losses,0.00,0.00,,,0.00,-0.00,,
,Power Generation Equipment,0.00,0.00,,,0.00,-0.00,,
,DOAS Direct to Zone,0.00,,,0.00,0.00,-0.00,,
,Infiltration,-69.6,,,-31.7,-101.3,6.19,50.17,-2.0
,Zone Ventilation,0.00,,,0.00,0.00,-0.00,,
,Interzone Mixing,0.00,,,0.00,0.00,-0.00,,
,Roof,,0.00,,,0.00,-0.00,0.00,
,Interzone Ceiling,,-289.9,,,-289.9,17.73,62.71,-4.6
,Other Roof,,0.00,,,0.00,-0.00,0.00,
,Exterior Wall,,-308.9,,,-308.9,18.89,50.17,-6.2
,Interzone Wall,,-65.2,,,-65.2,3.99,60.56,-1.1
,Ground Contact Wall,,0.00,,,0.00,-0.00,0.00,
,Other Wall,,0.00,,,0.00,-0.00,50.17,0.00
,Exterior Floor,,0.00,,,0.00,-0.00,0.00,
,Interzone Floor,,-85.7,,,-85.7,5.24,62.71,-1.4
,Ground Contact Floor,,0.00,,,0.00,-0.00,0.00,
,Other Floor,,0.00,,,0.00,-0.00,62.71,0.00
,Fenestration Conduction,-784.3,,,,-784.3,47.97,20.07,-39.1
,Fenestration Solar,,0.00,,,0.00,-0.00,20.07,0.00
,Opaque Door,,0.00,,,0.00,-0.00,0.00,
,Grand Total,-854.0,-749.6,0.00,-31.7,-1635.2,,,


Heating Peak Conditions

,,Value
,Time of Peak Load,12/21 08:00:00
,Outside Dry Bulb Temperature [C],-4.2
,Outside Wet Bulb Temperature [C],-4.2
,Outside Humidity Ratio at Peak [kgWater/kgDryAir],0.00331
,Zone Dry Bulb Temperature [C],21.00
,Zone Relative Humidity [%],41.03
,Zone Humidity Ratio at Peak [kgWater/kgDryAir],0.00792
,Supply Air Temperature [C],9.89
,Mixed Air Temperature [C],
,Main Fan Air Flow [m3/s],0.1624
,Outside Air Flow [m3/s],0.0290
,Peak Sensible Load with Sizing Factor [W],-2219.1
,Difference Due to Sizing Factor [W],-443.8
,Peak Sensible Load [W],-1775.3
,Estimated Instant + Delayed Sensible Load [W],-1603.5
,Difference Between Peak and Estimated Sensible Load [W],-171.7


Engineering Checks for Heating

,,Value
,Outside Air Fraction [fraction],0.1784
,Airflow per Floor Area [m3/s-m2],2.589E-03
,Airflow per Total Capacity [m3/s-W],-7.317E-05
,Floor Area per Total Capacity [m2/W],-2.826E-02
,Total Capacity per Floor Area [W/m2],-3.539E+01
,Number of People,3.4


----------------------------------------------------------------------------------------------------
REPORT:,Zone Component Load Summary
FOR:,BLOCKS-3645_OFFICE_8_NORTH PERIMETER
Estimated Cooling Peak Load Components

,,Sensible - Instant [W],Sensible - Delayed [W],Sensible - Return Air [W],Latent [W],Total [W],%Grand Total,Related Area [m2],Total per Area [W/m2]
,People,225.23,77.59,,321.75,624.57,18.02,90.58,6.90
,Lights,289.57,350.29,0.00,,639.86,18.46,90.58,7.06
,Equipment,511.88,221.39,,0.00,733.26,21.15,90.58,8.10
,Refrigeration,0.00,,0.00,0.00,0.00,0.00,90.58,0.00
,Water Use Equipment,0.00,,,0.00,0.00,0.00,90.58,0.00
,HVAC Equipment Losses,0.00,0.00,,,0.00,0.00,,
,Power Generation Equipment,0.00,0.00,,,0.00,0.00,,
,DOAS Direct to Zone,0.00,,,0.00,0.00,0.00,,
,Infiltration,16.49,,,23.29,39.77,1.15,66.89,0.59
,Zone Ventilation,0.00,,,0.00,0.00,0.00,,
,Interzone Mixing,0.00,,,0.00,0.00,0.00,,
,Roof,,0.00,,,0.00,0.00,0.00,
,Interzone Ceiling,,164.02,,,164.02,4.73,90.58,1.81
,Other Roof,,0.00,,,0.00,0.00,0.00,
,Exterior Wall,,-1.0,,,-1.0,-0.0,66.89,-0.0
,Interzone Wall,,15.00,,,15.00,0.43,77.28,0.19
,Ground Contact Wall,,0.00,,,0.00,0.00,0.00,
,Other Wall,,0.00,,,0.00,0.00,66.89,0.00
,Exterior Floor,,0.00,,,0.00,0.00,0.00,
,Interzone Floor,,-23.9,,,-23.9,-0.7,90.58,-0.3
,Ground Contact Floor,,0.00,,,0.00,0.00,0.00,
,Other Floor,,0.00,,,0.00,0.00,90.58,0.00
,Fenestration Conduction,385.83,,,,385.83,11.13,26.76,14.42
,Fenestration Solar,,888.88,,,888.88,25.64,26.76,33.22
,Opaque Door,,0.00,,,0.00,0.00,0.00,
,Grand Total,1428.99,1692.27,0.00,345.04,3466.29,,,


Cooling Peak Conditions

,,Value
,Time of Peak Load,8/21 14:45:00
,Outside Dry Bulb Temperature [C],29.40
,Outside Wet Bulb Temperature [C],18.34
,Outside Humidity Ratio at Peak [kgWater/kgDryAir],0.01196
,Zone Dry Bulb Temperature [C],24.00
,Zone Relative Humidity [%],38.80
,Zone Humidity Ratio at Peak [kgWater/kgDryAir],0.00900
,Supply Air Temperature [C],12.89
,Mixed Air Temperature [C],
,Main Fan Air Flow [m3/s],0.2820
,Outside Air Flow [m3/s],0.0419
,Peak Sensible Load with Sizing Factor [W],3548.61
,Difference Due to Sizing Factor [W],462.86
,Peak Sensible Load [W],3085.75
,Estimated Instant + Delayed Sensible Load [W],3121.25
,Difference Between Peak and Estimated Sensible Load [W],-35.5


Engineering Checks for Cooling

,,Value
,Outside Air Fraction [fraction],0.1484
,Airflow per Floor Area [m3/s-m2],3.113E-03
,Airflow per Total Capacity [m3/s-W],7.946E-05
,Floor Area per Total Capacity [m2/W],2.553E-02
,Total Capacity per Floor Area [W/m2],3.918E+01
,Number of People,4.9


Estimated Heating Peak Load Components

,,Sensible - Instant [W],Sensible - Delayed [W],Sensible - Return Air [W],Latent [W],Total [W],%Grand Total,Related Area [m2],Total per Area [W/m2]
,People,0.00,0.00,,0.00,0.00,-0.00,90.58,0.00
,Lights,0.00,0.00,0.00,,0.00,-0.00,90.58,0.00
,Equipment,0.00,0.00,,0.00,0.00,-0.00,90.58,0.00
,Refrigeration,0.00,,0.00,0.00,0.00,-0.00,90.58,0.00
,Water Use Equipment,0.00,,,0.00,0.00,-0.00,90.58,0.00
,HVAC Equipment Losses,0.00,0.00,,,0.00,-0.00,,
,Power Generation Equipment,0.00,0.00,,,0.00,-0.00,,
,DOAS Direct to Zone,0.00,,,0.00,0.00,-0.00,,
,Infiltration,-92.8,,,-42.2,-135.0,6.12,66.89,-2.0
,Zone Ventilation,0.00,,,0.00,0.00,-0.00,,
,Interzone Mixing,0.00,,,0.00,0.00,-0.00,,
,Roof,,0.00,,,0.00,-0.00,0.00,
,Interzone Ceiling,,-416.0,,,-416.0,18.85,90.58,-4.6
,Other Roof,,0.00,,,0.00,-0.00,0.00,
,Exterior Wall,,-409.5,,,-409.5,18.55,66.89,-6.1
,Interzone Wall,,-71.7,,,-71.7,3.25,77.28,-0.9
,Ground Contact Wall,,0.00,,,0.00,-0.00,0.00,
,Other Wall,,0.00,,,0.00,-0.00,66.89,0.00
,Exterior Floor,,0.00,,,0.00,-0.00,0.00,
,Interzone Floor,,-128.9,,,-128.9,5.84,90.58,-1.4
,Ground Contact Floor,,0.00,,,0.00,-0.00,0.00,
,Other Floor,,0.00,,,0.00,-0.00,90.58,0.00
,Fenestration Conduction,-1046.3,,,,-1046.3,47.40,26.76,-39.1
,Fenestration Solar,,0.00,,,0.00,-0.00,26.76,0.00
,Opaque Door,,0.00,,,0.00,-0.00,0.00,
,Grand Total,-1139.1,-1026.1,0.00,-42.2,-2207.5,,,


Heating Peak Conditions

,,Value
,Time of Peak Load,12/21 08:00:00
,Outside Dry Bulb Temperature [C],-4.2
,Outside Wet Bulb Temperature [C],-4.2
,Outside Humidity Ratio at Peak [kgWater/kgDryAir],0.00331
,Zone Dry Bulb Temperature [C],21.00
,Zone Relative Humidity [%],41.02
,Zone Humidity Ratio at Peak [kgWater/kgDryAir],0.00792
,Supply Air Temperature [C],9.89
,Mixed Air Temperature [C],
,Main Fan Air Flow [m3/s],0.2197
,Outside Air Flow [m3/s],0.0419
,Peak Sensible Load with Sizing Factor [W],-3002.0
,Difference Due to Sizing Factor [W],-600.4
,Peak Sensible Load [W],-2401.6
,Estimated Instant + Delayed Sensible Load [W],-2165.3
,Difference Between Peak and Estimated Sensible Load [W],-236.3


Engineering Checks for Heating

,,Value
,Outside Air Fraction [fraction],0.1905
,Airflow per Floor Area [m3/s-m2],2.425E-03
,Airflow per Total Capacity [m3/s-W],-7.317E-05
,Floor Area per Total Capacity [m2/W],-3.017E-02
,Total Capacity per Floor Area [W/m2],-3.314E+01
,Number of People,4.9


----------------------------------------------------------------------------------------------------
REPORT:,Zone Component Load Summary
FOR:,BLOCKS-3645_OFFICE_8_SOUTH PERIMETER
Estimated Cooling Peak Load Components

,,Sensible - Instant [W],Sensible - Delayed [W],Sensible - Return Air [W],Latent [W],Total [W],%Grand Total,Related Area [m2],Total per Area [W/m2]
,People,225.22,73.93,,321.75,620.90,11.58,90.58,6.85
,Lights,289.57,349.27,0.00,,638.84,11.91,90.58,7.05
,Equipment,511.87,220.54,,0.00,732.41,13.66,90.58,8.09
,Refrigeration,0.00,,0.00,0.00,0.00,0.00,90.58,0.00
,Water Use Equipment,0.00,,,0.00,0.00,0.00,90.58,0.00
,HVAC Equipment Losses,0.00,0.00,,,0.00,0.00,,
,Power Generation Equipment,0.00,0.00,,,0.00,0.00,,
,DOAS Direct to Zone,0.00,,,0.00,0.00,0.00,,
,Infiltration,13.88,,,24.82,38.71,0.72,66.89,0.58
,Zone Ventilation,0.00,,,0.00,0.00,0.00,,
,Interzone Mixing,0.00,,,0.00,0.00,0.00,,
,Roof,,0.00,,,0.00,0.00,0.00,
,Interzone Ceiling,,-305.0,,,-305.0,-5.7,90.58,-3.4
,Other Roof,,0.00,,,0.00,0.00,0.00,
,Exterior Wall,,39.19,,,39.19,0.73,66.89,0.59
,Interzone Wall,,-322.3,,,-322.3,-6.0,77.28,-4.2
,Ground Contact Wall,,0.00,,,0.00,0.00,0.00,
,Other Wall,,0.00,,,0.00,0.00,66.89,0.00
,Exterior Floor,,0.00,,,0.00,0.00,0.00,
,Interzone Floor,,-174.4,,,-174.4,-3.3,90.58,-1.9
,Ground Contact Floor,,0.00,,,0.00,0.00,0.00,
,Other Floor,,0.00,,,0.00,0.00,90.58,0.00
,Fenestration Conduction,1635.96,,,,1635.96,30.50,26.76,61.14
,Fenestration Solar,,2458.81,,,2458.81,45.85,26.76,91.90
,Opaque Door,,0.00,,,0.00,0.00,0.00,
,Grand Total,2676.51,2340.00,0.00,346.57,5363.09,,,


Cooling Peak Conditions

,,Value
,Time of Peak Load,8/21 13:00:00
,Outside Dry Bulb Temperature [C],28.88
,Outside Wet Bulb Temperature [C],18.19
,Outside Humidity Ratio at Peak [kgWater/kgDryAir],0.01195
,Zone Dry Bulb Temperature [C],24.00
,Zone Relative Humidity [%],37.99
,Zone Humidity Ratio at Peak [kgWater/kgDryAir],0.00881
,Supply Air Temperature [C],12.89
,Mixed Air Temperature [C],
,Main Fan Air Flow [m3/s],0.4550
,Outside Air Flow [m3/s],0.0419
,Peak Sensible Load with Sizing Factor [W],5726.19
,Difference Due to Sizing Factor [W],746.89
,Peak Sensible Load [W],4979.30
,Estimated Instant + Delayed Sensible Load [W],5016.52
,Difference Between Peak and Estimated Sensible Load [W],-37.2


Engineering Checks for Cooling

,,Value
,Outside Air Fraction [fraction],0.0920
,Airflow per Floor Area [m3/s-m2],5.023E-03
,Airflow per Total Capacity [m3/s-W],7.946E-05
,Floor Area per Total Capacity [m2/W],1.582E-02
,Total Capacity per Floor Area [W/m2],6.322E+01
,Number of People,4.9


Estimated Heating Peak Load Components

,,Sensible - Instant [W],Sensible - Delayed [W],Sensible - Return Air [W],Latent [W],Total [W],%Grand Total,Related Area [m2],Total per Area [W/m2]
,People,0.00,0.00,,0.00,0.00,-0.00,90.58,0.00
,Lights,0.00,0.00,0.00,,0.00,-0.00,90.58,0.00
,Equipment,0.00,0.00,,0.00,0.00,-0.00,90.58,0.00
,Refrigeration,0.00,,0.00,0.00,0.00,-0.00,90.58,0.00
,Water Use Equipment,0.00,,,0.00,0.00,-0.00,90.58,0.00
,HVAC Equipment Losses,0.00,0.00,,,0.00,-0.00,,
,Power Generation Equipment,0.00,0.00,,,0.00,-0.00,,
,DOAS Direct to Zone,0.00,,,0.00,0.00,-0.00,,
,Infiltration,-92.8,,,-42.2,-135.0,6.13,66.89,-2.0
,Zone Ventilation,0.00,,,0.00,0.00,-0.00,,
,Interzone Mixing,0.00,,,0.00,0.00,-0.00,,
,Roof,,0.00,,,0.00,-0.00,0.00,
,Interzone Ceiling,,-416.7,,,-416.7,18.94,90.58,-4.6
,Other Roof,,0.00,,,0.00,-0.00,0.00,
,Exterior Wall,,-411.9,,,-411.9,18.72,66.89,-6.2
,Interzone Wall,,-72.7,,,-72.7,3.31,77.28,-0.9
,Ground Contact Wall,,0.00,,,0.00,-0.00,0.00,
,Other Wall,,0.00,,,0.00,-0.00,66.89,0.00
,Exterior Floor,,0.00,,,0.00,-0.00,0.00,
,Interzone Floor,,-129.9,,,-129.9,5.90,90.58,-1.4
,Ground Contact Floor,,0.00,,,0.00,-0.00,0.00,
,Other Floor,,0.00,,,0.00,-0.00,90.58,0.00
,Fenestration Conduction,-1034.2,,,,-1034.2,47.00,26.76,-38.7
,Fenestration Solar,,0.00,,,0.00,-0.00,26.76,0.00
,Opaque Door,,0.00,,,0.00,-0.00,0.00,
,Grand Total,-1127.0,-1031.2,0.00,-42.2,-2200.3,,,


Heating Peak Conditions

,,Value
,Time of Peak Load,12/21 08:00:00
,Outside Dry Bulb Temperature [C],-4.2
,Outside Wet Bulb Temperature [C],-4.2
,Outside Humidity Ratio at Peak [kgWater/kgDryAir],0.00331
,Zone Dry Bulb Temperature [C],21.00
,Zone Relative Humidity [%],41.02
,Zone Humidity Ratio at Peak [kgWater/kgDryAir],0.00792
,Supply Air Temperature [C],9.89
,Mixed Air Temperature [C],
,Main Fan Air Flow [m3/s],0.2190
,Outside Air Flow [m3/s],0.0419
,Peak Sensible Load with Sizing Factor [W],-2992.9
,Difference Due to Sizing Factor [W],-598.6
,Peak Sensible Load [W],-2394.3
,Estimated Instant + Delayed Sensible Load [W],-2158.2
,Difference Between Peak and Estimated Sensible Load [W],-236.2


Engineering Checks for Heating

,,Value
,Outside Air Fraction [fraction],0.1911
,Airflow per Floor Area [m3/s-m2],2.418E-03
,Airflow per Total Capacity [m3/s-W],-7.317E-05
,Floor Area per Total Capacity [m2/W],-3.027E-02
,Total Capacity per Floor Area [W/m2],-3.304E+01
,Number of People,4.9


----------------------------------------------------------------------------------------------------
REPORT:,Zone Component Load Summary
FOR:,BLOCKS-3645_OFFICE_8_WEST PERIMETER
Estimated Cooling Peak Load Components

,,Sensible - Instant [W],Sensible - Delayed [W],Sensible - Return Air [W],Latent [W],Total [W],%Grand Total,Related Area [m2],Total per Area [W/m2]
,People,155.92,63.01,,222.75,441.68,8.56,62.71,7.04
,Lights,200.47,261.45,0.00,,461.93,8.95,62.71,7.37
,Equipment,354.37,164.86,,0.00,519.23,10.06,62.71,8.28
,Refrigeration,0.00,,0.00,0.00,0.00,0.00,62.71,0.00
,Water Use Equipment,0.00,,,0.00,0.00,0.00,62.71,0.00
,HVAC Equipment Losses,0.00,0.00,,,0.00,0.00,,
,Power Generation Equipment,0.00,0.00,,,0.00,0.00,,
,DOAS Direct to Zone,0.00,,,0.00,0.00,0.00,,
,Infiltration,9.68,,,19.17,28.84,0.56,50.17,0.57
,Zone Ventilation,0.00,,,0.00,0.00,0.00,,
,Interzone Mixing,0.00,,,0.00,0.00,0.00,,
,Roof,,0.00,,,0.00,0.00,0.00,
,Interzone Ceiling,,-534.4,,,-534.4,-10.4,62.71,-8.5
,Other Roof,,0.00,,,0.00,0.00,0.00,
,Exterior Wall,,68.38,,,68.38,1.32,50.17,1.36
,Interzone Wall,,-475.1,,,-475.1,-9.2,60.56,-7.8
,Ground Contact Wall,,0.00,,,0.00,0.00,0.00,
,Other Wall,,0.00,,,0.00,0.00,50.17,0.00
,Exterior Floor,,0.00,,,0.00,0.00,0.00,
,Interzone Floor,,33.91,,,33.91,0.66,62.71,0.54
,Ground Contact Floor,,0.00,,,0.00,0.00,0.00,
,Other Floor,,0.00,,,0.00,0.00,62.71,0.00
,Fenestration Conduction,1458.76,,,,1458.76,28.26,20.07,72.69
,Fenestration Solar,,3158.72,,,3158.72,61.19,20.07,157.41
,Opaque Door,,0.00,,,0.00,0.00,0.00,
,Grand Total,2179.21,2740.89,0.00,241.92,5162.01,,,


Cooling Peak Conditions

,,Value
,Time of Peak Load,8/21 17:00:00
,Outside Dry Bulb Temperature [C],27.94
,Outside Wet Bulb Temperature [C],17.92
,Outside Humidity Ratio at Peak [kgWater/kgDryAir],0.01195
,Zone Dry Bulb Temperature [C],24.00
,Zone Relative Humidity [%],37.61
,Zone Humidity Ratio at Peak [kgWater/kgDryAir],0.00872
,Supply Air Temperature [C],12.89
,Mixed Air Temperature [C],
,Main Fan Air Flow [m3/s],0.4471
,Outside Air Flow [m3/s],0.0290
,Peak Sensible Load with Sizing Factor [W],5627.26
,Difference Due to Sizing Factor [W],733.99
,Peak Sensible Load [W],4893.27
,Estimated Instant + Delayed Sensible Load [W],4920.10
,Difference Between Peak and Estimated Sensible Load [W],-26.8


Engineering Checks for Cooling

,,Value
,Outside Air Fraction [fraction],0.0648
,Airflow per Floor Area [m3/s-m2],7.130E-03
,Airflow per Total Capacity [m3/s-W],7.946E-05
,Floor Area per Total Capacity [m2/W],1.114E-02
,Total Capacity per Floor Area [W/m2],8.974E+01
,Number of People,3.4


Estimated Heating Peak Load Components

,,Sensible - Instant [W],Sensible - Delayed [W],Sensible - Return Air [W],Latent [W],Total [W],%Grand Total,Related Area [m2],Total per Area [W/m2]
,People,0.00,0.00,,0.00,0.00,-0.00,62.71,0.00
,Lights,0.00,0.00,0.00,,0.00,-0.00,62.71,0.00
,Equipment,0.00,0.00,,0.00,0.00,-0.00,62.71,0.00
,Refrigeration,0.00,,0.00,0.00,0.00,-0.00,62.71,0.00
,Water Use Equipment,0.00,,,0.00,0.00,-0.00,62.71,0.00
,HVAC Equipment Losses,0.00,0.00,,,0.00,-0.00,,
,Power Generation Equipment,0.00,0.00,,,0.00,-0.00,,
,DOAS Direct to Zone,0.00,,,0.00,0.00,-0.00,,
,Infiltration,-69.6,,,-31.7,-101.3,6.21,50.17,-2.0
,Zone Ventilation,0.00,,,0.00,0.00,-0.00,,
,Interzone Mixing,0.00,,,0.00,0.00,-0.00,,
,Roof,,0.00,,,0.00,-0.00,0.00,
,Interzone Ceiling,,-290.3,,,-290.3,17.81,62.71,-4.6
,Other Roof,,0.00,,,0.00,-0.00,0.00,
,Exterior Wall,,-310.7,,,-310.7,19.06,50.17,-6.2
,Interzone Wall,,-66.0,,,-66.0,4.05,60.56,-1.1
,Ground Contact Wall,,0.00,,,0.00,-0.00,0.00,
,Other Wall,,0.00,,,0.00,-0.00,50.17,0.00
,Exterior Floor,,0.00,,,0.00,-0.00,0.00,
,Interzone Floor,,-86.4,,,-86.4,5.30,62.71,-1.4
,Ground Contact Floor,,0.00,,,0.00,-0.00,0.00,
,Other Floor,,0.00,,,0.00,-0.00,62.71,0.00
,Fenestration Conduction,-775.3,,,,-775.3,47.56,20.07,-38.6
,Fenestration Solar,,0.00,,,0.00,-0.00,20.07,0.00
,Opaque Door,,0.00,,,0.00,-0.00,0.00,
,Grand Total,-844.9,-753.4,0.00,-31.7,-1629.9,,,


Heating Peak Conditions

,,Value
,Time of Peak Load,12/21 08:00:00
,Outside Dry Bulb Temperature [C],-4.2
,Outside Wet Bulb Temperature [C],-4.2
,Outside Humidity Ratio at Peak [kgWater/kgDryAir],0.00331
,Zone Dry Bulb Temperature [C],21.00
,Zone Relative Humidity [%],41.03
,Zone Humidity Ratio at Peak [kgWater/kgDryAir],0.00792
,Supply Air Temperature [C],9.89
,Mixed Air Temperature [C],
,Main Fan Air Flow [m3/s],0.1619
,Outside Air Flow [m3/s],0.0290
,Peak Sensible Load with Sizing Factor [W],-2212.3
,Difference Due to Sizing Factor [W],-442.5
,Peak Sensible Load [W],-1769.8
,Estimated Instant + Delayed Sensible Load [W],-1598.2
,Difference Between Peak and Estimated Sensible Load [W],-171.6


Engineering Checks for Heating

,,Value
,Outside Air Fraction [fraction],0.1790
,Airflow per Floor Area [m3/s-m2],2.581E-03
,Airflow per Total Capacity [m3/s-W],-7.317E-05
,Floor Area per Total Capacity [m2/W],-2.835E-02
,Total Capacity per Floor Area [W/m2],-3.528E+01
,Number of People,3.4


----------------------------------------------------------------------------------------------------
REPORT:,Zone Component Load Summary
FOR:,BLOCKS-3645_OFFICE_9_CORE
Estimated Cooling Peak Load Components

,,Sensible - Instant [W],Sensible - Delayed [W],Sensible - Return Air [W],Latent [W],Total [W],%Grand Total,Related Area [m2],Total per Area [W/m2]
,People,346.50,61.31,,495.00,902.81,22.07,139.35,6.48
,Lights,445.50,438.67,0.00,,884.16,21.61,139.35,6.34
,Equipment,787.50,273.35,,0.00,1060.85,25.93,139.35,7.61
,Refrigeration,0.00,,0.00,0.00,0.00,0.00,139.35,0.00
,Water Use Equipment,0.00,,,0.00,0.00,0.00,139.35,0.00
,HVAC Equipment Losses,0.00,0.00,,,0.00,0.00,,
,Power Generation Equipment,0.00,0.00,,,0.00,0.00,,
,DOAS Direct to Zone,0.00,,,0.00,0.00,0.00,,
,Infiltration,0.00,,,0.00,0.00,0.00,0.00,
,Zone Ventilation,0.00,,,0.00,0.00,0.00,,
,Interzone Mixing,0.00,,,0.00,0.00,0.00,,
,Roof,,0.00,,,0.00,0.00,0.00,
,Interzone Ceiling,,473.73,,,473.73,11.58,139.35,3.40
,Other Roof,,0.00,,,0.00,0.00,0.00,
,Exterior Wall,,0.00,,,0.00,0.00,0.00,
,Interzone Wall,,474.48,,,474.48,11.60,133.78,3.55
,Ground Contact Wall,,0.00,,,0.00,0.00,0.00,
,Other Wall,,0.00,,,0.00,0.00,0.00,
,Exterior Floor,,0.00,,,0.00,0.00,0.00,
,Interzone Floor,,295.25,,,295.25,7.22,139.35,2.12
,Ground Contact Floor,,0.00,,,0.00,0.00,0.00,
,Other Floor,,0.00,,,0.00,0.00,139.35,0.00
,Fenestration Conduction,0.00,,,,0.00,0.00,0.00,
,Fenestration Solar,,0.00,,,0.00,0.00,0.00,
,Opaque Door,,0.00,,,0.00,0.00,0.00,
,Grand Total,1579.50,2016.80,0.00,495.00,4091.29,,,


Cooling Peak Conditions

,,Value
,Time of Peak Load,8/21 08:00:00
,Outside Dry Bulb Temperature [C],21.70
,Outside Wet Bulb Temperature [C],16.06
,Outside Humidity Ratio at Peak [kgWater/kgDryAir],0.01194
,Zone Dry Bulb Temperature [C],24.00
,Zone Relative Humidity [%],39.11
,Zone Humidity Ratio at Peak [kgWater/kgDryAir],0.00907
,Supply Air Temperature [C],12.89
,Mixed Air Temperature [C],
,Main Fan Air Flow [m3/s],0.3482
,Outside Air Flow [m3/s],0.0644
,Peak Sensible Load with Sizing Factor [W],4382.38
,Difference Due to Sizing Factor [W],571.61
,Peak Sensible Load [W],3810.76
,Estimated Instant + Delayed Sensible Load [W],3596.29
,Difference Between Peak and Estimated Sensible Load [W],214.47


Engineering Checks for Cooling

,,Value
,Outside Air Fraction [fraction],0.1849
,Airflow per Floor Area [m3/s-m2],2.499E-03
,Airflow per Total Capacity [m3/s-W],7.946E-05
,Floor Area per Total Capacity [m2/W],3.180E-02
,Total Capacity per Floor Area [W/m2],3.145E+01
,Number of People,7.5


Estimated Heating Peak Load Components

,,Sensible - Instant [W],Sensible - Delayed [W],Sensible - Return Air [W],Latent [W],Total [W],%Grand Total,Related Area [m2],Total per Area [W/m2]
,People,0.00,0.00,,0.00,0.00,-0.00,139.35,0.00
,Lights,0.00,0.00,0.00,,0.00,-0.00,139.35,0.00
,Equipment,0.00,0.00,,0.00,0.00,-0.00,139.35,0.00
,Refrigeration,0.00,,0.00,0.00,0.00,-0.00,139.35,0.00
,Water Use Equipment,0.00,,,0.00,0.00,-0.00,139.35,0.00
,HVAC Equipment Losses,0.00,0.00,,,0.00,-0.00,,
,Power Generation Equipment,0.00,0.00,,,0.00,-0.00,,
,DOAS Direct to Zone,0.00,,,0.00,0.00,-0.00,,
,Infiltration,0.00,,,0.00,0.00,-0.00,0.00,
,Zone Ventilation,0.00,,,0.00,0.00,-0.00,,
,Interzone Mixing,0.00,,,0.00,0.00,-0.00,,
,Roof,,0.00,,,0.00,-0.00,0.00,
,Interzone Ceiling,,-1245.2,,,-1245.2,62.14,139.35,-8.9
,Other Roof,,0.00,,,0.00,-0.00,0.00,
,Exterior Wall,,0.00,,,0.00,-0.00,0.00,
,Interzone Wall,,-502.5,,,-502.5,25.08,133.78,-3.8
,Ground Contact Wall,,0.00,,,0.00,-0.00,0.00,
,Other Wall,,0.00,,,0.00,-0.00,0.00,
,Exterior Floor,,0.00,,,0.00,-0.00,0.00,
,Interzone Floor,,-256.2,,,-256.2,12.78,139.35,-1.8
,Ground Contact Floor,,0.00,,,0.00,-0.00,0.00,
,Other Floor,,0.00,,,0.00,-0.00,139.35,0.00
,Fenestration Conduction,0.00,,,,0.00,-0.00,0.00,
,Fenestration Solar,,0.00,,,0.00,-0.00,0.00,
,Opaque Door,,0.00,,,0.00,-0.00,0.00,
,Grand Total,0.00,-2003.9,0.00,0.00,-2003.9,,,


Heating Peak Conditions

,,Value
,Time of Peak Load,12/21 08:00:00
,Outside Dry Bulb Temperature [C],-4.2
,Outside Wet Bulb Temperature [C],-4.2
,Outside Humidity Ratio at Peak [kgWater/kgDryAir],0.00331
,Zone Dry Bulb Temperature [C],21.00
,Zone Relative Humidity [%],41.45
,Zone Humidity Ratio at Peak [kgWater/kgDryAir],0.00800
,Supply Air Temperature [C],9.89
,Mixed Air Temperature [C],
,Main Fan Air Flow [m3/s],0.2098
,Outside Air Flow [m3/s],0.0644
,Peak Sensible Load with Sizing Factor [W],-2866.9
,Difference Due to Sizing Factor [W],-573.4
,Peak Sensible Load [W],-2293.5
,Estimated Instant + Delayed Sensible Load [W],-2003.9
,Difference Between Peak and Estimated Sensible Load [W],-289.6


Engineering Checks for Heating

,,Value
,Outside Air Fraction [fraction],0.3069
,Airflow per Floor Area [m3/s-m2],1.505E-03
,Airflow per Total Capacity [m3/s-W],-7.317E-05
,Floor Area per Total Capacity [m2/W],-4.861E-02
,Total Capacity per Floor Area [W/m2],-2.057E+01
,Number of People,7.5


----------------------------------------------------------------------------------------------------
REPORT:,Zone Component Load Summary
FOR:,BLOCKS-3645_OFFICE_9_EAST PERIMETER
Estimated Cooling Peak Load Components

,,Sensible - Instant [W],Sensible - Delayed [W],Sensible - Return Air [W],Latent [W],Total [W],%Grand Total,Related Area [m2],Total per Area [W/m2]
,People,155.92,38.75,,222.75,417.42,8.43,62.71,6.66
,Lights,200.47,245.19,0.00,,445.66,9.00,62.71,7.11
,Equipment,354.37,154.45,,0.00,508.83,10.27,62.71,8.11
,Refrigeration,0.00,,0.00,0.00,0.00,0.00,62.71,0.00
,Water Use Equipment,0.00,,,0.00,0.00,0.00,62.71,0.00
,HVAC Equipment Losses,0.00,0.00,,,0.00,0.00,,
,Power Generation Equipment,0.00,0.00,,,0.00,0.00,,
,DOAS Direct to Zone,0.00,,,0.00,0.00,0.00,,
,Infiltration,-5.7,,,19.89,14.22,0.29,50.17,0.28
,Zone Ventilation,0.00,,,0.00,0.00,0.00,,
,Interzone Mixing,0.00,,,0.00,0.00,0.00,,
,Roof,,0.00,,,0.00,0.00,0.00,
,Interzone Ceiling,,-446.9,,,-446.9,-9.0,62.71,-7.1
,Other Roof,,0.00,,,0.00,0.00,0.00,
,Exterior Wall,,-24.6,,,-24.6,-0.5,50.17,-0.5
,Interzone Wall,,-410.9,,,-410.9,-8.3,60.56,-6.8
,Ground Contact Wall,,0.00,,,0.00,0.00,0.00,
,Other Wall,,0.00,,,0.00,0.00,50.17,0.00
,Exterior Floor,,0.00,,,0.00,0.00,0.00,
,Interzone Floor,,-104.1,,,-104.1,-2.1,62.71,-1.7
,Ground Contact Floor,,0.00,,,0.00,0.00,0.00,
,Other Floor,,0.00,,,0.00,0.00,62.71,0.00
,Fenestration Conduction,1331.41,,,,1331.41,26.87,20.07,66.35
,Fenestration Solar,,3222.99,,,3222.99,65.06,20.07,160.61
,Opaque Door,,0.00,,,0.00,0.00,0.00,
,Grand Total,2036.51,2674.96,0.00,242.64,4954.11,,,


Cooling Peak Conditions

,,Value
,Time of Peak Load,8/21 08:30:00
,Outside Dry Bulb Temperature [C],22.69
,Outside Wet Bulb Temperature [C],16.36
,Outside Humidity Ratio at Peak [kgWater/kgDryAir],0.01194
,Zone Dry Bulb Temperature [C],24.00
,Zone Relative Humidity [%],37.66
,Zone Humidity Ratio at Peak [kgWater/kgDryAir],0.00873
,Supply Air Temperature [C],12.89
,Mixed Air Temperature [C],
,Main Fan Air Flow [m3/s],0.4291
,Outside Air Flow [m3/s],0.0290
,Peak Sensible Load with Sizing Factor [W],5400.76
,Difference Due to Sizing Factor [W],704.45
,Peak Sensible Load [W],4696.31
,Estimated Instant + Delayed Sensible Load [W],4711.47
,Difference Between Peak and Estimated Sensible Load [W],-15.2


Engineering Checks for Cooling

,,Value
,Outside Air Fraction [fraction],0.0675
,Airflow per Floor Area [m3/s-m2],6.843E-03
,Airflow per Total Capacity [m3/s-W],7.946E-05
,Floor Area per Total Capacity [m2/W],1.161E-02
,Total Capacity per Floor Area [W/m2],8.612E+01
,Number of People,3.4


Estimated Heating Peak Load Components

,,Sensible - Instant [W],Sensible - Delayed [W],Sensible - Return Air [W],Latent [W],Total [W],%Grand Total,Related Area [m2],Total per Area [W/m2]
,People,0.00,0.00,,0.00,0.00,-0.00,62.71,0.00
,Lights,0.00,0.00,0.00,,0.00,-0.00,62.71,0.00
,Equipment,0.00,0.00,,0.00,0.00,-0.00,62.71,0.00
,Refrigeration,0.00,,0.00,0.00,0.00,-0.00,62.71,0.00
,Water Use Equipment,0.00,,,0.00,0.00,-0.00,62.71,0.00
,HVAC Equipment Losses,0.00,0.00,,,0.00,-0.00,,
,Power Generation Equipment,0.00,0.00,,,0.00,-0.00,,
,DOAS Direct to Zone,0.00,,,0.00,0.00,-0.00,,
,Infiltration,-71.2,,,-32.5,-103.7,5.50,50.17,-2.1
,Zone Ventilation,0.00,,,0.00,0.00,-0.00,,
,Interzone Mixing,0.00,,,0.00,0.00,-0.00,,
,Roof,,0.00,,,0.00,-0.00,0.00,
,Interzone Ceiling,,-558.2,,,-558.2,29.62,62.71,-8.9
,Other Roof,,0.00,,,0.00,-0.00,0.00,
,Exterior Wall,,-310.4,,,-310.4,16.47,50.17,-6.2
,Interzone Wall,,-77.4,,,-77.4,4.11,60.56,-1.3
,Ground Contact Wall,,0.00,,,0.00,-0.00,0.00,
,Other Wall,,0.00,,,0.00,-0.00,50.17,0.00
,Exterior Floor,,0.00,,,0.00,-0.00,0.00,
,Interzone Floor,,-58.1,,,-58.1,3.08,62.71,-0.9
,Ground Contact Floor,,0.00,,,0.00,-0.00,0.00,
,Other Floor,,0.00,,,0.00,-0.00,62.71,0.00
,Fenestration Conduction,-776.7,,,,-776.7,41.21,20.07,-38.7
,Fenestration Solar,,0.00,,,0.00,-0.00,20.07,0.00
,Opaque Door,,0.00,,,0.00,-0.00,0.00,
,Grand Total,-848.0,-1004.2,0.00,-32.5,-1884.6,,,


Heating Peak Conditions

,,Value
,Time of Peak Load,12/21 08:00:00
,Outside Dry Bulb Temperature [C],-4.2
,Outside Wet Bulb Temperature [C],-4.2
,Outside Humidity Ratio at Peak [kgWater/kgDryAir],0.00331
,Zone Dry Bulb Temperature [C],21.00
,Zone Relative Humidity [%],41.09
,Zone Humidity Ratio at Peak [kgWater/kgDryAir],0.00793
,Supply Air Temperature [C],9.89
,Mixed Air Temperature [C],
,Main Fan Air Flow [m3/s],0.1859
,Outside Air Flow [m3/s],0.0290
,Peak Sensible Load with Sizing Factor [W],-2540.8
,Difference Due to Sizing Factor [W],-508.2
,Peak Sensible Load [W],-2032.6
,Estimated Instant + Delayed Sensible Load [W],-1852.1
,Difference Between Peak and Estimated Sensible Load [W],-180.5


Engineering Checks for Heating

,,Value
,Outside Air Fraction [fraction],0.1559
,Airflow per Floor Area [m3/s-m2],2.965E-03
,Airflow per Total Capacity [m3/s-W],-7.317E-05
,Floor Area per Total Capacity [m2/W],-2.468E-02
,Total Capacity per Floor Area [W/m2],-4.052E+01
,Number of People,3.4


----------------------------------------------------------------------------------------------------
REPORT:,Zone Component Load Summary
FOR:,BLOCKS-3645_OFFICE_9_NORTH PERIMETER
Estimated Cooling Peak Load Components

,,Sensible - Instant [W],Sensible - Delayed [W],Sensible - Return Air [W],Latent [W],Total [W],%Grand Total,Related Area [m2],Total per Area [W/m2]
,People,225.23,91.17,,321.75,638.15,18.31,90.58,7.05
,Lights,289.57,435.04,0.00,,724.61,20.79,90.58,8.00
,Equipment,511.88,274.26,,0.00,786.13,22.55,90.58,8.68
,Refrigeration,0.00,,0.00,0.00,0.00,0.00,90.58,0.00
,Water Use Equipment,0.00,,,0.00,0.00,0.00,90.58,0.00
,HVAC Equipment Losses,0.00,0.00,,,0.00,0.00,,
,Power Generation Equipment,0.00,0.00,,,0.00,0.00,,
,DOAS Direct to Zone,0.00,,,0.00,0.00,0.00,,
,Infiltration,16.78,,,23.82,40.61,1.17,66.89,0.61
,Zone Ventilation,0.00,,,0.00,0.00,0.00,,
,Interzone Mixing,0.00,,,0.00,0.00,0.00,,
,Roof,,0.00,,,0.00,0.00,0.00,
,Interzone Ceiling,,29.02,,,29.02,0.83,90.58,0.32
,Other Roof,,0.00,,,0.00,0.00,0.00,
,Exterior Wall,,-16.6,,,-16.6,-0.5,66.89,-0.2
,Interzone Wall,,-51.9,,,-51.9,-1.5,77.28,-0.7
,Ground Contact Wall,,0.00,,,0.00,0.00,0.00,
,Other Wall,,0.00,,,0.00,0.00,66.89,0.00
,Exterior Floor,,0.00,,,0.00,0.00,0.00,
,Interzone Floor,,-98.6,,,-98.6,-2.8,90.58,-1.1
,Ground Contact Floor,,0.00,,,0.00,0.00,0.00,
,Other Floor,,0.00,,,0.00,0.00,90.58,0.00
,Fenestration Conduction,384.78,,,,384.78,11.04,26.76,14.38
,Fenestration Solar,,1049.39,,,1049.39,30.11,26.76,39.22
,Opaque Door,,0.00,,,0.00,0.00,0.00,
,Grand Total,1428.24,1711.71,0.00,345.57,3485.52,,,


Cooling Peak Conditions

,,Value
,Time of Peak Load,8/21 14:45:00
,Outside Dry Bulb Temperature [C],29.40
,Outside Wet Bulb Temperature [C],18.34
,Outside Humidity Ratio at Peak [kgWater/kgDryAir],0.01196
,Zone Dry Bulb Temperature [C],24.00
,Zone Relative Humidity [%],38.79
,Zone Humidity Ratio at Peak [kgWater/kgDryAir],0.00900
,Supply Air Temperature [C],12.89
,Mixed Air Temperature [C],
,Main Fan Air Flow [m3/s],0.2831
,Outside Air Flow [m3/s],0.0419
,Peak Sensible Load with Sizing Factor [W],3562.57
,Difference Due to Sizing Factor [W],464.68
,Peak Sensible Load [W],3097.89
,Estimated Instant + Delayed Sensible Load [W],3139.94
,Difference Between Peak and Estimated Sensible Load [W],-42.1


Engineering Checks for Cooling

,,Value
,Outside Air Fraction [fraction],0.1478
,Airflow per Floor Area [m3/s-m2],3.125E-03
,Airflow per Total Capacity [m3/s-W],7.946E-05
,Floor Area per Total Capacity [m2/W],2.543E-02
,Total Capacity per Floor Area [W/m2],3.933E+01
,Number of People,4.9


Estimated Heating Peak Load Components

,,Sensible - Instant [W],Sensible - Delayed [W],Sensible - Return Air [W],Latent [W],Total [W],%Grand Total,Related Area [m2],Total per Area [W/m2]
,People,0.00,0.00,,0.00,0.00,-0.00,90.58,0.00
,Lights,0.00,0.00,0.00,,0.00,-0.00,90.58,0.00
,Equipment,0.00,0.00,,0.00,0.00,-0.00,90.58,0.00
,Refrigeration,0.00,,0.00,0.00,0.00,-0.00,90.58,0.00
,Water Use Equipment,0.00,,,0.00,0.00,-0.00,90.58,0.00
,HVAC Equipment Losses,0.00,0.00,,,0.00,-0.00,,
,Power Generation Equipment,0.00,0.00,,,0.00,-0.00,,
,DOAS Direct to Zone,0.00,,,0.00,0.00,-0.00,,
,Infiltration,-95.0,,,-43.3,-138.3,5.40,66.89,-2.1
,Zone Ventilation,0.00,,,0.00,0.00,-0.00,,
,Interzone Mixing,0.00,,,0.00,0.00,-0.00,,
,Roof,,0.00,,,0.00,-0.00,0.00,
,Interzone Ceiling,,-802.6,,,-802.6,31.32,90.58,-8.9
,Other Roof,,0.00,,,0.00,-0.00,0.00,
,Exterior Wall,,-411.6,,,-411.6,16.06,66.89,-6.2
,Interzone Wall,,-87.3,,,-87.3,3.41,77.28,-1.1
,Ground Contact Wall,,0.00,,,0.00,-0.00,0.00,
,Other Wall,,0.00,,,0.00,-0.00,66.89,0.00
,Exterior Floor,,0.00,,,0.00,-0.00,0.00,
,Interzone Floor,,-87.0,,,-87.0,3.39,90.58,-1.0
,Ground Contact Floor,,0.00,,,0.00,-0.00,0.00,
,Other Floor,,0.00,,,0.00,-0.00,90.58,0.00
,Fenestration Conduction,-1035.7,,,,-1035.7,40.42,26.76,-38.7
,Fenestration Solar,,0.00,,,0.00,-0.00,26.76,0.00
,Opaque Door,,0.00,,,0.00,-0.00,0.00,
,Grand Total,-1130.7,-1388.5,0.00,-43.3,-2562.5,,,


Heating Peak Conditions

,,Value
,Time of Peak Load,12/21 08:00:00
,Outside Dry Bulb Temperature [C],-4.2
,Outside Wet Bulb Temperature [C],-4.2
,Outside Humidity Ratio at Peak [kgWater/kgDryAir],0.00331
,Zone Dry Bulb Temperature [C],21.00
,Zone Relative Humidity [%],41.09
,Zone Humidity Ratio at Peak [kgWater/kgDryAir],0.00793
,Supply Air Temperature [C],9.89
,Mixed Air Temperature [C],
,Main Fan Air Flow [m3/s],0.2532
,Outside Air Flow [m3/s],0.0419
,Peak Sensible Load with Sizing Factor [W],-3460.2
,Difference Due to Sizing Factor [W],-692.0
,Peak Sensible Load [W],-2768.2
,Estimated Instant + Delayed Sensible Load [W],-2519.2
,Difference Between Peak and Estimated Sensible Load [W],-249.0


Engineering Checks for Heating

,,Value
,Outside Air Fraction [fraction],0.1653
,Airflow per Floor Area [m3/s-m2],2.795E-03
,Airflow per Total Capacity [m3/s-W],-7.317E-05
,Floor Area per Total Capacity [m2/W],-2.618E-02
,Total Capacity per Floor Area [W/m2],-3.820E+01
,Number of People,4.9


----------------------------------------------------------------------------------------------------
REPORT:,Zone Component Load Summary
FOR:,BLOCKS-3645_OFFICE_9_SOUTH PERIMETER
Estimated Cooling Peak Load Components

,,Sensible - Instant [W],Sensible - Delayed [W],Sensible - Return Air [W],Latent [W],Total [W],%Grand Total,Related Area [m2],Total per Area [W/m2]
,People,225.22,84.45,,321.75,631.43,11.73,90.58,6.97
,Lights,289.57,432.27,0.00,,721.84,13.41,90.58,7.97
,Equipment,511.87,272.11,,0.00,783.99,14.56,90.58,8.66
,Refrigeration,0.00,,0.00,0.00,0.00,0.00,90.58,0.00
,Water Use Equipment,0.00,,,0.00,0.00,0.00,90.58,0.00
,HVAC Equipment Losses,0.00,0.00,,,0.00,0.00,,
,Power Generation Equipment,0.00,0.00,,,0.00,0.00,,
,DOAS Direct to Zone,0.00,,,0.00,0.00,0.00,,
,Infiltration,14.12,,,25.39,39.51,0.73,66.89,0.59
,Zone Ventilation,0.00,,,0.00,0.00,0.00,,
,Interzone Mixing,0.00,,,0.00,0.00,0.00,,
,Roof,,0.00,,,0.00,0.00,0.00,
,Interzone Ceiling,,-409.6,,,-409.6,-7.6,90.58,-4.5
,Other Roof,,0.00,,,0.00,0.00,0.00,
,Exterior Wall,,19.13,,,19.13,0.36,66.89,0.29
,Interzone Wall,,-376.2,,,-376.2,-7.0,77.28,-4.9
,Ground Contact Wall,,0.00,,,0.00,0.00,0.00,
,Other Wall,,0.00,,,0.00,0.00,66.89,0.00
,Exterior Floor,,0.00,,,0.00,0.00,0.00,
,Interzone Floor,,-283.0,,,-283.0,-5.3,90.58,-3.1
,Ground Contact Floor,,0.00,,,0.00,0.00,0.00,
,Other Floor,,0.00,,,0.00,0.00,90.58,0.00
,Fenestration Conduction,1633.02,,,,1633.02,30.33,26.76,61.03
,Fenestration Solar,,2623.84,,,2623.84,48.74,26.76,98.07
,Opaque Door,,0.00,,,0.00,0.00,0.00,
,Grand Total,2673.81,2362.90,0.00,347.14,5383.85,,,


Cooling Peak Conditions

,,Value
,Time of Peak Load,8/21 13:00:00
,Outside Dry Bulb Temperature [C],28.88
,Outside Wet Bulb Temperature [C],18.19
,Outside Humidity Ratio at Peak [kgWater/kgDryAir],0.01195
,Zone Dry Bulb Temperature [C],24.00
,Zone Relative Humidity [%],37.99
,Zone Humidity Ratio at Peak [kgWater/kgDryAir],0.00881
,Supply Air Temperature [C],12.89
,Mixed Air Temperature [C],
,Main Fan Air Flow [m3/s],0.4563
,Outside Air Flow [m3/s],0.0419
,Peak Sensible Load with Sizing Factor [W],5742.49
,Difference Due to Sizing Factor [W],749.02
,Peak Sensible Load [W],4993.47
,Estimated Instant + Delayed Sensible Load [W],5036.71
,Difference Between Peak and Estimated Sensible Load [W],-43.2


Engineering Checks for Cooling

,,Value
,Outside Air Fraction [fraction],0.0917
,Airflow per Floor Area [m3/s-m2],5.038E-03
,Airflow per Total Capacity [m3/s-W],7.946E-05
,Floor Area per Total Capacity [m2/W],1.577E-02
,Total Capacity per Floor Area [W/m2],6.340E+01
,Number of People,4.9


Estimated Heating Peak Load Components

,,Sensible - Instant [W],Sensible - Delayed [W],Sensible - Return Air [W],Latent [W],Total [W],%Grand Total,Related Area [m2],Total per Area [W/m2]
,People,0.00,0.00,,0.00,0.00,-0.00,90.58,0.00
,Lights,0.00,0.00,0.00,,0.00,-0.00,90.58,0.00
,Equipment,0.00,0.00,,0.00,0.00,-0.00,90.58,0.00
,Refrigeration,0.00,,0.00,0.00,0.00,-0.00,90.58,0.00
,Water Use Equipment,0.00,,,0.00,0.00,-0.00,90.58,0.00
,HVAC Equipment Losses,0.00,0.00,,,0.00,-0.00,,
,Power Generation Equipment,0.00,0.00,,,0.00,-0.00,,
,DOAS Direct to Zone,0.00,,,0.00,0.00,-0.00,,
,Infiltration,-95.0,,,-43.3,-138.3,5.41,66.89,-2.1
,Zone Ventilation,0.00,,,0.00,0.00,-0.00,,
,Interzone Mixing,0.00,,,0.00,0.00,-0.00,,
,Roof,,0.00,,,0.00,-0.00,0.00,
,Interzone Ceiling,,-803.2,,,-803.2,31.43,90.58,-8.9
,Other Roof,,0.00,,,0.00,-0.00,0.00,
,Exterior Wall,,-414.1,,,-414.1,16.20,66.89,-6.2
,Interzone Wall,,-88.3,,,-88.3,3.46,77.28,-1.1
,Ground Contact Wall,,0.00,,,0.00,-0.00,0.00,
,Other Wall,,0.00,,,0.00,-0.00,66.89,0.00
,Exterior Floor,,0.00,,,0.00,-0.00,0.00,
,Interzone Floor,,-87.8,,,-87.8,3.44,90.58,-1.0
,Ground Contact Floor,,0.00,,,0.00,-0.00,0.00,
,Other Floor,,0.00,,,0.00,-0.00,90.58,0.00
,Fenestration Conduction,-1023.6,,,,-1023.6,40.06,26.76,-38.3
,Fenestration Solar,,0.00,,,0.00,-0.00,26.76,0.00
,Opaque Door,,0.00,,,0.00,-0.00,0.00,
,Grand Total,-1118.6,-1393.5,0.00,-43.3,-2555.4,,,


Heating Peak Conditions

,,Value
,Time of Peak Load,12/21 08:00:00
,Outside Dry Bulb Temperature [C],-4.2
,Outside Wet Bulb Temperature [C],-4.2
,Outside Humidity Ratio at Peak [kgWater/kgDryAir],0.00331
,Zone Dry Bulb Temperature [C],21.00
,Zone Relative Humidity [%],41.09
,Zone Humidity Ratio at Peak [kgWater/kgDryAir],0.00793
,Supply Air Temperature [C],9.89
,Mixed Air Temperature [C],
,Main Fan Air Flow [m3/s],0.2525
,Outside Air Flow [m3/s],0.0419
,Peak Sensible Load with Sizing Factor [W],-3451.2
,Difference Due to Sizing Factor [W],-690.2
,Peak Sensible Load [W],-2760.9
,Estimated Instant + Delayed Sensible Load [W],-2512.1
,Difference Between Peak and Estimated Sensible Load [W],-248.8


Engineering Checks for Heating

,,Value
,Outside Air Fraction [fraction],0.1657
,Airflow per Floor Area [m3/s-m2],2.788E-03
,Airflow per Total Capacity [m3/s-W],-7.317E-05
,Floor Area per Total Capacity [m2/W],-2.625E-02
,Total Capacity per Floor Area [W/m2],-3.810E+01
,Number of People,4.9


----------------------------------------------------------------------------------------------------
REPORT:,Zone Component Load Summary
FOR:,BLOCKS-3645_OFFICE_9_WEST PERIMETER
Estimated Cooling Peak Load Components

,,Sensible - Instant [W],Sensible - Delayed [W],Sensible - Return Air [W],Latent [W],Total [W],%Grand Total,Related Area [m2],Total per Area [W/m2]
,People,155.92,76.65,,222.75,455.32,8.80,62.71,7.26
,Lights,200.47,329.48,0.00,,529.95,10.24,62.71,8.45
,Equipment,354.37,207.16,,0.00,561.53,10.85,62.71,8.95
,Refrigeration,0.00,,0.00,0.00,0.00,0.00,62.71,0.00
,Water Use Equipment,0.00,,,0.00,0.00,0.00,62.71,0.00
,HVAC Equipment Losses,0.00,0.00,,,0.00,0.00,,
,Power Generation Equipment,0.00,0.00,,,0.00,0.00,,
,DOAS Direct to Zone,0.00,,,0.00,0.00,0.00,,
,Infiltration,9.84,,,19.60,29.44,0.57,50.17,0.59
,Zone Ventilation,0.00,,,0.00,0.00,0.00,,
,Interzone Mixing,0.00,,,0.00,0.00,0.00,,
,Roof,,0.00,,,0.00,0.00,0.00,
,Interzone Ceiling,,-662.0,,,-662.0,-12.8,62.71,-10.6
,Other Roof,,0.00,,,0.00,0.00,0.00,
,Exterior Wall,,48.92,,,48.92,0.95,50.17,0.98
,Interzone Wall,,-541.5,,,-541.5,-10.5,60.56,-8.9
,Ground Contact Wall,,0.00,,,0.00,0.00,0.00,
,Other Wall,,0.00,,,0.00,0.00,50.17,0.00
,Exterior Floor,,0.00,,,0.00,0.00,0.00,
,Interzone Floor,,-75.0,,,-75.0,-1.4,62.71,-1.2
,Ground Contact Floor,,0.00,,,0.00,0.00,0.00,
,Other Floor,,0.00,,,0.00,0.00,62.71,0.00
,Fenestration Conduction,1455.90,,,,1455.90,28.14,20.07,72.55
,Fenestration Solar,,3370.77,,,3370.77,65.16,20.07,167.98
,Opaque Door,,0.00,,,0.00,0.00,0.00,
,Grand Total,2176.50,2754.54,0.00,242.35,5173.39,,,


Cooling Peak Conditions

,,Value
,Time of Peak Load,8/21 17:00:00
,Outside Dry Bulb Temperature [C],27.94
,Outside Wet Bulb Temperature [C],17.92
,Outside Humidity Ratio at Peak [kgWater/kgDryAir],0.01195
,Zone Dry Bulb Temperature [C],24.00
,Zone Relative Humidity [%],37.61
,Zone Humidity Ratio at Peak [kgWater/kgDryAir],0.00872
,Supply Air Temperature [C],12.89
,Mixed Air Temperature [C],
,Main Fan Air Flow [m3/s],0.4477
,Outside Air Flow [m3/s],0.0290
,Peak Sensible Load with Sizing Factor [W],5633.65
,Difference Due to Sizing Factor [W],734.82
,Peak Sensible Load [W],4898.82
,Estimated Instant + Delayed Sensible Load [W],4931.04
,Difference Between Peak and Estimated Sensible Load [W],-32.2


Engineering Checks for Cooling

,,Value
,Outside Air Fraction [fraction],0.0647
,Airflow per Floor Area [m3/s-m2],7.139E-03
,Airflow per Total Capacity [m3/s-W],7.946E-05
,Floor Area per Total Capacity [m2/W],1.113E-02
,Total Capacity per Floor Area [W/m2],8.984E+01
,Number of People,3.4


Estimated Heating Peak Load Components

,,Sensible - Instant [W],Sensible - Delayed [W],Sensible - Return Air [W],Latent [W],Total [W],%Grand Total,Related Area [m2],Total per Area [W/m2]
,People,0.00,0.00,,0.00,0.00,-0.00,62.71,0.00
,Lights,0.00,0.00,0.00,,0.00,-0.00,62.71,0.00
,Equipment,0.00,0.00,,0.00,0.00,-0.00,62.71,0.00
,Refrigeration,0.00,,0.00,0.00,0.00,-0.00,62.71,0.00
,Water Use Equipment,0.00,,,0.00,0.00,-0.00,62.71,0.00
,HVAC Equipment Losses,0.00,0.00,,,0.00,-0.00,,
,Power Generation Equipment,0.00,0.00,,,0.00,-0.00,,
,DOAS Direct to Zone,0.00,,,0.00,0.00,-0.00,,
,Infiltration,-71.2,,,-32.5,-103.7,5.52,50.17,-2.1
,Zone Ventilation,0.00,,,0.00,0.00,-0.00,,
,Interzone Mixing,0.00,,,0.00,0.00,-0.00,,
,Roof,,0.00,,,0.00,-0.00,0.00,
,Interzone Ceiling,,-558.7,,,-558.7,29.73,62.71,-8.9
,Other Roof,,0.00,,,0.00,-0.00,0.00,
,Exterior Wall,,-312.3,,,-312.3,16.62,50.17,-6.2
,Interzone Wall,,-78.2,,,-78.2,4.16,60.56,-1.3
,Ground Contact Wall,,0.00,,,0.00,-0.00,0.00,
,Other Wall,,0.00,,,0.00,-0.00,50.17,0.00
,Exterior Floor,,0.00,,,0.00,-0.00,0.00,
,Interzone Floor,,-58.8,,,-58.8,3.13,62.71,-0.9
,Ground Contact Floor,,0.00,,,0.00,-0.00,0.00,
,Other Floor,,0.00,,,0.00,-0.00,62.71,0.00
,Fenestration Conduction,-767.7,,,,-767.7,40.85,20.07,-38.3
,Fenestration Solar,,0.00,,,0.00,-0.00,20.07,0.00
,Opaque Door,,0.00,,,0.00,-0.00,0.00,
,Grand Total,-838.9,-1007.9,0.00,-32.5,-1879.3,,,


Heating Peak Conditions

,,Value
,Time of Peak Load,12/21 08:00:00
,Outside Dry Bulb Temperature [C],-4.2
,Outside Wet Bulb Temperature [C],-4.2
,Outside Humidity Ratio at Peak [kgWater/kgDryAir],0.00331
,Zone Dry Bulb Temperature [C],21.00
,Zone Relative Humidity [%],41.09
,Zone Humidity Ratio at Peak [kgWater/kgDryAir],0.00793
,Supply Air Temperature [C],9.89
,Mixed Air Temperature [C],
,Main Fan Air Flow [m3/s],0.1854
,Outside Air Flow [m3/s],0.0290
,Peak Sensible Load with Sizing Factor [W],-2534.1
,Difference Due to Sizing Factor [W],-506.8
,Peak Sensible Load [W],-2027.2
,Estimated Instant + Delayed Sensible Load [W],-1846.8
,Difference Between Peak and Estimated Sensible Load [W],-180.4


Engineering Checks for Heating

,,Value
,Outside Air Fraction [fraction],0.1563
,Airflow per Floor Area [m3/s-m2],2.957E-03
,Airflow per Total Capacity [m3/s-W],-7.317E-05
,Floor Area per Total Capacity [m2/W],-2.475E-02
,Total Capacity per Floor Area [W/m2],-4.041E+01
,Number of People,3.4


----------------------------------------------------------------------------------------------------
REPORT:,Envelope Summary
FOR:,Entire Facility
Opaque Exterior

,,Construction,Zone,Space,Reflectance,U-Factor with Film [W/m2-K],U-Factor no Film [W/m2-K],Gross Area [m2],Net Area [m2],Azimuth [deg],Tilt [deg],Cardinal Direction
,SURFACE 31,CONSTRUCTION FFACTOR GROUND FLOOR 4,BLOCKS-3644_OFFICE_1_CORE,BLOCKS-3644_OFFICE_1_CORE,1.00,0.006,0.006,510.97,510.97,180.00,180.00,
,SURFACE 20,SIDING_STEEL_FRAME_WALL,BLOCKS-3644_OFFICE_1_EAST PERIMETER,BLOCKS-3644_OFFICE_1_EAST PERIMETER,0.22,0.298,0.312,117.06,70.23,90.00,90.00,E
,SURFACE 19,CONSTRUCTION FFACTOR GROUND FLOOR 2,BLOCKS-3644_OFFICE_1_EAST PERIMETER,BLOCKS-3644_OFFICE_1_EAST PERIMETER,1.00,0.229,0.238,174.19,174.19,45.00,180.00,
,SURFACE 14,SIDING_STEEL_FRAME_WALL,BLOCKS-3644_OFFICE_1_NORTH PERIMETER,BLOCKS-3644_OFFICE_1_NORTH PERIMETER,0.22,0.298,0.312,66.89,40.13,0.00,90.00,N
,SURFACE 13,CONSTRUCTION FFACTOR GROUND FLOOR 3,BLOCKS-3644_OFFICE_1_NORTH PERIMETER,BLOCKS-3644_OFFICE_1_NORTH PERIMETER,1.00,0.252,0.263,90.58,90.58,315.00,180.00,
,SURFACE 26,SIDING_STEEL_FRAME_WALL,BLOCKS-3644_OFFICE_1_SOUTH PERIMETER,BLOCKS-3644_OFFICE_1_SOUTH PERIMETER,0.22,0.298,0.312,66.89,40.13,180.00,90.00,S
,SURFACE 25,CONSTRUCTION FFACTOR GROUND FLOOR 3,BLOCKS-3644_OFFICE_1_SOUTH PERIMETER,BLOCKS-3644_OFFICE_1_SOUTH PERIMETER,1.00,0.252,0.263,90.58,90.58,135.00,180.00,
,SURFACE 8,SIDING_STEEL_FRAME_WALL,BLOCKS-3644_OFFICE_1_WEST PERIMETER,BLOCKS-3644_OFFICE_1_WEST PERIMETER,0.22,0.298,0.312,117.06,70.23,270.00,90.00,W
,SURFACE 7,CONSTRUCTION FFACTOR GROUND FLOOR 2,BLOCKS-3644_OFFICE_1_WEST PERIMETER,BLOCKS-3644_OFFICE_1_WEST PERIMETER,1.00,0.229,0.238,174.19,174.19,225.00,180.00,
,SURFACE 56,SIDING_STEEL_FRAME_WALL,BLOCKS-3644_OFFICE_2_EAST PERIMETER,BLOCKS-3644_OFFICE_2_EAST PERIMETER,0.22,0.298,0.312,117.06,70.23,90.00,90.00,E
,SURFACE 50,SIDING_STEEL_FRAME_WALL,BLOCKS-3644_OFFICE_2_NORTH PERIMETER,BLOCKS-3644_OFFICE_2_NORTH PERIMETER,0.22,0.298,0.312,66.89,40.13,0.00,90.00,N
,SURFACE 62,SIDING_STEEL_FRAME_WALL,BLOCKS-3644_OFFICE_2_SOUTH PERIMETER,BLOCKS-3644_OFFICE_2_SOUTH PERIMETER,0.22,0.298,0.312,66.89,40.13,180.00,90.00,S
,SURFACE 44,SIDING_STEEL_FRAME_WALL,BLOCKS-3644_OFFICE_2_WEST PERIMETER,BLOCKS-3644_OFFICE_2_WEST PERIMETER,0.22,0.298,0.312,117.06,70.23,270.00,90.00,W
,SURFACE 104,SIDING_STEEL_FRAME_WALL,BLOCKS-3645_OFFICE_1_EAST PERIMETER,BLOCKS-3645_OFFICE_1_EAST PERIMETER,0.22,0.298,0.312,50.17,30.10,90.00,90.00,E
,SURFACE 98,SIDING_STEEL_FRAME_WALL,BLOCKS-3645_OFFICE_1_NORTH PERIMETER,BLOCKS-3645_OFFICE_1_NORTH PERIMETER,0.22,0.298,0.312,66.89,40.13,0.00,90.00,N
,SURFACE 110,SIDING_STEEL_FRAME_WALL,BLOCKS-3645_OFFICE_1_SOUTH PERIMETER,BLOCKS-3645_OFFICE_1_SOUTH PERIMETER,0.22,0.298,0.312,66.89,40.13,180.00,90.00,S
,SURFACE 92,SIDING_STEEL_FRAME_WALL,BLOCKS-3645_OFFICE_1_WEST PERIMETER,BLOCKS-3645_OFFICE_1_WEST PERIMETER,0.22,0.298,0.312,50.17,30.10,270.00,90.00,W
,SURFACE 140,SIDING_STEEL_FRAME_WALL,BLOCKS-3645_OFFICE_2_EAST PERIMETER,BLOCKS-3645_OFFICE_2_EAST PERIMETER,0.22,0.298,0.312,50.17,30.10,90.00,90.00,E
,SURFACE 134,SIDING_STEEL_FRAME_WALL,BLOCKS-3645_OFFICE_2_NORTH PERIMETER,BLOCKS-3645_OFFICE_2_NORTH PERIMETER,0.22,0.298,0.312,66.89,40.13,0.00,90.00,N
,SURFACE 146,SIDING_STEEL_FRAME_WALL,BLOCKS-3645_OFFICE_2_SOUTH PERIMETER,BLOCKS-3645_OFFICE_2_SOUTH PERIMETER,0.22,0.298,0.312,66.89,40.13,180.00,90.00,S
,SURFACE 128,SIDING_STEEL_FRAME_WALL,BLOCKS-3645_OFFICE_2_WEST PERIMETER,BLOCKS-3645_OFFICE_2_WEST PERIMETER,0.22,0.298,0.312,50.17,30.10,270.00,90.00,W
,SURFACE 176,SIDING_STEEL_FRAME_WALL,BLOCKS-3645_OFFICE_3_EAST PERIMETER,BLOCKS-3645_OFFICE_3_EAST PERIMETER,0.22,0.298,0.312,50.17,30.10,90.00,90.00,E
,SURFACE 170,SIDING_STEEL_FRAME_WALL,BLOCKS-3645_OFFICE_3_NORTH PERIMETER,BLOCKS-3645_OFFICE_3_NORTH PERIMETER,0.22,0.298,0.312,66.89,40.13,0.00,90.00,N
,SURFACE 182,SIDING_STEEL_FRAME_WALL,BLOCKS-3645_OFFICE_3_SOUTH PERIMETER,BLOCKS-3645_OFFICE_3_SOUTH PERIMETER,0.22,0.298,0.312,66.89,40.13,180.00,90.00,S
,SURFACE 164,SIDING_STEEL_FRAME_WALL,BLOCKS-3645_OFFICE_3_WEST PERIMETER,BLOCKS-3645_OFFICE_3_WEST PERIMETER,0.22,0.298,0.312,50.17,30.10,270.00,90.00,W
,SURFACE 212,SIDING_STEEL_FRAME_WALL,BLOCKS-3645_OFFICE_4_EAST PERIMETER,BLOCKS-3645_OFFICE_4_EAST PERIMETER,0.22,0.298,0.312,50.17,30.10,90.00,90.00,E
,SURFACE 206,SIDING_STEEL_FRAME_WALL,BLOCKS-3645_OFFICE_4_NORTH PERIMETER,BLOCKS-3645_OFFICE_4_NORTH PERIMETER,0.22,0.298,0.312,66.89,40.13,0.00,90.00,N
,SURFACE 218,SIDING_STEEL_FRAME_WALL,BLOCKS-3645_OFFICE_4_SOUTH PERIMETER,BLOCKS-3645_OFFICE_4_SOUTH PERIMETER,0.22,0.298,0.312,66.89,40.13,180.00,90.00,S
,SURFACE 200,SIDING_STEEL_FRAME_WALL,BLOCKS-3645_OFFICE_4_WEST PERIMETER,BLOCKS-3645_OFFICE_4_WEST PERIMETER,0.22,0.298,0.312,50.17,30.10,270.00,90.00,W
,SURFACE 248,SIDING_STEEL_FRAME_WALL,BLOCKS-3645_OFFICE_5_EAST PERIMETER,BLOCKS-3645_OFFICE_5_EAST PERIMETER,0.22,0.298,0.312,50.17,30.10,90.00,90.00,E
,SURFACE 242,SIDING_STEEL_FRAME_WALL,BLOCKS-3645_OFFICE_5_NORTH PERIMETER,BLOCKS-3645_OFFICE_5_NORTH PERIMETER,0.22,0.298,0.312,66.89,40.13,0.00,90.00,N
,SURFACE 254,SIDING_STEEL_FRAME_WALL,BLOCKS-3645_OFFICE_5_SOUTH PERIMETER,BLOCKS-3645_OFFICE_5_SOUTH PERIMETER,0.22,0.298,0.312,66.89,40.13,180.00,90.00,S
,SURFACE 236,SIDING_STEEL_FRAME_WALL,BLOCKS-3645_OFFICE_5_WEST PERIMETER,BLOCKS-3645_OFFICE_5_WEST PERIMETER,0.22,0.298,0.312,50.17,30.10,270.00,90.00,W
,SURFACE 284,SIDING_STEEL_FRAME_WALL,BLOCKS-3645_OFFICE_6_EAST PERIMETER,BLOCKS-3645_OFFICE_6_EAST PERIMETER,0.22,0.298,0.312,50.17,30.10,90.00,90.00,E
,SURFACE 278,SIDING_STEEL_FRAME_WALL,BLOCKS-3645_OFFICE_6_NORTH PERIMETER,BLOCKS-3645_OFFICE_6_NORTH PERIMETER,0.22,0.298,0.312,66.89,40.13,0.00,90.00,N
,SURFACE 290,SIDING_STEEL_FRAME_WALL,BLOCKS-3645_OFFICE_6_SOUTH PERIMETER,BLOCKS-3645_OFFICE_6_SOUTH PERIMETER,0.22,0.298,0.312,66.89,40.13,180.00,90.00,S
,SURFACE 272,SIDING_STEEL_FRAME_WALL,BLOCKS-3645_OFFICE_6_WEST PERIMETER,BLOCKS-3645_OFFICE_6_WEST PERIMETER,0.22,0.298,0.312,50.17,30.10,270.00,90.00,W
,SURFACE 320,SIDING_STEEL_FRAME_WALL,BLOCKS-3645_OFFICE_7_EAST PERIMETER,BLOCKS-3645_OFFICE_7_EAST PERIMETER,0.22,0.298,0.312,50.17,30.10,90.00,90.00,E
,SURFACE 314,SIDING_STEEL_FRAME_WALL,BLOCKS-3645_OFFICE_7_NORTH PERIMETER,BLOCKS-3645_OFFICE_7_NORTH PERIMETER,0.22,0.298,0.312,66.89,40.13,0.00,90.00,N
,SURFACE 326,SIDING_STEEL_FRAME_WALL,BLOCKS-3645_OFFICE_7_SOUTH PERIMETER,BLOCKS-3645_OFFICE_7_SOUTH PERIMETER,0.22,0.298,0.312,66.89,40.13,180.00,90.00,S
,SURFACE 308,SIDING_STEEL_FRAME_WALL,BLOCKS-3645_OFFICE_7_WEST PERIMETER,BLOCKS-3645_OFFICE_7_WEST PERIMETER,0.22,0.298,0.312,50.17,30.10,270.00,90.00,W
,SURFACE 356,SIDING_STEEL_FRAME_WALL,BLOCKS-3645_OFFICE_8_EAST PERIMETER,BLOCKS-3645_OFFICE_8_EAST PERIMETER,0.22,0.298,0.312,50.17,30.10,90.00,90.00,E
,SURFACE 350,SIDING_STEEL_FRAME_WALL,BLOCKS-3645_OFFICE_8_NORTH PERIMETER,BLOCKS-3645_OFFICE_8_NORTH PERIMETER,0.22,0.298,0.312,66.89,40.13,0.00,90.00,N
,SURFACE 362,SIDING_STEEL_FRAME_WALL,BLOCKS-3645_OFFICE_8_SOUTH PERIMETER,BLOCKS-3645_OFFICE_8_SOUTH PERIMETER,0.22,0.298,0.312,66.89,40.13,180.00,90.00,S
,SURFACE 344,SIDING_STEEL_FRAME_WALL,BLOCKS-3645_OFFICE_8_WEST PERIMETER,BLOCKS-3645_OFFICE_8_WEST PERIMETER,0.22,0.298,0.312,50.17,30.10,270.00,90.00,W
,SURFACE 392,SIDING_STEEL_FRAME_WALL,BLOCKS-3645_OFFICE_9_EAST PERIMETER,BLOCKS-3645_OFFICE_9_EAST PERIMETER,0.22,0.298,0.312,50.17,30.10,90.00,90.00,E
,SURFACE 386,SIDING_STEEL_FRAME_WALL,BLOCKS-3645_OFFICE_9_NORTH PERIMETER,BLOCKS-3645_OFFICE_9_NORTH PERIMETER,0.22,0.298,0.312,66.89,40.13,0.00,90.00,N
,SURFACE 398,SIDING_STEEL_FRAME_WALL,BLOCKS-3645_OFFICE_9_SOUTH PERIMETER,BLOCKS-3645_OFFICE_9_SOUTH PERIMETER,0.22,0.298,0.312,66.89,40.13,180.00,90.00,S
,SURFACE 380,SIDING_STEEL_FRAME_WALL,BLOCKS-3645_OFFICE_9_WEST PERIMETER,BLOCKS-3645_OFFICE_9_WEST PERIMETER,0.22,0.298,0.312,50.17,30.10,270.00,90.00,W
,SURFACE 2,SIDING_STEEL_FRAME_WALL,PNNL_TSPR_OFFICE_MID_PLENUM,PNNL_TSPR_OFFICE_MID_PLENUM,0.22,0.298,0.312,39.02,39.02,270.00,90.00,W
,SURFACE 3,SIDING_STEEL_FRAME_WALL,PNNL_TSPR_OFFICE_MID_PLENUM,PNNL_TSPR_OFFICE_MID_PLENUM,0.22,0.298,0.312,22.30,22.30,0.00,90.00,N
,SURFACE 4,SIDING_STEEL_FRAME_WALL,PNNL_TSPR_OFFICE_MID_PLENUM,PNNL_TSPR_OFFICE_MID_PLENUM,0.22,0.298,0.312,39.02,39.02,90.00,90.00,E
,SURFACE 5,SIDING_STEEL_FRAME_WALL,PNNL_TSPR_OFFICE_MID_PLENUM,PNNL_TSPR_OFFICE_MID_PLENUM,0.22,0.298,0.312,22.30,22.30,180.00,90.00,S
,SURFACE 122,SIDING_STEEL_FRAME_WALL,PNNL_TSPR_OFFICE_MID_PLENUM 2,PNNL_TSPR_OFFICE_MID_PLENUM 2,0.22,0.298,0.312,16.72,16.72,270.00,90.00,W
,SURFACE 123,SIDING_STEEL_FRAME_WALL,PNNL_TSPR_OFFICE_MID_PLENUM 2,PNNL_TSPR_OFFICE_MID_PLENUM 2,0.22,0.298,0.312,22.30,22.30,0.00,90.00,N
,SURFACE 124,SIDING_STEEL_FRAME_WALL,PNNL_TSPR_OFFICE_MID_PLENUM 2,PNNL_TSPR_OFFICE_MID_PLENUM 2,0.22,0.298,0.312,16.72,16.72,90.00,90.00,E
,SURFACE 125,SIDING_STEEL_FRAME_WALL,PNNL_TSPR_OFFICE_MID_PLENUM 2,PNNL_TSPR_OFFICE_MID_PLENUM 2,0.22,0.298,0.312,22.30,22.30,180.00,90.00,S
,SURFACE 158,SIDING_STEEL_FRAME_WALL,PNNL_TSPR_OFFICE_MID_PLENUM 2,PNNL_TSPR_OFFICE_MID_PLENUM 2,0.22,0.298,0.312,16.72,16.72,270.00,90.00,W
,SURFACE 159,SIDING_STEEL_FRAME_WALL,PNNL_TSPR_OFFICE_MID_PLENUM 2,PNNL_TSPR_OFFICE_MID_PLENUM 2,0.22,0.298,0.312,22.30,22.30,0.00,90.00,N
,SURFACE 160,SIDING_STEEL_FRAME_WALL,PNNL_TSPR_OFFICE_MID_PLENUM 2,PNNL_TSPR_OFFICE_MID_PLENUM 2,0.22,0.298,0.312,16.72,16.72,90.00,90.00,E
,SURFACE 161,SIDING_STEEL_FRAME_WALL,PNNL_TSPR_OFFICE_MID_PLENUM 2,PNNL_TSPR_OFFICE_MID_PLENUM 2,0.22,0.298,0.312,22.30,22.30,180.00,90.00,S
,SURFACE 194,SIDING_STEEL_FRAME_WALL,PNNL_TSPR_OFFICE_MID_PLENUM 2,PNNL_TSPR_OFFICE_MID_PLENUM 2,0.22,0.298,0.312,16.72,16.72,270.00,90.00,W
,SURFACE 195,SIDING_STEEL_FRAME_WALL,PNNL_TSPR_OFFICE_MID_PLENUM 2,PNNL_TSPR_OFFICE_MID_PLENUM 2,0.22,0.298,0.312,22.30,22.30,0.00,90.00,N
,SURFACE 196,SIDING_STEEL_FRAME_WALL,PNNL_TSPR_OFFICE_MID_PLENUM 2,PNNL_TSPR_OFFICE_MID_PLENUM 2,0.22,0.298,0.312,16.72,16.72,90.00,90.00,E
,SURFACE 197,SIDING_STEEL_FRAME_WALL,PNNL_TSPR_OFFICE_MID_PLENUM 2,PNNL_TSPR_OFFICE_MID_PLENUM 2,0.22,0.298,0.312,22.30,22.30,180.00,90.00,S
,SURFACE 230,SIDING_STEEL_FRAME_WALL,PNNL_TSPR_OFFICE_MID_PLENUM 2,PNNL_TSPR_OFFICE_MID_PLENUM 2,0.22,0.298,0.312,16.72,16.72,270.00,90.00,W
,SURFACE 231,SIDING_STEEL_FRAME_WALL,PNNL_TSPR_OFFICE_MID_PLENUM 2,PNNL_TSPR_OFFICE_MID_PLENUM 2,0.22,0.298,0.312,22.30,22.30,0.00,90.00,N
,SURFACE 232,SIDING_STEEL_FRAME_WALL,PNNL_TSPR_OFFICE_MID_PLENUM 2,PNNL_TSPR_OFFICE_MID_PLENUM 2,0.22,0.298,0.312,16.72,16.72,90.00,90.00,E
,SURFACE 233,SIDING_STEEL_FRAME_WALL,PNNL_TSPR_OFFICE_MID_PLENUM 2,PNNL_TSPR_OFFICE_MID_PLENUM 2,0.22,0.298,0.312,22.30,22.30,180.00,90.00,S
,SURFACE 266,SIDING_STEEL_FRAME_WALL,PNNL_TSPR_OFFICE_MID_PLENUM 2,PNNL_TSPR_OFFICE_MID_PLENUM 2,0.22,0.298,0.312,16.72,16.72,270.00,90.00,W
,SURFACE 267,SIDING_STEEL_FRAME_WALL,PNNL_TSPR_OFFICE_MID_PLENUM 2,PNNL_TSPR_OFFICE_MID_PLENUM 2,0.22,0.298,0.312,22.30,22.30,0.00,90.00,N
,SURFACE 268,SIDING_STEEL_FRAME_WALL,PNNL_TSPR_OFFICE_MID_PLENUM 2,PNNL_TSPR_OFFICE_MID_PLENUM 2,0.22,0.298,0.312,16.72,16.72,90.00,90.00,E
,SURFACE 269,SIDING_STEEL_FRAME_WALL,PNNL_TSPR_OFFICE_MID_PLENUM 2,PNNL_TSPR_OFFICE_MID_PLENUM 2,0.22,0.298,0.312,22.30,22.30,180.00,90.00,S
,SURFACE 302,SIDING_STEEL_FRAME_WALL,PNNL_TSPR_OFFICE_MID_PLENUM 2,PNNL_TSPR_OFFICE_MID_PLENUM 2,0.22,0.298,0.312,16.72,16.72,270.00,90.00,W
,SURFACE 303,SIDING_STEEL_FRAME_WALL,PNNL_TSPR_OFFICE_MID_PLENUM 2,PNNL_TSPR_OFFICE_MID_PLENUM 2,0.22,0.298,0.312,22.30,22.30,0.00,90.00,N
,SURFACE 304,SIDING_STEEL_FRAME_WALL,PNNL_TSPR_OFFICE_MID_PLENUM 2,PNNL_TSPR_OFFICE_MID_PLENUM 2,0.22,0.298,0.312,16.72,16.72,90.00,90.00,E
,SURFACE 305,SIDING_STEEL_FRAME_WALL,PNNL_TSPR_OFFICE_MID_PLENUM 2,PNNL_TSPR_OFFICE_MID_PLENUM 2,0.22,0.298,0.312,22.30,22.30,180.00,90.00,S
,SURFACE 338,SIDING_STEEL_FRAME_WALL,PNNL_TSPR_OFFICE_MID_PLENUM 2,PNNL_TSPR_OFFICE_MID_PLENUM 2,0.22,0.298,0.312,16.72,16.72,270.00,90.00,W
,SURFACE 339,SIDING_STEEL_FRAME_WALL,PNNL_TSPR_OFFICE_MID_PLENUM 2,PNNL_TSPR_OFFICE_MID_PLENUM 2,0.22,0.298,0.312,22.30,22.30,0.00,90.00,N
,SURFACE 340,SIDING_STEEL_FRAME_WALL,PNNL_TSPR_OFFICE_MID_PLENUM 2,PNNL_TSPR_OFFICE_MID_PLENUM 2,0.22,0.298,0.312,16.72,16.72,90.00,90.00,E
,SURFACE 341,SIDING_STEEL_FRAME_WALL,PNNL_TSPR_OFFICE_MID_PLENUM 2,PNNL_TSPR_OFFICE_MID_PLENUM 2,0.22,0.298,0.312,22.30,22.30,180.00,90.00,S
,SURFACE 86,SIDING_STEEL_FRAME_WALL,PNNL_TSPR_OFFICE_MID_PLENUM 2,PNNL_TSPR_OFFICE_MID_PLENUM 2,0.22,0.298,0.312,16.72,16.72,270.00,90.00,W
,SURFACE 87,SIDING_STEEL_FRAME_WALL,PNNL_TSPR_OFFICE_MID_PLENUM 2,PNNL_TSPR_OFFICE_MID_PLENUM 2,0.22,0.298,0.312,22.30,22.30,0.00,90.00,N
,SURFACE 88,SIDING_STEEL_FRAME_WALL,PNNL_TSPR_OFFICE_MID_PLENUM 2,PNNL_TSPR_OFFICE_MID_PLENUM 2,0.22,0.298,0.312,16.72,16.72,90.00,90.00,E
,SURFACE 89,SIDING_STEEL_FRAME_WALL,PNNL_TSPR_OFFICE_MID_PLENUM 2,PNNL_TSPR_OFFICE_MID_PLENUM 2,0.22,0.298,0.312,22.30,22.30,180.00,90.00,S
,SURFACE 38,SIDING_STEEL_FRAME_WALL,PNNL_TSPR_OFFICE_TOP_PLENUM,PNNL_TSPR_OFFICE_TOP_PLENUM,0.22,0.298,0.312,39.02,39.02,270.00,90.00,W
,SURFACE 39,SIDING_STEEL_FRAME_WALL,PNNL_TSPR_OFFICE_TOP_PLENUM,PNNL_TSPR_OFFICE_TOP_PLENUM,0.22,0.298,0.312,22.30,22.30,0.00,90.00,N
,SURFACE 40,SIDING_STEEL_FRAME_WALL,PNNL_TSPR_OFFICE_TOP_PLENUM,PNNL_TSPR_OFFICE_TOP_PLENUM,0.22,0.298,0.312,39.02,39.02,90.00,90.00,E
,SURFACE 41,SIDING_STEEL_FRAME_WALL,PNNL_TSPR_OFFICE_TOP_PLENUM,PNNL_TSPR_OFFICE_TOP_PLENUM,0.22,0.298,0.312,22.30,22.30,180.00,90.00,S
,SURFACE 478,IEAD_METAL_DECK,PNNL_TSPR_OFFICE_TOP_PLENUM,PNNL_TSPR_OFFICE_TOP_PLENUM,0.30,0.150,0.153,594.58,594.58,0.00,0.00,
,SURFACE 374,SIDING_STEEL_FRAME_WALL,PNNL_TSPR_OFFICE_TOP_PLENUM 2,PNNL_TSPR_OFFICE_TOP_PLENUM 2,0.22,0.298,0.312,16.72,16.72,270.00,90.00,W
,SURFACE 375,SIDING_STEEL_FRAME_WALL,PNNL_TSPR_OFFICE_TOP_PLENUM 2,PNNL_TSPR_OFFICE_TOP_PLENUM 2,0.22,0.298,0.312,22.30,22.30,0.00,90.00,N
,SURFACE 376,SIDING_STEEL_FRAME_WALL,PNNL_TSPR_OFFICE_TOP_PLENUM 2,PNNL_TSPR_OFFICE_TOP_PLENUM 2,0.22,0.298,0.312,16.72,16.72,90.00,90.00,E
,SURFACE 377,SIDING_STEEL_FRAME_WALL,PNNL_TSPR_OFFICE_TOP_PLENUM 2,PNNL_TSPR_OFFICE_TOP_PLENUM 2,0.22,0.298,0.312,22.30,22.30,180.00,90.00,S
,SURFACE 378,IEAD_METAL_DECK,PNNL_TSPR_OFFICE_TOP_PLENUM 2,PNNL_TSPR_OFFICE_TOP_PLENUM 2,0.30,0.150,0.153,445.93,445.93,0.00,0.00,


Opaque Interior

,,Construction,Zone,Space,Adjacent Surface,Reflectance,U-Factor with Film [W/m2-K],U-Factor no Film [W/m2-K],Gross Area [m2],Net Area [m2],Azimuth [deg],Tilt [deg],Cardinal Direction
,SURFACE 32,STANDARD_INT-WALL,BLOCKS-3644_OFFICE_1_CORE,BLOCKS-3644_OFFICE_1_CORE,SURFACE 10,0.08,2.511,6.299,91.97,91.97,270.00,90.00,W
,SURFACE 33,STANDARD_INT-WALL,BLOCKS-3644_OFFICE_1_CORE,BLOCKS-3644_OFFICE_1_CORE,SURFACE 16,0.08,2.511,6.299,41.81,41.81,0.00,90.00,N
,SURFACE 34,STANDARD_INT-WALL,BLOCKS-3644_OFFICE_1_CORE,BLOCKS-3644_OFFICE_1_CORE,SURFACE 22,0.08,2.511,6.299,91.97,91.97,90.00,90.00,E
,SURFACE 35,STANDARD_INT-WALL,BLOCKS-3644_OFFICE_1_CORE,BLOCKS-3644_OFFICE_1_CORE,SURFACE 28,0.08,2.511,6.299,41.81,41.81,180.00,90.00,S
,SURFACE 36,INT-FLOOR-UNDERSIDE,BLOCKS-3644_OFFICE_1_CORE,BLOCKS-3644_OFFICE_1_CORE,SURFACE 79,0.30,1.556,2.678,510.97,510.97,0.00,0.00,
,SURFACE 21,STANDARD_INT-WALL,BLOCKS-3644_OFFICE_1_EAST PERIMETER,BLOCKS-3644_OFFICE_1_EAST PERIMETER,SURFACE 29,0.08,2.511,6.299,17.74,17.74,225.00,90.00,W
,SURFACE 22,STANDARD_INT-WALL,BLOCKS-3644_OFFICE_1_EAST PERIMETER,BLOCKS-3644_OFFICE_1_EAST PERIMETER,SURFACE 34,0.08,2.511,6.299,91.97,91.97,270.00,90.00,W
,SURFACE 23,STANDARD_INT-WALL,BLOCKS-3644_OFFICE_1_EAST PERIMETER,BLOCKS-3644_OFFICE_1_EAST PERIMETER,SURFACE 15,0.08,2.511,6.299,17.74,17.74,315.00,90.00,N
,SURFACE 24,INT-FLOOR-UNDERSIDE,BLOCKS-3644_OFFICE_1_EAST PERIMETER,BLOCKS-3644_OFFICE_1_EAST PERIMETER,SURFACE 81,0.30,1.556,2.678,174.19,174.19,225.00,0.00,
,SURFACE 15,STANDARD_INT-WALL,BLOCKS-3644_OFFICE_1_NORTH PERIMETER,BLOCKS-3644_OFFICE_1_NORTH PERIMETER,SURFACE 23,0.08,2.511,6.299,17.74,17.74,135.00,90.00,S
,SURFACE 16,STANDARD_INT-WALL,BLOCKS-3644_OFFICE_1_NORTH PERIMETER,BLOCKS-3644_OFFICE_1_NORTH PERIMETER,SURFACE 33,0.08,2.511,6.299,41.81,41.81,180.00,90.00,S
,SURFACE 17,STANDARD_INT-WALL,BLOCKS-3644_OFFICE_1_NORTH PERIMETER,BLOCKS-3644_OFFICE_1_NORTH PERIMETER,SURFACE 9,0.08,2.511,6.299,17.74,17.74,225.00,90.00,W
,SURFACE 18,INT-FLOOR-UNDERSIDE,BLOCKS-3644_OFFICE_1_NORTH PERIMETER,BLOCKS-3644_OFFICE_1_NORTH PERIMETER,SURFACE 76,0.30,1.556,2.678,90.58,90.58,0.00,0.00,
,SURFACE 27,STANDARD_INT-WALL,BLOCKS-3644_OFFICE_1_SOUTH PERIMETER,BLOCKS-3644_OFFICE_1_SOUTH PERIMETER,SURFACE 11,0.08,2.511,6.299,17.74,17.74,315.00,90.00,N
,SURFACE 28,STANDARD_INT-WALL,BLOCKS-3644_OFFICE_1_SOUTH PERIMETER,BLOCKS-3644_OFFICE_1_SOUTH PERIMETER,SURFACE 35,0.08,2.511,6.299,41.81,41.81,0.00,90.00,N
,SURFACE 29,STANDARD_INT-WALL,BLOCKS-3644_OFFICE_1_SOUTH PERIMETER,BLOCKS-3644_OFFICE_1_SOUTH PERIMETER,SURFACE 21,0.08,2.511,6.299,17.74,17.74,45.00,90.00,E
,SURFACE 30,INT-FLOOR-UNDERSIDE,BLOCKS-3644_OFFICE_1_SOUTH PERIMETER,BLOCKS-3644_OFFICE_1_SOUTH PERIMETER,SURFACE 73,0.30,1.556,2.678,90.58,90.58,0.00,0.00,
,SURFACE 10,STANDARD_INT-WALL,BLOCKS-3644_OFFICE_1_WEST PERIMETER,BLOCKS-3644_OFFICE_1_WEST PERIMETER,SURFACE 32,0.08,2.511,6.299,91.97,91.97,90.00,90.00,E
,SURFACE 11,STANDARD_INT-WALL,BLOCKS-3644_OFFICE_1_WEST PERIMETER,BLOCKS-3644_OFFICE_1_WEST PERIMETER,SURFACE 27,0.08,2.511,6.299,17.74,17.74,135.00,90.00,S
,SURFACE 9,STANDARD_INT-WALL,BLOCKS-3644_OFFICE_1_WEST PERIMETER,BLOCKS-3644_OFFICE_1_WEST PERIMETER,SURFACE 17,0.08,2.511,6.299,17.74,17.74,45.00,90.00,E
,SURFACE 12,INT-FLOOR-UNDERSIDE,BLOCKS-3644_OFFICE_1_WEST PERIMETER,BLOCKS-3644_OFFICE_1_WEST PERIMETER,SURFACE 1,0.30,1.556,2.678,174.19,174.19,90.00,0.00,
,SURFACE 68,STANDARD_INT-WALL,BLOCKS-3644_OFFICE_2_CORE,BLOCKS-3644_OFFICE_2_CORE,SURFACE 46,0.08,2.511,6.299,91.97,91.97,270.00,90.00,W
,SURFACE 69,STANDARD_INT-WALL,BLOCKS-3644_OFFICE_2_CORE,BLOCKS-3644_OFFICE_2_CORE,SURFACE 52,0.08,2.511,6.299,41.81,41.81,0.00,90.00,N
,SURFACE 70,STANDARD_INT-WALL,BLOCKS-3644_OFFICE_2_CORE,BLOCKS-3644_OFFICE_2_CORE,SURFACE 58,0.08,2.511,6.299,91.97,91.97,90.00,90.00,E
,SURFACE 71,STANDARD_INT-WALL,BLOCKS-3644_OFFICE_2_CORE,BLOCKS-3644_OFFICE_2_CORE,SURFACE 64,0.08,2.511,6.299,41.81,41.81,180.00,90.00,S
,SURFACE 67,INT-FLOOR-TOPSIDE,BLOCKS-3644_OFFICE_2_CORE,BLOCKS-3644_OFFICE_2_CORE,SURFACE 80,0.08,1.556,2.678,510.97,510.97,0.00,180.00,
,SURFACE 72,INT-FLOOR-UNDERSIDE,BLOCKS-3644_OFFICE_2_CORE,BLOCKS-3644_OFFICE_2_CORE,SURFACE 83,0.30,1.556,2.678,510.97,510.97,0.00,0.00,
,SURFACE 57,STANDARD_INT-WALL,BLOCKS-3644_OFFICE_2_EAST PERIMETER,BLOCKS-3644_OFFICE_2_EAST PERIMETER,SURFACE 65,0.08,2.511,6.299,17.74,17.74,225.00,90.00,W
,SURFACE 58,STANDARD_INT-WALL,BLOCKS-3644_OFFICE_2_EAST PERIMETER,BLOCKS-3644_OFFICE_2_EAST PERIMETER,SURFACE 70,0.08,2.511,6.299,91.97,91.97,270.00,90.00,W
,SURFACE 59,STANDARD_INT-WALL,BLOCKS-3644_OFFICE_2_EAST PERIMETER,BLOCKS-3644_OFFICE_2_EAST PERIMETER,SURFACE 51,0.08,2.511,6.299,17.74,17.74,315.00,90.00,N
,SURFACE 55,INT-FLOOR-TOPSIDE,BLOCKS-3644_OFFICE_2_EAST PERIMETER,BLOCKS-3644_OFFICE_2_EAST PERIMETER,SURFACE 82,0.08,1.556,2.678,174.19,174.19,45.00,180.00,
,SURFACE 60,INT-FLOOR-UNDERSIDE,BLOCKS-3644_OFFICE_2_EAST PERIMETER,BLOCKS-3644_OFFICE_2_EAST PERIMETER,SURFACE 84,0.30,1.556,2.678,174.19,174.19,225.00,0.00,
,SURFACE 51,STANDARD_INT-WALL,BLOCKS-3644_OFFICE_2_NORTH PERIMETER,BLOCKS-3644_OFFICE_2_NORTH PERIMETER,SURFACE 59,0.08,2.511,6.299,17.74,17.74,135.00,90.00,S
,SURFACE 52,STANDARD_INT-WALL,BLOCKS-3644_OFFICE_2_NORTH PERIMETER,BLOCKS-3644_OFFICE_2_NORTH PERIMETER,SURFACE 69,0.08,2.511,6.299,41.81,41.81,180.00,90.00,S
,SURFACE 53,STANDARD_INT-WALL,BLOCKS-3644_OFFICE_2_NORTH PERIMETER,BLOCKS-3644_OFFICE_2_NORTH PERIMETER,SURFACE 45,0.08,2.511,6.299,17.74,17.74,225.00,90.00,W
,SURFACE 49,INT-FLOOR-TOPSIDE,BLOCKS-3644_OFFICE_2_NORTH PERIMETER,BLOCKS-3644_OFFICE_2_NORTH PERIMETER,SURFACE 77,0.08,1.556,2.678,90.58,90.58,0.00,180.00,
,SURFACE 54,INT-FLOOR-UNDERSIDE,BLOCKS-3644_OFFICE_2_NORTH PERIMETER,BLOCKS-3644_OFFICE_2_NORTH PERIMETER,SURFACE 78,0.30,1.556,2.678,90.58,90.58,0.00,0.00,
,SURFACE 63,STANDARD_INT-WALL,BLOCKS-3644_OFFICE_2_SOUTH PERIMETER,BLOCKS-3644_OFFICE_2_SOUTH PERIMETER,SURFACE 47,0.08,2.511,6.299,17.74,17.74,315.00,90.00,N
,SURFACE 64,STANDARD_INT-WALL,BLOCKS-3644_OFFICE_2_SOUTH PERIMETER,BLOCKS-3644_OFFICE_2_SOUTH PERIMETER,SURFACE 71,0.08,2.511,6.299,41.81,41.81,0.00,90.00,N
,SURFACE 65,STANDARD_INT-WALL,BLOCKS-3644_OFFICE_2_SOUTH PERIMETER,BLOCKS-3644_OFFICE_2_SOUTH PERIMETER,SURFACE 57,0.08,2.511,6.299,17.74,17.74,45.00,90.00,E
,SURFACE 61,INT-FLOOR-TOPSIDE,BLOCKS-3644_OFFICE_2_SOUTH PERIMETER,BLOCKS-3644_OFFICE_2_SOUTH PERIMETER,SURFACE 74,0.08,1.556,2.678,90.58,90.58,0.00,180.00,
,SURFACE 66,INT-FLOOR-UNDERSIDE,BLOCKS-3644_OFFICE_2_SOUTH PERIMETER,BLOCKS-3644_OFFICE_2_SOUTH PERIMETER,SURFACE 75,0.30,1.556,2.678,90.58,90.58,0.00,0.00,
,SURFACE 45,STANDARD_INT-WALL,BLOCKS-3644_OFFICE_2_WEST PERIMETER,BLOCKS-3644_OFFICE_2_WEST PERIMETER,SURFACE 53,0.08,2.511,6.299,17.74,17.74,45.00,90.00,E
,SURFACE 46,STANDARD_INT-WALL,BLOCKS-3644_OFFICE_2_WEST PERIMETER,BLOCKS-3644_OFFICE_2_WEST PERIMETER,SURFACE 68,0.08,2.511,6.299,91.97,91.97,90.00,90.00,E
,SURFACE 47,STANDARD_INT-WALL,BLOCKS-3644_OFFICE_2_WEST PERIMETER,BLOCKS-3644_OFFICE_2_WEST PERIMETER,SURFACE 63,0.08,2.511,6.299,17.74,17.74,135.00,90.00,S
,SURFACE 43,INT-FLOOR-TOPSIDE,BLOCKS-3644_OFFICE_2_WEST PERIMETER,BLOCKS-3644_OFFICE_2_WEST PERIMETER,SURFACE 6,0.08,1.556,2.678,174.19,174.19,270.00,180.00,
,SURFACE 48,INT-FLOOR-UNDERSIDE,BLOCKS-3644_OFFICE_2_WEST PERIMETER,BLOCKS-3644_OFFICE_2_WEST PERIMETER,SURFACE 37,0.30,1.556,2.678,174.19,174.19,90.00,0.00,
,SURFACE 116,STANDARD_INT-WALL,BLOCKS-3645_OFFICE_1_CORE,BLOCKS-3645_OFFICE_1_CORE,SURFACE 94,0.08,2.511,6.299,25.08,25.08,270.00,90.00,W
,SURFACE 117,STANDARD_INT-WALL,BLOCKS-3645_OFFICE_1_CORE,BLOCKS-3645_OFFICE_1_CORE,SURFACE 100,0.08,2.511,6.299,41.81,41.81,0.00,90.00,N
,SURFACE 118,STANDARD_INT-WALL,BLOCKS-3645_OFFICE_1_CORE,BLOCKS-3645_OFFICE_1_CORE,SURFACE 106,0.08,2.511,6.299,25.08,25.08,90.00,90.00,E
,SURFACE 119,STANDARD_INT-WALL,BLOCKS-3645_OFFICE_1_CORE,BLOCKS-3645_OFFICE_1_CORE,SURFACE 112,0.08,2.511,6.299,41.81,41.81,180.00,90.00,S
,SURFACE 115,INT-FLOOR-TOPSIDE,BLOCKS-3645_OFFICE_1_CORE,BLOCKS-3645_OFFICE_1_CORE,SURFACE 480,0.08,1.556,2.678,139.35,139.35,0.00,180.00,
,SURFACE 120,INT-FLOOR-UNDERSIDE,BLOCKS-3645_OFFICE_1_CORE,BLOCKS-3645_OFFICE_1_CORE,SURFACE 443,0.30,1.556,2.678,139.35,139.35,0.00,0.00,
,SURFACE 105,STANDARD_INT-WALL,BLOCKS-3645_OFFICE_1_EAST PERIMETER,BLOCKS-3645_OFFICE_1_EAST PERIMETER,SURFACE 113,0.08,2.511,6.299,17.74,17.74,225.00,90.00,W
,SURFACE 106,STANDARD_INT-WALL,BLOCKS-3645_OFFICE_1_EAST PERIMETER,BLOCKS-3645_OFFICE_1_EAST PERIMETER,SURFACE 118,0.08,2.511,6.299,25.08,25.08,270.00,90.00,W
,SURFACE 107,STANDARD_INT-WALL,BLOCKS-3645_OFFICE_1_EAST PERIMETER,BLOCKS-3645_OFFICE_1_EAST PERIMETER,SURFACE 99,0.08,2.511,6.299,17.74,17.74,315.00,90.00,N
,SURFACE 103,INT-FLOOR-TOPSIDE,BLOCKS-3645_OFFICE_1_EAST PERIMETER,BLOCKS-3645_OFFICE_1_EAST PERIMETER,SURFACE 481,0.08,1.556,2.678,62.71,62.71,45.00,180.00,
,SURFACE 108,INT-FLOOR-UNDERSIDE,BLOCKS-3645_OFFICE_1_EAST PERIMETER,BLOCKS-3645_OFFICE_1_EAST PERIMETER,SURFACE 445,0.30,1.556,2.678,62.71,62.71,225.00,0.00,
,SURFACE 100,STANDARD_INT-WALL,BLOCKS-3645_OFFICE_1_NORTH PERIMETER,BLOCKS-3645_OFFICE_1_NORTH PERIMETER,SURFACE 117,0.08,2.511,6.299,41.81,41.81,180.00,90.00,S
,SURFACE 101,STANDARD_INT-WALL,BLOCKS-3645_OFFICE_1_NORTH PERIMETER,BLOCKS-3645_OFFICE_1_NORTH PERIMETER,SURFACE 93,0.08,2.511,6.299,17.74,17.74,225.00,90.00,W
,SURFACE 99,STANDARD_INT-WALL,BLOCKS-3645_OFFICE_1_NORTH PERIMETER,BLOCKS-3645_OFFICE_1_NORTH PERIMETER,SURFACE 107,0.08,2.511,6.299,17.74,17.74,135.00,90.00,S
,SURFACE 97,INT-FLOOR-TOPSIDE,BLOCKS-3645_OFFICE_1_NORTH PERIMETER,BLOCKS-3645_OFFICE_1_NORTH PERIMETER,SURFACE 479,0.08,1.556,2.678,90.58,90.58,0.00,180.00,
,SURFACE 102,INT-FLOOR-UNDERSIDE,BLOCKS-3645_OFFICE_1_NORTH PERIMETER,BLOCKS-3645_OFFICE_1_NORTH PERIMETER,SURFACE 426,0.30,1.556,2.678,90.58,90.58,0.00,0.00,
,SURFACE 111,STANDARD_INT-WALL,BLOCKS-3645_OFFICE_1_SOUTH PERIMETER,BLOCKS-3645_OFFICE_1_SOUTH PERIMETER,SURFACE 95,0.08,2.511,6.299,17.74,17.74,315.00,90.00,N
,SURFACE 112,STANDARD_INT-WALL,BLOCKS-3645_OFFICE_1_SOUTH PERIMETER,BLOCKS-3645_OFFICE_1_SOUTH PERIMETER,SURFACE 119,0.08,2.511,6.299,41.81,41.81,0.00,90.00,N
,SURFACE 113,STANDARD_INT-WALL,BLOCKS-3645_OFFICE_1_SOUTH PERIMETER,BLOCKS-3645_OFFICE_1_SOUTH PERIMETER,SURFACE 105,0.08,2.511,6.299,17.74,17.74,45.00,90.00,E
,SURFACE 109,INT-FLOOR-TOPSIDE,BLOCKS-3645_OFFICE_1_SOUTH PERIMETER,BLOCKS-3645_OFFICE_1_SOUTH PERIMETER,SURFACE 477,0.08,1.556,2.678,90.58,90.58,0.00,180.00,
,SURFACE 114,INT-FLOOR-UNDERSIDE,BLOCKS-3645_OFFICE_1_SOUTH PERIMETER,BLOCKS-3645_OFFICE_1_SOUTH PERIMETER,SURFACE 409,0.30,1.556,2.678,90.58,90.58,0.00,0.00,
,SURFACE 93,STANDARD_INT-WALL,BLOCKS-3645_OFFICE_1_WEST PERIMETER,BLOCKS-3645_OFFICE_1_WEST PERIMETER,SURFACE 101,0.08,2.511,6.299,17.74,17.74,45.00,90.00,E
,SURFACE 94,STANDARD_INT-WALL,BLOCKS-3645_OFFICE_1_WEST PERIMETER,BLOCKS-3645_OFFICE_1_WEST PERIMETER,SURFACE 116,0.08,2.511,6.299,25.08,25.08,90.00,90.00,E
,SURFACE 95,STANDARD_INT-WALL,BLOCKS-3645_OFFICE_1_WEST PERIMETER,BLOCKS-3645_OFFICE_1_WEST PERIMETER,SURFACE 111,0.08,2.511,6.299,17.74,17.74,135.00,90.00,S
,SURFACE 91,INT-FLOOR-TOPSIDE,BLOCKS-3645_OFFICE_1_WEST PERIMETER,BLOCKS-3645_OFFICE_1_WEST PERIMETER,SURFACE 42,0.08,1.556,2.678,62.71,62.71,270.00,180.00,
,SURFACE 96,INT-FLOOR-UNDERSIDE,BLOCKS-3645_OFFICE_1_WEST PERIMETER,BLOCKS-3645_OFFICE_1_WEST PERIMETER,SURFACE 85,0.30,1.556,2.678,62.71,62.71,90.00,0.00,
,SURFACE 152,STANDARD_INT-WALL,BLOCKS-3645_OFFICE_2_CORE,BLOCKS-3645_OFFICE_2_CORE,SURFACE 130,0.08,2.511,6.299,25.08,25.08,270.00,90.00,W
,SURFACE 153,STANDARD_INT-WALL,BLOCKS-3645_OFFICE_2_CORE,BLOCKS-3645_OFFICE_2_CORE,SURFACE 136,0.08,2.511,6.299,41.81,41.81,0.00,90.00,N
,SURFACE 154,STANDARD_INT-WALL,BLOCKS-3645_OFFICE_2_CORE,BLOCKS-3645_OFFICE_2_CORE,SURFACE 142,0.08,2.511,6.299,25.08,25.08,90.00,90.00,E
,SURFACE 155,STANDARD_INT-WALL,BLOCKS-3645_OFFICE_2_CORE,BLOCKS-3645_OFFICE_2_CORE,SURFACE 148,0.08,2.511,6.299,41.81,41.81,180.00,90.00,S
,SURFACE 151,INT-FLOOR-TOPSIDE,BLOCKS-3645_OFFICE_2_CORE,BLOCKS-3645_OFFICE_2_CORE,SURFACE 444,0.08,1.556,2.678,139.35,139.35,0.00,180.00,
,SURFACE 156,INT-FLOOR-UNDERSIDE,BLOCKS-3645_OFFICE_2_CORE,BLOCKS-3645_OFFICE_2_CORE,SURFACE 447,0.30,1.556,2.678,139.35,139.35,0.00,0.00,
,SURFACE 141,STANDARD_INT-WALL,BLOCKS-3645_OFFICE_2_EAST PERIMETER,BLOCKS-3645_OFFICE_2_EAST PERIMETER,SURFACE 149,0.08,2.511,6.299,17.74,17.74,225.00,90.00,W
,SURFACE 142,STANDARD_INT-WALL,BLOCKS-3645_OFFICE_2_EAST PERIMETER,BLOCKS-3645_OFFICE_2_EAST PERIMETER,SURFACE 154,0.08,2.511,6.299,25.08,25.08,270.00,90.00,W
,SURFACE 143,STANDARD_INT-WALL,BLOCKS-3645_OFFICE_2_EAST PERIMETER,BLOCKS-3645_OFFICE_2_EAST PERIMETER,SURFACE 135,0.08,2.511,6.299,17.74,17.74,315.00,90.00,N
,SURFACE 139,INT-FLOOR-TOPSIDE,BLOCKS-3645_OFFICE_2_EAST PERIMETER,BLOCKS-3645_OFFICE_2_EAST PERIMETER,SURFACE 446,0.08,1.556,2.678,62.71,62.71,45.00,180.00,
,SURFACE 144,INT-FLOOR-UNDERSIDE,BLOCKS-3645_OFFICE_2_EAST PERIMETER,BLOCKS-3645_OFFICE_2_EAST PERIMETER,SURFACE 449,0.30,1.556,2.678,62.71,62.71,225.00,0.00,
,SURFACE 135,STANDARD_INT-WALL,BLOCKS-3645_OFFICE_2_NORTH PERIMETER,BLOCKS-3645_OFFICE_2_NORTH PERIMETER,SURFACE 143,0.08,2.511,6.299,17.74,17.74,135.00,90.00,S
,SURFACE 136,STANDARD_INT-WALL,BLOCKS-3645_OFFICE_2_NORTH PERIMETER,BLOCKS-3645_OFFICE_2_NORTH PERIMETER,SURFACE 153,0.08,2.511,6.299,41.81,41.81,180.00,90.00,S
,SURFACE 137,STANDARD_INT-WALL,BLOCKS-3645_OFFICE_2_NORTH PERIMETER,BLOCKS-3645_OFFICE_2_NORTH PERIMETER,SURFACE 129,0.08,2.511,6.299,17.74,17.74,225.00,90.00,W
,SURFACE 133,INT-FLOOR-TOPSIDE,BLOCKS-3645_OFFICE_2_NORTH PERIMETER,BLOCKS-3645_OFFICE_2_NORTH PERIMETER,SURFACE 427,0.08,1.556,2.678,90.58,90.58,0.00,180.00,
,SURFACE 138,INT-FLOOR-UNDERSIDE,BLOCKS-3645_OFFICE_2_NORTH PERIMETER,BLOCKS-3645_OFFICE_2_NORTH PERIMETER,SURFACE 428,0.30,1.556,2.678,90.58,90.58,0.00,0.00,
,SURFACE 147,STANDARD_INT-WALL,BLOCKS-3645_OFFICE_2_SOUTH PERIMETER,BLOCKS-3645_OFFICE_2_SOUTH PERIMETER,SURFACE 131,0.08,2.511,6.299,17.74,17.74,315.00,90.00,N
,SURFACE 148,STANDARD_INT-WALL,BLOCKS-3645_OFFICE_2_SOUTH PERIMETER,BLOCKS-3645_OFFICE_2_SOUTH PERIMETER,SURFACE 155,0.08,2.511,6.299,41.81,41.81,0.00,90.00,N
,SURFACE 149,STANDARD_INT-WALL,BLOCKS-3645_OFFICE_2_SOUTH PERIMETER,BLOCKS-3645_OFFICE_2_SOUTH PERIMETER,SURFACE 141,0.08,2.511,6.299,17.74,17.74,45.00,90.00,E
,SURFACE 145,INT-FLOOR-TOPSIDE,BLOCKS-3645_OFFICE_2_SOUTH PERIMETER,BLOCKS-3645_OFFICE_2_SOUTH PERIMETER,SURFACE 410,0.08,1.556,2.678,90.58,90.58,0.00,180.00,
,SURFACE 150,INT-FLOOR-UNDERSIDE,BLOCKS-3645_OFFICE_2_SOUTH PERIMETER,BLOCKS-3645_OFFICE_2_SOUTH PERIMETER,SURFACE 411,0.30,1.556,2.678,90.58,90.58,0.00,0.00,
,SURFACE 129,STANDARD_INT-WALL,BLOCKS-3645_OFFICE_2_WEST PERIMETER,BLOCKS-3645_OFFICE_2_WEST PERIMETER,SURFACE 137,0.08,2.511,6.299,17.74,17.74,45.00,90.00,E
,SURFACE 130,STANDARD_INT-WALL,BLOCKS-3645_OFFICE_2_WEST PERIMETER,BLOCKS-3645_OFFICE_2_WEST PERIMETER,SURFACE 152,0.08,2.511,6.299,25.08,25.08,90.00,90.00,E
,SURFACE 131,STANDARD_INT-WALL,BLOCKS-3645_OFFICE_2_WEST PERIMETER,BLOCKS-3645_OFFICE_2_WEST PERIMETER,SURFACE 147,0.08,2.511,6.299,17.74,17.74,135.00,90.00,S
,SURFACE 127,INT-FLOOR-TOPSIDE,BLOCKS-3645_OFFICE_2_WEST PERIMETER,BLOCKS-3645_OFFICE_2_WEST PERIMETER,SURFACE 90,0.08,1.556,2.678,62.71,62.71,270.00,180.00,
,SURFACE 132,INT-FLOOR-UNDERSIDE,BLOCKS-3645_OFFICE_2_WEST PERIMETER,BLOCKS-3645_OFFICE_2_WEST PERIMETER,SURFACE 121,0.30,1.556,2.678,62.71,62.71,90.00,0.00,
,SURFACE 188,STANDARD_INT-WALL,BLOCKS-3645_OFFICE_3_CORE,BLOCKS-3645_OFFICE_3_CORE,SURFACE 166,0.08,2.511,6.299,25.08,25.08,270.00,90.00,W
,SURFACE 189,STANDARD_INT-WALL,BLOCKS-3645_OFFICE_3_CORE,BLOCKS-3645_OFFICE_3_CORE,SURFACE 172,0.08,2.511,6.299,41.81,41.81,0.00,90.00,N
,SURFACE 190,STANDARD_INT-WALL,BLOCKS-3645_OFFICE_3_CORE,BLOCKS-3645_OFFICE_3_CORE,SURFACE 178,0.08,2.511,6.299,25.08,25.08,90.00,90.00,E
,SURFACE 191,STANDARD_INT-WALL,BLOCKS-3645_OFFICE_3_CORE,BLOCKS-3645_OFFICE_3_CORE,SURFACE 184,0.08,2.511,6.299,41.81,41.81,180.00,90.00,S
,SURFACE 187,INT-FLOOR-TOPSIDE,BLOCKS-3645_OFFICE_3_CORE,BLOCKS-3645_OFFICE_3_CORE,SURFACE 448,0.08,1.556,2.678,139.35,139.35,0.00,180.00,
,SURFACE 192,INT-FLOOR-UNDERSIDE,BLOCKS-3645_OFFICE_3_CORE,BLOCKS-3645_OFFICE_3_CORE,SURFACE 451,0.30,1.556,2.678,139.35,139.35,0.00,0.00,
,SURFACE 177,STANDARD_INT-WALL,BLOCKS-3645_OFFICE_3_EAST PERIMETER,BLOCKS-3645_OFFICE_3_EAST PERIMETER,SURFACE 185,0.08,2.511,6.299,17.74,17.74,225.00,90.00,W
,SURFACE 178,STANDARD_INT-WALL,BLOCKS-3645_OFFICE_3_EAST PERIMETER,BLOCKS-3645_OFFICE_3_EAST PERIMETER,SURFACE 190,0.08,2.511,6.299,25.08,25.08,270.00,90.00,W
,SURFACE 179,STANDARD_INT-WALL,BLOCKS-3645_OFFICE_3_EAST PERIMETER,BLOCKS-3645_OFFICE_3_EAST PERIMETER,SURFACE 171,0.08,2.511,6.299,17.74,17.74,315.00,90.00,N
,SURFACE 175,INT-FLOOR-TOPSIDE,BLOCKS-3645_OFFICE_3_EAST PERIMETER,BLOCKS-3645_OFFICE_3_EAST PERIMETER,SURFACE 450,0.08,1.556,2.678,62.71,62.71,45.00,180.00,
,SURFACE 180,INT-FLOOR-UNDERSIDE,BLOCKS-3645_OFFICE_3_EAST PERIMETER,BLOCKS-3645_OFFICE_3_EAST PERIMETER,SURFACE 453,0.30,1.556,2.678,62.71,62.71,225.00,0.00,
,SURFACE 171,STANDARD_INT-WALL,BLOCKS-3645_OFFICE_3_NORTH PERIMETER,BLOCKS-3645_OFFICE_3_NORTH PERIMETER,SURFACE 179,0.08,2.511,6.299,17.74,17.74,135.00,90.00,S
,SURFACE 172,STANDARD_INT-WALL,BLOCKS-3645_OFFICE_3_NORTH PERIMETER,BLOCKS-3645_OFFICE_3_NORTH PERIMETER,SURFACE 189,0.08,2.511,6.299,41.81,41.81,180.00,90.00,S
,SURFACE 173,STANDARD_INT-WALL,BLOCKS-3645_OFFICE_3_NORTH PERIMETER,BLOCKS-3645_OFFICE_3_NORTH PERIMETER,SURFACE 165,0.08,2.511,6.299,17.74,17.74,225.00,90.00,W
,SURFACE 169,INT-FLOOR-TOPSIDE,BLOCKS-3645_OFFICE_3_NORTH PERIMETER,BLOCKS-3645_OFFICE_3_NORTH PERIMETER,SURFACE 429,0.08,1.556,2.678,90.58,90.58,0.00,180.00,
,SURFACE 174,INT-FLOOR-UNDERSIDE,BLOCKS-3645_OFFICE_3_NORTH PERIMETER,BLOCKS-3645_OFFICE_3_NORTH PERIMETER,SURFACE 430,0.30,1.556,2.678,90.58,90.58,0.00,0.00,
,SURFACE 183,STANDARD_INT-WALL,BLOCKS-3645_OFFICE_3_SOUTH PERIMETER,BLOCKS-3645_OFFICE_3_SOUTH PERIMETER,SURFACE 167,0.08,2.511,6.299,17.74,17.74,315.00,90.00,N
,SURFACE 184,STANDARD_INT-WALL,BLOCKS-3645_OFFICE_3_SOUTH PERIMETER,BLOCKS-3645_OFFICE_3_SOUTH PERIMETER,SURFACE 191,0.08,2.511,6.299,41.81,41.81,0.00,90.00,N
,SURFACE 185,STANDARD_INT-WALL,BLOCKS-3645_OFFICE_3_SOUTH PERIMETER,BLOCKS-3645_OFFICE_3_SOUTH PERIMETER,SURFACE 177,0.08,2.511,6.299,17.74,17.74,45.00,90.00,E
,SURFACE 181,INT-FLOOR-TOPSIDE,BLOCKS-3645_OFFICE_3_SOUTH PERIMETER,BLOCKS-3645_OFFICE_3_SOUTH PERIMETER,SURFACE 412,0.08,1.556,2.678,90.58,90.58,0.00,180.00,
,SURFACE 186,INT-FLOOR-UNDERSIDE,BLOCKS-3645_OFFICE_3_SOUTH PERIMETER,BLOCKS-3645_OFFICE_3_SOUTH PERIMETER,SURFACE 413,0.30,1.556,2.678,90.58,90.58,0.00,0.00,
,SURFACE 165,STANDARD_INT-WALL,BLOCKS-3645_OFFICE_3_WEST PERIMETER,BLOCKS-3645_OFFICE_3_WEST PERIMETER,SURFACE 173,0.08,2.511,6.299,17.74,17.74,45.00,90.00,E
,SURFACE 166,STANDARD_INT-WALL,BLOCKS-3645_OFFICE_3_WEST PERIMETER,BLOCKS-3645_OFFICE_3_WEST PERIMETER,SURFACE 188,0.08,2.511,6.299,25.08,25.08,90.00,90.00,E
,SURFACE 167,STANDARD_INT-WALL,BLOCKS-3645_OFFICE_3_WEST PERIMETER,BLOCKS-3645_OFFICE_3_WEST PERIMETER,SURFACE 183,0.08,2.511,6.299,17.74,17.74,135.00,90.00,S
,SURFACE 163,INT-FLOOR-TOPSIDE,BLOCKS-3645_OFFICE_3_WEST PERIMETER,BLOCKS-3645_OFFICE_3_WEST PERIMETER,SURFACE 126,0.08,1.556,2.678,62.71,62.71,270.00,180.00,
,SURFACE 168,INT-FLOOR-UNDERSIDE,BLOCKS-3645_OFFICE_3_WEST PERIMETER,BLOCKS-3645_OFFICE_3_WEST PERIMETER,SURFACE 157,0.30,1.556,2.678,62.71,62.71,90.00,0.00,
,SURFACE 224,STANDARD_INT-WALL,BLOCKS-3645_OFFICE_4_CORE,BLOCKS-3645_OFFICE_4_CORE,SURFACE 202,0.08,2.511,6.299,25.08,25.08,270.00,90.00,W
,SURFACE 225,STANDARD_INT-WALL,BLOCKS-3645_OFFICE_4_CORE,BLOCKS-3645_OFFICE_4_CORE,SURFACE 208,0.08,2.511,6.299,41.81,41.81,0.00,90.00,N
,SURFACE 226,STANDARD_INT-WALL,BLOCKS-3645_OFFICE_4_CORE,BLOCKS-3645_OFFICE_4_CORE,SURFACE 214,0.08,2.511,6.299,25.08,25.08,90.00,90.00,E
,SURFACE 227,STANDARD_INT-WALL,BLOCKS-3645_OFFICE_4_CORE,BLOCKS-3645_OFFICE_4_CORE,SURFACE 220,0.08,2.511,6.299,41.81,41.81,180.00,90.00,S
,SURFACE 223,INT-FLOOR-TOPSIDE,BLOCKS-3645_OFFICE_4_CORE,BLOCKS-3645_OFFICE_4_CORE,SURFACE 452,0.08,1.556,2.678,139.35,139.35,0.00,180.00,
,SURFACE 228,INT-FLOOR-UNDERSIDE,BLOCKS-3645_OFFICE_4_CORE,BLOCKS-3645_OFFICE_4_CORE,SURFACE 455,0.30,1.556,2.678,139.35,139.35,0.00,0.00,
,SURFACE 213,STANDARD_INT-WALL,BLOCKS-3645_OFFICE_4_EAST PERIMETER,BLOCKS-3645_OFFICE_4_EAST PERIMETER,SURFACE 221,0.08,2.511,6.299,17.74,17.74,225.00,90.00,W
,SURFACE 214,STANDARD_INT-WALL,BLOCKS-3645_OFFICE_4_EAST PERIMETER,BLOCKS-3645_OFFICE_4_EAST PERIMETER,SURFACE 226,0.08,2.511,6.299,25.08,25.08,270.00,90.00,W
,SURFACE 215,STANDARD_INT-WALL,BLOCKS-3645_OFFICE_4_EAST PERIMETER,BLOCKS-3645_OFFICE_4_EAST PERIMETER,SURFACE 207,0.08,2.511,6.299,17.74,17.74,315.00,90.00,N
,SURFACE 211,INT-FLOOR-TOPSIDE,BLOCKS-3645_OFFICE_4_EAST PERIMETER,BLOCKS-3645_OFFICE_4_EAST PERIMETER,SURFACE 454,0.08,1.556,2.678,62.71,62.71,45.00,180.00,
,SURFACE 216,INT-FLOOR-UNDERSIDE,BLOCKS-3645_OFFICE_4_EAST PERIMETER,BLOCKS-3645_OFFICE_4_EAST PERIMETER,SURFACE 457,0.30,1.556,2.678,62.71,62.71,225.00,0.00,
,SURFACE 207,STANDARD_INT-WALL,BLOCKS-3645_OFFICE_4_NORTH PERIMETER,BLOCKS-3645_OFFICE_4_NORTH PERIMETER,SURFACE 215,0.08,2.511,6.299,17.74,17.74,135.00,90.00,S
,SURFACE 208,STANDARD_INT-WALL,BLOCKS-3645_OFFICE_4_NORTH PERIMETER,BLOCKS-3645_OFFICE_4_NORTH PERIMETER,SURFACE 225,0.08,2.511,6.299,41.81,41.81,180.00,90.00,S
,SURFACE 209,STANDARD_INT-WALL,BLOCKS-3645_OFFICE_4_NORTH PERIMETER,BLOCKS-3645_OFFICE_4_NORTH PERIMETER,SURFACE 201,0.08,2.511,6.299,17.74,17.74,225.00,90.00,W
,SURFACE 205,INT-FLOOR-TOPSIDE,BLOCKS-3645_OFFICE_4_NORTH PERIMETER,BLOCKS-3645_OFFICE_4_NORTH PERIMETER,SURFACE 431,0.08,1.556,2.678,90.58,90.58,0.00,180.00,
,SURFACE 210,INT-FLOOR-UNDERSIDE,BLOCKS-3645_OFFICE_4_NORTH PERIMETER,BLOCKS-3645_OFFICE_4_NORTH PERIMETER,SURFACE 432,0.30,1.556,2.678,90.58,90.58,0.00,0.00,
,SURFACE 219,STANDARD_INT-WALL,BLOCKS-3645_OFFICE_4_SOUTH PERIMETER,BLOCKS-3645_OFFICE_4_SOUTH PERIMETER,SURFACE 203,0.08,2.511,6.299,17.74,17.74,315.00,90.00,N
,SURFACE 220,STANDARD_INT-WALL,BLOCKS-3645_OFFICE_4_SOUTH PERIMETER,BLOCKS-3645_OFFICE_4_SOUTH PERIMETER,SURFACE 227,0.08,2.511,6.299,41.81,41.81,0.00,90.00,N
,SURFACE 221,STANDARD_INT-WALL,BLOCKS-3645_OFFICE_4_SOUTH PERIMETER,BLOCKS-3645_OFFICE_4_SOUTH PERIMETER,SURFACE 213,0.08,2.511,6.299,17.74,17.74,45.00,90.00,E
,SURFACE 217,INT-FLOOR-TOPSIDE,BLOCKS-3645_OFFICE_4_SOUTH PERIMETER,BLOCKS-3645_OFFICE_4_SOUTH PERIMETER,SURFACE 414,0.08,1.556,2.678,90.58,90.58,0.00,180.00,
,SURFACE 222,INT-FLOOR-UNDERSIDE,BLOCKS-3645_OFFICE_4_SOUTH PERIMETER,BLOCKS-3645_OFFICE_4_SOUTH PERIMETER,SURFACE 415,0.30,1.556,2.678,90.58,90.58,0.00,0.00,
,SURFACE 201,STANDARD_INT-WALL,BLOCKS-3645_OFFICE_4_WEST PERIMETER,BLOCKS-3645_OFFICE_4_WEST PERIMETER,SURFACE 209,0.08,2.511,6.299,17.74,17.74,45.00,90.00,E
,SURFACE 202,STANDARD_INT-WALL,BLOCKS-3645_OFFICE_4_WEST PERIMETER,BLOCKS-3645_OFFICE_4_WEST PERIMETER,SURFACE 224,0.08,2.511,6.299,25.08,25.08,90.00,90.00,E
,SURFACE 203,STANDARD_INT-WALL,BLOCKS-3645_OFFICE_4_WEST PERIMETER,BLOCKS-3645_OFFICE_4_WEST PERIMETER,SURFACE 219,0.08,2.511,6.299,17.74,17.74,135.00,90.00,S
,SURFACE 199,INT-FLOOR-TOPSIDE,BLOCKS-3645_OFFICE_4_WEST PERIMETER,BLOCKS-3645_OFFICE_4_WEST PERIMETER,SURFACE 162,0.08,1.556,2.678,62.71,62.71,270.00,180.00,
,SURFACE 204,INT-FLOOR-UNDERSIDE,BLOCKS-3645_OFFICE_4_WEST PERIMETER,BLOCKS-3645_OFFICE_4_WEST PERIMETER,SURFACE 193,0.30,1.556,2.678,62.71,62.71,90.00,0.00,
,SURFACE 260,STANDARD_INT-WALL,BLOCKS-3645_OFFICE_5_CORE,BLOCKS-3645_OFFICE_5_CORE,SURFACE 238,0.08,2.511,6.299,25.08,25.08,270.00,90.00,W
,SURFACE 261,STANDARD_INT-WALL,BLOCKS-3645_OFFICE_5_CORE,BLOCKS-3645_OFFICE_5_CORE,SURFACE 244,0.08,2.511,6.299,41.81,41.81,0.00,90.00,N
,SURFACE 262,STANDARD_INT-WALL,BLOCKS-3645_OFFICE_5_CORE,BLOCKS-3645_OFFICE_5_CORE,SURFACE 250,0.08,2.511,6.299,25.08,25.08,90.00,90.00,E
,SURFACE 263,STANDARD_INT-WALL,BLOCKS-3645_OFFICE_5_CORE,BLOCKS-3645_OFFICE_5_CORE,SURFACE 256,0.08,2.511,6.299,41.81,41.81,180.00,90.00,S
,SURFACE 259,INT-FLOOR-TOPSIDE,BLOCKS-3645_OFFICE_5_CORE,BLOCKS-3645_OFFICE_5_CORE,SURFACE 456,0.08,1.556,2.678,139.35,139.35,0.00,180.00,
,SURFACE 264,INT-FLOOR-UNDERSIDE,BLOCKS-3645_OFFICE_5_CORE,BLOCKS-3645_OFFICE_5_CORE,SURFACE 459,0.30,1.556,2.678,139.35,139.35,0.00,0.00,
,SURFACE 249,STANDARD_INT-WALL,BLOCKS-3645_OFFICE_5_EAST PERIMETER,BLOCKS-3645_OFFICE_5_EAST PERIMETER,SURFACE 257,0.08,2.511,6.299,17.74,17.74,225.00,90.00,W
,SURFACE 250,STANDARD_INT-WALL,BLOCKS-3645_OFFICE_5_EAST PERIMETER,BLOCKS-3645_OFFICE_5_EAST PERIMETER,SURFACE 262,0.08,2.511,6.299,25.08,25.08,270.00,90.00,W
,SURFACE 251,STANDARD_INT-WALL,BLOCKS-3645_OFFICE_5_EAST PERIMETER,BLOCKS-3645_OFFICE_5_EAST PERIMETER,SURFACE 243,0.08,2.511,6.299,17.74,17.74,315.00,90.00,N
,SURFACE 247,INT-FLOOR-TOPSIDE,BLOCKS-3645_OFFICE_5_EAST PERIMETER,BLOCKS-3645_OFFICE_5_EAST PERIMETER,SURFACE 458,0.08,1.556,2.678,62.71,62.71,45.00,180.00,
,SURFACE 252,INT-FLOOR-UNDERSIDE,BLOCKS-3645_OFFICE_5_EAST PERIMETER,BLOCKS-3645_OFFICE_5_EAST PERIMETER,SURFACE 461,0.30,1.556,2.678,62.71,62.71,225.00,0.00,
,SURFACE 243,STANDARD_INT-WALL,BLOCKS-3645_OFFICE_5_NORTH PERIMETER,BLOCKS-3645_OFFICE_5_NORTH PERIMETER,SURFACE 251,0.08,2.511,6.299,17.74,17.74,135.00,90.00,S
,SURFACE 244,STANDARD_INT-WALL,BLOCKS-3645_OFFICE_5_NORTH PERIMETER,BLOCKS-3645_OFFICE_5_NORTH PERIMETER,SURFACE 261,0.08,2.511,6.299,41.81,41.81,180.00,90.00,S
,SURFACE 245,STANDARD_INT-WALL,BLOCKS-3645_OFFICE_5_NORTH PERIMETER,BLOCKS-3645_OFFICE_5_NORTH PERIMETER,SURFACE 237,0.08,2.511,6.299,17.74,17.74,225.00,90.00,W
,SURFACE 241,INT-FLOOR-TOPSIDE,BLOCKS-3645_OFFICE_5_NORTH PERIMETER,BLOCKS-3645_OFFICE_5_NORTH PERIMETER,SURFACE 433,0.08,1.556,2.678,90.58,90.58,0.00,180.00,
,SURFACE 246,INT-FLOOR-UNDERSIDE,BLOCKS-3645_OFFICE_5_NORTH PERIMETER,BLOCKS-3645_OFFICE_5_NORTH PERIMETER,SURFACE 434,0.30,1.556,2.678,90.58,90.58,0.00,0.00,
,SURFACE 255,STANDARD_INT-WALL,BLOCKS-3645_OFFICE_5_SOUTH PERIMETER,BLOCKS-3645_OFFICE_5_SOUTH PERIMETER,SURFACE 239,0.08,2.511,6.299,17.74,17.74,315.00,90.00,N
,SURFACE 256,STANDARD_INT-WALL,BLOCKS-3645_OFFICE_5_SOUTH PERIMETER,BLOCKS-3645_OFFICE_5_SOUTH PERIMETER,SURFACE 263,0.08,2.511,6.299,41.81,41.81,0.00,90.00,N
,SURFACE 257,STANDARD_INT-WALL,BLOCKS-3645_OFFICE_5_SOUTH PERIMETER,BLOCKS-3645_OFFICE_5_SOUTH PERIMETER,SURFACE 249,0.08,2.511,6.299,17.74,17.74,45.00,90.00,E
,SURFACE 253,INT-FLOOR-TOPSIDE,BLOCKS-3645_OFFICE_5_SOUTH PERIMETER,BLOCKS-3645_OFFICE_5_SOUTH PERIMETER,SURFACE 416,0.08,1.556,2.678,90.58,90.58,0.00,180.00,
,SURFACE 258,INT-FLOOR-UNDERSIDE,BLOCKS-3645_OFFICE_5_SOUTH PERIMETER,BLOCKS-3645_OFFICE_5_SOUTH PERIMETER,SURFACE 417,0.30,1.556,2.678,90.58,90.58,0.00,0.00,
,SURFACE 237,STANDARD_INT-WALL,BLOCKS-3645_OFFICE_5_WEST PERIMETER,BLOCKS-3645_OFFICE_5_WEST PERIMETER,SURFACE 245,0.08,2.511,6.299,17.74,17.74,45.00,90.00,E
,SURFACE 238,STANDARD_INT-WALL,BLOCKS-3645_OFFICE_5_WEST PERIMETER,BLOCKS-3645_OFFICE_5_WEST PERIMETER,SURFACE 260,0.08,2.511,6.299,25.08,25.08,90.00,90.00,E
,SURFACE 239,STANDARD_INT-WALL,BLOCKS-3645_OFFICE_5_WEST PERIMETER,BLOCKS-3645_OFFICE_5_WEST PERIMETER,SURFACE 255,0.08,2.511,6.299,17.74,17.74,135.00,90.00,S
,SURFACE 235,INT-FLOOR-TOPSIDE,BLOCKS-3645_OFFICE_5_WEST PERIMETER,BLOCKS-3645_OFFICE_5_WEST PERIMETER,SURFACE 198,0.08,1.556,2.678,62.71,62.71,270.00,180.00,
,SURFACE 240,INT-FLOOR-UNDERSIDE,BLOCKS-3645_OFFICE_5_WEST PERIMETER,BLOCKS-3645_OFFICE_5_WEST PERIMETER,SURFACE 229,0.30,1.556,2.678,62.71,62.71,90.00,0.00,
,SURFACE 296,STANDARD_INT-WALL,BLOCKS-3645_OFFICE_6_CORE,BLOCKS-3645_OFFICE_6_CORE,SURFACE 274,0.08,2.511,6.299,25.08,25.08,270.00,90.00,W
,SURFACE 297,STANDARD_INT-WALL,BLOCKS-3645_OFFICE_6_CORE,BLOCKS-3645_OFFICE_6_CORE,SURFACE 280,0.08,2.511,6.299,41.81,41.81,0.00,90.00,N
,SURFACE 298,STANDARD_INT-WALL,BLOCKS-3645_OFFICE_6_CORE,BLOCKS-3645_OFFICE_6_CORE,SURFACE 286,0.08,2.511,6.299,25.08,25.08,90.00,90.00,E
,SURFACE 299,STANDARD_INT-WALL,BLOCKS-3645_OFFICE_6_CORE,BLOCKS-3645_OFFICE_6_CORE,SURFACE 292,0.08,2.511,6.299,41.81,41.81,180.00,90.00,S
,SURFACE 295,INT-FLOOR-TOPSIDE,BLOCKS-3645_OFFICE_6_CORE,BLOCKS-3645_OFFICE_6_CORE,SURFACE 460,0.08,1.556,2.678,139.35,139.35,0.00,180.00,
,SURFACE 300,INT-FLOOR-UNDERSIDE,BLOCKS-3645_OFFICE_6_CORE,BLOCKS-3645_OFFICE_6_CORE,SURFACE 463,0.30,1.556,2.678,139.35,139.35,0.00,0.00,
,SURFACE 285,STANDARD_INT-WALL,BLOCKS-3645_OFFICE_6_EAST PERIMETER,BLOCKS-3645_OFFICE_6_EAST PERIMETER,SURFACE 293,0.08,2.511,6.299,17.74,17.74,225.00,90.00,W
,SURFACE 286,STANDARD_INT-WALL,BLOCKS-3645_OFFICE_6_EAST PERIMETER,BLOCKS-3645_OFFICE_6_EAST PERIMETER,SURFACE 298,0.08,2.511,6.299,25.08,25.08,270.00,90.00,W
,SURFACE 287,STANDARD_INT-WALL,BLOCKS-3645_OFFICE_6_EAST PERIMETER,BLOCKS-3645_OFFICE_6_EAST PERIMETER,SURFACE 279,0.08,2.511,6.299,17.74,17.74,315.00,90.00,N
,SURFACE 283,INT-FLOOR-TOPSIDE,BLOCKS-3645_OFFICE_6_EAST PERIMETER,BLOCKS-3645_OFFICE_6_EAST PERIMETER,SURFACE 462,0.08,1.556,2.678,62.71,62.71,45.00,180.00,
,SURFACE 288,INT-FLOOR-UNDERSIDE,BLOCKS-3645_OFFICE_6_EAST PERIMETER,BLOCKS-3645_OFFICE_6_EAST PERIMETER,SURFACE 465,0.30,1.556,2.678,62.71,62.71,225.00,0.00,
,SURFACE 279,STANDARD_INT-WALL,BLOCKS-3645_OFFICE_6_NORTH PERIMETER,BLOCKS-3645_OFFICE_6_NORTH PERIMETER,SURFACE 287,0.08,2.511,6.299,17.74,17.74,135.00,90.00,S
,SURFACE 280,STANDARD_INT-WALL,BLOCKS-3645_OFFICE_6_NORTH PERIMETER,BLOCKS-3645_OFFICE_6_NORTH PERIMETER,SURFACE 297,0.08,2.511,6.299,41.81,41.81,180.00,90.00,S
,SURFACE 281,STANDARD_INT-WALL,BLOCKS-3645_OFFICE_6_NORTH PERIMETER,BLOCKS-3645_OFFICE_6_NORTH PERIMETER,SURFACE 273,0.08,2.511,6.299,17.74,17.74,225.00,90.00,W
,SURFACE 277,INT-FLOOR-TOPSIDE,BLOCKS-3645_OFFICE_6_NORTH PERIMETER,BLOCKS-3645_OFFICE_6_NORTH PERIMETER,SURFACE 435,0.08,1.556,2.678,90.58,90.58,0.00,180.00,
,SURFACE 282,INT-FLOOR-UNDERSIDE,BLOCKS-3645_OFFICE_6_NORTH PERIMETER,BLOCKS-3645_OFFICE_6_NORTH PERIMETER,SURFACE 436,0.30,1.556,2.678,90.58,90.58,0.00,0.00,
,SURFACE 291,STANDARD_INT-WALL,BLOCKS-3645_OFFICE_6_SOUTH PERIMETER,BLOCKS-3645_OFFICE_6_SOUTH PERIMETER,SURFACE 275,0.08,2.511,6.299,17.74,17.74,315.00,90.00,N
,SURFACE 292,STANDARD_INT-WALL,BLOCKS-3645_OFFICE_6_SOUTH PERIMETER,BLOCKS-3645_OFFICE_6_SOUTH PERIMETER,SURFACE 299,0.08,2.511,6.299,41.81,41.81,0.00,90.00,N
,SURFACE 293,STANDARD_INT-WALL,BLOCKS-3645_OFFICE_6_SOUTH PERIMETER,BLOCKS-3645_OFFICE_6_SOUTH PERIMETER,SURFACE 285,0.08,2.511,6.299,17.74,17.74,45.00,90.00,E
,SURFACE 289,INT-FLOOR-TOPSIDE,BLOCKS-3645_OFFICE_6_SOUTH PERIMETER,BLOCKS-3645_OFFICE_6_SOUTH PERIMETER,SURFACE 418,0.08,1.556,2.678,90.58,90.58,0.00,180.00,
,SURFACE 294,INT-FLOOR-UNDERSIDE,BLOCKS-3645_OFFICE_6_SOUTH PERIMETER,BLOCKS-3645_OFFICE_6_SOUTH PERIMETER,SURFACE 419,0.30,1.556,2.678,90.58,90.58,0.00,0.00,
,SURFACE 273,STANDARD_INT-WALL,BLOCKS-3645_OFFICE_6_WEST PERIMETER,BLOCKS-3645_OFFICE_6_WEST PERIMETER,SURFACE 281,0.08,2.511,6.299,17.74,17.74,45.00,90.00,E
,SURFACE 274,STANDARD_INT-WALL,BLOCKS-3645_OFFICE_6_WEST PERIMETER,BLOCKS-3645_OFFICE_6_WEST PERIMETER,SURFACE 296,0.08,2.511,6.299,25.08,25.08,90.00,90.00,E
,SURFACE 275,STANDARD_INT-WALL,BLOCKS-3645_OFFICE_6_WEST PERIMETER,BLOCKS-3645_OFFICE_6_WEST PERIMETER,SURFACE 291,0.08,2.511,6.299,17.74,17.74,135.00,90.00,S
,SURFACE 271,INT-FLOOR-TOPSIDE,BLOCKS-3645_OFFICE_6_WEST PERIMETER,BLOCKS-3645_OFFICE_6_WEST PERIMETER,SURFACE 234,0.08,1.556,2.678,62.71,62.71,270.00,180.00,
,SURFACE 276,INT-FLOOR-UNDERSIDE,BLOCKS-3645_OFFICE_6_WEST PERIMETER,BLOCKS-3645_OFFICE_6_WEST PERIMETER,SURFACE 265,0.30,1.556,2.678,62.71,62.71,90.00,0.00,
,SURFACE 332,STANDARD_INT-WALL,BLOCKS-3645_OFFICE_7_CORE,BLOCKS-3645_OFFICE_7_CORE,SURFACE 310,0.08,2.511,6.299,25.08,25.08,270.00,90.00,W
,SURFACE 333,STANDARD_INT-WALL,BLOCKS-3645_OFFICE_7_CORE,BLOCKS-3645_OFFICE_7_CORE,SURFACE 316,0.08,2.511,6.299,41.81,41.81,0.00,90.00,N
,SURFACE 334,STANDARD_INT-WALL,BLOCKS-3645_OFFICE_7_CORE,BLOCKS-3645_OFFICE_7_CORE,SURFACE 322,0.08,2.511,6.299,25.08,25.08,90.00,90.00,E
,SURFACE 335,STANDARD_INT-WALL,BLOCKS-3645_OFFICE_7_CORE,BLOCKS-3645_OFFICE_7_CORE,SURFACE 328,0.08,2.511,6.299,41.81,41.81,180.00,90.00,S
,SURFACE 331,INT-FLOOR-TOPSIDE,BLOCKS-3645_OFFICE_7_CORE,BLOCKS-3645_OFFICE_7_CORE,SURFACE 464,0.08,1.556,2.678,139.35,139.35,0.00,180.00,
,SURFACE 336,INT-FLOOR-UNDERSIDE,BLOCKS-3645_OFFICE_7_CORE,BLOCKS-3645_OFFICE_7_CORE,SURFACE 467,0.30,1.556,2.678,139.35,139.35,0.00,0.00,
,SURFACE 321,STANDARD_INT-WALL,BLOCKS-3645_OFFICE_7_EAST PERIMETER,BLOCKS-3645_OFFICE_7_EAST PERIMETER,SURFACE 329,0.08,2.511,6.299,17.74,17.74,225.00,90.00,W
,SURFACE 322,STANDARD_INT-WALL,BLOCKS-3645_OFFICE_7_EAST PERIMETER,BLOCKS-3645_OFFICE_7_EAST PERIMETER,SURFACE 334,0.08,2.511,6.299,25.08,25.08,270.00,90.00,W
,SURFACE 323,STANDARD_INT-WALL,BLOCKS-3645_OFFICE_7_EAST PERIMETER,BLOCKS-3645_OFFICE_7_EAST PERIMETER,SURFACE 315,0.08,2.511,6.299,17.74,17.74,315.00,90.00,N
,SURFACE 319,INT-FLOOR-TOPSIDE,BLOCKS-3645_OFFICE_7_EAST PERIMETER,BLOCKS-3645_OFFICE_7_EAST PERIMETER,SURFACE 466,0.08,1.556,2.678,62.71,62.71,45.00,180.00,
,SURFACE 324,INT-FLOOR-UNDERSIDE,BLOCKS-3645_OFFICE_7_EAST PERIMETER,BLOCKS-3645_OFFICE_7_EAST PERIMETER,SURFACE 469,0.30,1.556,2.678,62.71,62.71,225.00,0.00,
,SURFACE 315,STANDARD_INT-WALL,BLOCKS-3645_OFFICE_7_NORTH PERIMETER,BLOCKS-3645_OFFICE_7_NORTH PERIMETER,SURFACE 323,0.08,2.511,6.299,17.74,17.74,135.00,90.00,S
,SURFACE 316,STANDARD_INT-WALL,BLOCKS-3645_OFFICE_7_NORTH PERIMETER,BLOCKS-3645_OFFICE_7_NORTH PERIMETER,SURFACE 333,0.08,2.511,6.299,41.81,41.81,180.00,90.00,S
,SURFACE 317,STANDARD_INT-WALL,BLOCKS-3645_OFFICE_7_NORTH PERIMETER,BLOCKS-3645_OFFICE_7_NORTH PERIMETER,SURFACE 309,0.08,2.511,6.299,17.74,17.74,225.00,90.00,W
,SURFACE 313,INT-FLOOR-TOPSIDE,BLOCKS-3645_OFFICE_7_NORTH PERIMETER,BLOCKS-3645_OFFICE_7_NORTH PERIMETER,SURFACE 437,0.08,1.556,2.678,90.58,90.58,0.00,180.00,
,SURFACE 318,INT-FLOOR-UNDERSIDE,BLOCKS-3645_OFFICE_7_NORTH PERIMETER,BLOCKS-3645_OFFICE_7_NORTH PERIMETER,SURFACE 438,0.30,1.556,2.678,90.58,90.58,0.00,0.00,
,SURFACE 327,STANDARD_INT-WALL,BLOCKS-3645_OFFICE_7_SOUTH PERIMETER,BLOCKS-3645_OFFICE_7_SOUTH PERIMETER,SURFACE 311,0.08,2.511,6.299,17.74,17.74,315.00,90.00,N
,SURFACE 328,STANDARD_INT-WALL,BLOCKS-3645_OFFICE_7_SOUTH PERIMETER,BLOCKS-3645_OFFICE_7_SOUTH PERIMETER,SURFACE 335,0.08,2.511,6.299,41.81,41.81,0.00,90.00,N
,SURFACE 329,STANDARD_INT-WALL,BLOCKS-3645_OFFICE_7_SOUTH PERIMETER,BLOCKS-3645_OFFICE_7_SOUTH PERIMETER,SURFACE 321,0.08,2.511,6.299,17.74,17.74,45.00,90.00,E
,SURFACE 325,INT-FLOOR-TOPSIDE,BLOCKS-3645_OFFICE_7_SOUTH PERIMETER,BLOCKS-3645_OFFICE_7_SOUTH PERIMETER,SURFACE 420,0.08,1.556,2.678,90.58,90.58,0.00,180.00,
,SURFACE 330,INT-FLOOR-UNDERSIDE,BLOCKS-3645_OFFICE_7_SOUTH PERIMETER,BLOCKS-3645_OFFICE_7_SOUTH PERIMETER,SURFACE 421,0.30,1.556,2.678,90.58,90.58,0.00,0.00,
,SURFACE 309,STANDARD_INT-WALL,BLOCKS-3645_OFFICE_7_WEST PERIMETER,BLOCKS-3645_OFFICE_7_WEST PERIMETER,SURFACE 317,0.08,2.511,6.299,17.74,17.74,45.00,90.00,E
,SURFACE 310,STANDARD_INT-WALL,BLOCKS-3645_OFFICE_7_WEST PERIMETER,BLOCKS-3645_OFFICE_7_WEST PERIMETER,SURFACE 332,0.08,2.511,6.299,25.08,25.08,90.00,90.00,E
,SURFACE 311,STANDARD_INT-WALL,BLOCKS-3645_OFFICE_7_WEST PERIMETER,BLOCKS-3645_OFFICE_7_WEST PERIMETER,SURFACE 327,0.08,2.511,6.299,17.74,17.74,135.00,90.00,S
,SURFACE 307,INT-FLOOR-TOPSIDE,BLOCKS-3645_OFFICE_7_WEST PERIMETER,BLOCKS-3645_OFFICE_7_WEST PERIMETER,SURFACE 270,0.08,1.556,2.678,62.71,62.71,270.00,180.00,
,SURFACE 312,INT-FLOOR-UNDERSIDE,BLOCKS-3645_OFFICE_7_WEST PERIMETER,BLOCKS-3645_OFFICE_7_WEST PERIMETER,SURFACE 301,0.30,1.556,2.678,62.71,62.71,90.00,0.00,
,SURFACE 368,STANDARD_INT-WALL,BLOCKS-3645_OFFICE_8_CORE,BLOCKS-3645_OFFICE_8_CORE,SURFACE 346,0.08,2.511,6.299,25.08,25.08,270.00,90.00,W
,SURFACE 369,STANDARD_INT-WALL,BLOCKS-3645_OFFICE_8_CORE,BLOCKS-3645_OFFICE_8_CORE,SURFACE 352,0.08,2.511,6.299,41.81,41.81,0.00,90.00,N
,SURFACE 370,STANDARD_INT-WALL,BLOCKS-3645_OFFICE_8_CORE,BLOCKS-3645_OFFICE_8_CORE,SURFACE 358,0.08,2.511,6.299,25.08,25.08,90.00,90.00,E
,SURFACE 371,STANDARD_INT-WALL,BLOCKS-3645_OFFICE_8_CORE,BLOCKS-3645_OFFICE_8_CORE,SURFACE 364,0.08,2.511,6.299,41.81,41.81,180.00,90.00,S
,SURFACE 367,INT-FLOOR-TOPSIDE,BLOCKS-3645_OFFICE_8_CORE,BLOCKS-3645_OFFICE_8_CORE,SURFACE 468,0.08,1.556,2.678,139.35,139.35,0.00,180.00,
,SURFACE 372,INT-FLOOR-UNDERSIDE,BLOCKS-3645_OFFICE_8_CORE,BLOCKS-3645_OFFICE_8_CORE,SURFACE 471,0.30,1.556,2.678,139.35,139.35,0.00,0.00,
,SURFACE 357,STANDARD_INT-WALL,BLOCKS-3645_OFFICE_8_EAST PERIMETER,BLOCKS-3645_OFFICE_8_EAST PERIMETER,SURFACE 365,0.08,2.511,6.299,17.74,17.74,225.00,90.00,W
,SURFACE 358,STANDARD_INT-WALL,BLOCKS-3645_OFFICE_8_EAST PERIMETER,BLOCKS-3645_OFFICE_8_EAST PERIMETER,SURFACE 370,0.08,2.511,6.299,25.08,25.08,270.00,90.00,W
,SURFACE 359,STANDARD_INT-WALL,BLOCKS-3645_OFFICE_8_EAST PERIMETER,BLOCKS-3645_OFFICE_8_EAST PERIMETER,SURFACE 351,0.08,2.511,6.299,17.74,17.74,315.00,90.00,N
,SURFACE 355,INT-FLOOR-TOPSIDE,BLOCKS-3645_OFFICE_8_EAST PERIMETER,BLOCKS-3645_OFFICE_8_EAST PERIMETER,SURFACE 470,0.08,1.556,2.678,62.71,62.71,45.00,180.00,
,SURFACE 360,INT-FLOOR-UNDERSIDE,BLOCKS-3645_OFFICE_8_EAST PERIMETER,BLOCKS-3645_OFFICE_8_EAST PERIMETER,SURFACE 473,0.30,1.556,2.678,62.71,62.71,225.00,0.00,
,SURFACE 351,STANDARD_INT-WALL,BLOCKS-3645_OFFICE_8_NORTH PERIMETER,BLOCKS-3645_OFFICE_8_NORTH PERIMETER,SURFACE 359,0.08,2.511,6.299,17.74,17.74,135.00,90.00,S
,SURFACE 352,STANDARD_INT-WALL,BLOCKS-3645_OFFICE_8_NORTH PERIMETER,BLOCKS-3645_OFFICE_8_NORTH PERIMETER,SURFACE 369,0.08,2.511,6.299,41.81,41.81,180.00,90.00,S
,SURFACE 353,STANDARD_INT-WALL,BLOCKS-3645_OFFICE_8_NORTH PERIMETER,BLOCKS-3645_OFFICE_8_NORTH PERIMETER,SURFACE 345,0.08,2.511,6.299,17.74,17.74,225.00,90.00,W
,SURFACE 349,INT-FLOOR-TOPSIDE,BLOCKS-3645_OFFICE_8_NORTH PERIMETER,BLOCKS-3645_OFFICE_8_NORTH PERIMETER,SURFACE 439,0.08,1.556,2.678,90.58,90.58,0.00,180.00,
,SURFACE 354,INT-FLOOR-UNDERSIDE,BLOCKS-3645_OFFICE_8_NORTH PERIMETER,BLOCKS-3645_OFFICE_8_NORTH PERIMETER,SURFACE 440,0.30,1.556,2.678,90.58,90.58,0.00,0.00,
,SURFACE 363,STANDARD_INT-WALL,BLOCKS-3645_OFFICE_8_SOUTH PERIMETER,BLOCKS-3645_OFFICE_8_SOUTH PERIMETER,SURFACE 347,0.08,2.511,6.299,17.74,17.74,315.00,90.00,N
,SURFACE 364,STANDARD_INT-WALL,BLOCKS-3645_OFFICE_8_SOUTH PERIMETER,BLOCKS-3645_OFFICE_8_SOUTH PERIMETER,SURFACE 371,0.08,2.511,6.299,41.81,41.81,0.00,90.00,N
,SURFACE 365,STANDARD_INT-WALL,BLOCKS-3645_OFFICE_8_SOUTH PERIMETER,BLOCKS-3645_OFFICE_8_SOUTH PERIMETER,SURFACE 357,0.08,2.511,6.299,17.74,17.74,45.00,90.00,E
,SURFACE 361,INT-FLOOR-TOPSIDE,BLOCKS-3645_OFFICE_8_SOUTH PERIMETER,BLOCKS-3645_OFFICE_8_SOUTH PERIMETER,SURFACE 422,0.08,1.556,2.678,90.58,90.58,0.00,180.00,
,SURFACE 366,INT-FLOOR-UNDERSIDE,BLOCKS-3645_OFFICE_8_SOUTH PERIMETER,BLOCKS-3645_OFFICE_8_SOUTH PERIMETER,SURFACE 423,0.30,1.556,2.678,90.58,90.58,0.00,0.00,
,SURFACE 345,STANDARD_INT-WALL,BLOCKS-3645_OFFICE_8_WEST PERIMETER,BLOCKS-3645_OFFICE_8_WEST PERIMETER,SURFACE 353,0.08,2.511,6.299,17.74,17.74,45.00,90.00,E
,SURFACE 346,STANDARD_INT-WALL,BLOCKS-3645_OFFICE_8_WEST PERIMETER,BLOCKS-3645_OFFICE_8_WEST PERIMETER,SURFACE 368,0.08,2.511,6.299,25.08,25.08,90.00,90.00,E
,SURFACE 347,STANDARD_INT-WALL,BLOCKS-3645_OFFICE_8_WEST PERIMETER,BLOCKS-3645_OFFICE_8_WEST PERIMETER,SURFACE 363,0.08,2.511,6.299,17.74,17.74,135.00,90.00,S
,SURFACE 343,INT-FLOOR-TOPSIDE,BLOCKS-3645_OFFICE_8_WEST PERIMETER,BLOCKS-3645_OFFICE_8_WEST PERIMETER,SURFACE 306,0.08,1.556,2.678,62.71,62.71,270.00,180.00,
,SURFACE 348,INT-FLOOR-UNDERSIDE,BLOCKS-3645_OFFICE_8_WEST PERIMETER,BLOCKS-3645_OFFICE_8_WEST PERIMETER,SURFACE 337,0.30,1.556,2.678,62.71,62.71,90.00,0.00,
,SURFACE 404,STANDARD_INT-WALL,BLOCKS-3645_OFFICE_9_CORE,BLOCKS-3645_OFFICE_9_CORE,SURFACE 382,0.08,2.511,6.299,25.08,25.08,270.00,90.00,W
,SURFACE 405,STANDARD_INT-WALL,BLOCKS-3645_OFFICE_9_CORE,BLOCKS-3645_OFFICE_9_CORE,SURFACE 388,0.08,2.511,6.299,41.81,41.81,0.00,90.00,N
,SURFACE 406,STANDARD_INT-WALL,BLOCKS-3645_OFFICE_9_CORE,BLOCKS-3645_OFFICE_9_CORE,SURFACE 394,0.08,2.511,6.299,25.08,25.08,90.00,90.00,E
,SURFACE 407,STANDARD_INT-WALL,BLOCKS-3645_OFFICE_9_CORE,BLOCKS-3645_OFFICE_9_CORE,SURFACE 400,0.08,2.511,6.299,41.81,41.81,180.00,90.00,S
,SURFACE 403,INT-FLOOR-TOPSIDE,BLOCKS-3645_OFFICE_9_CORE,BLOCKS-3645_OFFICE_9_CORE,SURFACE 472,0.08,1.556,2.678,139.35,139.35,0.00,180.00,
,SURFACE 408,INT-FLOOR-UNDERSIDE,BLOCKS-3645_OFFICE_9_CORE,BLOCKS-3645_OFFICE_9_CORE,SURFACE 475,0.30,1.556,2.678,139.35,139.35,0.00,0.00,
,SURFACE 393,STANDARD_INT-WALL,BLOCKS-3645_OFFICE_9_EAST PERIMETER,BLOCKS-3645_OFFICE_9_EAST PERIMETER,SURFACE 401,0.08,2.511,6.299,17.74,17.74,225.00,90.00,W
,SURFACE 394,STANDARD_INT-WALL,BLOCKS-3645_OFFICE_9_EAST PERIMETER,BLOCKS-3645_OFFICE_9_EAST PERIMETER,SURFACE 406,0.08,2.511,6.299,25.08,25.08,270.00,90.00,W
,SURFACE 395,STANDARD_INT-WALL,BLOCKS-3645_OFFICE_9_EAST PERIMETER,BLOCKS-3645_OFFICE_9_EAST PERIMETER,SURFACE 387,0.08,2.511,6.299,17.74,17.74,315.00,90.00,N
,SURFACE 391,INT-FLOOR-TOPSIDE,BLOCKS-3645_OFFICE_9_EAST PERIMETER,BLOCKS-3645_OFFICE_9_EAST PERIMETER,SURFACE 474,0.08,1.556,2.678,62.71,62.71,45.00,180.00,
,SURFACE 396,INT-FLOOR-UNDERSIDE,BLOCKS-3645_OFFICE_9_EAST PERIMETER,BLOCKS-3645_OFFICE_9_EAST PERIMETER,SURFACE 476,0.30,1.556,2.678,62.71,62.71,225.00,0.00,
,SURFACE 387,STANDARD_INT-WALL,BLOCKS-3645_OFFICE_9_NORTH PERIMETER,BLOCKS-3645_OFFICE_9_NORTH PERIMETER,SURFACE 395,0.08,2.511,6.299,17.74,17.74,135.00,90.00,S
,SURFACE 388,STANDARD_INT-WALL,BLOCKS-3645_OFFICE_9_NORTH PERIMETER,BLOCKS-3645_OFFICE_9_NORTH PERIMETER,SURFACE 405,0.08,2.511,6.299,41.81,41.81,180.00,90.00,S
,SURFACE 389,STANDARD_INT-WALL,BLOCKS-3645_OFFICE_9_NORTH PERIMETER,BLOCKS-3645_OFFICE_9_NORTH PERIMETER,SURFACE 381,0.08,2.511,6.299,17.74,17.74,225.00,90.00,W
,SURFACE 385,INT-FLOOR-TOPSIDE,BLOCKS-3645_OFFICE_9_NORTH PERIMETER,BLOCKS-3645_OFFICE_9_NORTH PERIMETER,SURFACE 441,0.08,1.556,2.678,90.58,90.58,0.00,180.00,
,SURFACE 390,INT-FLOOR-UNDERSIDE,BLOCKS-3645_OFFICE_9_NORTH PERIMETER,BLOCKS-3645_OFFICE_9_NORTH PERIMETER,SURFACE 442,0.30,1.556,2.678,90.58,90.58,0.00,0.00,
,SURFACE 399,STANDARD_INT-WALL,BLOCKS-3645_OFFICE_9_SOUTH PERIMETER,BLOCKS-3645_OFFICE_9_SOUTH PERIMETER,SURFACE 383,0.08,2.511,6.299,17.74,17.74,315.00,90.00,N
,SURFACE 400,STANDARD_INT-WALL,BLOCKS-3645_OFFICE_9_SOUTH PERIMETER,BLOCKS-3645_OFFICE_9_SOUTH PERIMETER,SURFACE 407,0.08,2.511,6.299,41.81,41.81,0.00,90.00,N
,SURFACE 401,STANDARD_INT-WALL,BLOCKS-3645_OFFICE_9_SOUTH PERIMETER,BLOCKS-3645_OFFICE_9_SOUTH PERIMETER,SURFACE 393,0.08,2.511,6.299,17.74,17.74,45.00,90.00,E
,SURFACE 397,INT-FLOOR-TOPSIDE,BLOCKS-3645_OFFICE_9_SOUTH PERIMETER,BLOCKS-3645_OFFICE_9_SOUTH PERIMETER,SURFACE 424,0.08,1.556,2.678,90.58,90.58,0.00,180.00,
,SURFACE 402,INT-FLOOR-UNDERSIDE,BLOCKS-3645_OFFICE_9_SOUTH PERIMETER,BLOCKS-3645_OFFICE_9_SOUTH PERIMETER,SURFACE 425,0.30,1.556,2.678,90.58,90.58,0.00,0.00,
,SURFACE 381,STANDARD_INT-WALL,BLOCKS-3645_OFFICE_9_WEST PERIMETER,BLOCKS-3645_OFFICE_9_WEST PERIMETER,SURFACE 389,0.08,2.511,6.299,17.74,17.74,45.00,90.00,E
,SURFACE 382,STANDARD_INT-WALL,BLOCKS-3645_OFFICE_9_WEST PERIMETER,BLOCKS-3645_OFFICE_9_WEST PERIMETER,SURFACE 404,0.08,2.511,6.299,25.08,25.08,90.00,90.00,E
,SURFACE 383,STANDARD_INT-WALL,BLOCKS-3645_OFFICE_9_WEST PERIMETER,BLOCKS-3645_OFFICE_9_WEST PERIMETER,SURFACE 399,0.08,2.511,6.299,17.74,17.74,135.00,90.00,S
,SURFACE 379,INT-FLOOR-TOPSIDE,BLOCKS-3645_OFFICE_9_WEST PERIMETER,BLOCKS-3645_OFFICE_9_WEST PERIMETER,SURFACE 342,0.08,1.556,2.678,62.71,62.71,270.00,180.00,
,SURFACE 384,INT-FLOOR-UNDERSIDE,BLOCKS-3645_OFFICE_9_WEST PERIMETER,BLOCKS-3645_OFFICE_9_WEST PERIMETER,SURFACE 373,0.30,1.556,2.678,62.71,62.71,90.00,0.00,
,SURFACE 1,INT-FLOOR-TOPSIDE,PNNL_TSPR_OFFICE_MID_PLENUM,PNNL_TSPR_OFFICE_MID_PLENUM,SURFACE 12,0.08,1.556,2.678,174.19,174.19,270.00,180.00,
,SURFACE 73,INT-FLOOR-TOPSIDE,PNNL_TSPR_OFFICE_MID_PLENUM,PNNL_TSPR_OFFICE_MID_PLENUM,SURFACE 30,0.08,1.556,2.678,90.58,90.58,0.00,180.00,
,SURFACE 76,INT-FLOOR-TOPSIDE,PNNL_TSPR_OFFICE_MID_PLENUM,PNNL_TSPR_OFFICE_MID_PLENUM,SURFACE 18,0.08,1.556,2.678,90.58,90.58,0.00,180.00,
,SURFACE 79,INT-FLOOR-TOPSIDE,PNNL_TSPR_OFFICE_MID_PLENUM,PNNL_TSPR_OFFICE_MID_PLENUM,SURFACE 36,0.08,1.556,2.678,510.97,510.97,0.00,180.00,
,SURFACE 81,INT-FLOOR-TOPSIDE,PNNL_TSPR_OFFICE_MID_PLENUM,PNNL_TSPR_OFFICE_MID_PLENUM,SURFACE 24,0.08,1.556,2.678,174.19,174.19,45.00,180.00,
,SURFACE 6,INT-FLOOR-UNDERSIDE,PNNL_TSPR_OFFICE_MID_PLENUM,PNNL_TSPR_OFFICE_MID_PLENUM,SURFACE 43,0.30,1.556,2.678,174.19,174.19,90.00,0.00,
,SURFACE 74,INT-FLOOR-UNDERSIDE,PNNL_TSPR_OFFICE_MID_PLENUM,PNNL_TSPR_OFFICE_MID_PLENUM,SURFACE 61,0.30,1.556,2.678,90.58,90.58,0.00,0.00,
,SURFACE 77,INT-FLOOR-UNDERSIDE,PNNL_TSPR_OFFICE_MID_PLENUM,PNNL_TSPR_OFFICE_MID_PLENUM,SURFACE 49,0.30,1.556,2.678,90.58,90.58,0.00,0.00,
,SURFACE 80,INT-FLOOR-UNDERSIDE,PNNL_TSPR_OFFICE_MID_PLENUM,PNNL_TSPR_OFFICE_MID_PLENUM,SURFACE 67,0.30,1.556,2.678,510.97,510.97,0.00,0.00,
,SURFACE 82,INT-FLOOR-UNDERSIDE,PNNL_TSPR_OFFICE_MID_PLENUM,PNNL_TSPR_OFFICE_MID_PLENUM,SURFACE 55,0.30,1.556,2.678,174.19,174.19,315.00,0.00,
,SURFACE 121,INT-FLOOR-TOPSIDE,PNNL_TSPR_OFFICE_MID_PLENUM 2,PNNL_TSPR_OFFICE_MID_PLENUM 2,SURFACE 132,0.08,1.556,2.678,62.71,62.71,270.00,180.00,
,SURFACE 157,INT-FLOOR-TOPSIDE,PNNL_TSPR_OFFICE_MID_PLENUM 2,PNNL_TSPR_OFFICE_MID_PLENUM 2,SURFACE 168,0.08,1.556,2.678,62.71,62.71,270.00,180.00,
,SURFACE 193,INT-FLOOR-TOPSIDE,PNNL_TSPR_OFFICE_MID_PLENUM 2,PNNL_TSPR_OFFICE_MID_PLENUM 2,SURFACE 204,0.08,1.556,2.678,62.71,62.71,270.00,180.00,
,SURFACE 229,INT-FLOOR-TOPSIDE,PNNL_TSPR_OFFICE_MID_PLENUM 2,PNNL_TSPR_OFFICE_MID_PLENUM 2,SURFACE 240,0.08,1.556,2.678,62.71,62.71,270.00,180.00,
,SURFACE 265,INT-FLOOR-TOPSIDE,PNNL_TSPR_OFFICE_MID_PLENUM 2,PNNL_TSPR_OFFICE_MID_PLENUM 2,SURFACE 276,0.08,1.556,2.678,62.71,62.71,270.00,180.00,
,SURFACE 301,INT-FLOOR-TOPSIDE,PNNL_TSPR_OFFICE_MID_PLENUM 2,PNNL_TSPR_OFFICE_MID_PLENUM 2,SURFACE 312,0.08,1.556,2.678,62.71,62.71,270.00,180.00,
,SURFACE 337,INT-FLOOR-TOPSIDE,PNNL_TSPR_OFFICE_MID_PLENUM 2,PNNL_TSPR_OFFICE_MID_PLENUM 2,SURFACE 348,0.08,1.556,2.678,62.71,62.71,270.00,180.00,
,SURFACE 409,INT-FLOOR-TOPSIDE,PNNL_TSPR_OFFICE_MID_PLENUM 2,PNNL_TSPR_OFFICE_MID_PLENUM 2,SURFACE 114,0.08,1.556,2.678,90.58,90.58,0.00,180.00,
,SURFACE 411,INT-FLOOR-TOPSIDE,PNNL_TSPR_OFFICE_MID_PLENUM 2,PNNL_TSPR_OFFICE_MID_PLENUM 2,SURFACE 150,0.08,1.556,2.678,90.58,90.58,0.00,180.00,
,SURFACE 413,INT-FLOOR-TOPSIDE,PNNL_TSPR_OFFICE_MID_PLENUM 2,PNNL_TSPR_OFFICE_MID_PLENUM 2,SURFACE 186,0.08,1.556,2.678,90.58,90.58,0.00,180.00,
,SURFACE 415,INT-FLOOR-TOPSIDE,PNNL_TSPR_OFFICE_MID_PLENUM 2,PNNL_TSPR_OFFICE_MID_PLENUM 2,SURFACE 222,0.08,1.556,2.678,90.58,90.58,0.00,180.00,
,SURFACE 417,INT-FLOOR-TOPSIDE,PNNL_TSPR_OFFICE_MID_PLENUM 2,PNNL_TSPR_OFFICE_MID_PLENUM 2,SURFACE 258,0.08,1.556,2.678,90.58,90.58,0.00,180.00,
,SURFACE 419,INT-FLOOR-TOPSIDE,PNNL_TSPR_OFFICE_MID_PLENUM 2,PNNL_TSPR_OFFICE_MID_PLENUM 2,SURFACE 294,0.08,1.556,2.678,90.58,90.58,0.00,180.00,
,SURFACE 421,INT-FLOOR-TOPSIDE,PNNL_TSPR_OFFICE_MID_PLENUM 2,PNNL_TSPR_OFFICE_MID_PLENUM 2,SURFACE 330,0.08,1.556,2.678,90.58,90.58,0.00,180.00,
,SURFACE 423,INT-FLOOR-TOPSIDE,PNNL_TSPR_OFFICE_MID_PLENUM 2,PNNL_TSPR_OFFICE_MID_PLENUM 2,SURFACE 366,0.08,1.556,2.678,90.58,90.58,0.00,180.00,
,SURFACE 426,INT-FLOOR-TOPSIDE,PNNL_TSPR_OFFICE_MID_PLENUM 2,PNNL_TSPR_OFFICE_MID_PLENUM 2,SURFACE 102,0.08,1.556,2.678,90.58,90.58,0.00,180.00,
,SURFACE 428,INT-FLOOR-TOPSIDE,PNNL_TSPR_OFFICE_MID_PLENUM 2,PNNL_TSPR_OFFICE_MID_PLENUM 2,SURFACE 138,0.08,1.556,2.678,90.58,90.58,0.00,180.00,
,SURFACE 430,INT-FLOOR-TOPSIDE,PNNL_TSPR_OFFICE_MID_PLENUM 2,PNNL_TSPR_OFFICE_MID_PLENUM 2,SURFACE 174,0.08,1.556,2.678,90.58,90.58,0.00,180.00,
,SURFACE 432,INT-FLOOR-TOPSIDE,PNNL_TSPR_OFFICE_MID_PLENUM 2,PNNL_TSPR_OFFICE_MID_PLENUM 2,SURFACE 210,0.08,1.556,2.678,90.58,90.58,0.00,180.00,
,SURFACE 434,INT-FLOOR-TOPSIDE,PNNL_TSPR_OFFICE_MID_PLENUM 2,PNNL_TSPR_OFFICE_MID_PLENUM 2,SURFACE 246,0.08,1.556,2.678,90.58,90.58,0.00,180.00,
,SURFACE 436,INT-FLOOR-TOPSIDE,PNNL_TSPR_OFFICE_MID_PLENUM 2,PNNL_TSPR_OFFICE_MID_PLENUM 2,SURFACE 282,0.08,1.556,2.678,90.58,90.58,0.00,180.00,
,SURFACE 438,INT-FLOOR-TOPSIDE,PNNL_TSPR_OFFICE_MID_PLENUM 2,PNNL_TSPR_OFFICE_MID_PLENUM 2,SURFACE 318,0.08,1.556,2.678,90.58,90.58,0.00,180.00,
,SURFACE 440,INT-FLOOR-TOPSIDE,PNNL_TSPR_OFFICE_MID_PLENUM 2,PNNL_TSPR_OFFICE_MID_PLENUM 2,SURFACE 354,0.08,1.556,2.678,90.58,90.58,0.00,180.00,
,SURFACE 443,INT-FLOOR-TOPSIDE,PNNL_TSPR_OFFICE_MID_PLENUM 2,PNNL_TSPR_OFFICE_MID_PLENUM 2,SURFACE 120,0.08,1.556,2.678,139.35,139.35,0.00,180.00,
,SURFACE 445,INT-FLOOR-TOPSIDE,PNNL_TSPR_OFFICE_MID_PLENUM 2,PNNL_TSPR_OFFICE_MID_PLENUM 2,SURFACE 108,0.08,1.556,2.678,62.71,62.71,45.00,180.00,
,SURFACE 447,INT-FLOOR-TOPSIDE,PNNL_TSPR_OFFICE_MID_PLENUM 2,PNNL_TSPR_OFFICE_MID_PLENUM 2,SURFACE 156,0.08,1.556,2.678,139.35,139.35,0.00,180.00,
,SURFACE 449,INT-FLOOR-TOPSIDE,PNNL_TSPR_OFFICE_MID_PLENUM 2,PNNL_TSPR_OFFICE_MID_PLENUM 2,SURFACE 144,0.08,1.556,2.678,62.71,62.71,45.00,180.00,
,SURFACE 451,INT-FLOOR-TOPSIDE,PNNL_TSPR_OFFICE_MID_PLENUM 2,PNNL_TSPR_OFFICE_MID_PLENUM 2,SURFACE 192,0.08,1.556,2.678,139.35,139.35,0.00,180.00,
,SURFACE 453,INT-FLOOR-TOPSIDE,PNNL_TSPR_OFFICE_MID_PLENUM 2,PNNL_TSPR_OFFICE_MID_PLENUM 2,SURFACE 180,0.08,1.556,2.678,62.71,62.71,45.00,180.00,
,SURFACE 455,INT-FLOOR-TOPSIDE,PNNL_TSPR_OFFICE_MID_PLENUM 2,PNNL_TSPR_OFFICE_MID_PLENUM 2,SURFACE 228,0.08,1.556,2.678,139.35,139.35,0.00,180.00,
,SURFACE 457,INT-FLOOR-TOPSIDE,PNNL_TSPR_OFFICE_MID_PLENUM 2,PNNL_TSPR_OFFICE_MID_PLENUM 2,SURFACE 216,0.08,1.556,2.678,62.71,62.71,45.00,180.00,
,SURFACE 459,INT-FLOOR-TOPSIDE,PNNL_TSPR_OFFICE_MID_PLENUM 2,PNNL_TSPR_OFFICE_MID_PLENUM 2,SURFACE 264,0.08,1.556,2.678,139.35,139.35,0.00,180.00,
,SURFACE 461,INT-FLOOR-TOPSIDE,PNNL_TSPR_OFFICE_MID_PLENUM 2,PNNL_TSPR_OFFICE_MID_PLENUM 2,SURFACE 252,0.08,1.556,2.678,62.71,62.71,45.00,180.00,
,SURFACE 463,INT-FLOOR-TOPSIDE,PNNL_TSPR_OFFICE_MID_PLENUM 2,PNNL_TSPR_OFFICE_MID_PLENUM 2,SURFACE 300,0.08,1.556,2.678,139.35,139.35,0.00,180.00,
,SURFACE 465,INT-FLOOR-TOPSIDE,PNNL_TSPR_OFFICE_MID_PLENUM 2,PNNL_TSPR_OFFICE_MID_PLENUM 2,SURFACE 288,0.08,1.556,2.678,62.71,62.71,45.00,180.00,
,SURFACE 467,INT-FLOOR-TOPSIDE,PNNL_TSPR_OFFICE_MID_PLENUM 2,PNNL_TSPR_OFFICE_MID_PLENUM 2,SURFACE 336,0.08,1.556,2.678,139.35,139.35,0.00,180.00,
,SURFACE 469,INT-FLOOR-TOPSIDE,PNNL_TSPR_OFFICE_MID_PLENUM 2,PNNL_TSPR_OFFICE_MID_PLENUM 2,SURFACE 324,0.08,1.556,2.678,62.71,62.71,45.00,180.00,
,SURFACE 471,INT-FLOOR-TOPSIDE,PNNL_TSPR_OFFICE_MID_PLENUM 2,PNNL_TSPR_OFFICE_MID_PLENUM 2,SURFACE 372,0.08,1.556,2.678,139.35,139.35,0.00,180.00,
,SURFACE 473,INT-FLOOR-TOPSIDE,PNNL_TSPR_OFFICE_MID_PLENUM 2,PNNL_TSPR_OFFICE_MID_PLENUM 2,SURFACE 360,0.08,1.556,2.678,62.71,62.71,45.00,180.00,
,SURFACE 85,INT-FLOOR-TOPSIDE,PNNL_TSPR_OFFICE_MID_PLENUM 2,PNNL_TSPR_OFFICE_MID_PLENUM 2,SURFACE 96,0.08,1.556,2.678,62.71,62.71,270.00,180.00,
,SURFACE 126,INT-FLOOR-UNDERSIDE,PNNL_TSPR_OFFICE_MID_PLENUM 2,PNNL_TSPR_OFFICE_MID_PLENUM 2,SURFACE 163,0.30,1.556,2.678,62.71,62.71,90.00,0.00,
,SURFACE 162,INT-FLOOR-UNDERSIDE,PNNL_TSPR_OFFICE_MID_PLENUM 2,PNNL_TSPR_OFFICE_MID_PLENUM 2,SURFACE 199,0.30,1.556,2.678,62.71,62.71,90.00,0.00,
,SURFACE 198,INT-FLOOR-UNDERSIDE,PNNL_TSPR_OFFICE_MID_PLENUM 2,PNNL_TSPR_OFFICE_MID_PLENUM 2,SURFACE 235,0.30,1.556,2.678,62.71,62.71,90.00,0.00,
,SURFACE 234,INT-FLOOR-UNDERSIDE,PNNL_TSPR_OFFICE_MID_PLENUM 2,PNNL_TSPR_OFFICE_MID_PLENUM 2,SURFACE 271,0.30,1.556,2.678,62.71,62.71,90.00,0.00,
,SURFACE 270,INT-FLOOR-UNDERSIDE,PNNL_TSPR_OFFICE_MID_PLENUM 2,PNNL_TSPR_OFFICE_MID_PLENUM 2,SURFACE 307,0.30,1.556,2.678,62.71,62.71,90.00,0.00,
,SURFACE 306,INT-FLOOR-UNDERSIDE,PNNL_TSPR_OFFICE_MID_PLENUM 2,PNNL_TSPR_OFFICE_MID_PLENUM 2,SURFACE 343,0.30,1.556,2.678,62.71,62.71,90.00,0.00,
,SURFACE 342,INT-FLOOR-UNDERSIDE,PNNL_TSPR_OFFICE_MID_PLENUM 2,PNNL_TSPR_OFFICE_MID_PLENUM 2,SURFACE 379,0.30,1.556,2.678,62.71,62.71,90.00,0.00,
,SURFACE 410,INT-FLOOR-UNDERSIDE,PNNL_TSPR_OFFICE_MID_PLENUM 2,PNNL_TSPR_OFFICE_MID_PLENUM 2,SURFACE 145,0.30,1.556,2.678,90.58,90.58,0.00,0.00,
,SURFACE 412,INT-FLOOR-UNDERSIDE,PNNL_TSPR_OFFICE_MID_PLENUM 2,PNNL_TSPR_OFFICE_MID_PLENUM 2,SURFACE 181,0.30,1.556,2.678,90.58,90.58,0.00,0.00,
,SURFACE 414,INT-FLOOR-UNDERSIDE,PNNL_TSPR_OFFICE_MID_PLENUM 2,PNNL_TSPR_OFFICE_MID_PLENUM 2,SURFACE 217,0.30,1.556,2.678,90.58,90.58,0.00,0.00,
,SURFACE 416,INT-FLOOR-UNDERSIDE,PNNL_TSPR_OFFICE_MID_PLENUM 2,PNNL_TSPR_OFFICE_MID_PLENUM 2,SURFACE 253,0.30,1.556,2.678,90.58,90.58,0.00,0.00,
,SURFACE 418,INT-FLOOR-UNDERSIDE,PNNL_TSPR_OFFICE_MID_PLENUM 2,PNNL_TSPR_OFFICE_MID_PLENUM 2,SURFACE 289,0.30,1.556,2.678,90.58,90.58,0.00,0.00,
,SURFACE 420,INT-FLOOR-UNDERSIDE,PNNL_TSPR_OFFICE_MID_PLENUM 2,PNNL_TSPR_OFFICE_MID_PLENUM 2,SURFACE 325,0.30,1.556,2.678,90.58,90.58,0.00,0.00,
,SURFACE 422,INT-FLOOR-UNDERSIDE,PNNL_TSPR_OFFICE_MID_PLENUM 2,PNNL_TSPR_OFFICE_MID_PLENUM 2,SURFACE 361,0.30,1.556,2.678,90.58,90.58,0.00,0.00,
,SURFACE 424,INT-FLOOR-UNDERSIDE,PNNL_TSPR_OFFICE_MID_PLENUM 2,PNNL_TSPR_OFFICE_MID_PLENUM 2,SURFACE 397,0.30,1.556,2.678,90.58,90.58,0.00,0.00,
,SURFACE 427,INT-FLOOR-UNDERSIDE,PNNL_TSPR_OFFICE_MID_PLENUM 2,PNNL_TSPR_OFFICE_MID_PLENUM 2,SURFACE 133,0.30,1.556,2.678,90.58,90.58,0.00,0.00,
,SURFACE 429,INT-FLOOR-UNDERSIDE,PNNL_TSPR_OFFICE_MID_PLENUM 2,PNNL_TSPR_OFFICE_MID_PLENUM 2,SURFACE 169,0.30,1.556,2.678,90.58,90.58,0.00,0.00,
,SURFACE 431,INT-FLOOR-UNDERSIDE,PNNL_TSPR_OFFICE_MID_PLENUM 2,PNNL_TSPR_OFFICE_MID_PLENUM 2,SURFACE 205,0.30,1.556,2.678,90.58,90.58,0.00,0.00,
,SURFACE 433,INT-FLOOR-UNDERSIDE,PNNL_TSPR_OFFICE_MID_PLENUM 2,PNNL_TSPR_OFFICE_MID_PLENUM 2,SURFACE 241,0.30,1.556,2.678,90.58,90.58,0.00,0.00,
,SURFACE 435,INT-FLOOR-UNDERSIDE,PNNL_TSPR_OFFICE_MID_PLENUM 2,PNNL_TSPR_OFFICE_MID_PLENUM 2,SURFACE 277,0.30,1.556,2.678,90.58,90.58,0.00,0.00,
,SURFACE 437,INT-FLOOR-UNDERSIDE,PNNL_TSPR_OFFICE_MID_PLENUM 2,PNNL_TSPR_OFFICE_MID_PLENUM 2,SURFACE 313,0.30,1.556,2.678,90.58,90.58,0.00,0.00,
,SURFACE 439,INT-FLOOR-UNDERSIDE,PNNL_TSPR_OFFICE_MID_PLENUM 2,PNNL_TSPR_OFFICE_MID_PLENUM 2,SURFACE 349,0.30,1.556,2.678,90.58,90.58,0.00,0.00,
,SURFACE 441,INT-FLOOR-UNDERSIDE,PNNL_TSPR_OFFICE_MID_PLENUM 2,PNNL_TSPR_OFFICE_MID_PLENUM 2,SURFACE 385,0.30,1.556,2.678,90.58,90.58,0.00,0.00,
,SURFACE 444,INT-FLOOR-UNDERSIDE,PNNL_TSPR_OFFICE_MID_PLENUM 2,PNNL_TSPR_OFFICE_MID_PLENUM 2,SURFACE 151,0.30,1.556,2.678,139.35,139.35,0.00,0.00,
,SURFACE 446,INT-FLOOR-UNDERSIDE,PNNL_TSPR_OFFICE_MID_PLENUM 2,PNNL_TSPR_OFFICE_MID_PLENUM 2,SURFACE 139,0.30,1.556,2.678,62.71,62.71,315.00,0.00,
,SURFACE 448,INT-FLOOR-UNDERSIDE,PNNL_TSPR_OFFICE_MID_PLENUM 2,PNNL_TSPR_OFFICE_MID_PLENUM 2,SURFACE 187,0.30,1.556,2.678,139.35,139.35,0.00,0.00,
,SURFACE 450,INT-FLOOR-UNDERSIDE,PNNL_TSPR_OFFICE_MID_PLENUM 2,PNNL_TSPR_OFFICE_MID_PLENUM 2,SURFACE 175,0.30,1.556,2.678,62.71,62.71,315.00,0.00,
,SURFACE 452,INT-FLOOR-UNDERSIDE,PNNL_TSPR_OFFICE_MID_PLENUM 2,PNNL_TSPR_OFFICE_MID_PLENUM 2,SURFACE 223,0.30,1.556,2.678,139.35,139.35,0.00,0.00,
,SURFACE 454,INT-FLOOR-UNDERSIDE,PNNL_TSPR_OFFICE_MID_PLENUM 2,PNNL_TSPR_OFFICE_MID_PLENUM 2,SURFACE 211,0.30,1.556,2.678,62.71,62.71,315.00,0.00,
,SURFACE 456,INT-FLOOR-UNDERSIDE,PNNL_TSPR_OFFICE_MID_PLENUM 2,PNNL_TSPR_OFFICE_MID_PLENUM 2,SURFACE 259,0.30,1.556,2.678,139.35,139.35,0.00,0.00,
,SURFACE 458,INT-FLOOR-UNDERSIDE,PNNL_TSPR_OFFICE_MID_PLENUM 2,PNNL_TSPR_OFFICE_MID_PLENUM 2,SURFACE 247,0.30,1.556,2.678,62.71,62.71,315.00,0.00,
,SURFACE 460,INT-FLOOR-UNDERSIDE,PNNL_TSPR_OFFICE_MID_PLENUM 2,PNNL_TSPR_OFFICE_MID_PLENUM 2,SURFACE 295,0.30,1.556,2.678,139.35,139.35,0.00,0.00,
,SURFACE 462,INT-FLOOR-UNDERSIDE,PNNL_TSPR_OFFICE_MID_PLENUM 2,PNNL_TSPR_OFFICE_MID_PLENUM 2,SURFACE 283,0.30,1.556,2.678,62.71,62.71,315.00,0.00,
,SURFACE 464,INT-FLOOR-UNDERSIDE,PNNL_TSPR_OFFICE_MID_PLENUM 2,PNNL_TSPR_OFFICE_MID_PLENUM 2,SURFACE 331,0.30,1.556,2.678,139.35,139.35,0.00,0.00,
,SURFACE 466,INT-FLOOR-UNDERSIDE,PNNL_TSPR_OFFICE_MID_PLENUM 2,PNNL_TSPR_OFFICE_MID_PLENUM 2,SURFACE 319,0.30,1.556,2.678,62.71,62.71,315.00,0.00,
,SURFACE 468,INT-FLOOR-UNDERSIDE,PNNL_TSPR_OFFICE_MID_PLENUM 2,PNNL_TSPR_OFFICE_MID_PLENUM 2,SURFACE 367,0.30,1.556,2.678,139.35,139.35,0.00,0.00,
,SURFACE 470,INT-FLOOR-UNDERSIDE,PNNL_TSPR_OFFICE_MID_PLENUM 2,PNNL_TSPR_OFFICE_MID_PLENUM 2,SURFACE 355,0.30,1.556,2.678,62.71,62.71,315.00,0.00,
,SURFACE 472,INT-FLOOR-UNDERSIDE,PNNL_TSPR_OFFICE_MID_PLENUM 2,PNNL_TSPR_OFFICE_MID_PLENUM 2,SURFACE 403,0.30,1.556,2.678,139.35,139.35,0.00,0.00,
,SURFACE 474,INT-FLOOR-UNDERSIDE,PNNL_TSPR_OFFICE_MID_PLENUM 2,PNNL_TSPR_OFFICE_MID_PLENUM 2,SURFACE 391,0.30,1.556,2.678,62.71,62.71,315.00,0.00,
,SURFACE 90,INT-FLOOR-UNDERSIDE,PNNL_TSPR_OFFICE_MID_PLENUM 2,PNNL_TSPR_OFFICE_MID_PLENUM 2,SURFACE 127,0.30,1.556,2.678,62.71,62.71,90.00,0.00,
,SURFACE 37,INT-FLOOR-TOPSIDE,PNNL_TSPR_OFFICE_TOP_PLENUM,PNNL_TSPR_OFFICE_TOP_PLENUM,SURFACE 48,0.08,1.556,2.678,174.19,174.19,270.00,180.00,
,SURFACE 75,INT-FLOOR-TOPSIDE,PNNL_TSPR_OFFICE_TOP_PLENUM,PNNL_TSPR_OFFICE_TOP_PLENUM,SURFACE 66,0.08,1.556,2.678,90.58,90.58,0.00,180.00,
,SURFACE 78,INT-FLOOR-TOPSIDE,PNNL_TSPR_OFFICE_TOP_PLENUM,PNNL_TSPR_OFFICE_TOP_PLENUM,SURFACE 54,0.08,1.556,2.678,90.58,90.58,0.00,180.00,
,SURFACE 83,INT-FLOOR-TOPSIDE,PNNL_TSPR_OFFICE_TOP_PLENUM,PNNL_TSPR_OFFICE_TOP_PLENUM,SURFACE 72,0.08,1.556,2.678,510.97,510.97,0.00,180.00,
,SURFACE 84,INT-FLOOR-TOPSIDE,PNNL_TSPR_OFFICE_TOP_PLENUM,PNNL_TSPR_OFFICE_TOP_PLENUM,SURFACE 60,0.08,1.556,2.678,174.19,174.19,45.00,180.00,
,SURFACE 42,INT-FLOOR-UNDERSIDE,PNNL_TSPR_OFFICE_TOP_PLENUM,PNNL_TSPR_OFFICE_TOP_PLENUM,SURFACE 91,0.30,1.556,2.678,62.71,62.71,90.00,0.00,
,SURFACE 477,INT-FLOOR-UNDERSIDE,PNNL_TSPR_OFFICE_TOP_PLENUM,PNNL_TSPR_OFFICE_TOP_PLENUM,SURFACE 109,0.30,1.556,2.678,90.58,90.58,0.00,0.00,
,SURFACE 479,INT-FLOOR-UNDERSIDE,PNNL_TSPR_OFFICE_TOP_PLENUM,PNNL_TSPR_OFFICE_TOP_PLENUM,SURFACE 97,0.30,1.556,2.678,90.58,90.58,0.00,0.00,
,SURFACE 480,INT-FLOOR-UNDERSIDE,PNNL_TSPR_OFFICE_TOP_PLENUM,PNNL_TSPR_OFFICE_TOP_PLENUM,SURFACE 115,0.30,1.556,2.678,139.35,139.35,0.00,0.00,
,SURFACE 481,INT-FLOOR-UNDERSIDE,PNNL_TSPR_OFFICE_TOP_PLENUM,PNNL_TSPR_OFFICE_TOP_PLENUM,SURFACE 103,0.30,1.556,2.678,62.71,62.71,315.00,0.00,
,SURFACE 373,INT-FLOOR-TOPSIDE,PNNL_TSPR_OFFICE_TOP_PLENUM 2,PNNL_TSPR_OFFICE_TOP_PLENUM 2,SURFACE 384,0.08,1.556,2.678,62.71,62.71,270.00,180.00,
,SURFACE 425,INT-FLOOR-TOPSIDE,PNNL_TSPR_OFFICE_TOP_PLENUM 2,PNNL_TSPR_OFFICE_TOP_PLENUM 2,SURFACE 402,0.08,1.556,2.678,90.58,90.58,0.00,180.00,
,SURFACE 442,INT-FLOOR-TOPSIDE,PNNL_TSPR_OFFICE_TOP_PLENUM 2,PNNL_TSPR_OFFICE_TOP_PLENUM 2,SURFACE 390,0.08,1.556,2.678,90.58,90.58,0.00,180.00,
,SURFACE 475,INT-FLOOR-TOPSIDE,PNNL_TSPR_OFFICE_TOP_PLENUM 2,PNNL_TSPR_OFFICE_TOP_PLENUM 2,SURFACE 408,0.08,1.556,2.678,139.35,139.35,0.00,180.00,
,SURFACE 476,INT-FLOOR-TOPSIDE,PNNL_TSPR_OFFICE_TOP_PLENUM 2,PNNL_TSPR_OFFICE_TOP_PLENUM 2,SURFACE 396,0.08,1.556,2.678,62.71,62.71,45.00,180.00,


Exterior Fenestration

,,Construction,Zone,Space,Frame and Divider,Glass Area [m2],Frame Area [m2],Divider Area [m2],Area of One Opening [m2],Area of Multiplied Openings [m2],Glass U-Factor [W/m2-K],Glass SHGC,Glass Visible Transmittance,Frame Conductance [W/m2-K],Divider Conductance [W/m2-K],NFRC Product Type,Assembly U-Factor [W/m2-K],Assembly SHGC,Assembly Visible Transmittance,Shade Control,Parent Surface,Azimuth [deg],Tilt [deg],Cardinal Direction
,SUB SURFACE 5,FENESTRATION_1.7034789676901698_0.4171_0.7,BLOCKS-3644_OFFICE_1_EAST PERIMETER,BLOCKS-3644_OFFICE_1_EAST PERIMETER,,46.82,0.00,0.00,46.82,46.82,1.704,0.418,0.703,,,,,,,No,SURFACE 20,90.00,90.00,E
,SUB SURFACE 3,FENESTRATION_1.7034789676901698_0.51_0.7,BLOCKS-3644_OFFICE_1_NORTH PERIMETER,BLOCKS-3644_OFFICE_1_NORTH PERIMETER,,26.76,0.00,0.00,26.76,26.76,1.704,0.511,0.703,,,,,,,No,SURFACE 14,0.00,90.00,N
,SUB SURFACE 7,FENESTRATION_1.7034789676901698_0.4171_0.7,BLOCKS-3644_OFFICE_1_SOUTH PERIMETER,BLOCKS-3644_OFFICE_1_SOUTH PERIMETER,,26.76,0.00,0.00,26.76,26.76,1.704,0.418,0.703,,,,,,,No,SURFACE 26,180.00,90.00,S
,SUB SURFACE 1,FENESTRATION_1.7034789676901698_0.4171_0.7,BLOCKS-3644_OFFICE_1_WEST PERIMETER,BLOCKS-3644_OFFICE_1_WEST PERIMETER,,46.82,0.00,0.00,46.82,46.82,1.704,0.418,0.703,,,,,,,No,SURFACE 8,270.00,90.00,W
,SUB SURFACE 6,FENESTRATION_1.7034789676901698_0.4171_0.7,BLOCKS-3644_OFFICE_2_EAST PERIMETER,BLOCKS-3644_OFFICE_2_EAST PERIMETER,,46.82,0.00,0.00,46.82,46.82,1.704,0.418,0.703,,,,,,,No,SURFACE 56,90.00,90.00,E
,SUB SURFACE 4,FENESTRATION_1.7034789676901698_0.51_0.7,BLOCKS-3644_OFFICE_2_NORTH PERIMETER,BLOCKS-3644_OFFICE_2_NORTH PERIMETER,,26.76,0.00,0.00,26.76,26.76,1.704,0.511,0.703,,,,,,,No,SURFACE 50,0.00,90.00,N
,SUB SURFACE 8,FENESTRATION_1.7034789676901698_0.4171_0.7,BLOCKS-3644_OFFICE_2_SOUTH PERIMETER,BLOCKS-3644_OFFICE_2_SOUTH PERIMETER,,26.76,0.00,0.00,26.76,26.76,1.704,0.418,0.703,,,,,,,No,SURFACE 62,180.00,90.00,S
,SUB SURFACE 2,FENESTRATION_1.7034789676901698_0.4171_0.7,BLOCKS-3644_OFFICE_2_WEST PERIMETER,BLOCKS-3644_OFFICE_2_WEST PERIMETER,,46.82,0.00,0.00,46.82,46.82,1.704,0.418,0.703,,,,,,,No,SURFACE 44,270.00,90.00,W
,SUB SURFACE 27,FENESTRATION_1.7034789676901698_0.4171_0.7,BLOCKS-3645_OFFICE_1_EAST PERIMETER,BLOCKS-3645_OFFICE_1_EAST PERIMETER,,20.07,0.00,0.00,20.07,20.07,1.704,0.418,0.703,,,,,,,No,SURFACE 104,90.00,90.00,E
,SUB SURFACE 18,FENESTRATION_1.7034789676901698_0.51_0.7,BLOCKS-3645_OFFICE_1_NORTH PERIMETER,BLOCKS-3645_OFFICE_1_NORTH PERIMETER,,26.76,0.00,0.00,26.76,26.76,1.704,0.511,0.703,,,,,,,No,SURFACE 98,0.00,90.00,N
,SUB SURFACE 36,FENESTRATION_1.7034789676901698_0.4171_0.7,BLOCKS-3645_OFFICE_1_SOUTH PERIMETER,BLOCKS-3645_OFFICE_1_SOUTH PERIMETER,,26.76,0.00,0.00,26.76,26.76,1.704,0.418,0.703,,,,,,,No,SURFACE 110,180.00,90.00,S
,SUB SURFACE 9,FENESTRATION_1.7034789676901698_0.4171_0.7,BLOCKS-3645_OFFICE_1_WEST PERIMETER,BLOCKS-3645_OFFICE_1_WEST PERIMETER,,20.07,0.00,0.00,20.07,20.07,1.704,0.418,0.703,,,,,,,No,SURFACE 92,270.00,90.00,W
,SUB SURFACE 28,FENESTRATION_1.7034789676901698_0.4171_0.7,BLOCKS-3645_OFFICE_2_EAST PERIMETER,BLOCKS-3645_OFFICE_2_EAST PERIMETER,,20.07,0.00,0.00,20.07,20.07,1.704,0.418,0.703,,,,,,,No,SURFACE 140,90.00,90.00,E
,SUB SURFACE 19,FENESTRATION_1.7034789676901698_0.51_0.7,BLOCKS-3645_OFFICE_2_NORTH PERIMETER,BLOCKS-3645_OFFICE_2_NORTH PERIMETER,,26.76,0.00,0.00,26.76,26.76,1.704,0.511,0.703,,,,,,,No,SURFACE 134,0.00,90.00,N
,SUB SURFACE 37,FENESTRATION_1.7034789676901698_0.4171_0.7,BLOCKS-3645_OFFICE_2_SOUTH PERIMETER,BLOCKS-3645_OFFICE_2_SOUTH PERIMETER,,26.76,0.00,0.00,26.76,26.76,1.704,0.418,0.703,,,,,,,No,SURFACE 146,180.00,90.00,S
,SUB SURFACE 10,FENESTRATION_1.7034789676901698_0.4171_0.7,BLOCKS-3645_OFFICE_2_WEST PERIMETER,BLOCKS-3645_OFFICE_2_WEST PERIMETER,,20.07,0.00,0.00,20.07,20.07,1.704,0.418,0.703,,,,,,,No,SURFACE 128,270.00,90.00,W
,SUB SURFACE 29,FENESTRATION_1.7034789676901698_0.4171_0.7,BLOCKS-3645_OFFICE_3_EAST PERIMETER,BLOCKS-3645_OFFICE_3_EAST PERIMETER,,20.07,0.00,0.00,20.07,20.07,1.704,0.418,0.703,,,,,,,No,SURFACE 176,90.00,90.00,E
,SUB SURFACE 20,FENESTRATION_1.7034789676901698_0.51_0.7,BLOCKS-3645_OFFICE_3_NORTH PERIMETER,BLOCKS-3645_OFFICE_3_NORTH PERIMETER,,26.76,0.00,0.00,26.76,26.76,1.704,0.511,0.703,,,,,,,No,SURFACE 170,0.00,90.00,N
,SUB SURFACE 38,FENESTRATION_1.7034789676901698_0.4171_0.7,BLOCKS-3645_OFFICE_3_SOUTH PERIMETER,BLOCKS-3645_OFFICE_3_SOUTH PERIMETER,,26.76,0.00,0.00,26.76,26.76,1.704,0.418,0.703,,,,,,,No,SURFACE 182,180.00,90.00,S
,SUB SURFACE 11,FENESTRATION_1.7034789676901698_0.4171_0.7,BLOCKS-3645_OFFICE_3_WEST PERIMETER,BLOCKS-3645_OFFICE_3_WEST PERIMETER,,20.07,0.00,0.00,20.07,20.07,1.704,0.418,0.703,,,,,,,No,SURFACE 164,270.00,90.00,W
,SUB SURFACE 30,FENESTRATION_1.7034789676901698_0.4171_0.7,BLOCKS-3645_OFFICE_4_EAST PERIMETER,BLOCKS-3645_OFFICE_4_EAST PERIMETER,,20.07,0.00,0.00,20.07,20.07,1.704,0.418,0.703,,,,,,,No,SURFACE 212,90.00,90.00,E
,SUB SURFACE 21,FENESTRATION_1.7034789676901698_0.51_0.7,BLOCKS-3645_OFFICE_4_NORTH PERIMETER,BLOCKS-3645_OFFICE_4_NORTH PERIMETER,,26.76,0.00,0.00,26.76,26.76,1.704,0.511,0.703,,,,,,,No,SURFACE 206,0.00,90.00,N
,SUB SURFACE 39,FENESTRATION_1.7034789676901698_0.4171_0.7,BLOCKS-3645_OFFICE_4_SOUTH PERIMETER,BLOCKS-3645_OFFICE_4_SOUTH PERIMETER,,26.76,0.00,0.00,26.76,26.76,1.704,0.418,0.703,,,,,,,No,SURFACE 218,180.00,90.00,S
,SUB SURFACE 12,FENESTRATION_1.7034789676901698_0.4171_0.7,BLOCKS-3645_OFFICE_4_WEST PERIMETER,BLOCKS-3645_OFFICE_4_WEST PERIMETER,,20.07,0.00,0.00,20.07,20.07,1.704,0.418,0.703,,,,,,,No,SURFACE 200,270.00,90.00,W
,SUB SURFACE 31,FENESTRATION_1.7034789676901698_0.4171_0.7,BLOCKS-3645_OFFICE_5_EAST PERIMETER,BLOCKS-3645_OFFICE_5_EAST PERIMETER,,20.07,0.00,0.00,20.07,20.07,1.704,0.418,0.703,,,,,,,No,SURFACE 248,90.00,90.00,E
,SUB SURFACE 22,FENESTRATION_1.7034789676901698_0.51_0.7,BLOCKS-3645_OFFICE_5_NORTH PERIMETER,BLOCKS-3645_OFFICE_5_NORTH PERIMETER,,26.76,0.00,0.00,26.76,26.76,1.704,0.511,0.703,,,,,,,No,SURFACE 242,0.00,90.00,N
,SUB SURFACE 40,FENESTRATION_1.7034789676901698_0.4171_0.7,BLOCKS-3645_OFFICE_5_SOUTH PERIMETER,BLOCKS-3645_OFFICE_5_SOUTH PERIMETER,,26.76,0.00,0.00,26.76,26.76,1.704,0.418,0.703,,,,,,,No,SURFACE 254,180.00,90.00,S
,SUB SURFACE 13,FENESTRATION_1.7034789676901698_0.4171_0.7,BLOCKS-3645_OFFICE_5_WEST PERIMETER,BLOCKS-3645_OFFICE_5_WEST PERIMETER,,20.07,0.00,0.00,20.07,20.07,1.704,0.418,0.703,,,,,,,No,SURFACE 236,270.00,90.00,W
,SUB SURFACE 32,FENESTRATION_1.7034789676901698_0.4171_0.7,BLOCKS-3645_OFFICE_6_EAST PERIMETER,BLOCKS-3645_OFFICE_6_EAST PERIMETER,,20.07,0.00,0.00,20.07,20.07,1.704,0.418,0.703,,,,,,,No,SURFACE 284,90.00,90.00,E
,SUB SURFACE 23,FENESTRATION_1.7034789676901698_0.51_0.7,BLOCKS-3645_OFFICE_6_NORTH PERIMETER,BLOCKS-3645_OFFICE_6_NORTH PERIMETER,,26.76,0.00,0.00,26.76,26.76,1.704,0.511,0.703,,,,,,,No,SURFACE 278,0.00,90.00,N
,SUB SURFACE 41,FENESTRATION_1.7034789676901698_0.4171_0.7,BLOCKS-3645_OFFICE_6_SOUTH PERIMETER,BLOCKS-3645_OFFICE_6_SOUTH PERIMETER,,26.76,0.00,0.00,26.76,26.76,1.704,0.418,0.703,,,,,,,No,SURFACE 290,180.00,90.00,S
,SUB SURFACE 14,FENESTRATION_1.7034789676901698_0.4171_0.7,BLOCKS-3645_OFFICE_6_WEST PERIMETER,BLOCKS-3645_OFFICE_6_WEST PERIMETER,,20.07,0.00,0.00,20.07,20.07,1.704,0.418,0.703,,,,,,,No,SURFACE 272,270.00,90.00,W
,SUB SURFACE 33,FENESTRATION_1.7034789676901698_0.4171_0.7,BLOCKS-3645_OFFICE_7_EAST PERIMETER,BLOCKS-3645_OFFICE_7_EAST PERIMETER,,20.07,0.00,0.00,20.07,20.07,1.704,0.418,0.703,,,,,,,No,SURFACE 320,90.00,90.00,E
,SUB SURFACE 24,FENESTRATION_1.7034789676901698_0.51_0.7,BLOCKS-3645_OFFICE_7_NORTH PERIMETER,BLOCKS-3645_OFFICE_7_NORTH PERIMETER,,26.76,0.00,0.00,26.76,26.76,1.704,0.511,0.703,,,,,,,No,SURFACE 314,0.00,90.00,N
,SUB SURFACE 42,FENESTRATION_1.7034789676901698_0.4171_0.7,BLOCKS-3645_OFFICE_7_SOUTH PERIMETER,BLOCKS-3645_OFFICE_7_SOUTH PERIMETER,,26.76,0.00,0.00,26.76,26.76,1.704,0.418,0.703,,,,,,,No,SURFACE 326,180.00,90.00,S
,SUB SURFACE 15,FENESTRATION_1.7034789676901698_0.4171_0.7,BLOCKS-3645_OFFICE_7_WEST PERIMETER,BLOCKS-3645_OFFICE_7_WEST PERIMETER,,20.07,0.00,0.00,20.07,20.07,1.704,0.418,0.703,,,,,,,No,SURFACE 308,270.00,90.00,W
,SUB SURFACE 34,FENESTRATION_1.7034789676901698_0.4171_0.7,BLOCKS-3645_OFFICE_8_EAST PERIMETER,BLOCKS-3645_OFFICE_8_EAST PERIMETER,,20.07,0.00,0.00,20.07,20.07,1.704,0.418,0.703,,,,,,,No,SURFACE 356,90.00,90.00,E
,SUB SURFACE 25,FENESTRATION_1.7034789676901698_0.51_0.7,BLOCKS-3645_OFFICE_8_NORTH PERIMETER,BLOCKS-3645_OFFICE_8_NORTH PERIMETER,,26.76,0.00,0.00,26.76,26.76,1.704,0.511,0.703,,,,,,,No,SURFACE 350,0.00,90.00,N
,SUB SURFACE 43,FENESTRATION_1.7034789676901698_0.4171_0.7,BLOCKS-3645_OFFICE_8_SOUTH PERIMETER,BLOCKS-3645_OFFICE_8_SOUTH PERIMETER,,26.76,0.00,0.00,26.76,26.76,1.704,0.418,0.703,,,,,,,No,SURFACE 362,180.00,90.00,S
,SUB SURFACE 16,FENESTRATION_1.7034789676901698_0.4171_0.7,BLOCKS-3645_OFFICE_8_WEST PERIMETER,BLOCKS-3645_OFFICE_8_WEST PERIMETER,,20.07,0.00,0.00,20.07,20.07,1.704,0.418,0.703,,,,,,,No,SURFACE 344,270.00,90.00,W
,SUB SURFACE 35,FENESTRATION_1.7034789676901698_0.4171_0.7,BLOCKS-3645_OFFICE_9_EAST PERIMETER,BLOCKS-3645_OFFICE_9_EAST PERIMETER,,20.07,0.00,0.00,20.07,20.07,1.704,0.418,0.703,,,,,,,No,SURFACE 392,90.00,90.00,E
,SUB SURFACE 26,FENESTRATION_1.7034789676901698_0.51_0.7,BLOCKS-3645_OFFICE_9_NORTH PERIMETER,BLOCKS-3645_OFFICE_9_NORTH PERIMETER,,26.76,0.00,0.00,26.76,26.76,1.704,0.511,0.703,,,,,,,No,SURFACE 386,0.00,90.00,N
,SUB SURFACE 44,FENESTRATION_1.7034789676901698_0.4171_0.7,BLOCKS-3645_OFFICE_9_SOUTH PERIMETER,BLOCKS-3645_OFFICE_9_SOUTH PERIMETER,,26.76,0.00,0.00,26.76,26.76,1.704,0.418,0.703,,,,,,,No,SURFACE 398,180.00,90.00,S
,SUB SURFACE 17,FENESTRATION_1.7034789676901698_0.4171_0.7,BLOCKS-3645_OFFICE_9_WEST PERIMETER,BLOCKS-3645_OFFICE_9_WEST PERIMETER,,20.07,0.00,0.00,20.07,20.07,1.704,0.418,0.703,,,,,,,No,SURFACE 380,270.00,90.00,W
,Total or Average,,,,,,,,,1137.13,1.704,0.442,0.703,,,,,,,,,,,
,North Total or Average,,,,,,,,,294.32,1.704,0.511,0.703,,,,,,,,,,,
,Non-North Total or Average,,,,,,,,,842.82,1.704,0.418,0.703,,,,,,,,,,,


Exterior Fenestration Shaded State

,,Frame and Divider,Glass U-Factor [W/m2-K],Glass SHGC,Glass Visible Transmittance,NFRC Product Type,Assembly U-Factor [W/m2-K],Assembly SHGC,Assembly Visible Transmittance
,None,,,,,,,,


Interior Fenestration

,,Construction,Zone,Space,Area of One Opening [m2],Area of Openings [m2],Glass U-Factor [W/m2-K],Glass SHGC,Glass Visible Transmittance,Parent Surface
,Total or Average,,,,,0.00,-,-,-,


Exterior Door

,,Construction,Zone,Space,U-Factor with Film [W/m2-K],U-Factor no Film [W/m2-K],Gross Area [m2],Parent Surface
,None,,,,,,,


Interior Door

,,Construction,Zone,Space,U-Factor with Film [W/m2-K],U-Factor no Film [W/m2-K],Gross Area [m2],Parent Surface
,None,,,,,,,


Opaque Construction Layers

,,Layer 1,Layer 2,Layer 3,Layer 4,Layer 5,Layer 6,Layer 7,Layer 8,Layer 9,Layer 10
,IEAD_METAL_DECK,Roof Membrane,IEAD Roof Insulation,Metal Decking,,,,,,,
,INT-FLOOR-TOPSIDE,1/2IN Gypsum,4IN CONCRETE HW,CP02 CARPET PAD,,,,,,,
,INT-FLOOR-UNDERSIDE,CP02 CARPET PAD,4IN CONCRETE HW,1/2IN Gypsum,,,,,,,
,SIDING_STEEL_FRAME_WALL,Wood Siding,Steel Frame Wall Insulation,1/2IN Gypsum,,,,,,,
,STANDARD_INT-WALL,1/2IN Gypsum,1/2IN Gypsum,,,,,,,,
,CONSTRUCTION FFACTOR GROUND FLOOR 2,~FC_Insulation_2,~FC_Concrete,,,,,,,,
,CONSTRUCTION FFACTOR GROUND FLOOR 3,~FC_Insulation_3,~FC_Concrete,,,,,,,,
,CONSTRUCTION FFACTOR GROUND FLOOR 4,~FC_Insulation_4,~FC_Concrete,,,,,,,,


----------------------------------------------------------------------------------------------------
REPORT:,Lighting Summary
FOR:,Entire Facility
Interior Lighting

,,Zone Name,Space Name,Space Type,Lighting Power Density [W/m2],Space Area [m2],Total Power [W],End Use Subcategory,Schedule Name,Scheduled Hours/Week [hr],Hours/Week > 1% [hr],Full Load Hours/Week [hr],Return Air Fraction,Conditioned (Y/N),Consumption [GJ]
,PNNL_TSPR_OFFICE_LIGHTS 5,BLOCKS-3644_OFFICE_1_CORE,BLOCKS-3644_OFFICE_1_CORE,GENERAL,7.1034,510.97,3629.62,General,PNNL_TSPR_OFFICE_LIGHTING_SCHEDULE,56.55,168.00,56.55,0.0000,Y,38.53
,PNNL_TSPR_OFFICE_LIGHTS 3,BLOCKS-3644_OFFICE_1_EAST PERIMETER,BLOCKS-3644_OFFICE_1_EAST PERIMETER,GENERAL,7.1034,174.19,1237.37,General,PNNL_TSPR_OFFICE_LIGHTING_SCHEDULE,56.55,168.00,56.55,0.0000,Y,13.13
,PNNL_TSPR_OFFICE_LIGHTS 2,BLOCKS-3644_OFFICE_1_NORTH PERIMETER,BLOCKS-3644_OFFICE_1_NORTH PERIMETER,GENERAL,7.1034,90.58,643.43,General,PNNL_TSPR_OFFICE_LIGHTING_SCHEDULE,56.55,168.00,56.55,0.0000,Y,6.83
,PNNL_TSPR_OFFICE_LIGHTS 4,BLOCKS-3644_OFFICE_1_SOUTH PERIMETER,BLOCKS-3644_OFFICE_1_SOUTH PERIMETER,GENERAL,7.1034,90.58,643.43,General,PNNL_TSPR_OFFICE_LIGHTING_SCHEDULE,56.55,168.00,56.55,0.0000,Y,6.83
,PNNL_TSPR_OFFICE_LIGHTS 1,BLOCKS-3644_OFFICE_1_WEST PERIMETER,BLOCKS-3644_OFFICE_1_WEST PERIMETER,GENERAL,7.1034,174.19,1237.37,General,PNNL_TSPR_OFFICE_LIGHTING_SCHEDULE,56.55,168.00,56.55,0.0000,Y,13.13
,PNNL_TSPR_OFFICE_LIGHTS 10,BLOCKS-3644_OFFICE_2_CORE,BLOCKS-3644_OFFICE_2_CORE,GENERAL,7.1034,510.97,3629.62,General,PNNL_TSPR_OFFICE_LIGHTING_SCHEDULE,56.55,168.00,56.55,0.0000,Y,38.53
,PNNL_TSPR_OFFICE_LIGHTS 8,BLOCKS-3644_OFFICE_2_EAST PERIMETER,BLOCKS-3644_OFFICE_2_EAST PERIMETER,GENERAL,7.1034,174.19,1237.37,General,PNNL_TSPR_OFFICE_LIGHTING_SCHEDULE,56.55,168.00,56.55,0.0000,Y,13.13
,PNNL_TSPR_OFFICE_LIGHTS 7,BLOCKS-3644_OFFICE_2_NORTH PERIMETER,BLOCKS-3644_OFFICE_2_NORTH PERIMETER,GENERAL,7.1034,90.58,643.43,General,PNNL_TSPR_OFFICE_LIGHTING_SCHEDULE,56.55,168.00,56.55,0.0000,Y,6.83
,PNNL_TSPR_OFFICE_LIGHTS 9,BLOCKS-3644_OFFICE_2_SOUTH PERIMETER,BLOCKS-3644_OFFICE_2_SOUTH PERIMETER,GENERAL,7.1034,90.58,643.43,General,PNNL_TSPR_OFFICE_LIGHTING_SCHEDULE,56.55,168.00,56.55,0.0000,Y,6.83
,PNNL_TSPR_OFFICE_LIGHTS 6,BLOCKS-3644_OFFICE_2_WEST PERIMETER,BLOCKS-3644_OFFICE_2_WEST PERIMETER,GENERAL,7.1034,174.19,1237.37,General,PNNL_TSPR_OFFICE_LIGHTING_SCHEDULE,56.55,168.00,56.55,0.0000,Y,13.13
,PNNL_TSPR_OFFICE_LIGHTS 15,BLOCKS-3645_OFFICE_1_CORE,BLOCKS-3645_OFFICE_1_CORE,GENERAL,7.1041,139.35,989.99,General,PNNL_TSPR_OFFICE_LIGHTING_SCHEDULE,56.55,168.00,56.55,0.0000,Y,10.51
,PNNL_TSPR_OFFICE_LIGHTS 13,BLOCKS-3645_OFFICE_1_EAST PERIMETER,BLOCKS-3645_OFFICE_1_EAST PERIMETER,GENERAL,7.1041,62.71,445.50,General,PNNL_TSPR_OFFICE_LIGHTING_SCHEDULE,56.55,168.00,56.55,0.0000,Y,4.73
,PNNL_TSPR_OFFICE_LIGHTS 12,BLOCKS-3645_OFFICE_1_NORTH PERIMETER,BLOCKS-3645_OFFICE_1_NORTH PERIMETER,GENERAL,7.1041,90.58,643.50,General,PNNL_TSPR_OFFICE_LIGHTING_SCHEDULE,56.55,168.00,56.55,0.0000,Y,6.83
,PNNL_TSPR_OFFICE_LIGHTS 14,BLOCKS-3645_OFFICE_1_SOUTH PERIMETER,BLOCKS-3645_OFFICE_1_SOUTH PERIMETER,GENERAL,7.1041,90.58,643.50,General,PNNL_TSPR_OFFICE_LIGHTING_SCHEDULE,56.55,168.00,56.55,0.0000,Y,6.83
,PNNL_TSPR_OFFICE_LIGHTS 11,BLOCKS-3645_OFFICE_1_WEST PERIMETER,BLOCKS-3645_OFFICE_1_WEST PERIMETER,GENERAL,7.1041,62.71,445.50,General,PNNL_TSPR_OFFICE_LIGHTING_SCHEDULE,56.55,168.00,56.55,0.0000,Y,4.73
,PNNL_TSPR_OFFICE_LIGHTS 20,BLOCKS-3645_OFFICE_2_CORE,BLOCKS-3645_OFFICE_2_CORE,GENERAL,7.1041,139.35,989.99,General,PNNL_TSPR_OFFICE_LIGHTING_SCHEDULE,56.55,168.00,56.55,0.0000,Y,10.51
,PNNL_TSPR_OFFICE_LIGHTS 18,BLOCKS-3645_OFFICE_2_EAST PERIMETER,BLOCKS-3645_OFFICE_2_EAST PERIMETER,GENERAL,7.1041,62.71,445.50,General,PNNL_TSPR_OFFICE_LIGHTING_SCHEDULE,56.55,168.00,56.55,0.0000,Y,4.73
,PNNL_TSPR_OFFICE_LIGHTS 17,BLOCKS-3645_OFFICE_2_NORTH PERIMETER,BLOCKS-3645_OFFICE_2_NORTH PERIMETER,GENERAL,7.1041,90.58,643.50,General,PNNL_TSPR_OFFICE_LIGHTING_SCHEDULE,56.55,168.00,56.55,0.0000,Y,6.83
,PNNL_TSPR_OFFICE_LIGHTS 19,BLOCKS-3645_OFFICE_2_SOUTH PERIMETER,BLOCKS-3645_OFFICE_2_SOUTH PERIMETER,GENERAL,7.1041,90.58,643.50,General,PNNL_TSPR_OFFICE_LIGHTING_SCHEDULE,56.55,168.00,56.55,0.0000,Y,6.83
,PNNL_TSPR_OFFICE_LIGHTS 16,BLOCKS-3645_OFFICE_2_WEST PERIMETER,BLOCKS-3645_OFFICE_2_WEST PERIMETER,GENERAL,7.1041,62.71,445.50,General,PNNL_TSPR_OFFICE_LIGHTING_SCHEDULE,56.55,168.00,56.55,0.0000,Y,4.73
,PNNL_TSPR_OFFICE_LIGHTS 25,BLOCKS-3645_OFFICE_3_CORE,BLOCKS-3645_OFFICE_3_CORE,GENERAL,7.1041,139.35,989.99,General,PNNL_TSPR_OFFICE_LIGHTING_SCHEDULE,56.55,168.00,56.55,0.0000,Y,10.51
,PNNL_TSPR_OFFICE_LIGHTS 23,BLOCKS-3645_OFFICE_3_EAST PERIMETER,BLOCKS-3645_OFFICE_3_EAST PERIMETER,GENERAL,7.1041,62.71,445.50,General,PNNL_TSPR_OFFICE_LIGHTING_SCHEDULE,56.55,168.00,56.55,0.0000,Y,4.73
,PNNL_TSPR_OFFICE_LIGHTS 22,BLOCKS-3645_OFFICE_3_NORTH PERIMETER,BLOCKS-3645_OFFICE_3_NORTH PERIMETER,GENERAL,7.1041,90.58,643.50,General,PNNL_TSPR_OFFICE_LIGHTING_SCHEDULE,56.55,168.00,56.55,0.0000,Y,6.83
,PNNL_TSPR_OFFICE_LIGHTS 24,BLOCKS-3645_OFFICE_3_SOUTH PERIMETER,BLOCKS-3645_OFFICE_3_SOUTH PERIMETER,GENERAL,7.1041,90.58,643.50,General,PNNL_TSPR_OFFICE_LIGHTING_SCHEDULE,56.55,168.00,56.55,0.0000,Y,6.83
,PNNL_TSPR_OFFICE_LIGHTS 21,BLOCKS-3645_OFFICE_3_WEST PERIMETER,BLOCKS-3645_OFFICE_3_WEST PERIMETER,GENERAL,7.1041,62.71,445.50,General,PNNL_TSPR_OFFICE_LIGHTING_SCHEDULE,56.55,168.00,56.55,0.0000,Y,4.73
,PNNL_TSPR_OFFICE_LIGHTS 30,BLOCKS-3645_OFFICE_4_CORE,BLOCKS-3645_OFFICE_4_CORE,GENERAL,7.1041,139.35,989.99,General,PNNL_TSPR_OFFICE_LIGHTING_SCHEDULE,56.55,168.00,56.55,0.0000,Y,10.51
,PNNL_TSPR_OFFICE_LIGHTS 28,BLOCKS-3645_OFFICE_4_EAST PERIMETER,BLOCKS-3645_OFFICE_4_EAST PERIMETER,GENERAL,7.1041,62.71,445.50,General,PNNL_TSPR_OFFICE_LIGHTING_SCHEDULE,56.55,168.00,56.55,0.0000,Y,4.73
,PNNL_TSPR_OFFICE_LIGHTS 27,BLOCKS-3645_OFFICE_4_NORTH PERIMETER,BLOCKS-3645_OFFICE_4_NORTH PERIMETER,GENERAL,7.1041,90.58,643.50,General,PNNL_TSPR_OFFICE_LIGHTING_SCHEDULE,56.55,168.00,56.55,0.0000,Y,6.83
,PNNL_TSPR_OFFICE_LIGHTS 29,BLOCKS-3645_OFFICE_4_SOUTH PERIMETER,BLOCKS-3645_OFFICE_4_SOUTH PERIMETER,GENERAL,7.1041,90.58,643.50,General,PNNL_TSPR_OFFICE_LIGHTING_SCHEDULE,56.55,168.00,56.55,0.0000,Y,6.83
,PNNL_TSPR_OFFICE_LIGHTS 26,BLOCKS-3645_OFFICE_4_WEST PERIMETER,BLOCKS-3645_OFFICE_4_WEST PERIMETER,GENERAL,7.1041,62.71,445.50,General,PNNL_TSPR_OFFICE_LIGHTING_SCHEDULE,56.55,168.00,56.55,0.0000,Y,4.73
,PNNL_TSPR_OFFICE_LIGHTS 35,BLOCKS-3645_OFFICE_5_CORE,BLOCKS-3645_OFFICE_5_CORE,GENERAL,7.1041,139.35,989.99,General,PNNL_TSPR_OFFICE_LIGHTING_SCHEDULE,56.55,168.00,56.55,0.0000,Y,10.51
,PNNL_TSPR_OFFICE_LIGHTS 33,BLOCKS-3645_OFFICE_5_EAST PERIMETER,BLOCKS-3645_OFFICE_5_EAST PERIMETER,GENERAL,7.1041,62.71,445.50,General,PNNL_TSPR_OFFICE_LIGHTING_SCHEDULE,56.55,168.00,56.55,0.0000,Y,4.73
,PNNL_TSPR_OFFICE_LIGHTS 32,BLOCKS-3645_OFFICE_5_NORTH PERIMETER,BLOCKS-3645_OFFICE_5_NORTH PERIMETER,GENERAL,7.1041,90.58,643.50,General,PNNL_TSPR_OFFICE_LIGHTING_SCHEDULE,56.55,168.00,56.55,0.0000,Y,6.83
,PNNL_TSPR_OFFICE_LIGHTS 34,BLOCKS-3645_OFFICE_5_SOUTH PERIMETER,BLOCKS-3645_OFFICE_5_SOUTH PERIMETER,GENERAL,7.1041,90.58,643.50,General,PNNL_TSPR_OFFICE_LIGHTING_SCHEDULE,56.55,168.00,56.55,0.0000,Y,6.83
,PNNL_TSPR_OFFICE_LIGHTS 31,BLOCKS-3645_OFFICE_5_WEST PERIMETER,BLOCKS-3645_OFFICE_5_WEST PERIMETER,GENERAL,7.1041,62.71,445.50,General,PNNL_TSPR_OFFICE_LIGHTING_SCHEDULE,56.55,168.00,56.55,0.0000,Y,4.73
,PNNL_TSPR_OFFICE_LIGHTS 40,BLOCKS-3645_OFFICE_6_CORE,BLOCKS-3645_OFFICE_6_CORE,GENERAL,7.1041,139.35,989.99,General,PNNL_TSPR_OFFICE_LIGHTING_SCHEDULE,56.55,168.00,56.55,0.0000,Y,10.51
,PNNL_TSPR_OFFICE_LIGHTS 38,BLOCKS-3645_OFFICE_6_EAST PERIMETER,BLOCKS-3645_OFFICE_6_EAST PERIMETER,GENERAL,7.1041,62.71,445.50,General,PNNL_TSPR_OFFICE_LIGHTING_SCHEDULE,56.55,168.00,56.55,0.0000,Y,4.73
,PNNL_TSPR_OFFICE_LIGHTS 37,BLOCKS-3645_OFFICE_6_NORTH PERIMETER,BLOCKS-3645_OFFICE_6_NORTH PERIMETER,GENERAL,7.1041,90.58,643.50,General,PNNL_TSPR_OFFICE_LIGHTING_SCHEDULE,56.55,168.00,56.55,0.0000,Y,6.83
,PNNL_TSPR_OFFICE_LIGHTS 39,BLOCKS-3645_OFFICE_6_SOUTH PERIMETER,BLOCKS-3645_OFFICE_6_SOUTH PERIMETER,GENERAL,7.1041,90.58,643.50,General,PNNL_TSPR_OFFICE_LIGHTING_SCHEDULE,56.55,168.00,56.55,0.0000,Y,6.83
,PNNL_TSPR_OFFICE_LIGHTS 36,BLOCKS-3645_OFFICE_6_WEST PERIMETER,BLOCKS-3645_OFFICE_6_WEST PERIMETER,GENERAL,7.1041,62.71,445.50,General,PNNL_TSPR_OFFICE_LIGHTING_SCHEDULE,56.55,168.00,56.55,0.0000,Y,4.73
,PNNL_TSPR_OFFICE_LIGHTS 45,BLOCKS-3645_OFFICE_7_CORE,BLOCKS-3645_OFFICE_7_CORE,GENERAL,7.1041,139.35,989.99,General,PNNL_TSPR_OFFICE_LIGHTING_SCHEDULE,56.55,168.00,56.55,0.0000,Y,10.51
,PNNL_TSPR_OFFICE_LIGHTS 43,BLOCKS-3645_OFFICE_7_EAST PERIMETER,BLOCKS-3645_OFFICE_7_EAST PERIMETER,GENERAL,7.1041,62.71,445.50,General,PNNL_TSPR_OFFICE_LIGHTING_SCHEDULE,56.55,168.00,56.55,0.0000,Y,4.73
,PNNL_TSPR_OFFICE_LIGHTS 42,BLOCKS-3645_OFFICE_7_NORTH PERIMETER,BLOCKS-3645_OFFICE_7_NORTH PERIMETER,GENERAL,7.1041,90.58,643.50,General,PNNL_TSPR_OFFICE_LIGHTING_SCHEDULE,56.55,168.00,56.55,0.0000,Y,6.83
,PNNL_TSPR_OFFICE_LIGHTS 44,BLOCKS-3645_OFFICE_7_SOUTH PERIMETER,BLOCKS-3645_OFFICE_7_SOUTH PERIMETER,GENERAL,7.1041,90.58,643.50,General,PNNL_TSPR_OFFICE_LIGHTING_SCHEDULE,56.55,168.00,56.55,0.0000,Y,6.83
,PNNL_TSPR_OFFICE_LIGHTS 41,BLOCKS-3645_OFFICE_7_WEST PERIMETER,BLOCKS-3645_OFFICE_7_WEST PERIMETER,GENERAL,7.1041,62.71,445.50,General,PNNL_TSPR_OFFICE_LIGHTING_SCHEDULE,56.55,168.00,56.55,0.0000,Y,4.73
,PNNL_TSPR_OFFICE_LIGHTS 50,BLOCKS-3645_OFFICE_8_CORE,BLOCKS-3645_OFFICE_8_CORE,GENERAL,7.1041,139.35,989.99,General,PNNL_TSPR_OFFICE_LIGHTING_SCHEDULE,56.55,168.00,56.55,0.0000,Y,10.51
,PNNL_TSPR_OFFICE_LIGHTS 48,BLOCKS-3645_OFFICE_8_EAST PERIMETER,BLOCKS-3645_OFFICE_8_EAST PERIMETER,GENERAL,7.1041,62.71,445.50,General,PNNL_TSPR_OFFICE_LIGHTING_SCHEDULE,56.55,168.00,56.55,0.0000,Y,4.73
,PNNL_TSPR_OFFICE_LIGHTS 47,BLOCKS-3645_OFFICE_8_NORTH PERIMETER,BLOCKS-3645_OFFICE_8_NORTH PERIMETER,GENERAL,7.1041,90.58,643.50,General,PNNL_TSPR_OFFICE_LIGHTING_SCHEDULE,56.55,168.00,56.55,0.0000,Y,6.83
,PNNL_TSPR_OFFICE_LIGHTS 49,BLOCKS-3645_OFFICE_8_SOUTH PERIMETER,BLOCKS-3645_OFFICE_8_SOUTH PERIMETER,GENERAL,7.1041,90.58,643.50,General,PNNL_TSPR_OFFICE_LIGHTING_SCHEDULE,56.55,168.00,56.55,0.0000,Y,6.83
,PNNL_TSPR_OFFICE_LIGHTS 46,BLOCKS-3645_OFFICE_8_WEST PERIMETER,BLOCKS-3645_OFFICE_8_WEST PERIMETER,GENERAL,7.1041,62.71,445.50,General,PNNL_TSPR_OFFICE_LIGHTING_SCHEDULE,56.55,168.00,56.55,0.0000,Y,4.73
,PNNL_TSPR_OFFICE_LIGHTS 55,BLOCKS-3645_OFFICE_9_CORE,BLOCKS-3645_OFFICE_9_CORE,GENERAL,7.1041,139.35,989.99,General,PNNL_TSPR_OFFICE_LIGHTING_SCHEDULE,56.55,168.00,56.55,0.0000,Y,10.51
,PNNL_TSPR_OFFICE_LIGHTS 53,BLOCKS-3645_OFFICE_9_EAST PERIMETER,BLOCKS-3645_OFFICE_9_EAST PERIMETER,GENERAL,7.1041,62.71,445.50,General,PNNL_TSPR_OFFICE_LIGHTING_SCHEDULE,56.55,168.00,56.55,0.0000,Y,4.73
,PNNL_TSPR_OFFICE_LIGHTS 52,BLOCKS-3645_OFFICE_9_NORTH PERIMETER,BLOCKS-3645_OFFICE_9_NORTH PERIMETER,GENERAL,7.1041,90.58,643.50,General,PNNL_TSPR_OFFICE_LIGHTING_SCHEDULE,56.55,168.00,56.55,0.0000,Y,6.83
,PNNL_TSPR_OFFICE_LIGHTS 54,BLOCKS-3645_OFFICE_9_SOUTH PERIMETER,BLOCKS-3645_OFFICE_9_SOUTH PERIMETER,GENERAL,7.1041,90.58,643.50,General,PNNL_TSPR_OFFICE_LIGHTING_SCHEDULE,56.55,168.00,56.55,0.0000,Y,6.83
,PNNL_TSPR_OFFICE_LIGHTS 51,BLOCKS-3645_OFFICE_9_WEST PERIMETER,BLOCKS-3645_OFFICE_9_WEST PERIMETER,GENERAL,7.1041,62.71,445.50,General,PNNL_TSPR_OFFICE_LIGHTING_SCHEDULE,56.55,168.00,56.55,0.0000,Y,4.73
,BLOCKS-3645_OFFICE_1_CORE PNNL_TSPR_OFFICE_LIGHTS 59,BLOCKS-3645_OFFICE_1_CORE,BLOCKS-3645_OFFICE_1_CORE,GENERAL,0.0000,139.35,0.00,General,PNNL_TSPR_OFFICE_LIGHTING_SCHEDULE,56.55,0.00,,0.0000,Y,0.00
,BLOCKS-3645_OFFICE_1_EAST PERIMETER PNNL_TSPR_OFFICE_LIGHTS 59,BLOCKS-3645_OFFICE_1_EAST PERIMETER,BLOCKS-3645_OFFICE_1_EAST PERIMETER,GENERAL,0.0000,62.71,0.00,General,PNNL_TSPR_OFFICE_LIGHTING_SCHEDULE,56.55,0.00,,0.0000,Y,0.00
,BLOCKS-3645_OFFICE_1_NORTH PERIMETER PNNL_TSPR_OFFICE_LIGHTS 59,BLOCKS-3645_OFFICE_1_NORTH PERIMETER,BLOCKS-3645_OFFICE_1_NORTH PERIMETER,GENERAL,0.0000,90.58,0.00,General,PNNL_TSPR_OFFICE_LIGHTING_SCHEDULE,56.55,0.00,,0.0000,Y,0.00
,BLOCKS-3645_OFFICE_1_SOUTH PERIMETER PNNL_TSPR_OFFICE_LIGHTS 59,BLOCKS-3645_OFFICE_1_SOUTH PERIMETER,BLOCKS-3645_OFFICE_1_SOUTH PERIMETER,GENERAL,0.0000,90.58,0.00,General,PNNL_TSPR_OFFICE_LIGHTING_SCHEDULE,56.55,0.00,,0.0000,Y,0.00
,BLOCKS-3645_OFFICE_1_WEST PERIMETER PNNL_TSPR_OFFICE_LIGHTS 59,BLOCKS-3645_OFFICE_1_WEST PERIMETER,BLOCKS-3645_OFFICE_1_WEST PERIMETER,GENERAL,0.0000,62.71,0.00,General,PNNL_TSPR_OFFICE_LIGHTING_SCHEDULE,56.55,0.00,,0.0000,Y,0.00
,BLOCKS-3645_OFFICE_2_CORE PNNL_TSPR_OFFICE_LIGHTS 59,BLOCKS-3645_OFFICE_2_CORE,BLOCKS-3645_OFFICE_2_CORE,GENERAL,0.0000,139.35,0.00,General,PNNL_TSPR_OFFICE_LIGHTING_SCHEDULE,56.55,0.00,,0.0000,Y,0.00
,BLOCKS-3645_OFFICE_2_EAST PERIMETER PNNL_TSPR_OFFICE_LIGHTS 59,BLOCKS-3645_OFFICE_2_EAST PERIMETER,BLOCKS-3645_OFFICE_2_EAST PERIMETER,GENERAL,0.0000,62.71,0.00,General,PNNL_TSPR_OFFICE_LIGHTING_SCHEDULE,56.55,0.00,,0.0000,Y,0.00
,BLOCKS-3645_OFFICE_2_NORTH PERIMETER PNNL_TSPR_OFFICE_LIGHTS 59,BLOCKS-3645_OFFICE_2_NORTH PERIMETER,BLOCKS-3645_OFFICE_2_NORTH PERIMETER,GENERAL,0.0000,90.58,0.00,General,PNNL_TSPR_OFFICE_LIGHTING_SCHEDULE,56.55,0.00,,0.0000,Y,0.00
,BLOCKS-3645_OFFICE_2_SOUTH PERIMETER PNNL_TSPR_OFFICE_LIGHTS 59,BLOCKS-3645_OFFICE_2_SOUTH PERIMETER,BLOCKS-3645_OFFICE_2_SOUTH PERIMETER,GENERAL,0.0000,90.58,0.00,General,PNNL_TSPR_OFFICE_LIGHTING_SCHEDULE,56.55,0.00,,0.0000,Y,0.00
,BLOCKS-3645_OFFICE_2_WEST PERIMETER PNNL_TSPR_OFFICE_LIGHTS 59,BLOCKS-3645_OFFICE_2_WEST PERIMETER,BLOCKS-3645_OFFICE_2_WEST PERIMETER,GENERAL,0.0000,62.71,0.00,General,PNNL_TSPR_OFFICE_LIGHTING_SCHEDULE,56.55,0.00,,0.0000,Y,0.00
,BLOCKS-3645_OFFICE_3_CORE PNNL_TSPR_OFFICE_LIGHTS 59,BLOCKS-3645_OFFICE_3_CORE,BLOCKS-3645_OFFICE_3_CORE,GENERAL,0.0000,139.35,0.00,General,PNNL_TSPR_OFFICE_LIGHTING_SCHEDULE,56.55,0.00,,0.0000,Y,0.00
,BLOCKS-3645_OFFICE_3_EAST PERIMETER PNNL_TSPR_OFFICE_LIGHTS 59,BLOCKS-3645_OFFICE_3_EAST PERIMETER,BLOCKS-3645_OFFICE_3_EAST PERIMETER,GENERAL,0.0000,62.71,0.00,General,PNNL_TSPR_OFFICE_LIGHTING_SCHEDULE,56.55,0.00,,0.0000,Y,0.00
,BLOCKS-3645_OFFICE_3_NORTH PERIMETER PNNL_TSPR_OFFICE_LIGHTS 59,BLOCKS-3645_OFFICE_3_NORTH PERIMETER,BLOCKS-3645_OFFICE_3_NORTH PERIMETER,GENERAL,0.0000,90.58,0.00,General,PNNL_TSPR_OFFICE_LIGHTING_SCHEDULE,56.55,0.00,,0.0000,Y,0.00
,BLOCKS-3645_OFFICE_3_SOUTH PERIMETER PNNL_TSPR_OFFICE_LIGHTS 59,BLOCKS-3645_OFFICE_3_SOUTH PERIMETER,BLOCKS-3645_OFFICE_3_SOUTH PERIMETER,GENERAL,0.0000,90.58,0.00,General,PNNL_TSPR_OFFICE_LIGHTING_SCHEDULE,56.55,0.00,,0.0000,Y,0.00
,BLOCKS-3645_OFFICE_3_WEST PERIMETER PNNL_TSPR_OFFICE_LIGHTS 59,BLOCKS-3645_OFFICE_3_WEST PERIMETER,BLOCKS-3645_OFFICE_3_WEST PERIMETER,GENERAL,0.0000,62.71,0.00,General,PNNL_TSPR_OFFICE_LIGHTING_SCHEDULE,56.55,0.00,,0.0000,Y,0.00
,BLOCKS-3645_OFFICE_4_CORE PNNL_TSPR_OFFICE_LIGHTS 59,BLOCKS-3645_OFFICE_4_CORE,BLOCKS-3645_OFFICE_4_CORE,GENERAL,0.0000,139.35,0.00,General,PNNL_TSPR_OFFICE_LIGHTING_SCHEDULE,56.55,0.00,,0.0000,Y,0.00
,BLOCKS-3645_OFFICE_4_EAST PERIMETER PNNL_TSPR_OFFICE_LIGHTS 59,BLOCKS-3645_OFFICE_4_EAST PERIMETER,BLOCKS-3645_OFFICE_4_EAST PERIMETER,GENERAL,0.0000,62.71,0.00,General,PNNL_TSPR_OFFICE_LIGHTING_SCHEDULE,56.55,0.00,,0.0000,Y,0.00
,BLOCKS-3645_OFFICE_4_NORTH PERIMETER PNNL_TSPR_OFFICE_LIGHTS 59,BLOCKS-3645_OFFICE_4_NORTH PERIMETER,BLOCKS-3645_OFFICE_4_NORTH PERIMETER,GENERAL,0.0000,90.58,0.00,General,PNNL_TSPR_OFFICE_LIGHTING_SCHEDULE,56.55,0.00,,0.0000,Y,0.00
,BLOCKS-3645_OFFICE_4_SOUTH PERIMETER PNNL_TSPR_OFFICE_LIGHTS 59,BLOCKS-3645_OFFICE_4_SOUTH PERIMETER,BLOCKS-3645_OFFICE_4_SOUTH PERIMETER,GENERAL,0.0000,90.58,0.00,General,PNNL_TSPR_OFFICE_LIGHTING_SCHEDULE,56.55,0.00,,0.0000,Y,0.00
,BLOCKS-3645_OFFICE_4_WEST PERIMETER PNNL_TSPR_OFFICE_LIGHTS 59,BLOCKS-3645_OFFICE_4_WEST PERIMETER,BLOCKS-3645_OFFICE_4_WEST PERIMETER,GENERAL,0.0000,62.71,0.00,General,PNNL_TSPR_OFFICE_LIGHTING_SCHEDULE,56.55,0.00,,0.0000,Y,0.00
,BLOCKS-3645_OFFICE_5_CORE PNNL_TSPR_OFFICE_LIGHTS 59,BLOCKS-3645_OFFICE_5_CORE,BLOCKS-3645_OFFICE_5_CORE,GENERAL,0.0000,139.35,0.00,General,PNNL_TSPR_OFFICE_LIGHTING_SCHEDULE,56.55,0.00,,0.0000,Y,0.00
,BLOCKS-3645_OFFICE_5_EAST PERIMETER PNNL_TSPR_OFFICE_LIGHTS 59,BLOCKS-3645_OFFICE_5_EAST PERIMETER,BLOCKS-3645_OFFICE_5_EAST PERIMETER,GENERAL,0.0000,62.71,0.00,General,PNNL_TSPR_OFFICE_LIGHTING_SCHEDULE,56.55,0.00,,0.0000,Y,0.00
,BLOCKS-3645_OFFICE_5_NORTH PERIMETER PNNL_TSPR_OFFICE_LIGHTS 59,BLOCKS-3645_OFFICE_5_NORTH PERIMETER,BLOCKS-3645_OFFICE_5_NORTH PERIMETER,GENERAL,0.0000,90.58,0.00,General,PNNL_TSPR_OFFICE_LIGHTING_SCHEDULE,56.55,0.00,,0.0000,Y,0.00
,BLOCKS-3645_OFFICE_5_SOUTH PERIMETER PNNL_TSPR_OFFICE_LIGHTS 59,BLOCKS-3645_OFFICE_5_SOUTH PERIMETER,BLOCKS-3645_OFFICE_5_SOUTH PERIMETER,GENERAL,0.0000,90.58,0.00,General,PNNL_TSPR_OFFICE_LIGHTING_SCHEDULE,56.55,0.00,,0.0000,Y,0.00
,BLOCKS-3645_OFFICE_5_WEST PERIMETER PNNL_TSPR_OFFICE_LIGHTS 59,BLOCKS-3645_OFFICE_5_WEST PERIMETER,BLOCKS-3645_OFFICE_5_WEST PERIMETER,GENERAL,0.0000,62.71,0.00,General,PNNL_TSPR_OFFICE_LIGHTING_SCHEDULE,56.55,0.00,,0.0000,Y,0.00
,BLOCKS-3645_OFFICE_6_CORE PNNL_TSPR_OFFICE_LIGHTS 59,BLOCKS-3645_OFFICE_6_CORE,BLOCKS-3645_OFFICE_6_CORE,GENERAL,0.0000,139.35,0.00,General,PNNL_TSPR_OFFICE_LIGHTING_SCHEDULE,56.55,0.00,,0.0000,Y,0.00
,BLOCKS-3645_OFFICE_6_EAST PERIMETER PNNL_TSPR_OFFICE_LIGHTS 59,BLOCKS-3645_OFFICE_6_EAST PERIMETER,BLOCKS-3645_OFFICE_6_EAST PERIMETER,GENERAL,0.0000,62.71,0.00,General,PNNL_TSPR_OFFICE_LIGHTING_SCHEDULE,56.55,0.00,,0.0000,Y,0.00
,BLOCKS-3645_OFFICE_6_NORTH PERIMETER PNNL_TSPR_OFFICE_LIGHTS 59,BLOCKS-3645_OFFICE_6_NORTH PERIMETER,BLOCKS-3645_OFFICE_6_NORTH PERIMETER,GENERAL,0.0000,90.58,0.00,General,PNNL_TSPR_OFFICE_LIGHTING_SCHEDULE,56.55,0.00,,0.0000,Y,0.00
,BLOCKS-3645_OFFICE_6_SOUTH PERIMETER PNNL_TSPR_OFFICE_LIGHTS 59,BLOCKS-3645_OFFICE_6_SOUTH PERIMETER,BLOCKS-3645_OFFICE_6_SOUTH PERIMETER,GENERAL,0.0000,90.58,0.00,General,PNNL_TSPR_OFFICE_LIGHTING_SCHEDULE,56.55,0.00,,0.0000,Y,0.00
,BLOCKS-3645_OFFICE_6_WEST PERIMETER PNNL_TSPR_OFFICE_LIGHTS 59,BLOCKS-3645_OFFICE_6_WEST PERIMETER,BLOCKS-3645_OFFICE_6_WEST PERIMETER,GENERAL,0.0000,62.71,0.00,General,PNNL_TSPR_OFFICE_LIGHTING_SCHEDULE,56.55,0.00,,0.0000,Y,0.00
,BLOCKS-3645_OFFICE_7_CORE PNNL_TSPR_OFFICE_LIGHTS 59,BLOCKS-3645_OFFICE_7_CORE,BLOCKS-3645_OFFICE_7_CORE,GENERAL,0.0000,139.35,0.00,General,PNNL_TSPR_OFFICE_LIGHTING_SCHEDULE,56.55,0.00,,0.0000,Y,0.00
,BLOCKS-3645_OFFICE_7_EAST PERIMETER PNNL_TSPR_OFFICE_LIGHTS 59,BLOCKS-3645_OFFICE_7_EAST PERIMETER,BLOCKS-3645_OFFICE_7_EAST PERIMETER,GENERAL,0.0000,62.71,0.00,General,PNNL_TSPR_OFFICE_LIGHTING_SCHEDULE,56.55,0.00,,0.0000,Y,0.00
,BLOCKS-3645_OFFICE_7_NORTH PERIMETER PNNL_TSPR_OFFICE_LIGHTS 59,BLOCKS-3645_OFFICE_7_NORTH PERIMETER,BLOCKS-3645_OFFICE_7_NORTH PERIMETER,GENERAL,0.0000,90.58,0.00,General,PNNL_TSPR_OFFICE_LIGHTING_SCHEDULE,56.55,0.00,,0.0000,Y,0.00
,BLOCKS-3645_OFFICE_7_SOUTH PERIMETER PNNL_TSPR_OFFICE_LIGHTS 59,BLOCKS-3645_OFFICE_7_SOUTH PERIMETER,BLOCKS-3645_OFFICE_7_SOUTH PERIMETER,GENERAL,0.0000,90.58,0.00,General,PNNL_TSPR_OFFICE_LIGHTING_SCHEDULE,56.55,0.00,,0.0000,Y,0.00
,BLOCKS-3645_OFFICE_7_WEST PERIMETER PNNL_TSPR_OFFICE_LIGHTS 59,BLOCKS-3645_OFFICE_7_WEST PERIMETER,BLOCKS-3645_OFFICE_7_WEST PERIMETER,GENERAL,0.0000,62.71,0.00,General,PNNL_TSPR_OFFICE_LIGHTING_SCHEDULE,56.55,0.00,,0.0000,Y,0.00
,BLOCKS-3645_OFFICE_8_CORE PNNL_TSPR_OFFICE_LIGHTS 59,BLOCKS-3645_OFFICE_8_CORE,BLOCKS-3645_OFFICE_8_CORE,GENERAL,0.0000,139.35,0.00,General,PNNL_TSPR_OFFICE_LIGHTING_SCHEDULE,56.55,0.00,,0.0000,Y,0.00
,BLOCKS-3645_OFFICE_8_EAST PERIMETER PNNL_TSPR_OFFICE_LIGHTS 59,BLOCKS-3645_OFFICE_8_EAST PERIMETER,BLOCKS-3645_OFFICE_8_EAST PERIMETER,GENERAL,0.0000,62.71,0.00,General,PNNL_TSPR_OFFICE_LIGHTING_SCHEDULE,56.55,0.00,,0.0000,Y,0.00
,BLOCKS-3645_OFFICE_8_NORTH PERIMETER PNNL_TSPR_OFFICE_LIGHTS 59,BLOCKS-3645_OFFICE_8_NORTH PERIMETER,BLOCKS-3645_OFFICE_8_NORTH PERIMETER,GENERAL,0.0000,90.58,0.00,General,PNNL_TSPR_OFFICE_LIGHTING_SCHEDULE,56.55,0.00,,0.0000,Y,0.00
,BLOCKS-3645_OFFICE_8_SOUTH PERIMETER PNNL_TSPR_OFFICE_LIGHTS 59,BLOCKS-3645_OFFICE_8_SOUTH PERIMETER,BLOCKS-3645_OFFICE_8_SOUTH PERIMETER,GENERAL,0.0000,90.58,0.00,General,PNNL_TSPR_OFFICE_LIGHTING_SCHEDULE,56.55,0.00,,0.0000,Y,0.00
,BLOCKS-3645_OFFICE_8_WEST PERIMETER PNNL_TSPR_OFFICE_LIGHTS 59,BLOCKS-3645_OFFICE_8_WEST PERIMETER,BLOCKS-3645_OFFICE_8_WEST PERIMETER,GENERAL,0.0000,62.71,0.00,General,PNNL_TSPR_OFFICE_LIGHTING_SCHEDULE,56.55,0.00,,0.0000,Y,0.00
,BLOCKS-3645_OFFICE_9_CORE PNNL_TSPR_OFFICE_LIGHTS 59,BLOCKS-3645_OFFICE_9_CORE,BLOCKS-3645_OFFICE_9_CORE,GENERAL,0.0000,139.35,0.00,General,PNNL_TSPR_OFFICE_LIGHTING_SCHEDULE,56.55,0.00,,0.0000,Y,0.00
,BLOCKS-3645_OFFICE_9_EAST PERIMETER PNNL_TSPR_OFFICE_LIGHTS 59,BLOCKS-3645_OFFICE_9_EAST PERIMETER,BLOCKS-3645_OFFICE_9_EAST PERIMETER,GENERAL,0.0000,62.71,0.00,General,PNNL_TSPR_OFFICE_LIGHTING_SCHEDULE,56.55,0.00,,0.0000,Y,0.00
,BLOCKS-3645_OFFICE_9_NORTH PERIMETER PNNL_TSPR_OFFICE_LIGHTS 59,BLOCKS-3645_OFFICE_9_NORTH PERIMETER,BLOCKS-3645_OFFICE_9_NORTH PERIMETER,GENERAL,0.0000,90.58,0.00,General,PNNL_TSPR_OFFICE_LIGHTING_SCHEDULE,56.55,0.00,,0.0000,Y,0.00
,BLOCKS-3645_OFFICE_9_SOUTH PERIMETER PNNL_TSPR_OFFICE_LIGHTS 59,BLOCKS-3645_OFFICE_9_SOUTH PERIMETER,BLOCKS-3645_OFFICE_9_SOUTH PERIMETER,GENERAL,0.0000,90.58,0.00,General,PNNL_TSPR_OFFICE_LIGHTING_SCHEDULE,56.55,0.00,,0.0000,Y,0.00
,BLOCKS-3645_OFFICE_9_WEST PERIMETER PNNL_TSPR_OFFICE_LIGHTS 59,BLOCKS-3645_OFFICE_9_WEST PERIMETER,BLOCKS-3645_OFFICE_9_WEST PERIMETER,GENERAL,0.0000,62.71,0.00,General,PNNL_TSPR_OFFICE_LIGHTING_SCHEDULE,56.55,0.00,,0.0000,Y,0.00
,BLOCKS-3644_OFFICE_1_CORE PNNL_TSPR_OFFICE_LIGHTS 58,BLOCKS-3644_OFFICE_1_CORE,BLOCKS-3644_OFFICE_1_CORE,GENERAL,0.0000,510.97,0.00,General,PNNL_TSPR_OFFICE_LIGHTING_SCHEDULE,56.55,0.00,,0.0000,Y,0.00
,BLOCKS-3644_OFFICE_1_EAST PERIMETER PNNL_TSPR_OFFICE_LIGHTS 58,BLOCKS-3644_OFFICE_1_EAST PERIMETER,BLOCKS-3644_OFFICE_1_EAST PERIMETER,GENERAL,0.0000,174.19,0.00,General,PNNL_TSPR_OFFICE_LIGHTING_SCHEDULE,56.55,0.00,,0.0000,Y,0.00
,BLOCKS-3644_OFFICE_1_NORTH PERIMETER PNNL_TSPR_OFFICE_LIGHTS 58,BLOCKS-3644_OFFICE_1_NORTH PERIMETER,BLOCKS-3644_OFFICE_1_NORTH PERIMETER,GENERAL,0.0000,90.58,0.00,General,PNNL_TSPR_OFFICE_LIGHTING_SCHEDULE,56.55,0.00,,0.0000,Y,0.00
,BLOCKS-3644_OFFICE_1_SOUTH PERIMETER PNNL_TSPR_OFFICE_LIGHTS 58,BLOCKS-3644_OFFICE_1_SOUTH PERIMETER,BLOCKS-3644_OFFICE_1_SOUTH PERIMETER,GENERAL,0.0000,90.58,0.00,General,PNNL_TSPR_OFFICE_LIGHTING_SCHEDULE,56.55,0.00,,0.0000,Y,0.00
,BLOCKS-3644_OFFICE_1_WEST PERIMETER PNNL_TSPR_OFFICE_LIGHTS 58,BLOCKS-3644_OFFICE_1_WEST PERIMETER,BLOCKS-3644_OFFICE_1_WEST PERIMETER,GENERAL,0.0000,174.19,0.00,General,PNNL_TSPR_OFFICE_LIGHTING_SCHEDULE,56.55,0.00,,0.0000,Y,0.00
,BLOCKS-3644_OFFICE_2_CORE PNNL_TSPR_OFFICE_LIGHTS 58,BLOCKS-3644_OFFICE_2_CORE,BLOCKS-3644_OFFICE_2_CORE,GENERAL,0.0000,510.97,0.00,General,PNNL_TSPR_OFFICE_LIGHTING_SCHEDULE,56.55,0.00,,0.0000,Y,0.00
,BLOCKS-3644_OFFICE_2_EAST PERIMETER PNNL_TSPR_OFFICE_LIGHTS 58,BLOCKS-3644_OFFICE_2_EAST PERIMETER,BLOCKS-3644_OFFICE_2_EAST PERIMETER,GENERAL,0.0000,174.19,0.00,General,PNNL_TSPR_OFFICE_LIGHTING_SCHEDULE,56.55,0.00,,0.0000,Y,0.00
,BLOCKS-3644_OFFICE_2_NORTH PERIMETER PNNL_TSPR_OFFICE_LIGHTS 58,BLOCKS-3644_OFFICE_2_NORTH PERIMETER,BLOCKS-3644_OFFICE_2_NORTH PERIMETER,GENERAL,0.0000,90.58,0.00,General,PNNL_TSPR_OFFICE_LIGHTING_SCHEDULE,56.55,0.00,,0.0000,Y,0.00
,BLOCKS-3644_OFFICE_2_SOUTH PERIMETER PNNL_TSPR_OFFICE_LIGHTS 58,BLOCKS-3644_OFFICE_2_SOUTH PERIMETER,BLOCKS-3644_OFFICE_2_SOUTH PERIMETER,GENERAL,0.0000,90.58,0.00,General,PNNL_TSPR_OFFICE_LIGHTING_SCHEDULE,56.55,0.00,,0.0000,Y,0.00
,BLOCKS-3644_OFFICE_2_WEST PERIMETER PNNL_TSPR_OFFICE_LIGHTS 58,BLOCKS-3644_OFFICE_2_WEST PERIMETER,BLOCKS-3644_OFFICE_2_WEST PERIMETER,GENERAL,0.0000,174.19,0.00,General,PNNL_TSPR_OFFICE_LIGHTING_SCHEDULE,56.55,0.00,,0.0000,Y,0.00
,Interior Lighting Total,,,,3.5519,12188.88,43294.23,,,,,,,,459.55


Daylighting

,,Zone,Control Name,Daylighting Method,Control Type,Fraction Controlled,Lighting Installed in Zone [W],Lighting Controlled [W]
,None,,,,,,,


Exterior Lighting

,,Total Watts,Astronomical Clock/Schedule,Schedule Name,Scheduled Hours/Week [hr],Hours/Week > 1% [hr],Full Load Hours/Week [hr],Consumption [GJ]
,Exterior Lighting Total,0.00,,,,,,0.00


----------------------------------------------------------------------------------------------------
REPORT:,Equipment Summary
FOR:,Entire Facility
Central Plant

,,Type,Reference Capacity [W],Reference Efficiency [W/W],Rated Capacity [W],Rated Efficiency [W/W],IPLV in SI Units [W/W],IPLV in IP Units [Btu/W-h]
,CHILLER FOR PLANT PLANT_LOOPS-1903,Chiller:Electric:EIR,433853.92,5.17,457755.08,6.00,7.48,25.48
,COOLING TOWER VARIABLE SPEED 1,CoolingTower:VariableSpeed,467129.71,,,,,


Cooling Coils

,,Type,Design Coil Load [W],Nominal Total Capacity [W],Nominal Sensible Capacity [W],Nominal Latent Capacity [W],Nominal Sensible Heat Ratio,Nominal Efficiency [W/W],Nominal Coil UA Value [W/C],Nominal Coil Surface Area [m2]
,COIL COOLING WATER 1,Coil:Cooling:Water,433853.92,716656.78,430484.95,286171.83,0.60,-,109782.90,1113.48
Nominal values are gross at rated conditions, i.e., the supply air fan heat and electric power NOT accounted for.


DX Cooling Coil Standard Ratings 2017

,,Cooling Coil Type (1),Standard Rating Net Cooling Capacity [W][2],Standard Rating Net COP [W/W][2],EER [Btu/W-h][2],SEER User [Btu/W-h][2,3],SEER Standard [Btu/W-h][2,3],IEER [Btu/W-h][2]
,None,,,,,,,


DX Cooling Coil Standard Ratings 2023

,,Cooling Coil Type (1),Standard Rating Net Cooling Capacity [W][2],Standard Rating Net COP2 [W/W][2,4],EER2 [Btu/W-h][2,4],SEER2 User [Btu/W-h][2,3],SEER2 Standard [Btu/W-h][2,3],IEER [Btu/W-h][2]
,None,,,,,,,


DX Cooling Coil ASHRAE 127 Standard Ratings Report

,,DX Cooling Coil Type,Rated Net Cooling Capacity Test A [W],Rated Electric Power Test A [W],Rated Net Cooling Capacity Test B [W],Rated Electric Power Test B [W],Rated Net Cooling Capacity Test C [W],Rated Electric Power Test C [W],Rated Net Cooling Capacity Test D [W],Rated Electric Power Test D [W]
,None,,,,,,,,,


Water-to-Air Heat Pumps at Rated Temperatures Report

,,Coil Type,Rated Total Capacity [W],Rated Sensible Capacity [W],Rated Power[W],Rated COP [W/W],Rated Air Dry-bulb Temperature [C],Rated Air Wet-bulb Temperature [C],Rated Water Temperature [C],Design Day used for Sizing
,None,,,,,,,,,


DX Heating Coils

,,DX Heating Coil Type,High Temperature Heating (net) Rating Capacity [W],Low Temperature Heating (net) Rating Capacity [W],HSPF [Btu/W-h],Region Number,Minimum Outdoor Dry-Bulb Temperature for Compressor Operation [C],Supplemental Heat High Shutoff Temperature [C],Airloop Name
,None,,,,,,,,


DX Heating Coils AHRI 2023

,,DX Heating Coil Type,High Temperature Heating (net) Rating Capacity [W],Low Temperature Heating (net) Rating Capacity [W],HSPF2 [Btu/W-h],Region Number,Minimum Outdoor Dry-Bulb Temperature for Compressor Operation [C],Airloop Name
,None,,,,,,,


Heating Coils

,,Type,Design Coil Load [W],Nominal Total Capacity [W],Nominal Efficiency [W/W],Used as Supplementary Heat,Airloop Name,Plantloop Name
,COIL HEATING ELECTRIC 6,Coil:Heating:Electric,,6730.95,1.00,No,N/A,N/A
,COIL HEATING ELECTRIC 4,Coil:Heating:Electric,,7709.00,1.00,No,N/A,N/A
,COIL HEATING ELECTRIC 3,Coil:Heating:Electric,,4402.67,1.00,No,N/A,N/A
,COIL HEATING ELECTRIC 5,Coil:Heating:Electric,,4398.20,1.00,No,N/A,N/A
,COIL HEATING ELECTRIC 2,Coil:Heating:Electric,,7700.34,1.00,No,N/A,N/A
,COIL HEATING ELECTRIC 11,Coil:Heating:Electric,,9115.00,1.00,No,N/A,N/A
,COIL HEATING ELECTRIC 9,Coil:Heating:Electric,,7229.55,1.00,No,N/A,N/A
,COIL HEATING ELECTRIC 8,Coil:Heating:Electric,,4064.25,1.00,No,N/A,N/A
,COIL HEATING ELECTRIC 10,Coil:Heating:Electric,,4056.70,1.00,No,N/A,N/A
,COIL HEATING ELECTRIC 7,Coil:Heating:Electric,,7216.04,1.00,No,N/A,N/A
,COIL HEATING ELECTRIC 16,Coil:Heating:Electric,,3145.24,1.00,No,N/A,N/A
,COIL HEATING ELECTRIC 14,Coil:Heating:Electric,,3090.60,1.00,No,N/A,N/A
,COIL HEATING ELECTRIC 13,Coil:Heating:Electric,,4175.28,1.00,No,N/A,N/A
,COIL HEATING ELECTRIC 15,Coil:Heating:Electric,,4166.41,1.00,No,N/A,N/A
,COIL HEATING ELECTRIC 12,Coil:Heating:Electric,,3083.99,1.00,No,N/A,N/A
,COIL HEATING ELECTRIC 21,Coil:Heating:Electric,,3021.42,1.00,No,N/A,N/A
,COIL HEATING ELECTRIC 19,Coil:Heating:Electric,,3036.41,1.00,No,N/A,N/A
,COIL HEATING ELECTRIC 18,Coil:Heating:Electric,,4108.20,1.00,No,N/A,N/A
,COIL HEATING ELECTRIC 20,Coil:Heating:Electric,,4098.36,1.00,No,N/A,N/A
,COIL HEATING ELECTRIC 17,Coil:Heating:Electric,,3029.09,1.00,No,N/A,N/A
,COIL HEATING ELECTRIC 26,Coil:Heating:Electric,,3022.72,1.00,No,N/A,N/A
,COIL HEATING ELECTRIC 24,Coil:Heating:Electric,,3045.69,1.00,No,N/A,N/A
,COIL HEATING ELECTRIC 23,Coil:Heating:Electric,,4120.65,1.00,No,N/A,N/A
,COIL HEATING ELECTRIC 25,Coil:Heating:Electric,,4110.11,1.00,No,N/A,N/A
,COIL HEATING ELECTRIC 22,Coil:Heating:Electric,,3037.85,1.00,No,N/A,N/A
,COIL HEATING ELECTRIC 31,Coil:Heating:Electric,,3023.85,1.00,No,N/A,N/A
,COIL HEATING ELECTRIC 29,Coil:Heating:Electric,,3053.61,1.00,No,N/A,N/A
,COIL HEATING ELECTRIC 28,Coil:Heating:Electric,,4131.27,1.00,No,N/A,N/A
,COIL HEATING ELECTRIC 30,Coil:Heating:Electric,,4120.17,1.00,No,N/A,N/A
,COIL HEATING ELECTRIC 27,Coil:Heating:Electric,,3045.35,1.00,No,N/A,N/A
,COIL HEATING ELECTRIC 36,Coil:Heating:Electric,,3024.83,1.00,No,N/A,N/A
,COIL HEATING ELECTRIC 34,Coil:Heating:Electric,,3060.53,1.00,No,N/A,N/A
,COIL HEATING ELECTRIC 33,Coil:Heating:Electric,,4140.55,1.00,No,N/A,N/A
,COIL HEATING ELECTRIC 35,Coil:Heating:Electric,,4129.01,1.00,No,N/A,N/A
,COIL HEATING ELECTRIC 32,Coil:Heating:Electric,,3051.94,1.00,No,N/A,N/A
,COIL HEATING ELECTRIC 41,Coil:Heating:Electric,,3025.71,1.00,No,N/A,N/A
,COIL HEATING ELECTRIC 39,Coil:Heating:Electric,,3066.78,1.00,No,N/A,N/A
,COIL HEATING ELECTRIC 38,Coil:Heating:Electric,,4148.92,1.00,No,N/A,N/A
,COIL HEATING ELECTRIC 40,Coil:Heating:Electric,,4136.98,1.00,No,N/A,N/A
,COIL HEATING ELECTRIC 37,Coil:Heating:Electric,,3057.89,1.00,No,N/A,N/A
,COIL HEATING ELECTRIC 46,Coil:Heating:Electric,,3026.53,1.00,No,N/A,N/A
,COIL HEATING ELECTRIC 44,Coil:Heating:Electric,,3072.53,1.00,No,N/A,N/A
,COIL HEATING ELECTRIC 43,Coil:Heating:Electric,,4156.62,1.00,No,N/A,N/A
,COIL HEATING ELECTRIC 45,Coil:Heating:Electric,,4144.32,1.00,No,N/A,N/A
,COIL HEATING ELECTRIC 42,Coil:Heating:Electric,,3063.37,1.00,No,N/A,N/A
,COIL HEATING ELECTRIC 51,Coil:Heating:Electric,,3027.32,1.00,No,N/A,N/A
,COIL HEATING ELECTRIC 49,Coil:Heating:Electric,,3077.88,1.00,No,N/A,N/A
,COIL HEATING ELECTRIC 48,Coil:Heating:Electric,,4163.79,1.00,No,N/A,N/A
,COIL HEATING ELECTRIC 50,Coil:Heating:Electric,,4151.15,1.00,No,N/A,N/A
,COIL HEATING ELECTRIC 47,Coil:Heating:Electric,,3068.47,1.00,No,N/A,N/A
,COIL HEATING ELECTRIC 56,Coil:Heating:Electric,,3976.48,1.00,No,N/A,N/A
,COIL HEATING ELECTRIC 54,Coil:Heating:Electric,,3524.13,1.00,No,N/A,N/A
,COIL HEATING ELECTRIC 53,Coil:Heating:Electric,,4799.37,1.00,No,N/A,N/A
,COIL HEATING ELECTRIC 55,Coil:Heating:Electric,,4786.80,1.00,No,N/A,N/A
,COIL HEATING ELECTRIC 52,Coil:Heating:Electric,,3514.75,1.00,No,N/A,N/A
,COIL HEATING ELECTRIC 1,Coil:Heating:Electric,,46615.73,1.00,No,AIRLOOP AIR_HANDLERS-2963,N/A


Fans

,,Type,Total Efficiency [W/W],Delta Pressure [pa],Max Air Flow Rate [m3/s],Rated Electricity Rate [W],Rated Power Per Max Air Flow Rate [W-s/m3],Motor Heat In Air Fraction,Fan Energy Index,End Use Subcategory,Design Day Name for Fan Sizing Peak,Date/Time for Fan Sizing Peak,Purpose,Is Autosized,Motor Efficiency,Motor Heat to Zone Fraction,Motor Loss Zone Name,Airloop Name
,AIRLOOP AIR_HANDLERS-2963_FAN_103484382.9CFM,Fan:VariableVolume,0.56,1158.81,29.02,60503.48,2085.12,1.00,0.99,General,SEATTLE SEATTLE TACOMA INTL A ANN CLG .4% CONDNS DB=>MWB,8/21 15:30:00,N/A,Yes,0.85,0.00,N/A,AIRLOOP AIR_HANDLERS-2963


Pumps

,,Type,Control,Head [pa],Water Flow [m3/s],Electricity Rate [W],Power Per Water Flow Rate [W-s/m3],Motor Efficiency [W/W],End Use Subcategory,Is Autosized,Plantloop Name,Plantloop Branch Name
,COOLING: DEMAND INLET PUMP,Pump:VariableSpeed,Intermittent,120297.35,0.018457,3162.89,171363.75,0.90,General,Yes,CHILLER PLANT PLANT_LOOPS-1903,CHILLER PLANT PLANT_LOOPS-1903 DEMAND INLET BRANCH
,COOLING: PUMP FOR CHILLER,Pump:VariableSpeed,Intermittent,35643.66,0.018457,937.15,50774.44,0.90,General,Yes,CHILLER PLANT PLANT_LOOPS-1903,CHILLER PLANT PLANT_LOOPS-1903 SUPPLY INLET BRANCH
,COOLING: PUMP FOR CONDENSER,Pump:VariableSpeed,Intermittent,179332.17,0.022453,5735.86,255458.93,0.90,General,Yes,CONDENSER PLANT PLANT_LOOPS-1902,CONDENSER PLANT PLANT_LOOPS-1902 SUPPLY INLET BRANCH


Service Water Heating

,,Type,Storage Volume [m3],Input [W],Thermal Efficiency [W/W],Recovery Efficiency [W/W],Energy Factor
,None,,,,,,


Chillers

,,Type,Reference Capacity[W],TypeReference Efficiency [W/W],Rated Capacity [W],Rated Efficiency [W/W],IPLV in SI Units [W/W],IPLV in IP Units [Btu/W-h],Minimum Part Load Ratio,Fuel Type,Rated Entering Condenser Temperature [C],Rated Leaving Evaporator Temperature [C],Reference Entering Condenser Temperature [C],Reference Leaving Evaporator Temperature [C],Design Size Reference Chilled Water Flow Rate [kg/s],Design Size Reference Condenser Fluid Flow Rate [kg/s],Plantloop Name,Plantloop Branch Name,Condenser Loop Name,Condenser Loop Branch Name,Heat Recovery Plantloop Name,Heat Recovery Plantloop Branch Name,Recovery Relative Capacity Fraction
,CHILLER FOR PLANT PLANT_LOOPS-1903,Chiller:Electric:EIR,433853.92,5.17,433853.92,5.17,7.48,7.47,0.10,Electricity,29.40,6.67,29.40,6.67,-99988800.10,-99575804.23,CHILLER PLANT PLANT_LOOPS-1903,CHILLER PLANT PLANT_LOOPS-1903 SUPPLY BRANCH 1,CONDENSER PLANT PLANT_LOOPS-1902,CONDENSER PLANT PLANT_LOOPS-1902 DEMAND BRANCH 2,N/A,N/A,0.00


Boilers

,,Type,Reference Capacity [W],Reference Efficiency[W/W],Rated Capacity [W],Rated Efficiency [W/W],Minimum Part Load Ratio,Fuel Type,Parasitic Electric Load [W],Plantloop Name,Plantloop Branch Name
,None,,,,,,,,,,


Cooling Towers and Fluid Coolers

,,Type,Fluid Type,Range [C],Approach [C],Design Fan Power [W],Design Inlet Air Wet-Bulb Temperature [C],Design Water Flow Rate [m3/s],Leaving Water Setpoint Temperature [C],Condenser Loop Name,Condenser Loop Branch Name
,COOLING TOWER VARIABLE SPEED 1,CoolingTower:VariableSpeed,WATER,5.56,3.89,3001.36,20.00,0.020202,23.89,CONDENSER PLANT PLANT_LOOPS-1902,CONDENSER PLANT PLANT_LOOPS-1902 SUPPLY BRANCH 1


PlantLoop or CondenserLoop

,,Type,Provides Heating,Provides Cooling,Maximum Loop Flow Rate [m3/s],Minimum Loop Flow Rate [m3/s]
,CHILLER PLANT PLANT_LOOPS-1903,PlantLoop,Yes,Yes,0.02,0.00
,CONDENSER PLANT PLANT_LOOPS-1902,PlantLoop,Yes,Yes,0.02,0.00


Air Terminals

,,Zone Name,Minimum Flow [m3/s],Minimum Outdoor Flow [m3/s],Supply Cooling Setpoint [C],Supply Heating Setpoint [C],Heating Capacity [W],Cooling Capacity [W],Type of Input Object,Heat/Reheat Coil Object Type,Chilled Water Coil Object Type,Fan Object Type,Fan Name,Primary Air Flow Rate [m3/s],Secondary Air Flow Rate [m3/s],Minimum Flow Schedule Name,Maximum Flow During Reheat [m3/s],Minimum Outdoor Flow Schedule Name
,ADU AIR TERMINAL SINGLE DUCT VAV REHEAT 5,BLOCKS-3644_OFFICE_1_CORE,0.39,0.25,12.89,32.11,4852.75,14510.93,AirTerminal:SingleDuct:VAV:Reheat,COIL:HEATING:ELECTRIC,n/a,n/a,,1.33,n/a,n/a,0.00,n/a
,ADU AIR TERMINAL SINGLE DUCT VAV REHEAT 3,BLOCKS-3644_OFFICE_1_EAST PERIMETER,0.13,0.09,12.89,32.11,5557.99,10419.22,AirTerminal:SingleDuct:VAV:Reheat,COIL:HEATING:ELECTRIC,n/a,n/a,,0.95,n/a,n/a,0.00,n/a
,ADU AIR TERMINAL SINGLE DUCT VAV REHEAT 2,BLOCKS-3644_OFFICE_1_NORTH PERIMETER,0.07,0.04,12.89,32.11,3174.20,3221.25,AirTerminal:SingleDuct:VAV:Reheat,COIL:HEATING:ELECTRIC,n/a,n/a,,0.29,n/a,n/a,0.00,n/a
,ADU AIR TERMINAL SINGLE DUCT VAV REHEAT 4,BLOCKS-3644_OFFICE_1_SOUTH PERIMETER,0.07,0.04,12.89,32.11,3170.98,4922.33,AirTerminal:SingleDuct:VAV:Reheat,COIL:HEATING:ELECTRIC,n/a,n/a,,0.45,n/a,n/a,0.00,n/a
,ADU AIR TERMINAL SINGLE DUCT VAV REHEAT 1,BLOCKS-3644_OFFICE_1_WEST PERIMETER,0.13,0.09,12.89,32.11,5551.74,10869.41,AirTerminal:SingleDuct:VAV:Reheat,COIL:HEATING:ELECTRIC,n/a,n/a,,0.99,n/a,n/a,0.00,n/a
,ADU AIR TERMINAL SINGLE DUCT VAV REHEAT 10,BLOCKS-3644_OFFICE_2_CORE,0.39,0.25,12.89,32.11,6571.55,15060.18,AirTerminal:SingleDuct:VAV:Reheat,COIL:HEATING:ELECTRIC,n/a,n/a,,1.38,n/a,n/a,0.00,n/a
,ADU AIR TERMINAL SINGLE DUCT VAV REHEAT 8,BLOCKS-3644_OFFICE_2_EAST PERIMETER,0.13,0.09,12.89,32.11,5212.32,13230.28,AirTerminal:SingleDuct:VAV:Reheat,COIL:HEATING:ELECTRIC,n/a,n/a,,1.21,n/a,n/a,0.00,n/a
,ADU AIR TERMINAL SINGLE DUCT VAV REHEAT 7,BLOCKS-3644_OFFICE_2_NORTH PERIMETER,0.07,0.04,12.89,32.11,2930.22,3566.19,AirTerminal:SingleDuct:VAV:Reheat,COIL:HEATING:ELECTRIC,n/a,n/a,,0.33,n/a,n/a,0.00,n/a
,ADU AIR TERMINAL SINGLE DUCT VAV REHEAT 9,BLOCKS-3644_OFFICE_2_SOUTH PERIMETER,0.07,0.04,12.89,32.11,2924.78,5781.63,AirTerminal:SingleDuct:VAV:Reheat,COIL:HEATING:ELECTRIC,n/a,n/a,,0.53,n/a,n/a,0.00,n/a
,ADU AIR TERMINAL SINGLE DUCT VAV REHEAT 6,BLOCKS-3644_OFFICE_2_WEST PERIMETER,0.13,0.09,12.89,32.11,5202.58,13726.92,AirTerminal:SingleDuct:VAV:Reheat,COIL:HEATING:ELECTRIC,n/a,n/a,,1.25,n/a,n/a,0.00,n/a
,ADU AIR TERMINAL SINGLE DUCT VAV REHEAT 15,BLOCKS-3645_OFFICE_1_CORE,0.11,0.06,12.89,32.11,2267.59,4385.45,AirTerminal:SingleDuct:VAV:Reheat,COIL:HEATING:ELECTRIC,n/a,n/a,,0.40,n/a,n/a,0.00,n/a
,ADU AIR TERMINAL SINGLE DUCT VAV REHEAT 13,BLOCKS-3645_OFFICE_1_EAST PERIMETER,0.05,0.03,12.89,32.11,2228.24,5429.51,AirTerminal:SingleDuct:VAV:Reheat,COIL:HEATING:ELECTRIC,n/a,n/a,,0.50,n/a,n/a,0.00,n/a
,ADU AIR TERMINAL SINGLE DUCT VAV REHEAT 12,BLOCKS-3645_OFFICE_1_NORTH PERIMETER,0.07,0.04,12.89,32.11,3010.26,3573.19,AirTerminal:SingleDuct:VAV:Reheat,COIL:HEATING:ELECTRIC,n/a,n/a,,0.33,n/a,n/a,0.00,n/a
,ADU AIR TERMINAL SINGLE DUCT VAV REHEAT 14,BLOCKS-3645_OFFICE_1_SOUTH PERIMETER,0.07,0.04,12.89,32.11,3003.87,5773.30,AirTerminal:SingleDuct:VAV:Reheat,COIL:HEATING:ELECTRIC,n/a,n/a,,0.53,n/a,n/a,0.00,n/a
,ADU AIR TERMINAL SINGLE DUCT VAV REHEAT 11,BLOCKS-3645_OFFICE_1_WEST PERIMETER,0.05,0.03,12.89,32.11,2223.47,5675.33,AirTerminal:SingleDuct:VAV:Reheat,COIL:HEATING:ELECTRIC,n/a,n/a,,0.52,n/a,n/a,0.00,n/a
,ADU AIR TERMINAL SINGLE DUCT VAV REHEAT 20,BLOCKS-3645_OFFICE_2_CORE,0.11,0.06,12.89,32.11,2178.33,4352.14,AirTerminal:SingleDuct:VAV:Reheat,COIL:HEATING:ELECTRIC,n/a,n/a,,0.40,n/a,n/a,0.00,n/a
,ADU AIR TERMINAL SINGLE DUCT VAV REHEAT 18,BLOCKS-3645_OFFICE_2_EAST PERIMETER,0.05,0.03,12.89,32.11,2189.18,5404.54,AirTerminal:SingleDuct:VAV:Reheat,COIL:HEATING:ELECTRIC,n/a,n/a,,0.49,n/a,n/a,0.00,n/a
,ADU AIR TERMINAL SINGLE DUCT VAV REHEAT 17,BLOCKS-3645_OFFICE_2_NORTH PERIMETER,0.07,0.04,12.89,32.11,2961.91,3551.29,AirTerminal:SingleDuct:VAV:Reheat,COIL:HEATING:ELECTRIC,n/a,n/a,,0.32,n/a,n/a,0.00,n/a
,ADU AIR TERMINAL SINGLE DUCT VAV REHEAT 19,BLOCKS-3645_OFFICE_2_SOUTH PERIMETER,0.07,0.04,12.89,32.11,2954.81,5743.78,AirTerminal:SingleDuct:VAV:Reheat,COIL:HEATING:ELECTRIC,n/a,n/a,,0.52,n/a,n/a,0.00,n/a
,ADU AIR TERMINAL SINGLE DUCT VAV REHEAT 16,BLOCKS-3645_OFFICE_2_WEST PERIMETER,0.05,0.03,12.89,32.11,2183.89,5651.45,AirTerminal:SingleDuct:VAV:Reheat,COIL:HEATING:ELECTRIC,n/a,n/a,,0.52,n/a,n/a,0.00,n/a
,ADU AIR TERMINAL SINGLE DUCT VAV REHEAT 25,BLOCKS-3645_OFFICE_3_CORE,0.11,0.06,12.89,32.11,2179.26,4351.77,AirTerminal:SingleDuct:VAV:Reheat,COIL:HEATING:ELECTRIC,n/a,n/a,,0.40,n/a,n/a,0.00,n/a
,ADU AIR TERMINAL SINGLE DUCT VAV REHEAT 23,BLOCKS-3645_OFFICE_3_EAST PERIMETER,0.05,0.03,12.89,32.11,2195.87,5400.26,AirTerminal:SingleDuct:VAV:Reheat,COIL:HEATING:ELECTRIC,n/a,n/a,,0.49,n/a,n/a,0.00,n/a
,ADU AIR TERMINAL SINGLE DUCT VAV REHEAT 22,BLOCKS-3645_OFFICE_3_NORTH PERIMETER,0.07,0.04,12.89,32.11,2970.89,3551.12,AirTerminal:SingleDuct:VAV:Reheat,COIL:HEATING:ELECTRIC,n/a,n/a,,0.32,n/a,n/a,0.00,n/a
,ADU AIR TERMINAL SINGLE DUCT VAV REHEAT 24,BLOCKS-3645_OFFICE_3_SOUTH PERIMETER,0.07,0.04,12.89,32.11,2963.29,5739.77,AirTerminal:SingleDuct:VAV:Reheat,COIL:HEATING:ELECTRIC,n/a,n/a,,0.52,n/a,n/a,0.00,n/a
,ADU AIR TERMINAL SINGLE DUCT VAV REHEAT 21,BLOCKS-3645_OFFICE_3_WEST PERIMETER,0.05,0.03,12.89,32.11,2190.21,5645.76,AirTerminal:SingleDuct:VAV:Reheat,COIL:HEATING:ELECTRIC,n/a,n/a,,0.52,n/a,n/a,0.00,n/a
,ADU AIR TERMINAL SINGLE DUCT VAV REHEAT 30,BLOCKS-3645_OFFICE_4_CORE,0.11,0.06,12.89,32.11,2180.08,4351.43,AirTerminal:SingleDuct:VAV:Reheat,COIL:HEATING:ELECTRIC,n/a,n/a,,0.40,n/a,n/a,0.00,n/a
,ADU AIR TERMINAL SINGLE DUCT VAV REHEAT 28,BLOCKS-3645_OFFICE_4_EAST PERIMETER,0.05,0.03,12.89,32.11,2201.58,5396.66,AirTerminal:SingleDuct:VAV:Reheat,COIL:HEATING:ELECTRIC,n/a,n/a,,0.49,n/a,n/a,0.00,n/a
,ADU AIR TERMINAL SINGLE DUCT VAV REHEAT 27,BLOCKS-3645_OFFICE_4_NORTH PERIMETER,0.07,0.04,12.89,32.11,2978.54,3550.79,AirTerminal:SingleDuct:VAV:Reheat,COIL:HEATING:ELECTRIC,n/a,n/a,,0.32,n/a,n/a,0.00,n/a
,ADU AIR TERMINAL SINGLE DUCT VAV REHEAT 29,BLOCKS-3645_OFFICE_4_SOUTH PERIMETER,0.07,0.04,12.89,32.11,2970.54,5736.49,AirTerminal:SingleDuct:VAV:Reheat,COIL:HEATING:ELECTRIC,n/a,n/a,,0.52,n/a,n/a,0.00,n/a
,ADU AIR TERMINAL SINGLE DUCT VAV REHEAT 26,BLOCKS-3645_OFFICE_4_WEST PERIMETER,0.05,0.03,12.89,32.11,2195.62,5641.06,AirTerminal:SingleDuct:VAV:Reheat,COIL:HEATING:ELECTRIC,n/a,n/a,,0.52,n/a,n/a,0.00,n/a
,ADU AIR TERMINAL SINGLE DUCT VAV REHEAT 35,BLOCKS-3645_OFFICE_5_CORE,0.11,0.06,12.89,32.11,2180.78,4351.11,AirTerminal:SingleDuct:VAV:Reheat,COIL:HEATING:ELECTRIC,n/a,n/a,,0.40,n/a,n/a,0.00,n/a
,ADU AIR TERMINAL SINGLE DUCT VAV REHEAT 33,BLOCKS-3645_OFFICE_5_EAST PERIMETER,0.05,0.03,12.89,32.11,2206.57,5393.50,AirTerminal:SingleDuct:VAV:Reheat,COIL:HEATING:ELECTRIC,n/a,n/a,,0.49,n/a,n/a,0.00,n/a
,ADU AIR TERMINAL SINGLE DUCT VAV REHEAT 32,BLOCKS-3645_OFFICE_5_NORTH PERIMETER,0.07,0.04,12.89,32.11,2985.24,3550.35,AirTerminal:SingleDuct:VAV:Reheat,COIL:HEATING:ELECTRIC,n/a,n/a,,0.32,n/a,n/a,0.00,n/a
,ADU AIR TERMINAL SINGLE DUCT VAV REHEAT 34,BLOCKS-3645_OFFICE_5_SOUTH PERIMETER,0.07,0.04,12.89,32.11,2976.92,5733.58,AirTerminal:SingleDuct:VAV:Reheat,COIL:HEATING:ELECTRIC,n/a,n/a,,0.52,n/a,n/a,0.00,n/a
,ADU AIR TERMINAL SINGLE DUCT VAV REHEAT 31,BLOCKS-3645_OFFICE_5_WEST PERIMETER,0.05,0.03,12.89,32.11,2200.38,5637.02,AirTerminal:SingleDuct:VAV:Reheat,COIL:HEATING:ELECTRIC,n/a,n/a,,0.52,n/a,n/a,0.00,n/a
,ADU AIR TERMINAL SINGLE DUCT VAV REHEAT 40,BLOCKS-3645_OFFICE_6_CORE,0.11,0.06,12.89,32.11,2181.41,4350.80,AirTerminal:SingleDuct:VAV:Reheat,COIL:HEATING:ELECTRIC,n/a,n/a,,0.40,n/a,n/a,0.00,n/a
,ADU AIR TERMINAL SINGLE DUCT VAV REHEAT 38,BLOCKS-3645_OFFICE_6_EAST PERIMETER,0.05,0.03,12.89,32.11,2211.08,5390.64,AirTerminal:SingleDuct:VAV:Reheat,COIL:HEATING:ELECTRIC,n/a,n/a,,0.49,n/a,n/a,0.00,n/a
,ADU AIR TERMINAL SINGLE DUCT VAV REHEAT 37,BLOCKS-3645_OFFICE_6_NORTH PERIMETER,0.07,0.04,12.89,32.11,2991.28,3549.83,AirTerminal:SingleDuct:VAV:Reheat,COIL:HEATING:ELECTRIC,n/a,n/a,,0.32,n/a,n/a,0.00,n/a
,ADU AIR TERMINAL SINGLE DUCT VAV REHEAT 39,BLOCKS-3645_OFFICE_6_SOUTH PERIMETER,0.07,0.04,12.89,32.11,2982.67,5730.94,AirTerminal:SingleDuct:VAV:Reheat,COIL:HEATING:ELECTRIC,n/a,n/a,,0.52,n/a,n/a,0.00,n/a
,ADU AIR TERMINAL SINGLE DUCT VAV REHEAT 36,BLOCKS-3645_OFFICE_6_WEST PERIMETER,0.05,0.03,12.89,32.11,2204.67,5633.45,AirTerminal:SingleDuct:VAV:Reheat,COIL:HEATING:ELECTRIC,n/a,n/a,,0.51,n/a,n/a,0.00,n/a
,ADU AIR TERMINAL SINGLE DUCT VAV REHEAT 45,BLOCKS-3645_OFFICE_7_CORE,0.11,0.06,12.89,32.11,2182.01,4350.50,AirTerminal:SingleDuct:VAV:Reheat,COIL:HEATING:ELECTRIC,n/a,n/a,,0.40,n/a,n/a,0.00,n/a
,ADU AIR TERMINAL SINGLE DUCT VAV REHEAT 43,BLOCKS-3645_OFFICE_7_EAST PERIMETER,0.05,0.03,12.89,32.11,2215.22,5388.03,AirTerminal:SingleDuct:VAV:Reheat,COIL:HEATING:ELECTRIC,n/a,n/a,,0.49,n/a,n/a,0.00,n/a
,ADU AIR TERMINAL SINGLE DUCT VAV REHEAT 42,BLOCKS-3645_OFFICE_7_NORTH PERIMETER,0.07,0.04,12.89,32.11,2996.83,3549.25,AirTerminal:SingleDuct:VAV:Reheat,COIL:HEATING:ELECTRIC,n/a,n/a,,0.32,n/a,n/a,0.00,n/a
,ADU AIR TERMINAL SINGLE DUCT VAV REHEAT 44,BLOCKS-3645_OFFICE_7_SOUTH PERIMETER,0.07,0.04,12.89,32.11,2987.96,5728.49,AirTerminal:SingleDuct:VAV:Reheat,COIL:HEATING:ELECTRIC,n/a,n/a,,0.52,n/a,n/a,0.00,n/a
,ADU AIR TERMINAL SINGLE DUCT VAV REHEAT 41,BLOCKS-3645_OFFICE_7_WEST PERIMETER,0.05,0.03,12.89,32.11,2208.62,5630.22,AirTerminal:SingleDuct:VAV:Reheat,COIL:HEATING:ELECTRIC,n/a,n/a,,0.51,n/a,n/a,0.00,n/a
,ADU AIR TERMINAL SINGLE DUCT VAV REHEAT 50,BLOCKS-3645_OFFICE_8_CORE,0.11,0.06,12.89,32.11,2182.58,4350.21,AirTerminal:SingleDuct:VAV:Reheat,COIL:HEATING:ELECTRIC,n/a,n/a,,0.40,n/a,n/a,0.00,n/a
,ADU AIR TERMINAL SINGLE DUCT VAV REHEAT 48,BLOCKS-3645_OFFICE_8_EAST PERIMETER,0.05,0.03,12.89,32.11,2219.08,5385.49,AirTerminal:SingleDuct:VAV:Reheat,COIL:HEATING:ELECTRIC,n/a,n/a,,0.49,n/a,n/a,0.00,n/a
,ADU AIR TERMINAL SINGLE DUCT VAV REHEAT 47,BLOCKS-3645_OFFICE_8_NORTH PERIMETER,0.07,0.04,12.89,32.11,3002.00,3548.61,AirTerminal:SingleDuct:VAV:Reheat,COIL:HEATING:ELECTRIC,n/a,n/a,,0.32,n/a,n/a,0.00,n/a
,ADU AIR TERMINAL SINGLE DUCT VAV REHEAT 49,BLOCKS-3645_OFFICE_8_SOUTH PERIMETER,0.07,0.04,12.89,32.11,2992.89,5726.19,AirTerminal:SingleDuct:VAV:Reheat,COIL:HEATING:ELECTRIC,n/a,n/a,,0.52,n/a,n/a,0.00,n/a
,ADU AIR TERMINAL SINGLE DUCT VAV REHEAT 46,BLOCKS-3645_OFFICE_8_WEST PERIMETER,0.05,0.03,12.89,32.11,2212.30,5627.26,AirTerminal:SingleDuct:VAV:Reheat,COIL:HEATING:ELECTRIC,n/a,n/a,,0.51,n/a,n/a,0.00,n/a
,ADU AIR TERMINAL SINGLE DUCT VAV REHEAT 55,BLOCKS-3645_OFFICE_9_CORE,0.11,0.06,12.89,32.11,2866.88,4382.38,AirTerminal:SingleDuct:VAV:Reheat,COIL:HEATING:ELECTRIC,n/a,n/a,,0.40,n/a,n/a,0.00,n/a
,ADU AIR TERMINAL SINGLE DUCT VAV REHEAT 53,BLOCKS-3645_OFFICE_9_EAST PERIMETER,0.05,0.03,12.89,32.11,2540.81,5400.76,AirTerminal:SingleDuct:VAV:Reheat,COIL:HEATING:ELECTRIC,n/a,n/a,,0.49,n/a,n/a,0.00,n/a
,ADU AIR TERMINAL SINGLE DUCT VAV REHEAT 52,BLOCKS-3645_OFFICE_9_NORTH PERIMETER,0.07,0.04,12.89,32.11,3460.23,3562.57,AirTerminal:SingleDuct:VAV:Reheat,COIL:HEATING:ELECTRIC,n/a,n/a,,0.33,n/a,n/a,0.00,n/a
,ADU AIR TERMINAL SINGLE DUCT VAV REHEAT 54,BLOCKS-3645_OFFICE_9_SOUTH PERIMETER,0.07,0.04,12.89,32.11,3451.17,5742.49,AirTerminal:SingleDuct:VAV:Reheat,COIL:HEATING:ELECTRIC,n/a,n/a,,0.52,n/a,n/a,0.00,n/a
,ADU AIR TERMINAL SINGLE DUCT VAV REHEAT 51,BLOCKS-3645_OFFICE_9_WEST PERIMETER,0.05,0.03,12.89,32.11,2534.05,5633.65,AirTerminal:SingleDuct:VAV:Reheat,COIL:HEATING:ELECTRIC,n/a,n/a,,0.51,n/a,n/a,0.00,n/a


Air Heat Recovery

,,Name,Input object type,Plate/Rotary,Sensible Effectiveness at 100% Heating Air Flow,Sensible Effectiveness at 100% Cooling Air Flow,Latent Effectiveness at 100% Heating Air Flow,Latent Effectiveness at 100% Cooling Air Flow,Exhaust Airflow [kg/s],Outdoor Airflow [kg/s]
,ERV-AIRLOOP AIR_HANDLERS-2963,ERV-AIRLOOP AIR_HANDLERS-2963,Generic,Rotary,0.70,0.70,0.60,0.60,0.00,0.00


----------------------------------------------------------------------------------------------------
REPORT:,HVAC Sizing Summary
FOR:,Entire Facility
Space Sensible Cooling

,,Calculated Design Load [W],User Design Load [W],User Design Load per Area [W/m2],Calculated Design Air Flow [m3/s],User Design Air Flow [m3/s],Design Day Name,Date/Time Of Peak {TIMESTAMP},Thermostat Setpoint Temperature at Peak Load [C],Indoor Temperature at Peak Load [C],Indoor Humidity Ratio at Peak Load [kgWater/kgDryAir],Outdoor Temperature at Peak Load [C],Outdoor Humidity Ratio at Peak Load [kgWater/kgDryAir],Minimum Outdoor Air Flow Rate [m3/s],Heat Gain Rate from DOAS [W]
,None,,,,,,,,,,,,,,
The Design Load is the space sensible load only. It does not include any system effects or ventilation loads.


Zone Sensible Cooling

,,Calculated Design Load [W],User Design Load [W],User Design Load per Area [W/m2],Calculated Design Air Flow [m3/s],User Design Air Flow [m3/s],Design Day Name,Date/Time Of Peak {TIMESTAMP},Thermostat Setpoint Temperature at Peak Load [C],Indoor Temperature at Peak Load [C],Indoor Humidity Ratio at Peak Load [kgWater/kgDryAir],Outdoor Temperature at Peak Load [C],Outdoor Humidity Ratio at Peak Load [kgWater/kgDryAir],Minimum Outdoor Air Flow Rate [m3/s],Heat Gain Rate from DOAS [W]
,BLOCKS-3644_OFFICE_1_CORE,12618.20,14510.93,28.40,1.153,1.326,SEATTLE SEATTLE TACOMA INTL A ANN CLG .4% CONDNS DB=>MWB,8/21 08:00:00,24.00,24.00,0.00914,21.70,0.01194,0.254,0.00
,BLOCKS-3644_OFFICE_1_EAST PERIMETER,9060.19,10419.22,59.81,0.828,0.952,SEATTLE SEATTLE TACOMA INTL A ANN CLG .4% CONDNS DB=>MWB,8/21 09:15:00,24.00,24.00,0.00881,24.12,0.01195,0.087,0.00
,BLOCKS-3644_OFFICE_1_NORTH PERIMETER,2801.09,3221.25,35.56,0.256,0.294,SEATTLE SEATTLE TACOMA INTL A ANN CLG .4% CONDNS DB=>MWB,8/21 15:00:00,24.00,24.00,0.00903,29.40,0.01196,0.045,0.00
,BLOCKS-3644_OFFICE_1_SOUTH PERIMETER,4280.29,4922.33,54.34,0.391,0.450,SEATTLE SEATTLE TACOMA INTL A ANN CLG .4% CONDNS DB=>MWB,8/21 13:45:00,24.00,24.00,0.00885,29.27,0.01196,0.045,0.00
,BLOCKS-3644_OFFICE_1_WEST PERIMETER,9451.66,10869.41,62.40,0.864,0.993,SEATTLE SEATTLE TACOMA INTL A ANN CLG .4% CONDNS DB=>MWB,8/21 17:15:00,24.00,24.00,0.00880,27.68,0.01195,0.087,0.00
,BLOCKS-3644_OFFICE_2_CORE,13095.81,15060.18,29.47,1.197,1.376,SEATTLE SEATTLE TACOMA INTL A ANN CLG .4% CONDNS DB=>MWB,8/21 08:00:00,24.00,24.00,0.00911,21.70,0.01194,0.254,0.00
,BLOCKS-3644_OFFICE_2_EAST PERIMETER,11504.60,13230.28,75.95,1.051,1.209,SEATTLE SEATTLE TACOMA INTL A ANN CLG .4% CONDNS DB=>MWB,8/21 08:30:00,24.00,24.00,0.00875,22.69,0.01194,0.087,0.00
,BLOCKS-3644_OFFICE_2_NORTH PERIMETER,3101.03,3566.19,39.37,0.283,0.326,SEATTLE SEATTLE TACOMA INTL A ANN CLG .4% CONDNS DB=>MWB,8/21 14:45:00,24.00,24.00,0.00898,29.40,0.01196,0.045,0.00
,BLOCKS-3644_OFFICE_2_SOUTH PERIMETER,5027.50,5781.63,63.83,0.459,0.528,SEATTLE SEATTLE TACOMA INTL A ANN CLG .4% CONDNS DB=>MWB,8/21 13:00:00,24.00,24.00,0.00880,28.88,0.01195,0.045,0.00
,BLOCKS-3644_OFFICE_2_WEST PERIMETER,11936.45,13726.92,78.80,1.091,1.254,SEATTLE SEATTLE TACOMA INTL A ANN CLG .4% CONDNS DB=>MWB,8/21 17:00:00,24.00,24.00,0.00874,27.94,0.01195,0.087,0.00
,BLOCKS-3645_OFFICE_1_CORE,3813.43,4385.45,31.47,0.348,0.401,SEATTLE SEATTLE TACOMA INTL A ANN CLG .4% CONDNS DB=>MWB,8/21 08:00:00,24.00,24.00,0.00907,21.70,0.01194,0.064,0.00
,BLOCKS-3645_OFFICE_1_EAST PERIMETER,4721.31,5429.51,86.58,0.431,0.496,SEATTLE SEATTLE TACOMA INTL A ANN CLG .4% CONDNS DB=>MWB,8/21 08:30:00,24.00,24.00,0.00872,22.69,0.01194,0.029,0.00
,BLOCKS-3645_OFFICE_1_NORTH PERIMETER,3107.12,3573.19,39.45,0.284,0.327,SEATTLE SEATTLE TACOMA INTL A ANN CLG .4% CONDNS DB=>MWB,8/21 14:45:00,24.00,24.00,0.00899,29.40,0.01196,0.042,0.00
,BLOCKS-3645_OFFICE_1_SOUTH PERIMETER,5020.26,5773.30,63.74,0.459,0.528,SEATTLE SEATTLE TACOMA INTL A ANN CLG .4% CONDNS DB=>MWB,8/21 13:00:00,24.00,24.00,0.00880,28.88,0.01195,0.042,0.00
,BLOCKS-3645_OFFICE_1_WEST PERIMETER,4935.07,5675.33,90.50,0.451,0.519,SEATTLE SEATTLE TACOMA INTL A ANN CLG .4% CONDNS DB=>MWB,8/21 17:00:00,24.00,24.00,0.00871,27.94,0.01195,0.029,0.00
,BLOCKS-3645_OFFICE_2_CORE,3784.47,4352.14,31.23,0.346,0.398,SEATTLE SEATTLE TACOMA INTL A ANN CLG .4% CONDNS DB=>MWB,8/21 08:00:00,24.00,24.00,0.00908,21.70,0.01194,0.064,0.00
,BLOCKS-3645_OFFICE_2_EAST PERIMETER,4699.60,5404.54,86.18,0.429,0.494,SEATTLE SEATTLE TACOMA INTL A ANN CLG .4% CONDNS DB=>MWB,8/21 08:30:00,24.00,24.00,0.00873,22.69,0.01194,0.029,0.00
,BLOCKS-3645_OFFICE_2_NORTH PERIMETER,3088.08,3551.29,39.21,0.282,0.325,SEATTLE SEATTLE TACOMA INTL A ANN CLG .4% CONDNS DB=>MWB,8/21 14:45:00,24.00,24.00,0.00899,29.40,0.01196,0.042,0.00
,BLOCKS-3645_OFFICE_2_SOUTH PERIMETER,4994.59,5743.78,63.41,0.456,0.525,SEATTLE SEATTLE TACOMA INTL A ANN CLG .4% CONDNS DB=>MWB,8/21 13:00:00,24.00,24.00,0.00880,28.88,0.01195,0.042,0.00
,BLOCKS-3645_OFFICE_2_WEST PERIMETER,4914.31,5651.45,90.12,0.449,0.516,SEATTLE SEATTLE TACOMA INTL A ANN CLG .4% CONDNS DB=>MWB,8/21 17:00:00,24.00,24.00,0.00871,27.94,0.01195,0.029,0.00
,BLOCKS-3645_OFFICE_3_CORE,3784.15,4351.77,31.23,0.346,0.398,SEATTLE SEATTLE TACOMA INTL A ANN CLG .4% CONDNS DB=>MWB,8/21 08:00:00,24.00,24.00,0.00908,21.70,0.01194,0.064,0.00
,BLOCKS-3645_OFFICE_3_EAST PERIMETER,4695.88,5400.26,86.12,0.429,0.493,SEATTLE SEATTLE TACOMA INTL A ANN CLG .4% CONDNS DB=>MWB,8/21 08:30:00,24.00,24.00,0.00873,22.69,0.01194,0.029,0.00
,BLOCKS-3645_OFFICE_3_NORTH PERIMETER,3087.93,3551.12,39.20,0.282,0.324,SEATTLE SEATTLE TACOMA INTL A ANN CLG .4% CONDNS DB=>MWB,8/21 14:45:00,24.00,24.00,0.00899,29.40,0.01196,0.042,0.00
,BLOCKS-3645_OFFICE_3_SOUTH PERIMETER,4991.11,5739.77,63.37,0.456,0.524,SEATTLE SEATTLE TACOMA INTL A ANN CLG .4% CONDNS DB=>MWB,8/21 13:00:00,24.00,24.00,0.00881,28.88,0.01195,0.042,0.00
,BLOCKS-3645_OFFICE_3_WEST PERIMETER,4909.35,5645.76,90.03,0.449,0.516,SEATTLE SEATTLE TACOMA INTL A ANN CLG .4% CONDNS DB=>MWB,8/21 17:00:00,24.00,24.00,0.00872,27.94,0.01195,0.029,0.00
,BLOCKS-3645_OFFICE_4_CORE,3783.85,4351.43,31.23,0.346,0.398,SEATTLE SEATTLE TACOMA INTL A ANN CLG .4% CONDNS DB=>MWB,8/21 08:00:00,24.00,24.00,0.00908,21.70,0.01194,0.064,0.00
,BLOCKS-3645_OFFICE_4_EAST PERIMETER,4692.75,5396.66,86.06,0.429,0.493,SEATTLE SEATTLE TACOMA INTL A ANN CLG .4% CONDNS DB=>MWB,8/21 08:30:00,24.00,24.00,0.00873,22.69,0.01194,0.029,0.00
,BLOCKS-3645_OFFICE_4_NORTH PERIMETER,3087.64,3550.79,39.20,0.282,0.324,SEATTLE SEATTLE TACOMA INTL A ANN CLG .4% CONDNS DB=>MWB,8/21 14:45:00,24.00,24.00,0.00899,29.40,0.01196,0.042,0.00
,BLOCKS-3645_OFFICE_4_SOUTH PERIMETER,4988.25,5736.49,63.33,0.456,0.524,SEATTLE SEATTLE TACOMA INTL A ANN CLG .4% CONDNS DB=>MWB,8/21 13:00:00,24.00,24.00,0.00881,28.88,0.01195,0.042,0.00
,BLOCKS-3645_OFFICE_4_WEST PERIMETER,4905.27,5641.06,89.96,0.448,0.515,SEATTLE SEATTLE TACOMA INTL A ANN CLG .4% CONDNS DB=>MWB,8/21 17:00:00,24.00,24.00,0.00872,27.94,0.01195,0.029,0.00
,BLOCKS-3645_OFFICE_5_CORE,3783.58,4351.11,31.22,0.346,0.398,SEATTLE SEATTLE TACOMA INTL A ANN CLG .4% CONDNS DB=>MWB,8/21 08:00:00,24.00,24.00,0.00908,21.70,0.01194,0.064,0.00
,BLOCKS-3645_OFFICE_5_EAST PERIMETER,4690.00,5393.50,86.01,0.429,0.493,SEATTLE SEATTLE TACOMA INTL A ANN CLG .4% CONDNS DB=>MWB,8/21 08:30:00,24.00,24.00,0.00873,22.69,0.01194,0.029,0.00
,BLOCKS-3645_OFFICE_5_NORTH PERIMETER,3087.26,3550.35,39.20,0.282,0.324,SEATTLE SEATTLE TACOMA INTL A ANN CLG .4% CONDNS DB=>MWB,8/21 14:45:00,24.00,24.00,0.00900,29.40,0.01196,0.042,0.00
,BLOCKS-3645_OFFICE_5_SOUTH PERIMETER,4985.72,5733.58,63.30,0.456,0.524,SEATTLE SEATTLE TACOMA INTL A ANN CLG .4% CONDNS DB=>MWB,8/21 13:00:00,24.00,24.00,0.00881,28.88,0.01195,0.042,0.00
,BLOCKS-3645_OFFICE_5_WEST PERIMETER,4901.76,5637.02,89.89,0.448,0.515,SEATTLE SEATTLE TACOMA INTL A ANN CLG .4% CONDNS DB=>MWB,8/21 17:00:00,24.00,24.00,0.00872,27.94,0.01195,0.029,0.00
,BLOCKS-3645_OFFICE_6_CORE,3783.31,4350.80,31.22,0.346,0.398,SEATTLE SEATTLE TACOMA INTL A ANN CLG .4% CONDNS DB=>MWB,8/21 08:00:00,24.00,24.00,0.00908,21.70,0.01194,0.064,0.00
,BLOCKS-3645_OFFICE_6_EAST PERIMETER,4687.51,5390.64,85.96,0.428,0.493,SEATTLE SEATTLE TACOMA INTL A ANN CLG .4% CONDNS DB=>MWB,8/21 08:30:00,24.00,24.00,0.00873,22.69,0.01194,0.029,0.00
,BLOCKS-3645_OFFICE_6_NORTH PERIMETER,3086.81,3549.83,39.19,0.282,0.324,SEATTLE SEATTLE TACOMA INTL A ANN CLG .4% CONDNS DB=>MWB,8/21 14:45:00,24.00,24.00,0.00900,29.40,0.01196,0.042,0.00
,BLOCKS-3645_OFFICE_6_SOUTH PERIMETER,4983.43,5730.94,63.27,0.455,0.524,SEATTLE SEATTLE TACOMA INTL A ANN CLG .4% CONDNS DB=>MWB,8/21 13:00:00,24.00,24.00,0.00881,28.88,0.01195,0.042,0.00
,BLOCKS-3645_OFFICE_6_WEST PERIMETER,4898.65,5633.45,89.83,0.448,0.515,SEATTLE SEATTLE TACOMA INTL A ANN CLG .4% CONDNS DB=>MWB,8/21 17:00:00,24.00,24.00,0.00872,27.94,0.01195,0.029,0.00
,BLOCKS-3645_OFFICE_7_CORE,3783.05,4350.50,31.22,0.346,0.398,SEATTLE SEATTLE TACOMA INTL A ANN CLG .4% CONDNS DB=>MWB,8/21 08:00:00,24.00,24.00,0.00908,21.70,0.01194,0.064,0.00
,BLOCKS-3645_OFFICE_7_EAST PERIMETER,4685.24,5388.03,85.92,0.428,0.492,SEATTLE SEATTLE TACOMA INTL A ANN CLG .4% CONDNS DB=>MWB,8/21 08:30:00,24.00,24.00,0.00873,22.69,0.01194,0.029,0.00
,BLOCKS-3645_OFFICE_7_NORTH PERIMETER,3086.30,3549.25,39.18,0.282,0.324,SEATTLE SEATTLE TACOMA INTL A ANN CLG .4% CONDNS DB=>MWB,8/21 14:45:00,24.00,24.00,0.00900,29.40,0.01196,0.042,0.00
,BLOCKS-3645_OFFICE_7_SOUTH PERIMETER,4981.30,5728.49,63.24,0.455,0.523,SEATTLE SEATTLE TACOMA INTL A ANN CLG .4% CONDNS DB=>MWB,8/21 13:00:00,24.00,24.00,0.00881,28.88,0.01195,0.042,0.00
,BLOCKS-3645_OFFICE_7_WEST PERIMETER,4895.84,5630.22,89.78,0.447,0.514,SEATTLE SEATTLE TACOMA INTL A ANN CLG .4% CONDNS DB=>MWB,8/21 17:00:00,24.00,24.00,0.00872,27.94,0.01195,0.029,0.00
,BLOCKS-3645_OFFICE_8_CORE,3782.79,4350.21,31.22,0.346,0.398,SEATTLE SEATTLE TACOMA INTL A ANN CLG .4% CONDNS DB=>MWB,8/21 08:00:00,24.00,24.00,0.00908,21.70,0.01194,0.064,0.00
,BLOCKS-3645_OFFICE_8_EAST PERIMETER,4683.03,5385.49,85.88,0.428,0.492,SEATTLE SEATTLE TACOMA INTL A ANN CLG .4% CONDNS DB=>MWB,8/21 08:30:00,24.00,24.00,0.00873,22.69,0.01194,0.029,0.00
,BLOCKS-3645_OFFICE_8_NORTH PERIMETER,3085.75,3548.61,39.18,0.282,0.324,SEATTLE SEATTLE TACOMA INTL A ANN CLG .4% CONDNS DB=>MWB,8/21 14:45:00,24.00,24.00,0.00900,29.40,0.01196,0.042,0.00
,BLOCKS-3645_OFFICE_8_SOUTH PERIMETER,4979.30,5726.19,63.22,0.455,0.523,SEATTLE SEATTLE TACOMA INTL A ANN CLG .4% CONDNS DB=>MWB,8/21 13:00:00,24.00,24.00,0.00881,28.88,0.01195,0.042,0.00
,BLOCKS-3645_OFFICE_8_WEST PERIMETER,4893.27,5627.26,89.74,0.447,0.514,SEATTLE SEATTLE TACOMA INTL A ANN CLG .4% CONDNS DB=>MWB,8/21 17:00:00,24.00,24.00,0.00872,27.94,0.01195,0.029,0.00
,BLOCKS-3645_OFFICE_9_CORE,3810.76,4382.38,31.45,0.348,0.400,SEATTLE SEATTLE TACOMA INTL A ANN CLG .4% CONDNS DB=>MWB,8/21 08:00:00,24.00,24.00,0.00907,21.70,0.01194,0.064,0.00
,BLOCKS-3645_OFFICE_9_EAST PERIMETER,4696.31,5400.76,86.12,0.429,0.494,SEATTLE SEATTLE TACOMA INTL A ANN CLG .4% CONDNS DB=>MWB,8/21 08:30:00,24.00,24.00,0.00873,22.69,0.01194,0.029,0.00
,BLOCKS-3645_OFFICE_9_NORTH PERIMETER,3097.89,3562.57,39.33,0.283,0.326,SEATTLE SEATTLE TACOMA INTL A ANN CLG .4% CONDNS DB=>MWB,8/21 14:45:00,24.00,24.00,0.00900,29.40,0.01196,0.042,0.00
,BLOCKS-3645_OFFICE_9_SOUTH PERIMETER,4993.47,5742.49,63.40,0.456,0.525,SEATTLE SEATTLE TACOMA INTL A ANN CLG .4% CONDNS DB=>MWB,8/21 13:00:00,24.00,24.00,0.00881,28.88,0.01195,0.042,0.00
,BLOCKS-3645_OFFICE_9_WEST PERIMETER,4898.82,5633.65,89.84,0.448,0.515,SEATTLE SEATTLE TACOMA INTL A ANN CLG .4% CONDNS DB=>MWB,8/21 17:00:00,24.00,24.00,0.00872,27.94,0.01195,0.029,0.00
The Design Load is the zone sensible load only. It does not include any system effects or ventilation loads.


Space Sensible Heating

,,Calculated Design Load [W],User Design Load [W],User Design Load per Area [W/m2],Calculated Design Air Flow [m3/s],User Design Air Flow [m3/s],Design Day Name,Date/Time Of Peak {TIMESTAMP},Thermostat Setpoint Temperature at Peak Load [C],Indoor Temperature at Peak Load [C],Indoor Humidity Ratio at Peak Load [kgWater/kgDryAir],Outdoor Temperature at Peak Load [C],Outdoor Humidity Ratio at Peak Load [kgWater/kgDryAir],Minimum Outdoor Air Flow Rate [m3/s],Heat Gain Rate from DOAS [W]
,None,,,,,,,,,,,,,,
The Design Load is the space sensible load only. It does not include any system effects or ventilation loads.


Zone Sensible Heating

,,Calculated Design Load [W],User Design Load [W],User Design Load per Area [W/m2],Calculated Design Air Flow [m3/s],User Design Air Flow [m3/s],Design Day Name,Date/Time Of Peak {TIMESTAMP},Thermostat Setpoint Temperature at Peak Load [C],Indoor Temperature at Peak Load [C],Indoor Humidity Ratio at Peak Load [kgWater/kgDryAir],Outdoor Temperature at Peak Load [C],Outdoor Humidity Ratio at Peak Load [kgWater/kgDryAir],Minimum Outdoor Air Flow Rate [m3/s],Heat Gain Rate from DOAS [W]
,BLOCKS-3644_OFFICE_1_CORE,3882.20,4852.75,9.50,0.355,0.444,SEATTLE SEATTLE TACOMA INTL A ANN HTG 99.6% CONDNS DB,12/21 08:30:00,21.00,21.00,0.00800,-4.20,0.00331,0.254,0.00
,BLOCKS-3644_OFFICE_1_EAST PERIMETER,4446.39,5557.99,31.91,0.407,0.508,SEATTLE SEATTLE TACOMA INTL A ANN HTG 99.6% CONDNS DB,12/21 08:00:00,21.00,21.00,0.00795,-4.20,0.00331,0.087,0.00
,BLOCKS-3644_OFFICE_1_NORTH PERIMETER,2539.36,3174.20,35.04,0.232,0.290,SEATTLE SEATTLE TACOMA INTL A ANN HTG 99.6% CONDNS DB,12/21 08:00:00,21.00,21.00,0.00796,-4.20,0.00331,0.045,0.00
,BLOCKS-3644_OFFICE_1_SOUTH PERIMETER,2536.78,3170.98,35.01,0.232,0.290,SEATTLE SEATTLE TACOMA INTL A ANN HTG 99.6% CONDNS DB,12/21 08:00:00,21.00,21.00,0.00796,-4.20,0.00331,0.045,0.00
,BLOCKS-3644_OFFICE_1_WEST PERIMETER,4441.39,5551.74,31.87,0.406,0.508,SEATTLE SEATTLE TACOMA INTL A ANN HTG 99.6% CONDNS DB,12/21 08:00:00,21.00,21.00,0.00795,-4.20,0.00331,0.087,0.00
,BLOCKS-3644_OFFICE_2_CORE,5257.24,6571.55,12.86,0.481,0.601,SEATTLE SEATTLE TACOMA INTL A ANN HTG 99.6% CONDNS DB,12/21 08:00:00,21.00,21.00,0.00800,-4.20,0.00331,0.254,0.00
,BLOCKS-3644_OFFICE_2_EAST PERIMETER,4169.86,5212.32,29.92,0.381,0.477,SEATTLE SEATTLE TACOMA INTL A ANN HTG 99.6% CONDNS DB,12/21 08:00:00,21.00,21.00,0.00793,-4.20,0.00331,0.087,0.00
,BLOCKS-3644_OFFICE_2_NORTH PERIMETER,2344.17,2930.22,32.35,0.214,0.268,SEATTLE SEATTLE TACOMA INTL A ANN HTG 99.6% CONDNS DB,12/21 08:00:00,21.00,21.00,0.00794,-4.20,0.00331,0.045,0.00
,BLOCKS-3644_OFFICE_2_SOUTH PERIMETER,2339.82,2924.78,32.29,0.214,0.268,SEATTLE SEATTLE TACOMA INTL A ANN HTG 99.6% CONDNS DB,12/21 08:00:00,21.00,21.00,0.00794,-4.20,0.00331,0.045,0.00
,BLOCKS-3644_OFFICE_2_WEST PERIMETER,4162.07,5202.58,29.87,0.381,0.476,SEATTLE SEATTLE TACOMA INTL A ANN HTG 99.6% CONDNS DB,12/21 08:00:00,21.00,21.00,0.00793,-4.20,0.00331,0.087,0.00
,BLOCKS-3645_OFFICE_1_CORE,1814.07,2267.59,16.27,0.166,0.207,SEATTLE SEATTLE TACOMA INTL A ANN HTG 99.6% CONDNS DB,12/21 08:00:00,21.00,21.00,0.00800,-4.20,0.00331,0.064,0.00
,BLOCKS-3645_OFFICE_1_EAST PERIMETER,1782.59,2228.24,35.53,0.163,0.204,SEATTLE SEATTLE TACOMA INTL A ANN HTG 99.6% CONDNS DB,12/21 08:00:00,21.00,21.00,0.00794,-4.20,0.00331,0.029,0.00
,BLOCKS-3645_OFFICE_1_NORTH PERIMETER,2408.21,3010.26,33.23,0.220,0.275,SEATTLE SEATTLE TACOMA INTL A ANN HTG 99.6% CONDNS DB,12/21 08:00:00,21.00,21.00,0.00794,-4.20,0.00331,0.042,0.00
,BLOCKS-3645_OFFICE_1_SOUTH PERIMETER,2403.10,3003.87,33.16,0.220,0.275,SEATTLE SEATTLE TACOMA INTL A ANN HTG 99.6% CONDNS DB,12/21 08:00:00,21.00,21.00,0.00794,-4.20,0.00331,0.042,0.00
,BLOCKS-3645_OFFICE_1_WEST PERIMETER,1778.78,2223.47,35.46,0.163,0.203,SEATTLE SEATTLE TACOMA INTL A ANN HTG 99.6% CONDNS DB,12/21 08:00:00,21.00,21.00,0.00794,-4.20,0.00331,0.029,0.00
,BLOCKS-3645_OFFICE_2_CORE,1742.66,2178.33,15.63,0.159,0.199,SEATTLE SEATTLE TACOMA INTL A ANN HTG 99.6% CONDNS DB,12/21 08:00:00,21.00,21.00,0.00800,-4.20,0.00331,0.064,0.00
,BLOCKS-3645_OFFICE_2_EAST PERIMETER,1751.34,2189.18,34.91,0.160,0.200,SEATTLE SEATTLE TACOMA INTL A ANN HTG 99.6% CONDNS DB,12/21 08:00:00,21.00,21.00,0.00793,-4.20,0.00331,0.029,0.00
,BLOCKS-3645_OFFICE_2_NORTH PERIMETER,2369.53,2961.91,32.70,0.217,0.271,SEATTLE SEATTLE TACOMA INTL A ANN HTG 99.6% CONDNS DB,12/21 08:00:00,21.00,21.00,0.00793,-4.20,0.00331,0.042,0.00
,BLOCKS-3645_OFFICE_2_SOUTH PERIMETER,2363.85,2954.81,32.62,0.216,0.270,SEATTLE SEATTLE TACOMA INTL A ANN HTG 99.6% CONDNS DB,12/21 08:00:00,21.00,21.00,0.00793,-4.20,0.00331,0.042,0.00
,BLOCKS-3645_OFFICE_2_WEST PERIMETER,1747.12,2183.89,34.83,0.160,0.200,SEATTLE SEATTLE TACOMA INTL A ANN HTG 99.6% CONDNS DB,12/21 08:00:00,21.00,21.00,0.00793,-4.20,0.00331,0.029,0.00
,BLOCKS-3645_OFFICE_3_CORE,1743.41,2179.26,15.64,0.159,0.199,SEATTLE SEATTLE TACOMA INTL A ANN HTG 99.6% CONDNS DB,12/21 08:00:00,21.00,21.00,0.00800,-4.20,0.00331,0.064,0.00
,BLOCKS-3645_OFFICE_3_EAST PERIMETER,1756.69,2195.87,35.02,0.161,0.201,SEATTLE SEATTLE TACOMA INTL A ANN HTG 99.6% CONDNS DB,12/21 08:00:00,21.00,21.00,0.00793,-4.20,0.00331,0.029,0.00
,BLOCKS-3645_OFFICE_3_NORTH PERIMETER,2376.71,2970.89,32.80,0.217,0.272,SEATTLE SEATTLE TACOMA INTL A ANN HTG 99.6% CONDNS DB,12/21 08:00:00,21.00,21.00,0.00793,-4.20,0.00331,0.042,0.00
,BLOCKS-3645_OFFICE_3_SOUTH PERIMETER,2370.63,2963.29,32.71,0.217,0.271,SEATTLE SEATTLE TACOMA INTL A ANN HTG 99.6% CONDNS DB,12/21 08:00:00,21.00,21.00,0.00793,-4.20,0.00331,0.042,0.00
,BLOCKS-3645_OFFICE_3_WEST PERIMETER,1752.17,2190.21,34.93,0.160,0.200,SEATTLE SEATTLE TACOMA INTL A ANN HTG 99.6% CONDNS DB,12/21 08:00:00,21.00,21.00,0.00793,-4.20,0.00331,0.029,0.00
,BLOCKS-3645_OFFICE_4_CORE,1744.06,2180.08,15.64,0.160,0.199,SEATTLE SEATTLE TACOMA INTL A ANN HTG 99.6% CONDNS DB,12/21 08:00:00,21.00,21.00,0.00800,-4.20,0.00331,0.064,0.00
,BLOCKS-3645_OFFICE_4_EAST PERIMETER,1761.26,2201.58,35.11,0.161,0.201,SEATTLE SEATTLE TACOMA INTL A ANN HTG 99.6% CONDNS DB,12/21 08:00:00,21.00,21.00,0.00793,-4.20,0.00331,0.029,0.00
,BLOCKS-3645_OFFICE_4_NORTH PERIMETER,2382.83,2978.54,32.88,0.218,0.272,SEATTLE SEATTLE TACOMA INTL A ANN HTG 99.6% CONDNS DB,12/21 08:00:00,21.00,21.00,0.00792,-4.20,0.00331,0.042,0.00
,BLOCKS-3645_OFFICE_4_SOUTH PERIMETER,2376.43,2970.54,32.79,0.217,0.272,SEATTLE SEATTLE TACOMA INTL A ANN HTG 99.6% CONDNS DB,12/21 08:00:00,21.00,21.00,0.00792,-4.20,0.00331,0.042,0.00
,BLOCKS-3645_OFFICE_4_WEST PERIMETER,1756.50,2195.62,35.01,0.161,0.201,SEATTLE SEATTLE TACOMA INTL A ANN HTG 99.6% CONDNS DB,12/21 08:00:00,21.00,21.00,0.00793,-4.20,0.00331,0.029,0.00
,BLOCKS-3645_OFFICE_5_CORE,1744.62,2180.78,15.65,0.160,0.199,SEATTLE SEATTLE TACOMA INTL A ANN HTG 99.6% CONDNS DB,12/21 08:00:00,21.00,21.00,0.00800,-4.20,0.00331,0.064,0.00
,BLOCKS-3645_OFFICE_5_EAST PERIMETER,1765.26,2206.57,35.19,0.161,0.202,SEATTLE SEATTLE TACOMA INTL A ANN HTG 99.6% CONDNS DB,12/21 08:00:00,21.00,21.00,0.00792,-4.20,0.00331,0.029,0.00
,BLOCKS-3645_OFFICE_5_NORTH PERIMETER,2388.19,2985.24,32.96,0.218,0.273,SEATTLE SEATTLE TACOMA INTL A ANN HTG 99.6% CONDNS DB,12/21 08:00:00,21.00,21.00,0.00792,-4.20,0.00331,0.042,0.00
,BLOCKS-3645_OFFICE_5_SOUTH PERIMETER,2381.54,2976.92,32.86,0.218,0.272,SEATTLE SEATTLE TACOMA INTL A ANN HTG 99.6% CONDNS DB,12/21 08:00:00,21.00,21.00,0.00792,-4.20,0.00331,0.042,0.00
,BLOCKS-3645_OFFICE_5_WEST PERIMETER,1760.30,2200.38,35.09,0.161,0.201,SEATTLE SEATTLE TACOMA INTL A ANN HTG 99.6% CONDNS DB,12/21 08:00:00,21.00,21.00,0.00792,-4.20,0.00331,0.029,0.00
,BLOCKS-3645_OFFICE_6_CORE,1745.13,2181.41,15.65,0.160,0.200,SEATTLE SEATTLE TACOMA INTL A ANN HTG 99.6% CONDNS DB,12/21 08:00:00,21.00,21.00,0.00800,-4.20,0.00331,0.064,0.00
,BLOCKS-3645_OFFICE_6_EAST PERIMETER,1768.86,2211.08,35.26,0.162,0.202,SEATTLE SEATTLE TACOMA INTL A ANN HTG 99.6% CONDNS DB,12/21 08:00:00,21.00,21.00,0.00792,-4.20,0.00331,0.029,0.00
,BLOCKS-3645_OFFICE_6_NORTH PERIMETER,2393.02,2991.28,33.02,0.219,0.274,SEATTLE SEATTLE TACOMA INTL A ANN HTG 99.6% CONDNS DB,12/21 08:00:00,21.00,21.00,0.00792,-4.20,0.00331,0.042,0.00
,BLOCKS-3645_OFFICE_6_SOUTH PERIMETER,2386.13,2982.67,32.93,0.218,0.273,SEATTLE SEATTLE TACOMA INTL A ANN HTG 99.6% CONDNS DB,12/21 08:00:00,21.00,21.00,0.00792,-4.20,0.00331,0.042,0.00
,BLOCKS-3645_OFFICE_6_WEST PERIMETER,1763.73,2204.67,35.16,0.161,0.202,SEATTLE SEATTLE TACOMA INTL A ANN HTG 99.6% CONDNS DB,12/21 08:00:00,21.00,21.00,0.00792,-4.20,0.00331,0.029,0.00
,BLOCKS-3645_OFFICE_7_CORE,1745.61,2182.01,15.66,0.160,0.200,SEATTLE SEATTLE TACOMA INTL A ANN HTG 99.6% CONDNS DB,12/21 08:00:00,21.00,21.00,0.00800,-4.20,0.00331,0.064,0.00
,BLOCKS-3645_OFFICE_7_EAST PERIMETER,1772.18,2215.22,35.33,0.162,0.203,SEATTLE SEATTLE TACOMA INTL A ANN HTG 99.6% CONDNS DB,12/21 08:00:00,21.00,21.00,0.00792,-4.20,0.00331,0.029,0.00
,BLOCKS-3645_OFFICE_7_NORTH PERIMETER,2397.46,2996.83,33.08,0.219,0.274,SEATTLE SEATTLE TACOMA INTL A ANN HTG 99.6% CONDNS DB,12/21 08:00:00,21.00,21.00,0.00792,-4.20,0.00331,0.042,0.00
,BLOCKS-3645_OFFICE_7_SOUTH PERIMETER,2390.37,2987.96,32.99,0.219,0.273,SEATTLE SEATTLE TACOMA INTL A ANN HTG 99.6% CONDNS DB,12/21 08:00:00,21.00,21.00,0.00792,-4.20,0.00331,0.042,0.00
,BLOCKS-3645_OFFICE_7_WEST PERIMETER,1766.89,2208.62,35.22,0.162,0.202,SEATTLE SEATTLE TACOMA INTL A ANN HTG 99.6% CONDNS DB,12/21 08:00:00,21.00,21.00,0.00792,-4.20,0.00331,0.029,0.00
,BLOCKS-3645_OFFICE_8_CORE,1746.06,2182.58,15.66,0.160,0.200,SEATTLE SEATTLE TACOMA INTL A ANN HTG 99.6% CONDNS DB,12/21 08:00:00,21.00,21.00,0.00800,-4.20,0.00331,0.064,0.00
,BLOCKS-3645_OFFICE_8_EAST PERIMETER,1775.27,2219.08,35.39,0.162,0.203,SEATTLE SEATTLE TACOMA INTL A ANN HTG 99.6% CONDNS DB,12/21 08:00:00,21.00,21.00,0.00792,-4.20,0.00331,0.029,0.00
,BLOCKS-3645_OFFICE_8_NORTH PERIMETER,2401.60,3002.00,33.14,0.220,0.275,SEATTLE SEATTLE TACOMA INTL A ANN HTG 99.6% CONDNS DB,12/21 08:00:00,21.00,21.00,0.00792,-4.20,0.00331,0.042,0.00
,BLOCKS-3645_OFFICE_8_SOUTH PERIMETER,2394.31,2992.89,33.04,0.219,0.274,SEATTLE SEATTLE TACOMA INTL A ANN HTG 99.6% CONDNS DB,12/21 08:00:00,21.00,21.00,0.00792,-4.20,0.00331,0.042,0.00
,BLOCKS-3645_OFFICE_8_WEST PERIMETER,1769.84,2212.30,35.28,0.162,0.202,SEATTLE SEATTLE TACOMA INTL A ANN HTG 99.6% CONDNS DB,12/21 08:00:00,21.00,21.00,0.00792,-4.20,0.00331,0.029,0.00
,BLOCKS-3645_OFFICE_9_CORE,2293.50,2866.88,20.57,0.210,0.262,SEATTLE SEATTLE TACOMA INTL A ANN HTG 99.6% CONDNS DB,12/21 08:00:00,21.00,21.00,0.00800,-4.20,0.00331,0.064,0.00
,BLOCKS-3645_OFFICE_9_EAST PERIMETER,2032.65,2540.81,40.52,0.186,0.232,SEATTLE SEATTLE TACOMA INTL A ANN HTG 99.6% CONDNS DB,12/21 08:00:00,21.00,21.00,0.00793,-4.20,0.00331,0.029,0.00
,BLOCKS-3645_OFFICE_9_NORTH PERIMETER,2768.19,3460.23,38.20,0.253,0.316,SEATTLE SEATTLE TACOMA INTL A ANN HTG 99.6% CONDNS DB,12/21 08:00:00,21.00,21.00,0.00793,-4.20,0.00331,0.042,0.00
,BLOCKS-3645_OFFICE_9_SOUTH PERIMETER,2760.93,3451.17,38.10,0.253,0.316,SEATTLE SEATTLE TACOMA INTL A ANN HTG 99.6% CONDNS DB,12/21 08:00:00,21.00,21.00,0.00793,-4.20,0.00331,0.042,0.00
,BLOCKS-3645_OFFICE_9_WEST PERIMETER,2027.24,2534.05,40.41,0.185,0.232,SEATTLE SEATTLE TACOMA INTL A ANN HTG 99.6% CONDNS DB,12/21 08:00:00,21.00,21.00,0.00793,-4.20,0.00331,0.029,0.00
The Design Load is the zone sensible load only. It does not include any system effects or ventilation loads.


System Design Air Flow Rates

,,Calculated cooling [m3/s],User cooling [m3/s],Calculated heating [m3/s],User heating [m3/s],Adjusted cooling [m3/s],Adjusted heating [m3/s],Adjusted main [m3/s],Calculated Heating Air Flow Ratio [],User Heating Air Flow Ratio []
,AIRLOOP AIR_HANDLERS-2963,29.02,29.02,14.68,14.68,29.0167,14.6844,29.0167,0.5061,0.2000


Plant Loop Coincident Design Fluid Flow Rate Adjustments

,,Previous Design Volume Flow Rate [m3/s],Algorithm Volume Flow Rate [m3/s],Coincident Design Volume Flow Rate [m3/s],Coincident Size Adjusted,Peak Sizing Period Name,Peak Day into Period {TIMESTAMP}[day],Peak Hour Of Day {TIMESTAMP}[hr],Peak Step Start Minute {TIMESTAMP}[min]
,None,,,,,,,,


Coil Sizing Summary

,,Coil Type,HVAC Type,HVAC Name,Coil Final Gross Total Capacity [W],Coil Final Gross Sensible Capacity [W],Coil Final Reference Air Volume Flow Rate [m3/s],Coil Final Reference Plant Fluid Volume Flow Rate [m3/s],Coil U-value Times Area Value [W/K],Design Day Name at Sensible Ideal Loads Peak,Date/Time at Sensible Ideal Loads Peak,Design Day Name at Air Flow Ideal Loads Peak,Date/Time at Air Flow Ideal Loads Peak,Coil Total Capacity at Ideal Loads Peak [W],Coil Sensible Capacity at Ideal Loads Peak [W],Coil Air Volume Flow Rate at Ideal Loads Peak [m3/s],Coil Entering Air Drybulb at Ideal Loads Peak [C],Coil Entering Air Wetbulb at Ideal Loads Peak [C],Coil Entering Air Humidity Ratio at Ideal Loads Peak [kgWater/kgDryAir],Coil Leaving Air Drybulb at Ideal Loads Peak [C],Coil Leaving Air Wetbulb at Ideal Loads Peak [C],Coil Leaving Air Humidity Ratio at Ideal Loads Peak [kgWater/kgDryAir],Outdoor Air Drybulb at Ideal Loads Peak [C],Outdoor Air Humidity Ratio at Ideal Loads Peak [kgWater/kgDryAir],Outdoor Air Wetbulb at Ideal Loads Peak [C],Outdoor Air Flow Percentage at Ideal Loads Peak [%],Zone Air Drybulb at Ideal Loads Peak [C],Zone Air Humidity Ratio at Ideal Loads Peak [kgWater/kgDryAir],Zone Air Relative Humidity at Ideal Loads Peak [%],Zone Sensible Heat Gain at Ideal Loads Peak [W],Zone Latent Heat Gain at Ideal Loads Peak [W],Coil Total Capacity at Rating Conditions [W],Coil Sensible Capacity at Rating Conditions [W]
,COIL HEATING ELECTRIC 6,Coil:Heating:Electric,ZONEHVAC:AIRDISTRIBUTIONUNIT,ADU AIR TERMINAL SINGLE DUCT VAV REHEAT 5,6730.948,6730.948,-999.0,-999.0,-999.000,SEATTLE SEATTLE TACOMA INTL A ANN HTG 99.6% CONDNS DB,12/21 08:30:00,SEATTLE SEATTLE TACOMA INTL A ANN HTG 99.6% CONDNS DB,12/21 08:30:00,6730.95,6730.95,0.443846,16.70,11.12,0.00800000,32.11,16.32,0.00800000,-4.20,0.00331222,-4.20,0.0000,21.00,0.00800000,41.4490,4852.75,0.00,-999.00,-999.00
,COIL HEATING ELECTRIC 4,Coil:Heating:Electric,ZONEHVAC:AIRDISTRIBUTIONUNIT,ADU AIR TERMINAL SINGLE DUCT VAV REHEAT 3,7709.002,7709.002,-999.0,-999.0,-999.000,SEATTLE SEATTLE TACOMA INTL A ANN HTG 99.6% CONDNS DB,12/21 08:00:00,SEATTLE SEATTLE TACOMA INTL A ANN HTG 99.6% CONDNS DB,12/21 08:00:00,7709.00,7709.00,0.508349,16.70,11.12,0.00800000,32.11,16.32,0.00800000,-4.20,0.00331222,-4.20,0.0000,21.00,0.00794856,41.1865,5557.99,0.00,-999.00,-999.00
,COIL HEATING ELECTRIC 3,Coil:Heating:Electric,ZONEHVAC:AIRDISTRIBUTIONUNIT,ADU AIR TERMINAL SINGLE DUCT VAV REHEAT 2,4402.669,4402.669,-999.0,-999.0,-999.000,SEATTLE SEATTLE TACOMA INTL A ANN HTG 99.6% CONDNS DB,12/21 08:00:00,SEATTLE SEATTLE TACOMA INTL A ANN HTG 99.6% CONDNS DB,12/21 08:00:00,4402.67,4402.67,0.290321,16.70,11.12,0.00800000,32.11,16.32,0.00800000,-4.20,0.00331222,-4.20,0.0000,21.00,0.00795565,41.2227,3174.20,0.00,-999.00,-999.00
,COIL HEATING ELECTRIC 5,Coil:Heating:Electric,ZONEHVAC:AIRDISTRIBUTIONUNIT,ADU AIR TERMINAL SINGLE DUCT VAV REHEAT 4,4398.198,4398.198,-999.0,-999.0,-999.000,SEATTLE SEATTLE TACOMA INTL A ANN HTG 99.6% CONDNS DB,12/21 08:00:00,SEATTLE SEATTLE TACOMA INTL A ANN HTG 99.6% CONDNS DB,12/21 08:00:00,4398.20,4398.20,0.290026,16.70,11.12,0.00800000,32.11,16.32,0.00800000,-4.20,0.00331222,-4.20,0.0000,21.00,0.00795553,41.2221,3170.98,0.00,-999.00,-999.00
,COIL HEATING ELECTRIC 2,Coil:Heating:Electric,ZONEHVAC:AIRDISTRIBUTIONUNIT,ADU AIR TERMINAL SINGLE DUCT VAV REHEAT 1,7700.337,7700.337,-999.0,-999.0,-999.000,SEATTLE SEATTLE TACOMA INTL A ANN HTG 99.6% CONDNS DB,12/21 08:00:00,SEATTLE SEATTLE TACOMA INTL A ANN HTG 99.6% CONDNS DB,12/21 08:00:00,7700.34,7700.34,0.507778,16.70,11.12,0.00800000,32.11,16.32,0.00800000,-4.20,0.00331222,-4.20,0.0000,21.00,0.00794842,41.1858,5551.74,0.00,-999.00,-999.00
,COIL HEATING ELECTRIC 11,Coil:Heating:Electric,ZONEHVAC:AIRDISTRIBUTIONUNIT,ADU AIR TERMINAL SINGLE DUCT VAV REHEAT 10,9114.997,9114.997,-999.0,-999.0,-999.000,SEATTLE SEATTLE TACOMA INTL A ANN HTG 99.6% CONDNS DB,12/21 08:00:00,SEATTLE SEATTLE TACOMA INTL A ANN HTG 99.6% CONDNS DB,12/21 08:00:00,9115.00,9115.00,0.601053,16.70,11.12,0.00800000,32.11,16.32,0.00800000,-4.20,0.00331222,-4.20,0.0000,21.00,0.00800000,41.4490,6571.55,0.00,-999.00,-999.00
,COIL HEATING ELECTRIC 9,Coil:Heating:Electric,ZONEHVAC:AIRDISTRIBUTIONUNIT,ADU AIR TERMINAL SINGLE DUCT VAV REHEAT 8,7229.548,7229.548,-999.0,-999.0,-999.000,SEATTLE SEATTLE TACOMA INTL A ANN HTG 99.6% CONDNS DB,12/21 08:00:00,SEATTLE SEATTLE TACOMA INTL A ANN HTG 99.6% CONDNS DB,12/21 08:00:00,7229.55,7229.55,0.476734,16.70,11.12,0.00800000,32.11,16.32,0.00800000,-4.20,0.00331222,-4.20,0.0000,21.00,0.00793417,41.1130,5212.32,0.00,-999.00,-999.00
,COIL HEATING ELECTRIC 8,Coil:Heating:Electric,ZONEHVAC:AIRDISTRIBUTIONUNIT,ADU AIR TERMINAL SINGLE DUCT VAV REHEAT 7,4064.251,4064.251,-999.0,-999.0,-999.000,SEATTLE SEATTLE TACOMA INTL A ANN HTG 99.6% CONDNS DB,12/21 08:00:00,SEATTLE SEATTLE TACOMA INTL A ANN HTG 99.6% CONDNS DB,12/21 08:00:00,4064.25,4064.25,0.268006,16.70,11.12,0.00800000,32.11,16.32,0.00800000,-4.20,0.00331222,-4.20,0.0000,21.00,0.00793983,41.1418,2930.22,0.00,-999.00,-999.00
,COIL HEATING ELECTRIC 10,Coil:Heating:Electric,ZONEHVAC:AIRDISTRIBUTIONUNIT,ADU AIR TERMINAL SINGLE DUCT VAV REHEAT 9,4056.704,4056.704,-999.0,-999.0,-999.000,SEATTLE SEATTLE TACOMA INTL A ANN HTG 99.6% CONDNS DB,12/21 08:00:00,SEATTLE SEATTLE TACOMA INTL A ANN HTG 99.6% CONDNS DB,12/21 08:00:00,4056.70,4056.70,0.267508,16.70,11.12,0.00800000,32.11,16.32,0.00800000,-4.20,0.00331222,-4.20,0.0000,21.00,0.00793958,41.1406,2924.78,0.00,-999.00,-999.00
,COIL HEATING ELECTRIC 7,Coil:Heating:Electric,ZONEHVAC:AIRDISTRIBUTIONUNIT,ADU AIR TERMINAL SINGLE DUCT VAV REHEAT 6,7216.037,7216.037,-999.0,-999.0,-999.000,SEATTLE SEATTLE TACOMA INTL A ANN HTG 99.6% CONDNS DB,12/21 08:00:00,SEATTLE SEATTLE TACOMA INTL A ANN HTG 99.6% CONDNS DB,12/21 08:00:00,7216.04,7216.04,0.475843,16.70,11.12,0.00800000,32.11,16.32,0.00800000,-4.20,0.00331222,-4.20,0.0000,21.00,0.00793381,41.1111,5202.58,0.00,-999.00,-999.00
,COIL HEATING ELECTRIC 16,Coil:Heating:Electric,ZONEHVAC:AIRDISTRIBUTIONUNIT,ADU AIR TERMINAL SINGLE DUCT VAV REHEAT 15,3145.240,3145.240,-999.0,-999.0,-999.000,SEATTLE SEATTLE TACOMA INTL A ANN HTG 99.6% CONDNS DB,12/21 08:00:00,SEATTLE SEATTLE TACOMA INTL A ANN HTG 99.6% CONDNS DB,12/21 08:00:00,3145.24,3145.24,0.207400,16.70,11.12,0.00800000,32.11,16.32,0.00800000,-4.20,0.00331222,-4.20,0.0000,21.00,0.00800000,41.4490,2267.59,0.00,-999.00,-999.00
,COIL HEATING ELECTRIC 14,Coil:Heating:Electric,ZONEHVAC:AIRDISTRIBUTIONUNIT,ADU AIR TERMINAL SINGLE DUCT VAV REHEAT 13,3090.600,3090.600,-999.0,-999.0,-999.000,SEATTLE SEATTLE TACOMA INTL A ANN HTG 99.6% CONDNS DB,12/21 08:00:00,SEATTLE SEATTLE TACOMA INTL A ANN HTG 99.6% CONDNS DB,12/21 08:00:00,3090.60,3090.60,0.203801,16.70,11.12,0.00800000,32.11,16.32,0.00800000,-4.20,0.00331222,-4.20,0.0000,21.00,0.00793880,41.1366,2228.24,0.00,-999.00,-999.00
,COIL HEATING ELECTRIC 13,Coil:Heating:Electric,ZONEHVAC:AIRDISTRIBUTIONUNIT,ADU AIR TERMINAL SINGLE DUCT VAV REHEAT 12,4175.277,4175.277,-999.0,-999.0,-999.000,SEATTLE SEATTLE TACOMA INTL A ANN HTG 99.6% CONDNS DB,12/21 08:00:00,SEATTLE SEATTLE TACOMA INTL A ANN HTG 99.6% CONDNS DB,12/21 08:00:00,4175.28,4175.28,0.275327,16.70,11.12,0.00800000,32.11,16.32,0.00800000,-4.20,0.00331222,-4.20,0.0000,21.00,0.00793715,41.1282,3010.26,0.00,-999.00,-999.00
,COIL HEATING ELECTRIC 15,Coil:Heating:Electric,ZONEHVAC:AIRDISTRIBUTIONUNIT,ADU AIR TERMINAL SINGLE DUCT VAV REHEAT 14,4166.407,4166.407,-999.0,-999.0,-999.000,SEATTLE SEATTLE TACOMA INTL A ANN HTG 99.6% CONDNS DB,12/21 08:00:00,SEATTLE SEATTLE TACOMA INTL A ANN HTG 99.6% CONDNS DB,12/21 08:00:00,4166.41,4166.41,0.274742,16.70,11.12,0.00800000,32.11,16.32,0.00800000,-4.20,0.00331222,-4.20,0.0000,21.00,0.00793692,41.1270,3003.87,0.00,-999.00,-999.00
,COIL HEATING ELECTRIC 12,Coil:Heating:Electric,ZONEHVAC:AIRDISTRIBUTIONUNIT,ADU AIR TERMINAL SINGLE DUCT VAV REHEAT 11,3083.989,3083.989,-999.0,-999.0,-999.000,SEATTLE SEATTLE TACOMA INTL A ANN HTG 99.6% CONDNS DB,12/21 08:00:00,SEATTLE SEATTLE TACOMA INTL A ANN HTG 99.6% CONDNS DB,12/21 08:00:00,3083.99,3083.99,0.203365,16.70,11.12,0.00800000,32.11,16.32,0.00800000,-4.20,0.00331222,-4.20,0.0000,21.00,0.00793861,41.1356,2223.47,0.00,-999.00,-999.00
,COIL HEATING ELECTRIC 21,Coil:Heating:Electric,ZONEHVAC:AIRDISTRIBUTIONUNIT,ADU AIR TERMINAL SINGLE DUCT VAV REHEAT 20,3021.423,3021.423,-999.0,-999.0,-999.000,SEATTLE SEATTLE TACOMA INTL A ANN HTG 99.6% CONDNS DB,12/21 08:00:00,SEATTLE SEATTLE TACOMA INTL A ANN HTG 99.6% CONDNS DB,12/21 08:00:00,3021.42,3021.42,0.199236,16.70,11.12,0.00800000,32.11,16.32,0.00800000,-4.20,0.00331222,-4.20,0.0000,21.00,0.00800000,41.4490,2178.33,0.00,-999.00,-999.00
,COIL HEATING ELECTRIC 19,Coil:Heating:Electric,ZONEHVAC:AIRDISTRIBUTIONUNIT,ADU AIR TERMINAL SINGLE DUCT VAV REHEAT 18,3036.413,3036.413,-999.0,-999.0,-999.000,SEATTLE SEATTLE TACOMA INTL A ANN HTG 99.6% CONDNS DB,12/21 08:00:00,SEATTLE SEATTLE TACOMA INTL A ANN HTG 99.6% CONDNS DB,12/21 08:00:00,3036.41,3036.41,0.200228,16.70,11.12,0.00800000,32.11,16.32,0.00800000,-4.20,0.00331222,-4.20,0.0000,21.00,0.00793230,41.1034,2189.18,0.00,-999.00,-999.00
,COIL HEATING ELECTRIC 18,Coil:Heating:Electric,ZONEHVAC:AIRDISTRIBUTIONUNIT,ADU AIR TERMINAL SINGLE DUCT VAV REHEAT 17,4108.198,4108.198,-999.0,-999.0,-999.000,SEATTLE SEATTLE TACOMA INTL A ANN HTG 99.6% CONDNS DB,12/21 08:00:00,SEATTLE SEATTLE TACOMA INTL A ANN HTG 99.6% CONDNS DB,12/21 08:00:00,4108.20,4108.20,0.270904,16.70,11.12,0.00800000,32.11,16.32,0.00800000,-4.20,0.00331222,-4.20,0.0000,21.00,0.00793037,41.0935,2961.91,0.00,-999.00,-999.00
,COIL HEATING ELECTRIC 20,Coil:Heating:Electric,ZONEHVAC:AIRDISTRIBUTIONUNIT,ADU AIR TERMINAL SINGLE DUCT VAV REHEAT 19,4098.357,4098.357,-999.0,-999.0,-999.000,SEATTLE SEATTLE TACOMA INTL A ANN HTG 99.6% CONDNS DB,12/21 08:00:00,SEATTLE SEATTLE TACOMA INTL A ANN HTG 99.6% CONDNS DB,12/21 08:00:00,4098.36,4098.36,0.270255,16.70,11.12,0.00800000,32.11,16.32,0.00800000,-4.20,0.00331222,-4.20,0.0000,21.00,0.00793006,41.0920,2954.81,0.00,-999.00,-999.00
,COIL HEATING ELECTRIC 17,Coil:Heating:Electric,ZONEHVAC:AIRDISTRIBUTIONUNIT,ADU AIR TERMINAL SINGLE DUCT VAV REHEAT 16,3029.087,3029.087,-999.0,-999.0,-999.000,SEATTLE SEATTLE TACOMA INTL A ANN HTG 99.6% CONDNS DB,12/21 08:00:00,SEATTLE SEATTLE TACOMA INTL A ANN HTG 99.6% CONDNS DB,12/21 08:00:00,3029.09,3029.09,0.199745,16.70,11.12,0.00800000,32.11,16.32,0.00800000,-4.20,0.00331222,-4.20,0.0000,21.00,0.00793205,41.1021,2183.89,0.00,-999.00,-999.00
,COIL HEATING ELECTRIC 26,Coil:Heating:Electric,ZONEHVAC:AIRDISTRIBUTIONUNIT,ADU AIR TERMINAL SINGLE DUCT VAV REHEAT 25,3022.721,3022.721,-999.0,-999.0,-999.000,SEATTLE SEATTLE TACOMA INTL A ANN HTG 99.6% CONDNS DB,12/21 08:00:00,SEATTLE SEATTLE TACOMA INTL A ANN HTG 99.6% CONDNS DB,12/21 08:00:00,3022.72,3022.72,0.199321,16.70,11.12,0.00800000,32.11,16.32,0.00800000,-4.20,0.00331222,-4.20,0.0000,21.00,0.00800000,41.4490,2179.26,0.00,-999.00,-999.00
,COIL HEATING ELECTRIC 24,Coil:Heating:Electric,ZONEHVAC:AIRDISTRIBUTIONUNIT,ADU AIR TERMINAL SINGLE DUCT VAV REHEAT 23,3045.691,3045.691,-999.0,-999.0,-999.000,SEATTLE SEATTLE TACOMA INTL A ANN HTG 99.6% CONDNS DB,12/21 08:00:00,SEATTLE SEATTLE TACOMA INTL A ANN HTG 99.6% CONDNS DB,12/21 08:00:00,3045.69,3045.69,0.200840,16.70,11.12,0.00800000,32.11,16.32,0.00800000,-4.20,0.00331222,-4.20,0.0000,21.00,0.00792892,41.0861,2195.87,0.00,-999.00,-999.00
,COIL HEATING ELECTRIC 23,Coil:Heating:Electric,ZONEHVAC:AIRDISTRIBUTIONUNIT,ADU AIR TERMINAL SINGLE DUCT VAV REHEAT 22,4120.648,4120.648,-999.0,-999.0,-999.000,SEATTLE SEATTLE TACOMA INTL A ANN HTG 99.6% CONDNS DB,12/21 08:00:00,SEATTLE SEATTLE TACOMA INTL A ANN HTG 99.6% CONDNS DB,12/21 08:00:00,4120.65,4120.65,0.271726,16.70,11.12,0.00800000,32.11,16.32,0.00800000,-4.20,0.00331222,-4.20,0.0000,21.00,0.00792711,41.0769,2970.89,0.00,-999.00,-999.00
,COIL HEATING ELECTRIC 25,Coil:Heating:Electric,ZONEHVAC:AIRDISTRIBUTIONUNIT,ADU AIR TERMINAL SINGLE DUCT VAV REHEAT 24,4110.109,4110.109,-999.0,-999.0,-999.000,SEATTLE SEATTLE TACOMA INTL A ANN HTG 99.6% CONDNS DB,12/21 08:00:00,SEATTLE SEATTLE TACOMA INTL A ANN HTG 99.6% CONDNS DB,12/21 08:00:00,4110.11,4110.11,0.271031,16.70,11.12,0.00800000,32.11,16.32,0.00800000,-4.20,0.00331222,-4.20,0.0000,21.00,0.00792677,41.0752,2963.29,0.00,-999.00,-999.00
,COIL HEATING ELECTRIC 22,Coil:Heating:Electric,ZONEHVAC:AIRDISTRIBUTIONUNIT,ADU AIR TERMINAL SINGLE DUCT VAV REHEAT 21,3037.846,3037.846,-999.0,-999.0,-999.000,SEATTLE SEATTLE TACOMA INTL A ANN HTG 99.6% CONDNS DB,12/21 08:00:00,SEATTLE SEATTLE TACOMA INTL A ANN HTG 99.6% CONDNS DB,12/21 08:00:00,3037.85,3037.85,0.200323,16.70,11.12,0.00800000,32.11,16.32,0.00800000,-4.20,0.00331222,-4.20,0.0000,21.00,0.00792864,41.0847,2190.21,0.00,-999.00,-999.00
,COIL HEATING ELECTRIC 31,Coil:Heating:Electric,ZONEHVAC:AIRDISTRIBUTIONUNIT,ADU AIR TERMINAL SINGLE DUCT VAV REHEAT 30,3023.853,3023.853,-999.0,-999.0,-999.000,SEATTLE SEATTLE TACOMA INTL A ANN HTG 99.6% CONDNS DB,12/21 08:00:00,SEATTLE SEATTLE TACOMA INTL A ANN HTG 99.6% CONDNS DB,12/21 08:00:00,3023.85,3023.85,0.199396,16.70,11.12,0.00800000,32.11,16.32,0.00800000,-4.20,0.00331222,-4.20,0.0000,21.00,0.00800000,41.4490,2180.08,0.00,-999.00,-999.00
,COIL HEATING ELECTRIC 29,Coil:Heating:Electric,ZONEHVAC:AIRDISTRIBUTIONUNIT,ADU AIR TERMINAL SINGLE DUCT VAV REHEAT 28,3053.606,3053.606,-999.0,-999.0,-999.000,SEATTLE SEATTLE TACOMA INTL A ANN HTG 99.6% CONDNS DB,12/21 08:00:00,SEATTLE SEATTLE TACOMA INTL A ANN HTG 99.6% CONDNS DB,12/21 08:00:00,3053.61,3053.61,0.201362,16.70,11.12,0.00800000,32.11,16.32,0.00800000,-4.20,0.00331222,-4.20,0.0000,21.00,0.00792612,41.0718,2201.58,0.00,-999.00,-999.00
,COIL HEATING ELECTRIC 28,Coil:Heating:Electric,ZONEHVAC:AIRDISTRIBUTIONUNIT,ADU AIR TERMINAL SINGLE DUCT VAV REHEAT 27,4131.266,4131.266,-999.0,-999.0,-999.000,SEATTLE SEATTLE TACOMA INTL A ANN HTG 99.6% CONDNS DB,12/21 08:00:00,SEATTLE SEATTLE TACOMA INTL A ANN HTG 99.6% CONDNS DB,12/21 08:00:00,4131.27,4131.27,0.272426,16.70,11.12,0.00800000,32.11,16.32,0.00800000,-4.20,0.00331222,-4.20,0.0000,21.00,0.00792441,41.0631,2978.54,0.00,-999.00,-999.00
,COIL HEATING ELECTRIC 30,Coil:Heating:Electric,ZONEHVAC:AIRDISTRIBUTIONUNIT,ADU AIR TERMINAL SINGLE DUCT VAV REHEAT 29,4120.168,4120.168,-999.0,-999.0,-999.000,SEATTLE SEATTLE TACOMA INTL A ANN HTG 99.6% CONDNS DB,12/21 08:00:00,SEATTLE SEATTLE TACOMA INTL A ANN HTG 99.6% CONDNS DB,12/21 08:00:00,4120.17,4120.17,0.271694,16.70,11.12,0.00800000,32.11,16.32,0.00800000,-4.20,0.00331222,-4.20,0.0000,21.00,0.00792405,41.0613,2970.54,0.00,-999.00,-999.00
,COIL HEATING ELECTRIC 27,Coil:Heating:Electric,ZONEHVAC:AIRDISTRIBUTIONUNIT,ADU AIR TERMINAL SINGLE DUCT VAV REHEAT 26,3045.345,3045.345,-999.0,-999.0,-999.000,SEATTLE SEATTLE TACOMA INTL A ANN HTG 99.6% CONDNS DB,12/21 08:00:00,SEATTLE SEATTLE TACOMA INTL A ANN HTG 99.6% CONDNS DB,12/21 08:00:00,3045.35,3045.35,0.200818,16.70,11.12,0.00800000,32.11,16.32,0.00800000,-4.20,0.00331222,-4.20,0.0000,21.00,0.00792583,41.0703,2195.62,0.00,-999.00,-999.00
,COIL HEATING ELECTRIC 36,Coil:Heating:Electric,ZONEHVAC:AIRDISTRIBUTIONUNIT,ADU AIR TERMINAL SINGLE DUCT VAV REHEAT 35,3024.827,3024.827,-999.0,-999.0,-999.000,SEATTLE SEATTLE TACOMA INTL A ANN HTG 99.6% CONDNS DB,12/21 08:00:00,SEATTLE SEATTLE TACOMA INTL A ANN HTG 99.6% CONDNS DB,12/21 08:00:00,3024.83,3024.83,0.199460,16.70,11.12,0.00800000,32.11,16.32,0.00800000,-4.20,0.00331222,-4.20,0.0000,21.00,0.00800000,41.4490,2180.78,0.00,-999.00,-999.00
,COIL HEATING ELECTRIC 34,Coil:Heating:Electric,ZONEHVAC:AIRDISTRIBUTIONUNIT,ADU AIR TERMINAL SINGLE DUCT VAV REHEAT 33,3060.532,3060.532,-999.0,-999.0,-999.000,SEATTLE SEATTLE TACOMA INTL A ANN HTG 99.6% CONDNS DB,12/21 08:00:00,SEATTLE SEATTLE TACOMA INTL A ANN HTG 99.6% CONDNS DB,12/21 08:00:00,3060.53,3060.53,0.201819,16.70,11.12,0.00800000,32.11,16.32,0.00800000,-4.20,0.00331222,-4.20,0.0000,21.00,0.00792371,41.0595,2206.57,0.00,-999.00,-999.00
,COIL HEATING ELECTRIC 33,Coil:Heating:Electric,ZONEHVAC:AIRDISTRIBUTIONUNIT,ADU AIR TERMINAL SINGLE DUCT VAV REHEAT 32,4140.547,4140.547,-999.0,-999.0,-999.000,SEATTLE SEATTLE TACOMA INTL A ANN HTG 99.6% CONDNS DB,12/21 08:00:00,SEATTLE SEATTLE TACOMA INTL A ANN HTG 99.6% CONDNS DB,12/21 08:00:00,4140.55,4140.55,0.273038,16.70,11.12,0.00800000,32.11,16.32,0.00800000,-4.20,0.00331222,-4.20,0.0000,21.00,0.00792209,41.0512,2985.24,0.00,-999.00,-999.00
,COIL HEATING ELECTRIC 35,Coil:Heating:Electric,ZONEHVAC:AIRDISTRIBUTIONUNIT,ADU AIR TERMINAL SINGLE DUCT VAV REHEAT 34,4129.011,4129.011,-999.0,-999.0,-999.000,SEATTLE SEATTLE TACOMA INTL A ANN HTG 99.6% CONDNS DB,12/21 08:00:00,SEATTLE SEATTLE TACOMA INTL A ANN HTG 99.6% CONDNS DB,12/21 08:00:00,4129.01,4129.01,0.272278,16.70,11.12,0.00800000,32.11,16.32,0.00800000,-4.20,0.00331222,-4.20,0.0000,21.00,0.00792172,41.0494,2976.92,0.00,-999.00,-999.00
,COIL HEATING ELECTRIC 32,Coil:Heating:Electric,ZONEHVAC:AIRDISTRIBUTIONUNIT,ADU AIR TERMINAL SINGLE DUCT VAV REHEAT 31,3051.945,3051.945,-999.0,-999.0,-999.000,SEATTLE SEATTLE TACOMA INTL A ANN HTG 99.6% CONDNS DB,12/21 08:00:00,SEATTLE SEATTLE TACOMA INTL A ANN HTG 99.6% CONDNS DB,12/21 08:00:00,3051.94,3051.94,0.201253,16.70,11.12,0.00800000,32.11,16.32,0.00800000,-4.20,0.00331222,-4.20,0.0000,21.00,0.00792341,41.0580,2200.38,0.00,-999.00,-999.00
,COIL HEATING ELECTRIC 41,Coil:Heating:Electric,ZONEHVAC:AIRDISTRIBUTIONUNIT,ADU AIR TERMINAL SINGLE DUCT VAV REHEAT 40,3025.707,3025.707,-999.0,-999.0,-999.000,SEATTLE SEATTLE TACOMA INTL A ANN HTG 99.6% CONDNS DB,12/21 08:00:00,SEATTLE SEATTLE TACOMA INTL A ANN HTG 99.6% CONDNS DB,12/21 08:00:00,3025.71,3025.71,0.199518,16.70,11.12,0.00800000,32.11,16.32,0.00800000,-4.20,0.00331222,-4.20,0.0000,21.00,0.00800000,41.4490,2181.41,0.00,-999.00,-999.00
,COIL HEATING ELECTRIC 39,Coil:Heating:Electric,ZONEHVAC:AIRDISTRIBUTIONUNIT,ADU AIR TERMINAL SINGLE DUCT VAV REHEAT 38,3066.783,3066.783,-999.0,-999.0,-999.000,SEATTLE SEATTLE TACOMA INTL A ANN HTG 99.6% CONDNS DB,12/21 08:00:00,SEATTLE SEATTLE TACOMA INTL A ANN HTG 99.6% CONDNS DB,12/21 08:00:00,3066.78,3066.78,0.202231,16.70,11.12,0.00800000,32.11,16.32,0.00800000,-4.20,0.00331222,-4.20,0.0000,21.00,0.00792161,41.0488,2211.08,0.00,-999.00,-999.00
,COIL HEATING ELECTRIC 38,Coil:Heating:Electric,ZONEHVAC:AIRDISTRIBUTIONUNIT,ADU AIR TERMINAL SINGLE DUCT VAV REHEAT 37,4148.920,4148.920,-999.0,-999.0,-999.000,SEATTLE SEATTLE TACOMA INTL A ANN HTG 99.6% CONDNS DB,12/21 08:00:00,SEATTLE SEATTLE TACOMA INTL A ANN HTG 99.6% CONDNS DB,12/21 08:00:00,4148.92,4148.92,0.273590,16.70,11.12,0.00800000,32.11,16.32,0.00800000,-4.20,0.00331222,-4.20,0.0000,21.00,0.00792005,41.0409,2991.28,0.00,-999.00,-999.00
,COIL HEATING ELECTRIC 40,Coil:Heating:Electric,ZONEHVAC:AIRDISTRIBUTIONUNIT,ADU AIR TERMINAL SINGLE DUCT VAV REHEAT 39,4136.979,4136.979,-999.0,-999.0,-999.000,SEATTLE SEATTLE TACOMA INTL A ANN HTG 99.6% CONDNS DB,12/21 08:00:00,SEATTLE SEATTLE TACOMA INTL A ANN HTG 99.6% CONDNS DB,12/21 08:00:00,4136.98,4136.98,0.272803,16.70,11.12,0.00800000,32.11,16.32,0.00800000,-4.20,0.00331222,-4.20,0.0000,21.00,0.00791967,41.0389,2982.67,0.00,-999.00,-999.00
,COIL HEATING ELECTRIC 37,Coil:Heating:Electric,ZONEHVAC:AIRDISTRIBUTIONUNIT,ADU AIR TERMINAL SINGLE DUCT VAV REHEAT 36,3057.890,3057.890,-999.0,-999.0,-999.000,SEATTLE SEATTLE TACOMA INTL A ANN HTG 99.6% CONDNS DB,12/21 08:00:00,SEATTLE SEATTLE TACOMA INTL A ANN HTG 99.6% CONDNS DB,12/21 08:00:00,3057.89,3057.89,0.201645,16.70,11.12,0.00800000,32.11,16.32,0.00800000,-4.20,0.00331222,-4.20,0.0000,21.00,0.00792129,41.0471,2204.67,0.00,-999.00,-999.00
,COIL HEATING ELECTRIC 46,Coil:Heating:Electric,ZONEHVAC:AIRDISTRIBUTIONUNIT,ADU AIR TERMINAL SINGLE DUCT VAV REHEAT 45,3026.533,3026.533,-999.0,-999.0,-999.000,SEATTLE SEATTLE TACOMA INTL A ANN HTG 99.6% CONDNS DB,12/21 08:00:00,SEATTLE SEATTLE TACOMA INTL A ANN HTG 99.6% CONDNS DB,12/21 08:00:00,3026.53,3026.53,0.199573,16.70,11.12,0.00800000,32.11,16.32,0.00800000,-4.20,0.00331222,-4.20,0.0000,21.00,0.00800000,41.4490,2182.01,0.00,-999.00,-999.00
,COIL HEATING ELECTRIC 44,Coil:Heating:Electric,ZONEHVAC:AIRDISTRIBUTIONUNIT,ADU AIR TERMINAL SINGLE DUCT VAV REHEAT 43,3072.530,3072.530,-999.0,-999.0,-999.000,SEATTLE SEATTLE TACOMA INTL A ANN HTG 99.6% CONDNS DB,12/21 08:00:00,SEATTLE SEATTLE TACOMA INTL A ANN HTG 99.6% CONDNS DB,12/21 08:00:00,3072.53,3072.53,0.202611,16.70,11.12,0.00800000,32.11,16.32,0.00800000,-4.20,0.00331222,-4.20,0.0000,21.00,0.00791972,41.0392,2215.22,0.00,-999.00,-999.00
,COIL HEATING ELECTRIC 43,Coil:Heating:Electric,ZONEHVAC:AIRDISTRIBUTIONUNIT,ADU AIR TERMINAL SINGLE DUCT VAV REHEAT 42,4156.621,4156.621,-999.0,-999.0,-999.000,SEATTLE SEATTLE TACOMA INTL A ANN HTG 99.6% CONDNS DB,12/21 08:00:00,SEATTLE SEATTLE TACOMA INTL A ANN HTG 99.6% CONDNS DB,12/21 08:00:00,4156.62,4156.62,0.274098,16.70,11.12,0.00800000,32.11,16.32,0.00800000,-4.20,0.00331222,-4.20,0.0000,21.00,0.00791824,41.0316,2996.83,0.00,-999.00,-999.00
,COIL HEATING ELECTRIC 45,Coil:Heating:Electric,ZONEHVAC:AIRDISTRIBUTIONUNIT,ADU AIR TERMINAL SINGLE DUCT VAV REHEAT 44,4144.315,4144.315,-999.0,-999.0,-999.000,SEATTLE SEATTLE TACOMA INTL A ANN HTG 99.6% CONDNS DB,12/21 08:00:00,SEATTLE SEATTLE TACOMA INTL A ANN HTG 99.6% CONDNS DB,12/21 08:00:00,4144.32,4144.32,0.273287,16.70,11.12,0.00800000,32.11,16.32,0.00800000,-4.20,0.00331222,-4.20,0.0000,21.00,0.00791784,41.0296,2987.96,0.00,-999.00,-999.00
,COIL HEATING ELECTRIC 42,Coil:Heating:Electric,ZONEHVAC:AIRDISTRIBUTIONUNIT,ADU AIR TERMINAL SINGLE DUCT VAV REHEAT 41,3063.366,3063.366,-999.0,-999.0,-999.000,SEATTLE SEATTLE TACOMA INTL A ANN HTG 99.6% CONDNS DB,12/21 08:00:00,SEATTLE SEATTLE TACOMA INTL A ANN HTG 99.6% CONDNS DB,12/21 08:00:00,3063.37,3063.37,0.202006,16.70,11.12,0.00800000,32.11,16.32,0.00800000,-4.20,0.00331222,-4.20,0.0000,21.00,0.00791939,41.0375,2208.62,0.00,-999.00,-999.00
,COIL HEATING ELECTRIC 51,Coil:Heating:Electric,ZONEHVAC:AIRDISTRIBUTIONUNIT,ADU AIR TERMINAL SINGLE DUCT VAV REHEAT 50,3027.316,3027.316,-999.0,-999.0,-999.000,SEATTLE SEATTLE TACOMA INTL A ANN HTG 99.6% CONDNS DB,12/21 08:00:00,SEATTLE SEATTLE TACOMA INTL A ANN HTG 99.6% CONDNS DB,12/21 08:00:00,3027.32,3027.32,0.199624,16.70,11.12,0.00800000,32.11,16.32,0.00800000,-4.20,0.00331222,-4.20,0.0000,21.00,0.00800000,41.4490,2182.58,0.00,-999.00,-999.00
,COIL HEATING ELECTRIC 49,Coil:Heating:Electric,ZONEHVAC:AIRDISTRIBUTIONUNIT,ADU AIR TERMINAL SINGLE DUCT VAV REHEAT 48,3077.881,3077.881,-999.0,-999.0,-999.000,SEATTLE SEATTLE TACOMA INTL A ANN HTG 99.6% CONDNS DB,12/21 08:00:00,SEATTLE SEATTLE TACOMA INTL A ANN HTG 99.6% CONDNS DB,12/21 08:00:00,3077.88,3077.88,0.202963,16.70,11.12,0.00800000,32.11,16.32,0.00800000,-4.20,0.00331222,-4.20,0.0000,21.00,0.00791802,41.0304,2219.08,0.00,-999.00,-999.00
,COIL HEATING ELECTRIC 48,Coil:Heating:Electric,ZONEHVAC:AIRDISTRIBUTIONUNIT,ADU AIR TERMINAL SINGLE DUCT VAV REHEAT 47,4163.789,4163.789,-999.0,-999.0,-999.000,SEATTLE SEATTLE TACOMA INTL A ANN HTG 99.6% CONDNS DB,12/21 08:00:00,SEATTLE SEATTLE TACOMA INTL A ANN HTG 99.6% CONDNS DB,12/21 08:00:00,4163.79,4163.79,0.274571,16.70,11.12,0.00800000,32.11,16.32,0.00800000,-4.20,0.00331222,-4.20,0.0000,21.00,0.00791659,41.0232,3002.00,0.00,-999.00,-999.00
,COIL HEATING ELECTRIC 50,Coil:Heating:Electric,ZONEHVAC:AIRDISTRIBUTIONUNIT,ADU AIR TERMINAL SINGLE DUCT VAV REHEAT 49,4151.150,4151.150,-999.0,-999.0,-999.000,SEATTLE SEATTLE TACOMA INTL A ANN HTG 99.6% CONDNS DB,12/21 08:00:00,SEATTLE SEATTLE TACOMA INTL A ANN HTG 99.6% CONDNS DB,12/21 08:00:00,4151.15,4151.15,0.273738,16.70,11.12,0.00800000,32.11,16.32,0.00800000,-4.20,0.00331222,-4.20,0.0000,21.00,0.00791619,41.0211,2992.89,0.00,-999.00,-999.00
,COIL HEATING ELECTRIC 47,Coil:Heating:Electric,ZONEHVAC:AIRDISTRIBUTIONUNIT,ADU AIR TERMINAL SINGLE DUCT VAV REHEAT 46,3068.471,3068.471,-999.0,-999.0,-999.000,SEATTLE SEATTLE TACOMA INTL A ANN HTG 99.6% CONDNS DB,12/21 08:00:00,SEATTLE SEATTLE TACOMA INTL A ANN HTG 99.6% CONDNS DB,12/21 08:00:00,3068.47,3068.47,0.202343,16.70,11.12,0.00800000,32.11,16.32,0.00800000,-4.20,0.00331222,-4.20,0.0000,21.00,0.00791767,41.0287,2212.30,0.00,-999.00,-999.00
,COIL HEATING ELECTRIC 56,Coil:Heating:Electric,ZONEHVAC:AIRDISTRIBUTIONUNIT,ADU AIR TERMINAL SINGLE DUCT VAV REHEAT 55,3976.475,3976.475,-999.0,-999.0,-999.000,SEATTLE SEATTLE TACOMA INTL A ANN HTG 99.6% CONDNS DB,12/21 08:00:00,SEATTLE SEATTLE TACOMA INTL A ANN HTG 99.6% CONDNS DB,12/21 08:00:00,3976.48,3976.48,0.262213,16.70,11.12,0.00800000,32.11,16.32,0.00800000,-4.20,0.00331222,-4.20,0.0000,21.00,0.00800000,41.4490,2866.88,0.00,-999.00,-999.00
,COIL HEATING ELECTRIC 54,Coil:Heating:Electric,ZONEHVAC:AIRDISTRIBUTIONUNIT,ADU AIR TERMINAL SINGLE DUCT VAV REHEAT 53,3524.125,3524.125,-999.0,-999.0,-999.000,SEATTLE SEATTLE TACOMA INTL A ANN HTG 99.6% CONDNS DB,12/21 08:00:00,SEATTLE SEATTLE TACOMA INTL A ANN HTG 99.6% CONDNS DB,12/21 08:00:00,3524.13,3524.13,0.232390,16.70,11.12,0.00800000,32.11,16.32,0.00800000,-4.20,0.00331222,-4.20,0.0000,21.00,0.00792906,41.0869,2540.81,0.00,-999.00,-999.00
,COIL HEATING ELECTRIC 53,Coil:Heating:Electric,ZONEHVAC:AIRDISTRIBUTIONUNIT,ADU AIR TERMINAL SINGLE DUCT VAV REHEAT 52,4799.374,4799.374,-999.0,-999.0,-999.000,SEATTLE SEATTLE TACOMA INTL A ANN HTG 99.6% CONDNS DB,12/21 08:00:00,SEATTLE SEATTLE TACOMA INTL A ANN HTG 99.6% CONDNS DB,12/21 08:00:00,4799.37,4799.37,0.316483,16.70,11.12,0.00800000,32.11,16.32,0.00800000,-4.20,0.00331222,-4.20,0.0000,21.00,0.00792977,41.0905,3460.23,0.00,-999.00,-999.00
,COIL HEATING ELECTRIC 55,Coil:Heating:Electric,ZONEHVAC:AIRDISTRIBUTIONUNIT,ADU AIR TERMINAL SINGLE DUCT VAV REHEAT 54,4786.802,4786.802,-999.0,-999.0,-999.000,SEATTLE SEATTLE TACOMA INTL A ANN HTG 99.6% CONDNS DB,12/21 08:00:00,SEATTLE SEATTLE TACOMA INTL A ANN HTG 99.6% CONDNS DB,12/21 08:00:00,4786.80,4786.80,0.315653,16.70,11.12,0.00800000,32.11,16.32,0.00800000,-4.20,0.00331222,-4.20,0.0000,21.00,0.00792956,41.0894,3451.17,0.00,-999.00,-999.00
,COIL HEATING ELECTRIC 52,Coil:Heating:Electric,ZONEHVAC:AIRDISTRIBUTIONUNIT,ADU AIR TERMINAL SINGLE DUCT VAV REHEAT 51,3514.752,3514.752,-999.0,-999.0,-999.000,SEATTLE SEATTLE TACOMA INTL A ANN HTG 99.6% CONDNS DB,12/21 08:00:00,SEATTLE SEATTLE TACOMA INTL A ANN HTG 99.6% CONDNS DB,12/21 08:00:00,3514.75,3514.75,0.231771,16.70,11.12,0.00800000,32.11,16.32,0.00800000,-4.20,0.00331222,-4.20,0.0000,21.00,0.00792885,41.0858,2534.05,0.00,-999.00,-999.00
,COIL COOLING WATER 1,Coil:Cooling:Water,AirLoopHVAC,AIRLOOP AIR_HANDLERS-2963,433853.923,-999.000,29.016724,0.01845715,-999.000,SEATTLE SEATTLE TACOMA INTL A ANN CLG .4% CONDNS DB=>MWB,8/21 15:15:00,SEATTLE SEATTLE TACOMA INTL A ANN CLG .4% CONDNS DB=>MWB,8/21 15:30:00,433853.92,392648.72,29.016724,24.20,14.72,0.00916893,10.69,9.27,0.00850000,25.80,0.01194951,17.30,9.9521,24.00,0.00893468,38.5261,230097.77,0.00,525937.68,409764.06
,COIL HEATING ELECTRIC 1,Coil:Heating:Electric,AirLoopHVAC,AIRLOOP AIR_HANDLERS-2963,46615.733,46615.733,-999.0,-999.0,-999.000,SEATTLE SEATTLE TACOMA INTL A ANN HTG 99.6% CONDNS DB,12/21 00:15:00,SEATTLE SEATTLE TACOMA INTL A ANN HTG 99.6% CONDNS DB,12/21 08:00:00,46615.73,46615.73,5.803345,8.42,5.31,0.00563928,16.70,11.12,0.00800000,-4.20,0.00331222,-4.20,49.7606,17.19,0.00758575,49.8956,67757.89,0.00,-999.00,-999.00


----------------------------------------------------------------------------------------------------
REPORT:,ZoneElectricSummaryMonthly
FOR:,BLOCKS-3644_OFFICE_1_CORE
Custom Monthly Report

,,ZONE LIGHTS ELECTRICITY ENERGY [J],ZONE LIGHTS ELECTRICITY ENERGY {Maximum} [W],ZONE LIGHTS ELECTRICITY ENERGY {TIMESTAMP},ZONE ELECTRIC EQUIPMENT ELECTRICITY ENERGY [J],ZONE ELECTRIC EQUIPMENT ELECTRICITY ENERGY {Maximum} [W],ZONE ELECTRIC EQUIPMENT ELECTRICITY ENERGY {TIMESTAMP}
,January,0.326404E+10,3266.66,01-JAN-08:30,0.566156E+10,3712.50,01-JAN-08:30
,February,0.295306E+10,3266.66,02-FEB-08:30,0.511731E+10,3712.50,02-FEB-08:30
,March,0.324314E+10,3266.66,02-MAR-08:30,0.564300E+10,3712.50,02-MAR-08:30
,April,0.322746E+10,3266.66,01-APR-08:30,0.553608E+10,3712.50,01-APR-08:30
,May,0.314252E+10,3266.66,01-MAY-08:30,0.555910E+10,3712.50,01-MAY-08:30
,June,0.322746E+10,3266.66,01-JUN-08:30,0.553608E+10,3712.50,01-JUN-08:30
,July,0.336466E+10,3266.66,01-JUL-08:30,0.574546E+10,3712.50,01-JUL-08:30
,August,0.314252E+10,3266.66,03-AUG-08:30,0.555910E+10,3712.50,03-AUG-08:30
,September,0.322746E+10,3266.66,01-SEP-08:30,0.553608E+10,3712.50,01-SEP-08:30
,October,0.326404E+10,3266.66,01-OCT-08:30,0.566156E+10,3712.50,01-OCT-08:30
,November,0.310594E+10,3266.66,02-NOV-08:30,0.543361E+10,3712.50,02-NOV-08:30
,December,0.336466E+10,3266.66,01-DEC-08:30,0.574546E+10,3712.50,01-DEC-08:30
,,,,,,,
,Annual Sum or Average,0.385269E+11,,,0.667344E+11,,
,Minimum of Months,0.295306E+10,3266.66,,0.511731E+10,3712.50,
,Maximum of Months,0.336466E+10,3266.66,,0.574546E+10,3712.50,


----------------------------------------------------------------------------------------------------
REPORT:,ZoneElectricSummaryMonthly
FOR:,BLOCKS-3644_OFFICE_1_EAST PERIMETER
Custom Monthly Report

,,ZONE LIGHTS ELECTRICITY ENERGY [J],ZONE LIGHTS ELECTRICITY ENERGY {Maximum} [W],ZONE LIGHTS ELECTRICITY ENERGY {TIMESTAMP},ZONE ELECTRIC EQUIPMENT ELECTRICITY ENERGY [J],ZONE ELECTRIC EQUIPMENT ELECTRICITY ENERGY {Maximum} [W],ZONE ELECTRIC EQUIPMENT ELECTRICITY ENERGY {TIMESTAMP}
,January,0.111274E+10,1113.63,01-JAN-08:30,0.193008E+10,1265.62,01-JAN-08:30
,February,0.100672E+10,1113.63,02-FEB-08:30,0.174454E+10,1265.62,02-FEB-08:30
,March,0.110561E+10,1113.63,02-MAR-08:30,0.192375E+10,1265.62,02-MAR-08:30
,April,0.110027E+10,1113.63,01-APR-08:30,0.188730E+10,1265.62,01-APR-08:30
,May,0.107131E+10,1113.63,01-MAY-08:30,0.189515E+10,1265.62,01-MAY-08:30
,June,0.110027E+10,1113.63,01-JUN-08:30,0.188730E+10,1265.62,01-JUN-08:30
,July,0.114704E+10,1113.63,01-JUL-08:30,0.195868E+10,1265.62,01-JUL-08:30
,August,0.107131E+10,1113.63,03-AUG-08:30,0.189515E+10,1265.62,03-AUG-08:30
,September,0.110027E+10,1113.63,01-SEP-08:30,0.188730E+10,1265.62,01-SEP-08:30
,October,0.111274E+10,1113.63,01-OCT-08:30,0.193008E+10,1265.62,01-OCT-08:30
,November,0.105884E+10,1113.63,02-NOV-08:30,0.185237E+10,1265.62,02-NOV-08:30
,December,0.114704E+10,1113.63,01-DEC-08:30,0.195868E+10,1265.62,01-DEC-08:30
,,,,,,,
,Annual Sum or Average,0.131342E+11,,,0.227504E+11,,
,Minimum of Months,0.100672E+10,1113.63,,0.174454E+10,1265.62,
,Maximum of Months,0.114704E+10,1113.63,,0.195868E+10,1265.62,


----------------------------------------------------------------------------------------------------
REPORT:,ZoneElectricSummaryMonthly
FOR:,BLOCKS-3644_OFFICE_1_NORTH PERIMETER
Custom Monthly Report

,,ZONE LIGHTS ELECTRICITY ENERGY [J],ZONE LIGHTS ELECTRICITY ENERGY {Maximum} [W],ZONE LIGHTS ELECTRICITY ENERGY {TIMESTAMP},ZONE ELECTRIC EQUIPMENT ELECTRICITY ENERGY [J],ZONE ELECTRIC EQUIPMENT ELECTRICITY ENERGY {Maximum} [W],ZONE ELECTRIC EQUIPMENT ELECTRICITY ENERGY {TIMESTAMP}
,January,0.578626E+09,579.09,01-JAN-08:30,0.100364E+10,658.13,01-JAN-08:30
,February,0.523496E+09,579.09,02-FEB-08:30,0.907160E+09,658.13,02-FEB-08:30
,March,0.574920E+09,579.09,02-MAR-08:30,0.100035E+10,658.13,02-MAR-08:30
,April,0.572140E+09,579.09,01-APR-08:30,0.981396E+09,658.13,01-APR-08:30
,May,0.557084E+09,579.09,01-MAY-08:30,0.985476E+09,658.13,01-MAY-08:30
,June,0.572140E+09,579.09,01-JUN-08:30,0.981396E+09,658.13,01-JUN-08:30
,July,0.596462E+09,579.09,01-JUL-08:30,0.101851E+10,658.13,01-JUL-08:30
,August,0.557084E+09,579.09,03-AUG-08:30,0.985476E+09,658.13,03-AUG-08:30
,September,0.572140E+09,579.09,01-SEP-08:30,0.981396E+09,658.13,01-SEP-08:30
,October,0.578626E+09,579.09,01-OCT-08:30,0.100364E+10,658.13,01-OCT-08:30
,November,0.550598E+09,579.09,02-NOV-08:30,0.963232E+09,658.13,02-NOV-08:30
,December,0.596462E+09,579.09,01-DEC-08:30,0.101851E+10,658.13,01-DEC-08:30
,,,,,,,
,Annual Sum or Average,0.682978E+10,,,0.118302E+11,,
,Minimum of Months,0.523496E+09,579.09,,0.907160E+09,658.13,
,Maximum of Months,0.596462E+09,579.09,,0.101851E+10,658.13,


----------------------------------------------------------------------------------------------------
REPORT:,ZoneElectricSummaryMonthly
FOR:,BLOCKS-3644_OFFICE_1_SOUTH PERIMETER
Custom Monthly Report

,,ZONE LIGHTS ELECTRICITY ENERGY [J],ZONE LIGHTS ELECTRICITY ENERGY {Maximum} [W],ZONE LIGHTS ELECTRICITY ENERGY {TIMESTAMP},ZONE ELECTRIC EQUIPMENT ELECTRICITY ENERGY [J],ZONE ELECTRIC EQUIPMENT ELECTRICITY ENERGY {Maximum} [W],ZONE ELECTRIC EQUIPMENT ELECTRICITY ENERGY {TIMESTAMP}
,January,0.578626E+09,579.09,01-JAN-08:30,0.100364E+10,658.12,01-JAN-08:30
,February,0.523496E+09,579.09,02-FEB-08:30,0.907159E+09,658.12,02-FEB-08:30
,March,0.574920E+09,579.09,02-MAR-08:30,0.100035E+10,658.12,02-MAR-08:30
,April,0.572140E+09,579.09,01-APR-08:30,0.981396E+09,658.12,01-APR-08:30
,May,0.557084E+09,579.09,01-MAY-08:30,0.985476E+09,658.12,01-MAY-08:30
,June,0.572140E+09,579.09,01-JUN-08:30,0.981396E+09,658.12,01-JUN-08:30
,July,0.596462E+09,579.09,01-JUL-08:30,0.101851E+10,658.12,01-JUL-08:30
,August,0.557084E+09,579.09,03-AUG-08:30,0.985476E+09,658.12,03-AUG-08:30
,September,0.572140E+09,579.09,01-SEP-08:30,0.981396E+09,658.12,01-SEP-08:30
,October,0.578626E+09,579.09,01-OCT-08:30,0.100364E+10,658.12,01-OCT-08:30
,November,0.550598E+09,579.09,02-NOV-08:30,0.963232E+09,658.12,02-NOV-08:30
,December,0.596462E+09,579.09,01-DEC-08:30,0.101851E+10,658.12,01-DEC-08:30
,,,,,,,
,Annual Sum or Average,0.682978E+10,,,0.118302E+11,,
,Minimum of Months,0.523496E+09,579.09,,0.907159E+09,658.12,
,Maximum of Months,0.596462E+09,579.09,,0.101851E+10,658.12,


----------------------------------------------------------------------------------------------------
REPORT:,ZoneElectricSummaryMonthly
FOR:,BLOCKS-3644_OFFICE_1_WEST PERIMETER
Custom Monthly Report

,,ZONE LIGHTS ELECTRICITY ENERGY [J],ZONE LIGHTS ELECTRICITY ENERGY {Maximum} [W],ZONE LIGHTS ELECTRICITY ENERGY {TIMESTAMP},ZONE ELECTRIC EQUIPMENT ELECTRICITY ENERGY [J],ZONE ELECTRIC EQUIPMENT ELECTRICITY ENERGY {Maximum} [W],ZONE ELECTRIC EQUIPMENT ELECTRICITY ENERGY {TIMESTAMP}
,January,0.111274E+10,1113.63,01-JAN-08:30,0.193008E+10,1265.62,01-JAN-08:30
,February,0.100672E+10,1113.63,02-FEB-08:30,0.174454E+10,1265.62,02-FEB-08:30
,March,0.110561E+10,1113.63,02-MAR-08:30,0.192375E+10,1265.62,02-MAR-08:30
,April,0.110027E+10,1113.63,01-APR-08:30,0.188730E+10,1265.62,01-APR-08:30
,May,0.107131E+10,1113.63,01-MAY-08:30,0.189515E+10,1265.62,01-MAY-08:30
,June,0.110027E+10,1113.63,01-JUN-08:30,0.188730E+10,1265.62,01-JUN-08:30
,July,0.114704E+10,1113.63,01-JUL-08:30,0.195868E+10,1265.62,01-JUL-08:30
,August,0.107131E+10,1113.63,03-AUG-08:30,0.189515E+10,1265.62,03-AUG-08:30
,September,0.110027E+10,1113.63,01-SEP-08:30,0.188730E+10,1265.62,01-SEP-08:30
,October,0.111274E+10,1113.63,01-OCT-08:30,0.193008E+10,1265.62,01-OCT-08:30
,November,0.105884E+10,1113.63,02-NOV-08:30,0.185237E+10,1265.62,02-NOV-08:30
,December,0.114704E+10,1113.63,01-DEC-08:30,0.195868E+10,1265.62,01-DEC-08:30
,,,,,,,
,Annual Sum or Average,0.131342E+11,,,0.227504E+11,,
,Minimum of Months,0.100672E+10,1113.63,,0.174454E+10,1265.62,
,Maximum of Months,0.114704E+10,1113.63,,0.195868E+10,1265.62,


----------------------------------------------------------------------------------------------------
REPORT:,ZoneElectricSummaryMonthly
FOR:,BLOCKS-3644_OFFICE_2_CORE
Custom Monthly Report

,,ZONE LIGHTS ELECTRICITY ENERGY [J],ZONE LIGHTS ELECTRICITY ENERGY {Maximum} [W],ZONE LIGHTS ELECTRICITY ENERGY {TIMESTAMP},ZONE ELECTRIC EQUIPMENT ELECTRICITY ENERGY [J],ZONE ELECTRIC EQUIPMENT ELECTRICITY ENERGY {Maximum} [W],ZONE ELECTRIC EQUIPMENT ELECTRICITY ENERGY {TIMESTAMP}
,January,0.326404E+10,3266.66,01-JAN-08:30,0.566156E+10,3712.50,01-JAN-08:30
,February,0.295306E+10,3266.66,02-FEB-08:30,0.511731E+10,3712.50,02-FEB-08:30
,March,0.324314E+10,3266.66,02-MAR-08:30,0.564300E+10,3712.50,02-MAR-08:30
,April,0.322746E+10,3266.66,01-APR-08:30,0.553608E+10,3712.50,01-APR-08:30
,May,0.314252E+10,3266.66,01-MAY-08:30,0.555910E+10,3712.50,01-MAY-08:30
,June,0.322746E+10,3266.66,01-JUN-08:30,0.553608E+10,3712.50,01-JUN-08:30
,July,0.336466E+10,3266.66,01-JUL-08:30,0.574546E+10,3712.50,01-JUL-08:30
,August,0.314252E+10,3266.66,03-AUG-08:30,0.555910E+10,3712.50,03-AUG-08:30
,September,0.322746E+10,3266.66,01-SEP-08:30,0.553608E+10,3712.50,01-SEP-08:30
,October,0.326404E+10,3266.66,01-OCT-08:30,0.566156E+10,3712.50,01-OCT-08:30
,November,0.310594E+10,3266.66,02-NOV-08:30,0.543361E+10,3712.50,02-NOV-08:30
,December,0.336466E+10,3266.66,01-DEC-08:30,0.574546E+10,3712.50,01-DEC-08:30
,,,,,,,
,Annual Sum or Average,0.385269E+11,,,0.667344E+11,,
,Minimum of Months,0.295306E+10,3266.66,,0.511731E+10,3712.50,
,Maximum of Months,0.336466E+10,3266.66,,0.574546E+10,3712.50,


----------------------------------------------------------------------------------------------------
REPORT:,ZoneElectricSummaryMonthly
FOR:,BLOCKS-3644_OFFICE_2_EAST PERIMETER
Custom Monthly Report

,,ZONE LIGHTS ELECTRICITY ENERGY [J],ZONE LIGHTS ELECTRICITY ENERGY {Maximum} [W],ZONE LIGHTS ELECTRICITY ENERGY {TIMESTAMP},ZONE ELECTRIC EQUIPMENT ELECTRICITY ENERGY [J],ZONE ELECTRIC EQUIPMENT ELECTRICITY ENERGY {Maximum} [W],ZONE ELECTRIC EQUIPMENT ELECTRICITY ENERGY {TIMESTAMP}
,January,0.111274E+10,1113.63,01-JAN-08:30,0.193008E+10,1265.62,01-JAN-08:30
,February,0.100672E+10,1113.63,02-FEB-08:30,0.174454E+10,1265.62,02-FEB-08:30
,March,0.110561E+10,1113.63,02-MAR-08:30,0.192375E+10,1265.62,02-MAR-08:30
,April,0.110027E+10,1113.63,01-APR-08:30,0.188730E+10,1265.62,01-APR-08:30
,May,0.107131E+10,1113.63,01-MAY-08:30,0.189515E+10,1265.62,01-MAY-08:30
,June,0.110027E+10,1113.63,01-JUN-08:30,0.188730E+10,1265.62,01-JUN-08:30
,July,0.114704E+10,1113.63,01-JUL-08:30,0.195868E+10,1265.62,01-JUL-08:30
,August,0.107131E+10,1113.63,03-AUG-08:30,0.189515E+10,1265.62,03-AUG-08:30
,September,0.110027E+10,1113.63,01-SEP-08:30,0.188730E+10,1265.62,01-SEP-08:30
,October,0.111274E+10,1113.63,01-OCT-08:30,0.193008E+10,1265.62,01-OCT-08:30
,November,0.105884E+10,1113.63,02-NOV-08:30,0.185237E+10,1265.62,02-NOV-08:30
,December,0.114704E+10,1113.63,01-DEC-08:30,0.195868E+10,1265.62,01-DEC-08:30
,,,,,,,
,Annual Sum or Average,0.131342E+11,,,0.227504E+11,,
,Minimum of Months,0.100672E+10,1113.63,,0.174454E+10,1265.62,
,Maximum of Months,0.114704E+10,1113.63,,0.195868E+10,1265.62,


----------------------------------------------------------------------------------------------------
REPORT:,ZoneElectricSummaryMonthly
FOR:,BLOCKS-3644_OFFICE_2_NORTH PERIMETER
Custom Monthly Report

,,ZONE LIGHTS ELECTRICITY ENERGY [J],ZONE LIGHTS ELECTRICITY ENERGY {Maximum} [W],ZONE LIGHTS ELECTRICITY ENERGY {TIMESTAMP},ZONE ELECTRIC EQUIPMENT ELECTRICITY ENERGY [J],ZONE ELECTRIC EQUIPMENT ELECTRICITY ENERGY {Maximum} [W],ZONE ELECTRIC EQUIPMENT ELECTRICITY ENERGY {TIMESTAMP}
,January,0.578626E+09,579.09,01-JAN-08:30,0.100364E+10,658.13,01-JAN-08:30
,February,0.523496E+09,579.09,02-FEB-08:30,0.907160E+09,658.13,02-FEB-08:30
,March,0.574920E+09,579.09,02-MAR-08:30,0.100035E+10,658.13,02-MAR-08:30
,April,0.572140E+09,579.09,01-APR-08:30,0.981396E+09,658.13,01-APR-08:30
,May,0.557084E+09,579.09,01-MAY-08:30,0.985476E+09,658.13,01-MAY-08:30
,June,0.572140E+09,579.09,01-JUN-08:30,0.981396E+09,658.13,01-JUN-08:30
,July,0.596462E+09,579.09,01-JUL-08:30,0.101851E+10,658.13,01-JUL-08:30
,August,0.557084E+09,579.09,03-AUG-08:30,0.985476E+09,658.13,03-AUG-08:30
,September,0.572140E+09,579.09,01-SEP-08:30,0.981396E+09,658.13,01-SEP-08:30
,October,0.578626E+09,579.09,01-OCT-08:30,0.100364E+10,658.13,01-OCT-08:30
,November,0.550598E+09,579.09,02-NOV-08:30,0.963232E+09,658.13,02-NOV-08:30
,December,0.596462E+09,579.09,01-DEC-08:30,0.101851E+10,658.13,01-DEC-08:30
,,,,,,,
,Annual Sum or Average,0.682978E+10,,,0.118302E+11,,
,Minimum of Months,0.523496E+09,579.09,,0.907160E+09,658.13,
,Maximum of Months,0.596462E+09,579.09,,0.101851E+10,658.13,


----------------------------------------------------------------------------------------------------
REPORT:,ZoneElectricSummaryMonthly
FOR:,BLOCKS-3644_OFFICE_2_SOUTH PERIMETER
Custom Monthly Report

,,ZONE LIGHTS ELECTRICITY ENERGY [J],ZONE LIGHTS ELECTRICITY ENERGY {Maximum} [W],ZONE LIGHTS ELECTRICITY ENERGY {TIMESTAMP},ZONE ELECTRIC EQUIPMENT ELECTRICITY ENERGY [J],ZONE ELECTRIC EQUIPMENT ELECTRICITY ENERGY {Maximum} [W],ZONE ELECTRIC EQUIPMENT ELECTRICITY ENERGY {TIMESTAMP}
,January,0.578626E+09,579.09,01-JAN-08:30,0.100364E+10,658.12,01-JAN-08:30
,February,0.523496E+09,579.09,02-FEB-08:30,0.907159E+09,658.12,02-FEB-08:30
,March,0.574920E+09,579.09,02-MAR-08:30,0.100035E+10,658.12,02-MAR-08:30
,April,0.572140E+09,579.09,01-APR-08:30,0.981396E+09,658.12,01-APR-08:30
,May,0.557084E+09,579.09,01-MAY-08:30,0.985476E+09,658.12,01-MAY-08:30
,June,0.572140E+09,579.09,01-JUN-08:30,0.981396E+09,658.12,01-JUN-08:30
,July,0.596462E+09,579.09,01-JUL-08:30,0.101851E+10,658.12,01-JUL-08:30
,August,0.557084E+09,579.09,03-AUG-08:30,0.985476E+09,658.12,03-AUG-08:30
,September,0.572140E+09,579.09,01-SEP-08:30,0.981396E+09,658.12,01-SEP-08:30
,October,0.578626E+09,579.09,01-OCT-08:30,0.100364E+10,658.12,01-OCT-08:30
,November,0.550598E+09,579.09,02-NOV-08:30,0.963232E+09,658.12,02-NOV-08:30
,December,0.596462E+09,579.09,01-DEC-08:30,0.101851E+10,658.12,01-DEC-08:30
,,,,,,,
,Annual Sum or Average,0.682978E+10,,,0.118302E+11,,
,Minimum of Months,0.523496E+09,579.09,,0.907159E+09,658.12,
,Maximum of Months,0.596462E+09,579.09,,0.101851E+10,658.12,


----------------------------------------------------------------------------------------------------
REPORT:,ZoneElectricSummaryMonthly
FOR:,BLOCKS-3644_OFFICE_2_WEST PERIMETER
Custom Monthly Report

,,ZONE LIGHTS ELECTRICITY ENERGY [J],ZONE LIGHTS ELECTRICITY ENERGY {Maximum} [W],ZONE LIGHTS ELECTRICITY ENERGY {TIMESTAMP},ZONE ELECTRIC EQUIPMENT ELECTRICITY ENERGY [J],ZONE ELECTRIC EQUIPMENT ELECTRICITY ENERGY {Maximum} [W],ZONE ELECTRIC EQUIPMENT ELECTRICITY ENERGY {TIMESTAMP}
,January,0.111274E+10,1113.63,01-JAN-08:30,0.193008E+10,1265.62,01-JAN-08:30
,February,0.100672E+10,1113.63,02-FEB-08:30,0.174454E+10,1265.62,02-FEB-08:30
,March,0.110561E+10,1113.63,02-MAR-08:30,0.192375E+10,1265.62,02-MAR-08:30
,April,0.110027E+10,1113.63,01-APR-08:30,0.188730E+10,1265.62,01-APR-08:30
,May,0.107131E+10,1113.63,01-MAY-08:30,0.189515E+10,1265.62,01-MAY-08:30
,June,0.110027E+10,1113.63,01-JUN-08:30,0.188730E+10,1265.62,01-JUN-08:30
,July,0.114704E+10,1113.63,01-JUL-08:30,0.195868E+10,1265.62,01-JUL-08:30
,August,0.107131E+10,1113.63,03-AUG-08:30,0.189515E+10,1265.62,03-AUG-08:30
,September,0.110027E+10,1113.63,01-SEP-08:30,0.188730E+10,1265.62,01-SEP-08:30
,October,0.111274E+10,1113.63,01-OCT-08:30,0.193008E+10,1265.62,01-OCT-08:30
,November,0.105884E+10,1113.63,02-NOV-08:30,0.185237E+10,1265.62,02-NOV-08:30
,December,0.114704E+10,1113.63,01-DEC-08:30,0.195868E+10,1265.62,01-DEC-08:30
,,,,,,,
,Annual Sum or Average,0.131342E+11,,,0.227504E+11,,
,Minimum of Months,0.100672E+10,1113.63,,0.174454E+10,1265.62,
,Maximum of Months,0.114704E+10,1113.63,,0.195868E+10,1265.62,


----------------------------------------------------------------------------------------------------
REPORT:,ZoneElectricSummaryMonthly
FOR:,BLOCKS-3645_OFFICE_1_CORE
Custom Monthly Report

,,ZONE LIGHTS ELECTRICITY ENERGY [J],ZONE LIGHTS ELECTRICITY ENERGY {Maximum} [W],ZONE LIGHTS ELECTRICITY ENERGY {TIMESTAMP},ZONE ELECTRIC EQUIPMENT ELECTRICITY ENERGY [J],ZONE ELECTRIC EQUIPMENT ELECTRICITY ENERGY {Maximum} [W],ZONE ELECTRIC EQUIPMENT ELECTRICITY ENERGY {TIMESTAMP}
,January,0.890280E+09,890.99,01-JAN-08:30,0.154406E+10,1012.50,01-JAN-08:30
,February,0.805458E+09,890.99,02-FEB-08:30,0.139563E+10,1012.50,02-FEB-08:30
,March,0.884578E+09,890.99,02-MAR-08:30,0.153900E+10,1012.50,02-MAR-08:30
,April,0.880301E+09,890.99,01-APR-08:30,0.150984E+10,1012.50,01-APR-08:30
,May,0.857136E+09,890.99,01-MAY-08:30,0.151612E+10,1012.50,01-MAY-08:30
,June,0.880301E+09,890.99,01-JUN-08:30,0.150984E+10,1012.50,01-JUN-08:30
,July,0.917723E+09,890.99,01-JUL-08:30,0.156694E+10,1012.50,01-JUL-08:30
,August,0.857136E+09,890.99,03-AUG-08:30,0.151612E+10,1012.50,03-AUG-08:30
,September,0.880301E+09,890.99,01-SEP-08:30,0.150984E+10,1012.50,01-SEP-08:30
,October,0.890280E+09,890.99,01-OCT-08:30,0.154406E+10,1012.50,01-OCT-08:30
,November,0.847156E+09,890.99,02-NOV-08:30,0.148189E+10,1012.50,02-NOV-08:30
,December,0.917723E+09,890.99,01-DEC-08:30,0.156694E+10,1012.50,01-DEC-08:30
,,,,,,,
,Annual Sum or Average,0.105084E+11,,,0.182003E+11,,
,Minimum of Months,0.805458E+09,890.99,,0.139563E+10,1012.50,
,Maximum of Months,0.917723E+09,890.99,,0.156694E+10,1012.50,


----------------------------------------------------------------------------------------------------
REPORT:,ZoneElectricSummaryMonthly
FOR:,BLOCKS-3645_OFFICE_1_EAST PERIMETER
Custom Monthly Report

,,ZONE LIGHTS ELECTRICITY ENERGY [J],ZONE LIGHTS ELECTRICITY ENERGY {Maximum} [W],ZONE LIGHTS ELECTRICITY ENERGY {TIMESTAMP},ZONE ELECTRIC EQUIPMENT ELECTRICITY ENERGY [J],ZONE ELECTRIC EQUIPMENT ELECTRICITY ENERGY {Maximum} [W],ZONE ELECTRIC EQUIPMENT ELECTRICITY ENERGY {TIMESTAMP}
,January,0.400626E+09,400.95,01-JAN-08:30,0.694828E+09,455.62,01-JAN-08:30
,February,0.362456E+09,400.95,02-FEB-08:30,0.628034E+09,455.62,02-FEB-08:30
,March,0.398060E+09,400.95,02-MAR-08:30,0.692550E+09,455.62,02-MAR-08:30
,April,0.396136E+09,400.95,01-APR-08:30,0.679428E+09,455.62,01-APR-08:30
,May,0.385711E+09,400.95,01-MAY-08:30,0.682253E+09,455.62,01-MAY-08:30
,June,0.396136E+09,400.95,01-JUN-08:30,0.679428E+09,455.62,01-JUN-08:30
,July,0.412975E+09,400.95,01-JUL-08:30,0.705125E+09,455.62,01-JUL-08:30
,August,0.385711E+09,400.95,03-AUG-08:30,0.682253E+09,455.62,03-AUG-08:30
,September,0.396136E+09,400.95,01-SEP-08:30,0.679428E+09,455.62,01-SEP-08:30
,October,0.400626E+09,400.95,01-OCT-08:30,0.694828E+09,455.62,01-OCT-08:30
,November,0.381220E+09,400.95,02-NOV-08:30,0.666853E+09,455.62,02-NOV-08:30
,December,0.412975E+09,400.95,01-DEC-08:30,0.705125E+09,455.62,01-DEC-08:30
,,,,,,,
,Annual Sum or Average,0.472877E+10,,,0.819013E+10,,
,Minimum of Months,0.362456E+09,400.95,,0.628034E+09,455.62,
,Maximum of Months,0.412975E+09,400.95,,0.705125E+09,455.62,


----------------------------------------------------------------------------------------------------
REPORT:,ZoneElectricSummaryMonthly
FOR:,BLOCKS-3645_OFFICE_1_NORTH PERIMETER
Custom Monthly Report

,,ZONE LIGHTS ELECTRICITY ENERGY [J],ZONE LIGHTS ELECTRICITY ENERGY {Maximum} [W],ZONE LIGHTS ELECTRICITY ENERGY {TIMESTAMP},ZONE ELECTRIC EQUIPMENT ELECTRICITY ENERGY [J],ZONE ELECTRIC EQUIPMENT ELECTRICITY ENERGY {Maximum} [W],ZONE ELECTRIC EQUIPMENT ELECTRICITY ENERGY {TIMESTAMP}
,January,0.578682E+09,579.15,01-JAN-08:30,0.100364E+10,658.13,01-JAN-08:30
,February,0.523548E+09,579.15,02-FEB-08:30,0.907160E+09,658.13,02-FEB-08:30
,March,0.574976E+09,579.15,02-MAR-08:30,0.100035E+10,658.13,02-MAR-08:30
,April,0.572196E+09,579.15,01-APR-08:30,0.981396E+09,658.13,01-APR-08:30
,May,0.557138E+09,579.15,01-MAY-08:30,0.985476E+09,658.13,01-MAY-08:30
,June,0.572196E+09,579.15,01-JUN-08:30,0.981396E+09,658.13,01-JUN-08:30
,July,0.596520E+09,579.15,01-JUL-08:30,0.101851E+10,658.13,01-JUL-08:30
,August,0.557138E+09,579.15,03-AUG-08:30,0.985476E+09,658.13,03-AUG-08:30
,September,0.572196E+09,579.15,01-SEP-08:30,0.981396E+09,658.13,01-SEP-08:30
,October,0.578682E+09,579.15,01-OCT-08:30,0.100364E+10,658.13,01-OCT-08:30
,November,0.550652E+09,579.15,02-NOV-08:30,0.963232E+09,658.13,02-NOV-08:30
,December,0.596520E+09,579.15,01-DEC-08:30,0.101851E+10,658.13,01-DEC-08:30
,,,,,,,
,Annual Sum or Average,0.683044E+10,,,0.118302E+11,,
,Minimum of Months,0.523548E+09,579.15,,0.907160E+09,658.13,
,Maximum of Months,0.596520E+09,579.15,,0.101851E+10,658.13,


----------------------------------------------------------------------------------------------------
REPORT:,ZoneElectricSummaryMonthly
FOR:,BLOCKS-3645_OFFICE_1_SOUTH PERIMETER
Custom Monthly Report

,,ZONE LIGHTS ELECTRICITY ENERGY [J],ZONE LIGHTS ELECTRICITY ENERGY {Maximum} [W],ZONE LIGHTS ELECTRICITY ENERGY {TIMESTAMP},ZONE ELECTRIC EQUIPMENT ELECTRICITY ENERGY [J],ZONE ELECTRIC EQUIPMENT ELECTRICITY ENERGY {Maximum} [W],ZONE ELECTRIC EQUIPMENT ELECTRICITY ENERGY {TIMESTAMP}
,January,0.578682E+09,579.15,01-JAN-08:30,0.100364E+10,658.12,01-JAN-08:30
,February,0.523548E+09,579.15,02-FEB-08:30,0.907159E+09,658.12,02-FEB-08:30
,March,0.574976E+09,579.15,02-MAR-08:30,0.100035E+10,658.12,02-MAR-08:30
,April,0.572196E+09,579.15,01-APR-08:30,0.981396E+09,658.12,01-APR-08:30
,May,0.557138E+09,579.15,01-MAY-08:30,0.985476E+09,658.12,01-MAY-08:30
,June,0.572196E+09,579.15,01-JUN-08:30,0.981396E+09,658.12,01-JUN-08:30
,July,0.596520E+09,579.15,01-JUL-08:30,0.101851E+10,658.12,01-JUL-08:30
,August,0.557138E+09,579.15,03-AUG-08:30,0.985476E+09,658.12,03-AUG-08:30
,September,0.572196E+09,579.15,01-SEP-08:30,0.981396E+09,658.12,01-SEP-08:30
,October,0.578682E+09,579.15,01-OCT-08:30,0.100364E+10,658.12,01-OCT-08:30
,November,0.550652E+09,579.15,02-NOV-08:30,0.963232E+09,658.12,02-NOV-08:30
,December,0.596520E+09,579.15,01-DEC-08:30,0.101851E+10,658.12,01-DEC-08:30
,,,,,,,
,Annual Sum or Average,0.683044E+10,,,0.118302E+11,,
,Minimum of Months,0.523548E+09,579.15,,0.907159E+09,658.12,
,Maximum of Months,0.596520E+09,579.15,,0.101851E+10,658.12,


----------------------------------------------------------------------------------------------------
REPORT:,ZoneElectricSummaryMonthly
FOR:,BLOCKS-3645_OFFICE_1_WEST PERIMETER
Custom Monthly Report

,,ZONE LIGHTS ELECTRICITY ENERGY [J],ZONE LIGHTS ELECTRICITY ENERGY {Maximum} [W],ZONE LIGHTS ELECTRICITY ENERGY {TIMESTAMP},ZONE ELECTRIC EQUIPMENT ELECTRICITY ENERGY [J],ZONE ELECTRIC EQUIPMENT ELECTRICITY ENERGY {Maximum} [W],ZONE ELECTRIC EQUIPMENT ELECTRICITY ENERGY {TIMESTAMP}
,January,0.400626E+09,400.95,01-JAN-08:30,0.694828E+09,455.62,01-JAN-08:30
,February,0.362456E+09,400.95,02-FEB-08:30,0.628034E+09,455.62,02-FEB-08:30
,March,0.398060E+09,400.95,02-MAR-08:30,0.692550E+09,455.62,02-MAR-08:30
,April,0.396136E+09,400.95,01-APR-08:30,0.679428E+09,455.62,01-APR-08:30
,May,0.385711E+09,400.95,01-MAY-08:30,0.682253E+09,455.62,01-MAY-08:30
,June,0.396136E+09,400.95,01-JUN-08:30,0.679428E+09,455.62,01-JUN-08:30
,July,0.412975E+09,400.95,01-JUL-08:30,0.705125E+09,455.62,01-JUL-08:30
,August,0.385711E+09,400.95,03-AUG-08:30,0.682253E+09,455.62,03-AUG-08:30
,September,0.396136E+09,400.95,01-SEP-08:30,0.679428E+09,455.62,01-SEP-08:30
,October,0.400626E+09,400.95,01-OCT-08:30,0.694828E+09,455.62,01-OCT-08:30
,November,0.381220E+09,400.95,02-NOV-08:30,0.666853E+09,455.62,02-NOV-08:30
,December,0.412975E+09,400.95,01-DEC-08:30,0.705125E+09,455.62,01-DEC-08:30
,,,,,,,
,Annual Sum or Average,0.472877E+10,,,0.819013E+10,,
,Minimum of Months,0.362456E+09,400.95,,0.628034E+09,455.62,
,Maximum of Months,0.412975E+09,400.95,,0.705125E+09,455.62,


----------------------------------------------------------------------------------------------------
REPORT:,ZoneElectricSummaryMonthly
FOR:,BLOCKS-3645_OFFICE_2_CORE
Custom Monthly Report

,,ZONE LIGHTS ELECTRICITY ENERGY [J],ZONE LIGHTS ELECTRICITY ENERGY {Maximum} [W],ZONE LIGHTS ELECTRICITY ENERGY {TIMESTAMP},ZONE ELECTRIC EQUIPMENT ELECTRICITY ENERGY [J],ZONE ELECTRIC EQUIPMENT ELECTRICITY ENERGY {Maximum} [W],ZONE ELECTRIC EQUIPMENT ELECTRICITY ENERGY {TIMESTAMP}
,January,0.890280E+09,890.99,01-JAN-08:30,0.154406E+10,1012.50,01-JAN-08:30
,February,0.805458E+09,890.99,02-FEB-08:30,0.139563E+10,1012.50,02-FEB-08:30
,March,0.884578E+09,890.99,02-MAR-08:30,0.153900E+10,1012.50,02-MAR-08:30
,April,0.880301E+09,890.99,01-APR-08:30,0.150984E+10,1012.50,01-APR-08:30
,May,0.857136E+09,890.99,01-MAY-08:30,0.151612E+10,1012.50,01-MAY-08:30
,June,0.880301E+09,890.99,01-JUN-08:30,0.150984E+10,1012.50,01-JUN-08:30
,July,0.917723E+09,890.99,01-JUL-08:30,0.156694E+10,1012.50,01-JUL-08:30
,August,0.857136E+09,890.99,03-AUG-08:30,0.151612E+10,1012.50,03-AUG-08:30
,September,0.880301E+09,890.99,01-SEP-08:30,0.150984E+10,1012.50,01-SEP-08:30
,October,0.890280E+09,890.99,01-OCT-08:30,0.154406E+10,1012.50,01-OCT-08:30
,November,0.847156E+09,890.99,02-NOV-08:30,0.148189E+10,1012.50,02-NOV-08:30
,December,0.917723E+09,890.99,01-DEC-08:30,0.156694E+10,1012.50,01-DEC-08:30
,,,,,,,
,Annual Sum or Average,0.105084E+11,,,0.182003E+11,,
,Minimum of Months,0.805458E+09,890.99,,0.139563E+10,1012.50,
,Maximum of Months,0.917723E+09,890.99,,0.156694E+10,1012.50,


----------------------------------------------------------------------------------------------------
REPORT:,ZoneElectricSummaryMonthly
FOR:,BLOCKS-3645_OFFICE_2_EAST PERIMETER
Custom Monthly Report

,,ZONE LIGHTS ELECTRICITY ENERGY [J],ZONE LIGHTS ELECTRICITY ENERGY {Maximum} [W],ZONE LIGHTS ELECTRICITY ENERGY {TIMESTAMP},ZONE ELECTRIC EQUIPMENT ELECTRICITY ENERGY [J],ZONE ELECTRIC EQUIPMENT ELECTRICITY ENERGY {Maximum} [W],ZONE ELECTRIC EQUIPMENT ELECTRICITY ENERGY {TIMESTAMP}
,January,0.400626E+09,400.95,01-JAN-08:30,0.694828E+09,455.62,01-JAN-08:30
,February,0.362456E+09,400.95,02-FEB-08:30,0.628034E+09,455.62,02-FEB-08:30
,March,0.398060E+09,400.95,02-MAR-08:30,0.692550E+09,455.62,02-MAR-08:30
,April,0.396136E+09,400.95,01-APR-08:30,0.679428E+09,455.62,01-APR-08:30
,May,0.385711E+09,400.95,01-MAY-08:30,0.682253E+09,455.62,01-MAY-08:30
,June,0.396136E+09,400.95,01-JUN-08:30,0.679428E+09,455.62,01-JUN-08:30
,July,0.412975E+09,400.95,01-JUL-08:30,0.705125E+09,455.62,01-JUL-08:30
,August,0.385711E+09,400.95,03-AUG-08:30,0.682253E+09,455.62,03-AUG-08:30
,September,0.396136E+09,400.95,01-SEP-08:30,0.679428E+09,455.62,01-SEP-08:30
,October,0.400626E+09,400.95,01-OCT-08:30,0.694828E+09,455.62,01-OCT-08:30
,November,0.381220E+09,400.95,02-NOV-08:30,0.666853E+09,455.62,02-NOV-08:30
,December,0.412975E+09,400.95,01-DEC-08:30,0.705125E+09,455.62,01-DEC-08:30
,,,,,,,
,Annual Sum or Average,0.472877E+10,,,0.819013E+10,,
,Minimum of Months,0.362456E+09,400.95,,0.628034E+09,455.62,
,Maximum of Months,0.412975E+09,400.95,,0.705125E+09,455.62,


----------------------------------------------------------------------------------------------------
REPORT:,ZoneElectricSummaryMonthly
FOR:,BLOCKS-3645_OFFICE_2_NORTH PERIMETER
Custom Monthly Report

,,ZONE LIGHTS ELECTRICITY ENERGY [J],ZONE LIGHTS ELECTRICITY ENERGY {Maximum} [W],ZONE LIGHTS ELECTRICITY ENERGY {TIMESTAMP},ZONE ELECTRIC EQUIPMENT ELECTRICITY ENERGY [J],ZONE ELECTRIC EQUIPMENT ELECTRICITY ENERGY {Maximum} [W],ZONE ELECTRIC EQUIPMENT ELECTRICITY ENERGY {TIMESTAMP}
,January,0.578682E+09,579.15,01-JAN-08:30,0.100364E+10,658.13,01-JAN-08:30
,February,0.523548E+09,579.15,02-FEB-08:30,0.907160E+09,658.13,02-FEB-08:30
,March,0.574976E+09,579.15,02-MAR-08:30,0.100035E+10,658.13,02-MAR-08:30
,April,0.572196E+09,579.15,01-APR-08:30,0.981396E+09,658.13,01-APR-08:30
,May,0.557138E+09,579.15,01-MAY-08:30,0.985476E+09,658.13,01-MAY-08:30
,June,0.572196E+09,579.15,01-JUN-08:30,0.981396E+09,658.13,01-JUN-08:30
,July,0.596520E+09,579.15,01-JUL-08:30,0.101851E+10,658.13,01-JUL-08:30
,August,0.557138E+09,579.15,03-AUG-08:30,0.985476E+09,658.13,03-AUG-08:30
,September,0.572196E+09,579.15,01-SEP-08:30,0.981396E+09,658.13,01-SEP-08:30
,October,0.578682E+09,579.15,01-OCT-08:30,0.100364E+10,658.13,01-OCT-08:30
,November,0.550652E+09,579.15,02-NOV-08:30,0.963232E+09,658.13,02-NOV-08:30
,December,0.596520E+09,579.15,01-DEC-08:30,0.101851E+10,658.13,01-DEC-08:30
,,,,,,,
,Annual Sum or Average,0.683044E+10,,,0.118302E+11,,
,Minimum of Months,0.523548E+09,579.15,,0.907160E+09,658.13,
,Maximum of Months,0.596520E+09,579.15,,0.101851E+10,658.13,


----------------------------------------------------------------------------------------------------
REPORT:,ZoneElectricSummaryMonthly
FOR:,BLOCKS-3645_OFFICE_2_SOUTH PERIMETER
Custom Monthly Report

,,ZONE LIGHTS ELECTRICITY ENERGY [J],ZONE LIGHTS ELECTRICITY ENERGY {Maximum} [W],ZONE LIGHTS ELECTRICITY ENERGY {TIMESTAMP},ZONE ELECTRIC EQUIPMENT ELECTRICITY ENERGY [J],ZONE ELECTRIC EQUIPMENT ELECTRICITY ENERGY {Maximum} [W],ZONE ELECTRIC EQUIPMENT ELECTRICITY ENERGY {TIMESTAMP}
,January,0.578682E+09,579.15,01-JAN-08:30,0.100364E+10,658.12,01-JAN-08:30
,February,0.523548E+09,579.15,02-FEB-08:30,0.907159E+09,658.12,02-FEB-08:30
,March,0.574976E+09,579.15,02-MAR-08:30,0.100035E+10,658.12,02-MAR-08:30
,April,0.572196E+09,579.15,01-APR-08:30,0.981396E+09,658.12,01-APR-08:30
,May,0.557138E+09,579.15,01-MAY-08:30,0.985476E+09,658.12,01-MAY-08:30
,June,0.572196E+09,579.15,01-JUN-08:30,0.981396E+09,658.12,01-JUN-08:30
,July,0.596520E+09,579.15,01-JUL-08:30,0.101851E+10,658.12,01-JUL-08:30
,August,0.557138E+09,579.15,03-AUG-08:30,0.985476E+09,658.12,03-AUG-08:30
,September,0.572196E+09,579.15,01-SEP-08:30,0.981396E+09,658.12,01-SEP-08:30
,October,0.578682E+09,579.15,01-OCT-08:30,0.100364E+10,658.12,01-OCT-08:30
,November,0.550652E+09,579.15,02-NOV-08:30,0.963232E+09,658.12,02-NOV-08:30
,December,0.596520E+09,579.15,01-DEC-08:30,0.101851E+10,658.12,01-DEC-08:30
,,,,,,,
,Annual Sum or Average,0.683044E+10,,,0.118302E+11,,
,Minimum of Months,0.523548E+09,579.15,,0.907159E+09,658.12,
,Maximum of Months,0.596520E+09,579.15,,0.101851E+10,658.12,


----------------------------------------------------------------------------------------------------
REPORT:,ZoneElectricSummaryMonthly
FOR:,BLOCKS-3645_OFFICE_2_WEST PERIMETER
Custom Monthly Report

,,ZONE LIGHTS ELECTRICITY ENERGY [J],ZONE LIGHTS ELECTRICITY ENERGY {Maximum} [W],ZONE LIGHTS ELECTRICITY ENERGY {TIMESTAMP},ZONE ELECTRIC EQUIPMENT ELECTRICITY ENERGY [J],ZONE ELECTRIC EQUIPMENT ELECTRICITY ENERGY {Maximum} [W],ZONE ELECTRIC EQUIPMENT ELECTRICITY ENERGY {TIMESTAMP}
,January,0.400626E+09,400.95,01-JAN-08:30,0.694828E+09,455.62,01-JAN-08:30
,February,0.362456E+09,400.95,02-FEB-08:30,0.628034E+09,455.62,02-FEB-08:30
,March,0.398060E+09,400.95,02-MAR-08:30,0.692550E+09,455.62,02-MAR-08:30
,April,0.396136E+09,400.95,01-APR-08:30,0.679428E+09,455.62,01-APR-08:30
,May,0.385711E+09,400.95,01-MAY-08:30,0.682253E+09,455.62,01-MAY-08:30
,June,0.396136E+09,400.95,01-JUN-08:30,0.679428E+09,455.62,01-JUN-08:30
,July,0.412975E+09,400.95,01-JUL-08:30,0.705125E+09,455.62,01-JUL-08:30
,August,0.385711E+09,400.95,03-AUG-08:30,0.682253E+09,455.62,03-AUG-08:30
,September,0.396136E+09,400.95,01-SEP-08:30,0.679428E+09,455.62,01-SEP-08:30
,October,0.400626E+09,400.95,01-OCT-08:30,0.694828E+09,455.62,01-OCT-08:30
,November,0.381220E+09,400.95,02-NOV-08:30,0.666853E+09,455.62,02-NOV-08:30
,December,0.412975E+09,400.95,01-DEC-08:30,0.705125E+09,455.62,01-DEC-08:30
,,,,,,,
,Annual Sum or Average,0.472877E+10,,,0.819013E+10,,
,Minimum of Months,0.362456E+09,400.95,,0.628034E+09,455.62,
,Maximum of Months,0.412975E+09,400.95,,0.705125E+09,455.62,


----------------------------------------------------------------------------------------------------
REPORT:,ZoneElectricSummaryMonthly
FOR:,BLOCKS-3645_OFFICE_3_CORE
Custom Monthly Report

,,ZONE LIGHTS ELECTRICITY ENERGY [J],ZONE LIGHTS ELECTRICITY ENERGY {Maximum} [W],ZONE LIGHTS ELECTRICITY ENERGY {TIMESTAMP},ZONE ELECTRIC EQUIPMENT ELECTRICITY ENERGY [J],ZONE ELECTRIC EQUIPMENT ELECTRICITY ENERGY {Maximum} [W],ZONE ELECTRIC EQUIPMENT ELECTRICITY ENERGY {TIMESTAMP}
,January,0.890280E+09,890.99,01-JAN-08:30,0.154406E+10,1012.50,01-JAN-08:30
,February,0.805458E+09,890.99,02-FEB-08:30,0.139563E+10,1012.50,02-FEB-08:30
,March,0.884578E+09,890.99,02-MAR-08:30,0.153900E+10,1012.50,02-MAR-08:30
,April,0.880301E+09,890.99,01-APR-08:30,0.150984E+10,1012.50,01-APR-08:30
,May,0.857136E+09,890.99,01-MAY-08:30,0.151612E+10,1012.50,01-MAY-08:30
,June,0.880301E+09,890.99,01-JUN-08:30,0.150984E+10,1012.50,01-JUN-08:30
,July,0.917723E+09,890.99,01-JUL-08:30,0.156694E+10,1012.50,01-JUL-08:30
,August,0.857136E+09,890.99,03-AUG-08:30,0.151612E+10,1012.50,03-AUG-08:30
,September,0.880301E+09,890.99,01-SEP-08:30,0.150984E+10,1012.50,01-SEP-08:30
,October,0.890280E+09,890.99,01-OCT-08:30,0.154406E+10,1012.50,01-OCT-08:30
,November,0.847156E+09,890.99,02-NOV-08:30,0.148189E+10,1012.50,02-NOV-08:30
,December,0.917723E+09,890.99,01-DEC-08:30,0.156694E+10,1012.50,01-DEC-08:30
,,,,,,,
,Annual Sum or Average,0.105084E+11,,,0.182003E+11,,
,Minimum of Months,0.805458E+09,890.99,,0.139563E+10,1012.50,
,Maximum of Months,0.917723E+09,890.99,,0.156694E+10,1012.50,


----------------------------------------------------------------------------------------------------
REPORT:,ZoneElectricSummaryMonthly
FOR:,BLOCKS-3645_OFFICE_3_EAST PERIMETER
Custom Monthly Report

,,ZONE LIGHTS ELECTRICITY ENERGY [J],ZONE LIGHTS ELECTRICITY ENERGY {Maximum} [W],ZONE LIGHTS ELECTRICITY ENERGY {TIMESTAMP},ZONE ELECTRIC EQUIPMENT ELECTRICITY ENERGY [J],ZONE ELECTRIC EQUIPMENT ELECTRICITY ENERGY {Maximum} [W],ZONE ELECTRIC EQUIPMENT ELECTRICITY ENERGY {TIMESTAMP}
,January,0.400626E+09,400.95,01-JAN-08:30,0.694828E+09,455.62,01-JAN-08:30
,February,0.362456E+09,400.95,02-FEB-08:30,0.628034E+09,455.62,02-FEB-08:30
,March,0.398060E+09,400.95,02-MAR-08:30,0.692550E+09,455.62,02-MAR-08:30
,April,0.396136E+09,400.95,01-APR-08:30,0.679428E+09,455.62,01-APR-08:30
,May,0.385711E+09,400.95,01-MAY-08:30,0.682253E+09,455.62,01-MAY-08:30
,June,0.396136E+09,400.95,01-JUN-08:30,0.679428E+09,455.62,01-JUN-08:30
,July,0.412975E+09,400.95,01-JUL-08:30,0.705125E+09,455.62,01-JUL-08:30
,August,0.385711E+09,400.95,03-AUG-08:30,0.682253E+09,455.62,03-AUG-08:30
,September,0.396136E+09,400.95,01-SEP-08:30,0.679428E+09,455.62,01-SEP-08:30
,October,0.400626E+09,400.95,01-OCT-08:30,0.694828E+09,455.62,01-OCT-08:30
,November,0.381220E+09,400.95,02-NOV-08:30,0.666853E+09,455.62,02-NOV-08:30
,December,0.412975E+09,400.95,01-DEC-08:30,0.705125E+09,455.62,01-DEC-08:30
,,,,,,,
,Annual Sum or Average,0.472877E+10,,,0.819013E+10,,
,Minimum of Months,0.362456E+09,400.95,,0.628034E+09,455.62,
,Maximum of Months,0.412975E+09,400.95,,0.705125E+09,455.62,


----------------------------------------------------------------------------------------------------
REPORT:,ZoneElectricSummaryMonthly
FOR:,BLOCKS-3645_OFFICE_3_NORTH PERIMETER
Custom Monthly Report

,,ZONE LIGHTS ELECTRICITY ENERGY [J],ZONE LIGHTS ELECTRICITY ENERGY {Maximum} [W],ZONE LIGHTS ELECTRICITY ENERGY {TIMESTAMP},ZONE ELECTRIC EQUIPMENT ELECTRICITY ENERGY [J],ZONE ELECTRIC EQUIPMENT ELECTRICITY ENERGY {Maximum} [W],ZONE ELECTRIC EQUIPMENT ELECTRICITY ENERGY {TIMESTAMP}
,January,0.578682E+09,579.15,01-JAN-08:30,0.100364E+10,658.13,01-JAN-08:30
,February,0.523548E+09,579.15,02-FEB-08:30,0.907160E+09,658.13,02-FEB-08:30
,March,0.574976E+09,579.15,02-MAR-08:30,0.100035E+10,658.13,02-MAR-08:30
,April,0.572196E+09,579.15,01-APR-08:30,0.981396E+09,658.13,01-APR-08:30
,May,0.557138E+09,579.15,01-MAY-08:30,0.985476E+09,658.13,01-MAY-08:30
,June,0.572196E+09,579.15,01-JUN-08:30,0.981396E+09,658.13,01-JUN-08:30
,July,0.596520E+09,579.15,01-JUL-08:30,0.101851E+10,658.13,01-JUL-08:30
,August,0.557138E+09,579.15,03-AUG-08:30,0.985476E+09,658.13,03-AUG-08:30
,September,0.572196E+09,579.15,01-SEP-08:30,0.981396E+09,658.13,01-SEP-08:30
,October,0.578682E+09,579.15,01-OCT-08:30,0.100364E+10,658.13,01-OCT-08:30
,November,0.550652E+09,579.15,02-NOV-08:30,0.963232E+09,658.13,02-NOV-08:30
,December,0.596520E+09,579.15,01-DEC-08:30,0.101851E+10,658.13,01-DEC-08:30
,,,,,,,
,Annual Sum or Average,0.683044E+10,,,0.118302E+11,,
,Minimum of Months,0.523548E+09,579.15,,0.907160E+09,658.13,
,Maximum of Months,0.596520E+09,579.15,,0.101851E+10,658.13,


----------------------------------------------------------------------------------------------------
REPORT:,ZoneElectricSummaryMonthly
FOR:,BLOCKS-3645_OFFICE_3_SOUTH PERIMETER
Custom Monthly Report

,,ZONE LIGHTS ELECTRICITY ENERGY [J],ZONE LIGHTS ELECTRICITY ENERGY {Maximum} [W],ZONE LIGHTS ELECTRICITY ENERGY {TIMESTAMP},ZONE ELECTRIC EQUIPMENT ELECTRICITY ENERGY [J],ZONE ELECTRIC EQUIPMENT ELECTRICITY ENERGY {Maximum} [W],ZONE ELECTRIC EQUIPMENT ELECTRICITY ENERGY {TIMESTAMP}
,January,0.578682E+09,579.15,01-JAN-08:30,0.100364E+10,658.12,01-JAN-08:30
,February,0.523548E+09,579.15,02-FEB-08:30,0.907159E+09,658.12,02-FEB-08:30
,March,0.574976E+09,579.15,02-MAR-08:30,0.100035E+10,658.12,02-MAR-08:30
,April,0.572196E+09,579.15,01-APR-08:30,0.981396E+09,658.12,01-APR-08:30
,May,0.557138E+09,579.15,01-MAY-08:30,0.985476E+09,658.12,01-MAY-08:30
,June,0.572196E+09,579.15,01-JUN-08:30,0.981396E+09,658.12,01-JUN-08:30
,July,0.596520E+09,579.15,01-JUL-08:30,0.101851E+10,658.12,01-JUL-08:30
,August,0.557138E+09,579.15,03-AUG-08:30,0.985476E+09,658.12,03-AUG-08:30
,September,0.572196E+09,579.15,01-SEP-08:30,0.981396E+09,658.12,01-SEP-08:30
,October,0.578682E+09,579.15,01-OCT-08:30,0.100364E+10,658.12,01-OCT-08:30
,November,0.550652E+09,579.15,02-NOV-08:30,0.963232E+09,658.12,02-NOV-08:30
,December,0.596520E+09,579.15,01-DEC-08:30,0.101851E+10,658.12,01-DEC-08:30
,,,,,,,
,Annual Sum or Average,0.683044E+10,,,0.118302E+11,,
,Minimum of Months,0.523548E+09,579.15,,0.907159E+09,658.12,
,Maximum of Months,0.596520E+09,579.15,,0.101851E+10,658.12,


----------------------------------------------------------------------------------------------------
REPORT:,ZoneElectricSummaryMonthly
FOR:,BLOCKS-3645_OFFICE_3_WEST PERIMETER
Custom Monthly Report

,,ZONE LIGHTS ELECTRICITY ENERGY [J],ZONE LIGHTS ELECTRICITY ENERGY {Maximum} [W],ZONE LIGHTS ELECTRICITY ENERGY {TIMESTAMP},ZONE ELECTRIC EQUIPMENT ELECTRICITY ENERGY [J],ZONE ELECTRIC EQUIPMENT ELECTRICITY ENERGY {Maximum} [W],ZONE ELECTRIC EQUIPMENT ELECTRICITY ENERGY {TIMESTAMP}
,January,0.400626E+09,400.95,01-JAN-08:30,0.694828E+09,455.62,01-JAN-08:30
,February,0.362456E+09,400.95,02-FEB-08:30,0.628034E+09,455.62,02-FEB-08:30
,March,0.398060E+09,400.95,02-MAR-08:30,0.692550E+09,455.62,02-MAR-08:30
,April,0.396136E+09,400.95,01-APR-08:30,0.679428E+09,455.62,01-APR-08:30
,May,0.385711E+09,400.95,01-MAY-08:30,0.682253E+09,455.62,01-MAY-08:30
,June,0.396136E+09,400.95,01-JUN-08:30,0.679428E+09,455.62,01-JUN-08:30
,July,0.412975E+09,400.95,01-JUL-08:30,0.705125E+09,455.62,01-JUL-08:30
,August,0.385711E+09,400.95,03-AUG-08:30,0.682253E+09,455.62,03-AUG-08:30
,September,0.396136E+09,400.95,01-SEP-08:30,0.679428E+09,455.62,01-SEP-08:30
,October,0.400626E+09,400.95,01-OCT-08:30,0.694828E+09,455.62,01-OCT-08:30
,November,0.381220E+09,400.95,02-NOV-08:30,0.666853E+09,455.62,02-NOV-08:30
,December,0.412975E+09,400.95,01-DEC-08:30,0.705125E+09,455.62,01-DEC-08:30
,,,,,,,
,Annual Sum or Average,0.472877E+10,,,0.819013E+10,,
,Minimum of Months,0.362456E+09,400.95,,0.628034E+09,455.62,
,Maximum of Months,0.412975E+09,400.95,,0.705125E+09,455.62,


----------------------------------------------------------------------------------------------------
REPORT:,ZoneElectricSummaryMonthly
FOR:,BLOCKS-3645_OFFICE_4_CORE
Custom Monthly Report

,,ZONE LIGHTS ELECTRICITY ENERGY [J],ZONE LIGHTS ELECTRICITY ENERGY {Maximum} [W],ZONE LIGHTS ELECTRICITY ENERGY {TIMESTAMP},ZONE ELECTRIC EQUIPMENT ELECTRICITY ENERGY [J],ZONE ELECTRIC EQUIPMENT ELECTRICITY ENERGY {Maximum} [W],ZONE ELECTRIC EQUIPMENT ELECTRICITY ENERGY {TIMESTAMP}
,January,0.890280E+09,890.99,01-JAN-08:30,0.154406E+10,1012.50,01-JAN-08:30
,February,0.805458E+09,890.99,02-FEB-08:30,0.139563E+10,1012.50,02-FEB-08:30
,March,0.884578E+09,890.99,02-MAR-08:30,0.153900E+10,1012.50,02-MAR-08:30
,April,0.880301E+09,890.99,01-APR-08:30,0.150984E+10,1012.50,01-APR-08:30
,May,0.857136E+09,890.99,01-MAY-08:30,0.151612E+10,1012.50,01-MAY-08:30
,June,0.880301E+09,890.99,01-JUN-08:30,0.150984E+10,1012.50,01-JUN-08:30
,July,0.917723E+09,890.99,01-JUL-08:30,0.156694E+10,1012.50,01-JUL-08:30
,August,0.857136E+09,890.99,03-AUG-08:30,0.151612E+10,1012.50,03-AUG-08:30
,September,0.880301E+09,890.99,01-SEP-08:30,0.150984E+10,1012.50,01-SEP-08:30
,October,0.890280E+09,890.99,01-OCT-08:30,0.154406E+10,1012.50,01-OCT-08:30
,November,0.847156E+09,890.99,02-NOV-08:30,0.148189E+10,1012.50,02-NOV-08:30
,December,0.917723E+09,890.99,01-DEC-08:30,0.156694E+10,1012.50,01-DEC-08:30
,,,,,,,
,Annual Sum or Average,0.105084E+11,,,0.182003E+11,,
,Minimum of Months,0.805458E+09,890.99,,0.139563E+10,1012.50,
,Maximum of Months,0.917723E+09,890.99,,0.156694E+10,1012.50,


----------------------------------------------------------------------------------------------------
REPORT:,ZoneElectricSummaryMonthly
FOR:,BLOCKS-3645_OFFICE_4_EAST PERIMETER
Custom Monthly Report

,,ZONE LIGHTS ELECTRICITY ENERGY [J],ZONE LIGHTS ELECTRICITY ENERGY {Maximum} [W],ZONE LIGHTS ELECTRICITY ENERGY {TIMESTAMP},ZONE ELECTRIC EQUIPMENT ELECTRICITY ENERGY [J],ZONE ELECTRIC EQUIPMENT ELECTRICITY ENERGY {Maximum} [W],ZONE ELECTRIC EQUIPMENT ELECTRICITY ENERGY {TIMESTAMP}
,January,0.400626E+09,400.95,01-JAN-08:30,0.694828E+09,455.62,01-JAN-08:30
,February,0.362456E+09,400.95,02-FEB-08:30,0.628034E+09,455.62,02-FEB-08:30
,March,0.398060E+09,400.95,02-MAR-08:30,0.692550E+09,455.62,02-MAR-08:30
,April,0.396136E+09,400.95,01-APR-08:30,0.679428E+09,455.62,01-APR-08:30
,May,0.385711E+09,400.95,01-MAY-08:30,0.682253E+09,455.62,01-MAY-08:30
,June,0.396136E+09,400.95,01-JUN-08:30,0.679428E+09,455.62,01-JUN-08:30
,July,0.412975E+09,400.95,01-JUL-08:30,0.705125E+09,455.62,01-JUL-08:30
,August,0.385711E+09,400.95,03-AUG-08:30,0.682253E+09,455.62,03-AUG-08:30
,September,0.396136E+09,400.95,01-SEP-08:30,0.679428E+09,455.62,01-SEP-08:30
,October,0.400626E+09,400.95,01-OCT-08:30,0.694828E+09,455.62,01-OCT-08:30
,November,0.381220E+09,400.95,02-NOV-08:30,0.666853E+09,455.62,02-NOV-08:30
,December,0.412975E+09,400.95,01-DEC-08:30,0.705125E+09,455.62,01-DEC-08:30
,,,,,,,
,Annual Sum or Average,0.472877E+10,,,0.819013E+10,,
,Minimum of Months,0.362456E+09,400.95,,0.628034E+09,455.62,
,Maximum of Months,0.412975E+09,400.95,,0.705125E+09,455.62,


----------------------------------------------------------------------------------------------------
REPORT:,ZoneElectricSummaryMonthly
FOR:,BLOCKS-3645_OFFICE_4_NORTH PERIMETER
Custom Monthly Report

,,ZONE LIGHTS ELECTRICITY ENERGY [J],ZONE LIGHTS ELECTRICITY ENERGY {Maximum} [W],ZONE LIGHTS ELECTRICITY ENERGY {TIMESTAMP},ZONE ELECTRIC EQUIPMENT ELECTRICITY ENERGY [J],ZONE ELECTRIC EQUIPMENT ELECTRICITY ENERGY {Maximum} [W],ZONE ELECTRIC EQUIPMENT ELECTRICITY ENERGY {TIMESTAMP}
,January,0.578682E+09,579.15,01-JAN-08:30,0.100364E+10,658.13,01-JAN-08:30
,February,0.523548E+09,579.15,02-FEB-08:30,0.907160E+09,658.13,02-FEB-08:30
,March,0.574976E+09,579.15,02-MAR-08:30,0.100035E+10,658.13,02-MAR-08:30
,April,0.572196E+09,579.15,01-APR-08:30,0.981396E+09,658.13,01-APR-08:30
,May,0.557138E+09,579.15,01-MAY-08:30,0.985476E+09,658.13,01-MAY-08:30
,June,0.572196E+09,579.15,01-JUN-08:30,0.981396E+09,658.13,01-JUN-08:30
,July,0.596520E+09,579.15,01-JUL-08:30,0.101851E+10,658.13,01-JUL-08:30
,August,0.557138E+09,579.15,03-AUG-08:30,0.985476E+09,658.13,03-AUG-08:30
,September,0.572196E+09,579.15,01-SEP-08:30,0.981396E+09,658.13,01-SEP-08:30
,October,0.578682E+09,579.15,01-OCT-08:30,0.100364E+10,658.13,01-OCT-08:30
,November,0.550652E+09,579.15,02-NOV-08:30,0.963232E+09,658.13,02-NOV-08:30
,December,0.596520E+09,579.15,01-DEC-08:30,0.101851E+10,658.13,01-DEC-08:30
,,,,,,,
,Annual Sum or Average,0.683044E+10,,,0.118302E+11,,
,Minimum of Months,0.523548E+09,579.15,,0.907160E+09,658.13,
,Maximum of Months,0.596520E+09,579.15,,0.101851E+10,658.13,


----------------------------------------------------------------------------------------------------
REPORT:,ZoneElectricSummaryMonthly
FOR:,BLOCKS-3645_OFFICE_4_SOUTH PERIMETER
Custom Monthly Report

,,ZONE LIGHTS ELECTRICITY ENERGY [J],ZONE LIGHTS ELECTRICITY ENERGY {Maximum} [W],ZONE LIGHTS ELECTRICITY ENERGY {TIMESTAMP},ZONE ELECTRIC EQUIPMENT ELECTRICITY ENERGY [J],ZONE ELECTRIC EQUIPMENT ELECTRICITY ENERGY {Maximum} [W],ZONE ELECTRIC EQUIPMENT ELECTRICITY ENERGY {TIMESTAMP}
,January,0.578682E+09,579.15,01-JAN-08:30,0.100364E+10,658.12,01-JAN-08:30
,February,0.523548E+09,579.15,02-FEB-08:30,0.907159E+09,658.12,02-FEB-08:30
,March,0.574976E+09,579.15,02-MAR-08:30,0.100035E+10,658.12,02-MAR-08:30
,April,0.572196E+09,579.15,01-APR-08:30,0.981396E+09,658.12,01-APR-08:30
,May,0.557138E+09,579.15,01-MAY-08:30,0.985476E+09,658.12,01-MAY-08:30
,June,0.572196E+09,579.15,01-JUN-08:30,0.981396E+09,658.12,01-JUN-08:30
,July,0.596520E+09,579.15,01-JUL-08:30,0.101851E+10,658.12,01-JUL-08:30
,August,0.557138E+09,579.15,03-AUG-08:30,0.985476E+09,658.12,03-AUG-08:30
,September,0.572196E+09,579.15,01-SEP-08:30,0.981396E+09,658.12,01-SEP-08:30
,October,0.578682E+09,579.15,01-OCT-08:30,0.100364E+10,658.12,01-OCT-08:30
,November,0.550652E+09,579.15,02-NOV-08:30,0.963232E+09,658.12,02-NOV-08:30
,December,0.596520E+09,579.15,01-DEC-08:30,0.101851E+10,658.12,01-DEC-08:30
,,,,,,,
,Annual Sum or Average,0.683044E+10,,,0.118302E+11,,
,Minimum of Months,0.523548E+09,579.15,,0.907159E+09,658.12,
,Maximum of Months,0.596520E+09,579.15,,0.101851E+10,658.12,


----------------------------------------------------------------------------------------------------
REPORT:,ZoneElectricSummaryMonthly
FOR:,BLOCKS-3645_OFFICE_4_WEST PERIMETER
Custom Monthly Report

,,ZONE LIGHTS ELECTRICITY ENERGY [J],ZONE LIGHTS ELECTRICITY ENERGY {Maximum} [W],ZONE LIGHTS ELECTRICITY ENERGY {TIMESTAMP},ZONE ELECTRIC EQUIPMENT ELECTRICITY ENERGY [J],ZONE ELECTRIC EQUIPMENT ELECTRICITY ENERGY {Maximum} [W],ZONE ELECTRIC EQUIPMENT ELECTRICITY ENERGY {TIMESTAMP}
,January,0.400626E+09,400.95,01-JAN-08:30,0.694828E+09,455.62,01-JAN-08:30
,February,0.362456E+09,400.95,02-FEB-08:30,0.628034E+09,455.62,02-FEB-08:30
,March,0.398060E+09,400.95,02-MAR-08:30,0.692550E+09,455.62,02-MAR-08:30
,April,0.396136E+09,400.95,01-APR-08:30,0.679428E+09,455.62,01-APR-08:30
,May,0.385711E+09,400.95,01-MAY-08:30,0.682253E+09,455.62,01-MAY-08:30
,June,0.396136E+09,400.95,01-JUN-08:30,0.679428E+09,455.62,01-JUN-08:30
,July,0.412975E+09,400.95,01-JUL-08:30,0.705125E+09,455.62,01-JUL-08:30
,August,0.385711E+09,400.95,03-AUG-08:30,0.682253E+09,455.62,03-AUG-08:30
,September,0.396136E+09,400.95,01-SEP-08:30,0.679428E+09,455.62,01-SEP-08:30
,October,0.400626E+09,400.95,01-OCT-08:30,0.694828E+09,455.62,01-OCT-08:30
,November,0.381220E+09,400.95,02-NOV-08:30,0.666853E+09,455.62,02-NOV-08:30
,December,0.412975E+09,400.95,01-DEC-08:30,0.705125E+09,455.62,01-DEC-08:30
,,,,,,,
,Annual Sum or Average,0.472877E+10,,,0.819013E+10,,
,Minimum of Months,0.362456E+09,400.95,,0.628034E+09,455.62,
,Maximum of Months,0.412975E+09,400.95,,0.705125E+09,455.62,


----------------------------------------------------------------------------------------------------
REPORT:,ZoneElectricSummaryMonthly
FOR:,BLOCKS-3645_OFFICE_5_CORE
Custom Monthly Report

,,ZONE LIGHTS ELECTRICITY ENERGY [J],ZONE LIGHTS ELECTRICITY ENERGY {Maximum} [W],ZONE LIGHTS ELECTRICITY ENERGY {TIMESTAMP},ZONE ELECTRIC EQUIPMENT ELECTRICITY ENERGY [J],ZONE ELECTRIC EQUIPMENT ELECTRICITY ENERGY {Maximum} [W],ZONE ELECTRIC EQUIPMENT ELECTRICITY ENERGY {TIMESTAMP}
,January,0.890280E+09,890.99,01-JAN-08:30,0.154406E+10,1012.50,01-JAN-08:30
,February,0.805458E+09,890.99,02-FEB-08:30,0.139563E+10,1012.50,02-FEB-08:30
,March,0.884578E+09,890.99,02-MAR-08:30,0.153900E+10,1012.50,02-MAR-08:30
,April,0.880301E+09,890.99,01-APR-08:30,0.150984E+10,1012.50,01-APR-08:30
,May,0.857136E+09,890.99,01-MAY-08:30,0.151612E+10,1012.50,01-MAY-08:30
,June,0.880301E+09,890.99,01-JUN-08:30,0.150984E+10,1012.50,01-JUN-08:30
,July,0.917723E+09,890.99,01-JUL-08:30,0.156694E+10,1012.50,01-JUL-08:30
,August,0.857136E+09,890.99,03-AUG-08:30,0.151612E+10,1012.50,03-AUG-08:30
,September,0.880301E+09,890.99,01-SEP-08:30,0.150984E+10,1012.50,01-SEP-08:30
,October,0.890280E+09,890.99,01-OCT-08:30,0.154406E+10,1012.50,01-OCT-08:30
,November,0.847156E+09,890.99,02-NOV-08:30,0.148189E+10,1012.50,02-NOV-08:30
,December,0.917723E+09,890.99,01-DEC-08:30,0.156694E+10,1012.50,01-DEC-08:30
,,,,,,,
,Annual Sum or Average,0.105084E+11,,,0.182003E+11,,
,Minimum of Months,0.805458E+09,890.99,,0.139563E+10,1012.50,
,Maximum of Months,0.917723E+09,890.99,,0.156694E+10,1012.50,


----------------------------------------------------------------------------------------------------
REPORT:,ZoneElectricSummaryMonthly
FOR:,BLOCKS-3645_OFFICE_5_EAST PERIMETER
Custom Monthly Report

,,ZONE LIGHTS ELECTRICITY ENERGY [J],ZONE LIGHTS ELECTRICITY ENERGY {Maximum} [W],ZONE LIGHTS ELECTRICITY ENERGY {TIMESTAMP},ZONE ELECTRIC EQUIPMENT ELECTRICITY ENERGY [J],ZONE ELECTRIC EQUIPMENT ELECTRICITY ENERGY {Maximum} [W],ZONE ELECTRIC EQUIPMENT ELECTRICITY ENERGY {TIMESTAMP}
,January,0.400626E+09,400.95,01-JAN-08:30,0.694828E+09,455.62,01-JAN-08:30
,February,0.362456E+09,400.95,02-FEB-08:30,0.628034E+09,455.62,02-FEB-08:30
,March,0.398060E+09,400.95,02-MAR-08:30,0.692550E+09,455.62,02-MAR-08:30
,April,0.396136E+09,400.95,01-APR-08:30,0.679428E+09,455.62,01-APR-08:30
,May,0.385711E+09,400.95,01-MAY-08:30,0.682253E+09,455.62,01-MAY-08:30
,June,0.396136E+09,400.95,01-JUN-08:30,0.679428E+09,455.62,01-JUN-08:30
,July,0.412975E+09,400.95,01-JUL-08:30,0.705125E+09,455.62,01-JUL-08:30
,August,0.385711E+09,400.95,03-AUG-08:30,0.682253E+09,455.62,03-AUG-08:30
,September,0.396136E+09,400.95,01-SEP-08:30,0.679428E+09,455.62,01-SEP-08:30
,October,0.400626E+09,400.95,01-OCT-08:30,0.694828E+09,455.62,01-OCT-08:30
,November,0.381220E+09,400.95,02-NOV-08:30,0.666853E+09,455.62,02-NOV-08:30
,December,0.412975E+09,400.95,01-DEC-08:30,0.705125E+09,455.62,01-DEC-08:30
,,,,,,,
,Annual Sum or Average,0.472877E+10,,,0.819013E+10,,
,Minimum of Months,0.362456E+09,400.95,,0.628034E+09,455.62,
,Maximum of Months,0.412975E+09,400.95,,0.705125E+09,455.62,


----------------------------------------------------------------------------------------------------
REPORT:,ZoneElectricSummaryMonthly
FOR:,BLOCKS-3645_OFFICE_5_NORTH PERIMETER
Custom Monthly Report

,,ZONE LIGHTS ELECTRICITY ENERGY [J],ZONE LIGHTS ELECTRICITY ENERGY {Maximum} [W],ZONE LIGHTS ELECTRICITY ENERGY {TIMESTAMP},ZONE ELECTRIC EQUIPMENT ELECTRICITY ENERGY [J],ZONE ELECTRIC EQUIPMENT ELECTRICITY ENERGY {Maximum} [W],ZONE ELECTRIC EQUIPMENT ELECTRICITY ENERGY {TIMESTAMP}
,January,0.578682E+09,579.15,01-JAN-08:30,0.100364E+10,658.13,01-JAN-08:30
,February,0.523548E+09,579.15,02-FEB-08:30,0.907160E+09,658.13,02-FEB-08:30
,March,0.574976E+09,579.15,02-MAR-08:30,0.100035E+10,658.13,02-MAR-08:30
,April,0.572196E+09,579.15,01-APR-08:30,0.981396E+09,658.13,01-APR-08:30
,May,0.557138E+09,579.15,01-MAY-08:30,0.985476E+09,658.13,01-MAY-08:30
,June,0.572196E+09,579.15,01-JUN-08:30,0.981396E+09,658.13,01-JUN-08:30
,July,0.596520E+09,579.15,01-JUL-08:30,0.101851E+10,658.13,01-JUL-08:30
,August,0.557138E+09,579.15,03-AUG-08:30,0.985476E+09,658.13,03-AUG-08:30
,September,0.572196E+09,579.15,01-SEP-08:30,0.981396E+09,658.13,01-SEP-08:30
,October,0.578682E+09,579.15,01-OCT-08:30,0.100364E+10,658.13,01-OCT-08:30
,November,0.550652E+09,579.15,02-NOV-08:30,0.963232E+09,658.13,02-NOV-08:30
,December,0.596520E+09,579.15,01-DEC-08:30,0.101851E+10,658.13,01-DEC-08:30
,,,,,,,
,Annual Sum or Average,0.683044E+10,,,0.118302E+11,,
,Minimum of Months,0.523548E+09,579.15,,0.907160E+09,658.13,
,Maximum of Months,0.596520E+09,579.15,,0.101851E+10,658.13,


----------------------------------------------------------------------------------------------------
REPORT:,ZoneElectricSummaryMonthly
FOR:,BLOCKS-3645_OFFICE_5_SOUTH PERIMETER
Custom Monthly Report

,,ZONE LIGHTS ELECTRICITY ENERGY [J],ZONE LIGHTS ELECTRICITY ENERGY {Maximum} [W],ZONE LIGHTS ELECTRICITY ENERGY {TIMESTAMP},ZONE ELECTRIC EQUIPMENT ELECTRICITY ENERGY [J],ZONE ELECTRIC EQUIPMENT ELECTRICITY ENERGY {Maximum} [W],ZONE ELECTRIC EQUIPMENT ELECTRICITY ENERGY {TIMESTAMP}
,January,0.578682E+09,579.15,01-JAN-08:30,0.100364E+10,658.12,01-JAN-08:30
,February,0.523548E+09,579.15,02-FEB-08:30,0.907159E+09,658.12,02-FEB-08:30
,March,0.574976E+09,579.15,02-MAR-08:30,0.100035E+10,658.12,02-MAR-08:30
,April,0.572196E+09,579.15,01-APR-08:30,0.981396E+09,658.12,01-APR-08:30
,May,0.557138E+09,579.15,01-MAY-08:30,0.985476E+09,658.12,01-MAY-08:30
,June,0.572196E+09,579.15,01-JUN-08:30,0.981396E+09,658.12,01-JUN-08:30
,July,0.596520E+09,579.15,01-JUL-08:30,0.101851E+10,658.12,01-JUL-08:30
,August,0.557138E+09,579.15,03-AUG-08:30,0.985476E+09,658.12,03-AUG-08:30
,September,0.572196E+09,579.15,01-SEP-08:30,0.981396E+09,658.12,01-SEP-08:30
,October,0.578682E+09,579.15,01-OCT-08:30,0.100364E+10,658.12,01-OCT-08:30
,November,0.550652E+09,579.15,02-NOV-08:30,0.963232E+09,658.12,02-NOV-08:30
,December,0.596520E+09,579.15,01-DEC-08:30,0.101851E+10,658.12,01-DEC-08:30
,,,,,,,
,Annual Sum or Average,0.683044E+10,,,0.118302E+11,,
,Minimum of Months,0.523548E+09,579.15,,0.907159E+09,658.12,
,Maximum of Months,0.596520E+09,579.15,,0.101851E+10,658.12,


----------------------------------------------------------------------------------------------------
REPORT:,ZoneElectricSummaryMonthly
FOR:,BLOCKS-3645_OFFICE_5_WEST PERIMETER
Custom Monthly Report

,,ZONE LIGHTS ELECTRICITY ENERGY [J],ZONE LIGHTS ELECTRICITY ENERGY {Maximum} [W],ZONE LIGHTS ELECTRICITY ENERGY {TIMESTAMP},ZONE ELECTRIC EQUIPMENT ELECTRICITY ENERGY [J],ZONE ELECTRIC EQUIPMENT ELECTRICITY ENERGY {Maximum} [W],ZONE ELECTRIC EQUIPMENT ELECTRICITY ENERGY {TIMESTAMP}
,January,0.400626E+09,400.95,01-JAN-08:30,0.694828E+09,455.62,01-JAN-08:30
,February,0.362456E+09,400.95,02-FEB-08:30,0.628034E+09,455.62,02-FEB-08:30
,March,0.398060E+09,400.95,02-MAR-08:30,0.692550E+09,455.62,02-MAR-08:30
,April,0.396136E+09,400.95,01-APR-08:30,0.679428E+09,455.62,01-APR-08:30
,May,0.385711E+09,400.95,01-MAY-08:30,0.682253E+09,455.62,01-MAY-08:30
,June,0.396136E+09,400.95,01-JUN-08:30,0.679428E+09,455.62,01-JUN-08:30
,July,0.412975E+09,400.95,01-JUL-08:30,0.705125E+09,455.62,01-JUL-08:30
,August,0.385711E+09,400.95,03-AUG-08:30,0.682253E+09,455.62,03-AUG-08:30
,September,0.396136E+09,400.95,01-SEP-08:30,0.679428E+09,455.62,01-SEP-08:30
,October,0.400626E+09,400.95,01-OCT-08:30,0.694828E+09,455.62,01-OCT-08:30
,November,0.381220E+09,400.95,02-NOV-08:30,0.666853E+09,455.62,02-NOV-08:30
,December,0.412975E+09,400.95,01-DEC-08:30,0.705125E+09,455.62,01-DEC-08:30
,,,,,,,
,Annual Sum or Average,0.472877E+10,,,0.819013E+10,,
,Minimum of Months,0.362456E+09,400.95,,0.628034E+09,455.62,
,Maximum of Months,0.412975E+09,400.95,,0.705125E+09,455.62,


----------------------------------------------------------------------------------------------------
REPORT:,ZoneElectricSummaryMonthly
FOR:,BLOCKS-3645_OFFICE_6_CORE
Custom Monthly Report

,,ZONE LIGHTS ELECTRICITY ENERGY [J],ZONE LIGHTS ELECTRICITY ENERGY {Maximum} [W],ZONE LIGHTS ELECTRICITY ENERGY {TIMESTAMP},ZONE ELECTRIC EQUIPMENT ELECTRICITY ENERGY [J],ZONE ELECTRIC EQUIPMENT ELECTRICITY ENERGY {Maximum} [W],ZONE ELECTRIC EQUIPMENT ELECTRICITY ENERGY {TIMESTAMP}
,January,0.890280E+09,890.99,01-JAN-08:30,0.154406E+10,1012.50,01-JAN-08:30
,February,0.805458E+09,890.99,02-FEB-08:30,0.139563E+10,1012.50,02-FEB-08:30
,March,0.884578E+09,890.99,02-MAR-08:30,0.153900E+10,1012.50,02-MAR-08:30
,April,0.880301E+09,890.99,01-APR-08:30,0.150984E+10,1012.50,01-APR-08:30
,May,0.857136E+09,890.99,01-MAY-08:30,0.151612E+10,1012.50,01-MAY-08:30
,June,0.880301E+09,890.99,01-JUN-08:30,0.150984E+10,1012.50,01-JUN-08:30
,July,0.917723E+09,890.99,01-JUL-08:30,0.156694E+10,1012.50,01-JUL-08:30
,August,0.857136E+09,890.99,03-AUG-08:30,0.151612E+10,1012.50,03-AUG-08:30
,September,0.880301E+09,890.99,01-SEP-08:30,0.150984E+10,1012.50,01-SEP-08:30
,October,0.890280E+09,890.99,01-OCT-08:30,0.154406E+10,1012.50,01-OCT-08:30
,November,0.847156E+09,890.99,02-NOV-08:30,0.148189E+10,1012.50,02-NOV-08:30
,December,0.917723E+09,890.99,01-DEC-08:30,0.156694E+10,1012.50,01-DEC-08:30
,,,,,,,
,Annual Sum or Average,0.105084E+11,,,0.182003E+11,,
,Minimum of Months,0.805458E+09,890.99,,0.139563E+10,1012.50,
,Maximum of Months,0.917723E+09,890.99,,0.156694E+10,1012.50,


----------------------------------------------------------------------------------------------------
REPORT:,ZoneElectricSummaryMonthly
FOR:,BLOCKS-3645_OFFICE_6_EAST PERIMETER
Custom Monthly Report

,,ZONE LIGHTS ELECTRICITY ENERGY [J],ZONE LIGHTS ELECTRICITY ENERGY {Maximum} [W],ZONE LIGHTS ELECTRICITY ENERGY {TIMESTAMP},ZONE ELECTRIC EQUIPMENT ELECTRICITY ENERGY [J],ZONE ELECTRIC EQUIPMENT ELECTRICITY ENERGY {Maximum} [W],ZONE ELECTRIC EQUIPMENT ELECTRICITY ENERGY {TIMESTAMP}
,January,0.400626E+09,400.95,01-JAN-08:30,0.694828E+09,455.62,01-JAN-08:30
,February,0.362456E+09,400.95,02-FEB-08:30,0.628034E+09,455.62,02-FEB-08:30
,March,0.398060E+09,400.95,02-MAR-08:30,0.692550E+09,455.62,02-MAR-08:30
,April,0.396136E+09,400.95,01-APR-08:30,0.679428E+09,455.62,01-APR-08:30
,May,0.385711E+09,400.95,01-MAY-08:30,0.682253E+09,455.62,01-MAY-08:30
,June,0.396136E+09,400.95,01-JUN-08:30,0.679428E+09,455.62,01-JUN-08:30
,July,0.412975E+09,400.95,01-JUL-08:30,0.705125E+09,455.62,01-JUL-08:30
,August,0.385711E+09,400.95,03-AUG-08:30,0.682253E+09,455.62,03-AUG-08:30
,September,0.396136E+09,400.95,01-SEP-08:30,0.679428E+09,455.62,01-SEP-08:30
,October,0.400626E+09,400.95,01-OCT-08:30,0.694828E+09,455.62,01-OCT-08:30
,November,0.381220E+09,400.95,02-NOV-08:30,0.666853E+09,455.62,02-NOV-08:30
,December,0.412975E+09,400.95,01-DEC-08:30,0.705125E+09,455.62,01-DEC-08:30
,,,,,,,
,Annual Sum or Average,0.472877E+10,,,0.819013E+10,,
,Minimum of Months,0.362456E+09,400.95,,0.628034E+09,455.62,
,Maximum of Months,0.412975E+09,400.95,,0.705125E+09,455.62,


----------------------------------------------------------------------------------------------------
REPORT:,ZoneElectricSummaryMonthly
FOR:,BLOCKS-3645_OFFICE_6_NORTH PERIMETER
Custom Monthly Report

,,ZONE LIGHTS ELECTRICITY ENERGY [J],ZONE LIGHTS ELECTRICITY ENERGY {Maximum} [W],ZONE LIGHTS ELECTRICITY ENERGY {TIMESTAMP},ZONE ELECTRIC EQUIPMENT ELECTRICITY ENERGY [J],ZONE ELECTRIC EQUIPMENT ELECTRICITY ENERGY {Maximum} [W],ZONE ELECTRIC EQUIPMENT ELECTRICITY ENERGY {TIMESTAMP}
,January,0.578682E+09,579.15,01-JAN-08:30,0.100364E+10,658.13,01-JAN-08:30
,February,0.523548E+09,579.15,02-FEB-08:30,0.907160E+09,658.13,02-FEB-08:30
,March,0.574976E+09,579.15,02-MAR-08:30,0.100035E+10,658.13,02-MAR-08:30
,April,0.572196E+09,579.15,01-APR-08:30,0.981396E+09,658.13,01-APR-08:30
,May,0.557138E+09,579.15,01-MAY-08:30,0.985476E+09,658.13,01-MAY-08:30
,June,0.572196E+09,579.15,01-JUN-08:30,0.981396E+09,658.13,01-JUN-08:30
,July,0.596520E+09,579.15,01-JUL-08:30,0.101851E+10,658.13,01-JUL-08:30
,August,0.557138E+09,579.15,03-AUG-08:30,0.985476E+09,658.13,03-AUG-08:30
,September,0.572196E+09,579.15,01-SEP-08:30,0.981396E+09,658.13,01-SEP-08:30
,October,0.578682E+09,579.15,01-OCT-08:30,0.100364E+10,658.13,01-OCT-08:30
,November,0.550652E+09,579.15,02-NOV-08:30,0.963232E+09,658.13,02-NOV-08:30
,December,0.596520E+09,579.15,01-DEC-08:30,0.101851E+10,658.13,01-DEC-08:30
,,,,,,,
,Annual Sum or Average,0.683044E+10,,,0.118302E+11,,
,Minimum of Months,0.523548E+09,579.15,,0.907160E+09,658.13,
,Maximum of Months,0.596520E+09,579.15,,0.101851E+10,658.13,


----------------------------------------------------------------------------------------------------
REPORT:,ZoneElectricSummaryMonthly
FOR:,BLOCKS-3645_OFFICE_6_SOUTH PERIMETER
Custom Monthly Report

,,ZONE LIGHTS ELECTRICITY ENERGY [J],ZONE LIGHTS ELECTRICITY ENERGY {Maximum} [W],ZONE LIGHTS ELECTRICITY ENERGY {TIMESTAMP},ZONE ELECTRIC EQUIPMENT ELECTRICITY ENERGY [J],ZONE ELECTRIC EQUIPMENT ELECTRICITY ENERGY {Maximum} [W],ZONE ELECTRIC EQUIPMENT ELECTRICITY ENERGY {TIMESTAMP}
,January,0.578682E+09,579.15,01-JAN-08:30,0.100364E+10,658.12,01-JAN-08:30
,February,0.523548E+09,579.15,02-FEB-08:30,0.907159E+09,658.12,02-FEB-08:30
,March,0.574976E+09,579.15,02-MAR-08:30,0.100035E+10,658.12,02-MAR-08:30
,April,0.572196E+09,579.15,01-APR-08:30,0.981396E+09,658.12,01-APR-08:30
,May,0.557138E+09,579.15,01-MAY-08:30,0.985476E+09,658.12,01-MAY-08:30
,June,0.572196E+09,579.15,01-JUN-08:30,0.981396E+09,658.12,01-JUN-08:30
,July,0.596520E+09,579.15,01-JUL-08:30,0.101851E+10,658.12,01-JUL-08:30
,August,0.557138E+09,579.15,03-AUG-08:30,0.985476E+09,658.12,03-AUG-08:30
,September,0.572196E+09,579.15,01-SEP-08:30,0.981396E+09,658.12,01-SEP-08:30
,October,0.578682E+09,579.15,01-OCT-08:30,0.100364E+10,658.12,01-OCT-08:30
,November,0.550652E+09,579.15,02-NOV-08:30,0.963232E+09,658.12,02-NOV-08:30
,December,0.596520E+09,579.15,01-DEC-08:30,0.101851E+10,658.12,01-DEC-08:30
,,,,,,,
,Annual Sum or Average,0.683044E+10,,,0.118302E+11,,
,Minimum of Months,0.523548E+09,579.15,,0.907159E+09,658.12,
,Maximum of Months,0.596520E+09,579.15,,0.101851E+10,658.12,


----------------------------------------------------------------------------------------------------
REPORT:,ZoneElectricSummaryMonthly
FOR:,BLOCKS-3645_OFFICE_6_WEST PERIMETER
Custom Monthly Report

,,ZONE LIGHTS ELECTRICITY ENERGY [J],ZONE LIGHTS ELECTRICITY ENERGY {Maximum} [W],ZONE LIGHTS ELECTRICITY ENERGY {TIMESTAMP},ZONE ELECTRIC EQUIPMENT ELECTRICITY ENERGY [J],ZONE ELECTRIC EQUIPMENT ELECTRICITY ENERGY {Maximum} [W],ZONE ELECTRIC EQUIPMENT ELECTRICITY ENERGY {TIMESTAMP}
,January,0.400626E+09,400.95,01-JAN-08:30,0.694828E+09,455.62,01-JAN-08:30
,February,0.362456E+09,400.95,02-FEB-08:30,0.628034E+09,455.62,02-FEB-08:30
,March,0.398060E+09,400.95,02-MAR-08:30,0.692550E+09,455.62,02-MAR-08:30
,April,0.396136E+09,400.95,01-APR-08:30,0.679428E+09,455.62,01-APR-08:30
,May,0.385711E+09,400.95,01-MAY-08:30,0.682253E+09,455.62,01-MAY-08:30
,June,0.396136E+09,400.95,01-JUN-08:30,0.679428E+09,455.62,01-JUN-08:30
,July,0.412975E+09,400.95,01-JUL-08:30,0.705125E+09,455.62,01-JUL-08:30
,August,0.385711E+09,400.95,03-AUG-08:30,0.682253E+09,455.62,03-AUG-08:30
,September,0.396136E+09,400.95,01-SEP-08:30,0.679428E+09,455.62,01-SEP-08:30
,October,0.400626E+09,400.95,01-OCT-08:30,0.694828E+09,455.62,01-OCT-08:30
,November,0.381220E+09,400.95,02-NOV-08:30,0.666853E+09,455.62,02-NOV-08:30
,December,0.412975E+09,400.95,01-DEC-08:30,0.705125E+09,455.62,01-DEC-08:30
,,,,,,,
,Annual Sum or Average,0.472877E+10,,,0.819013E+10,,
,Minimum of Months,0.362456E+09,400.95,,0.628034E+09,455.62,
,Maximum of Months,0.412975E+09,400.95,,0.705125E+09,455.62,


----------------------------------------------------------------------------------------------------
REPORT:,ZoneElectricSummaryMonthly
FOR:,BLOCKS-3645_OFFICE_7_CORE
Custom Monthly Report

,,ZONE LIGHTS ELECTRICITY ENERGY [J],ZONE LIGHTS ELECTRICITY ENERGY {Maximum} [W],ZONE LIGHTS ELECTRICITY ENERGY {TIMESTAMP},ZONE ELECTRIC EQUIPMENT ELECTRICITY ENERGY [J],ZONE ELECTRIC EQUIPMENT ELECTRICITY ENERGY {Maximum} [W],ZONE ELECTRIC EQUIPMENT ELECTRICITY ENERGY {TIMESTAMP}
,January,0.890280E+09,890.99,01-JAN-08:30,0.154406E+10,1012.50,01-JAN-08:30
,February,0.805458E+09,890.99,02-FEB-08:30,0.139563E+10,1012.50,02-FEB-08:30
,March,0.884578E+09,890.99,02-MAR-08:30,0.153900E+10,1012.50,02-MAR-08:30
,April,0.880301E+09,890.99,01-APR-08:30,0.150984E+10,1012.50,01-APR-08:30
,May,0.857136E+09,890.99,01-MAY-08:30,0.151612E+10,1012.50,01-MAY-08:30
,June,0.880301E+09,890.99,01-JUN-08:30,0.150984E+10,1012.50,01-JUN-08:30
,July,0.917723E+09,890.99,01-JUL-08:30,0.156694E+10,1012.50,01-JUL-08:30
,August,0.857136E+09,890.99,03-AUG-08:30,0.151612E+10,1012.50,03-AUG-08:30
,September,0.880301E+09,890.99,01-SEP-08:30,0.150984E+10,1012.50,01-SEP-08:30
,October,0.890280E+09,890.99,01-OCT-08:30,0.154406E+10,1012.50,01-OCT-08:30
,November,0.847156E+09,890.99,02-NOV-08:30,0.148189E+10,1012.50,02-NOV-08:30
,December,0.917723E+09,890.99,01-DEC-08:30,0.156694E+10,1012.50,01-DEC-08:30
,,,,,,,
,Annual Sum or Average,0.105084E+11,,,0.182003E+11,,
,Minimum of Months,0.805458E+09,890.99,,0.139563E+10,1012.50,
,Maximum of Months,0.917723E+09,890.99,,0.156694E+10,1012.50,


----------------------------------------------------------------------------------------------------
REPORT:,ZoneElectricSummaryMonthly
FOR:,BLOCKS-3645_OFFICE_7_EAST PERIMETER
Custom Monthly Report

,,ZONE LIGHTS ELECTRICITY ENERGY [J],ZONE LIGHTS ELECTRICITY ENERGY {Maximum} [W],ZONE LIGHTS ELECTRICITY ENERGY {TIMESTAMP},ZONE ELECTRIC EQUIPMENT ELECTRICITY ENERGY [J],ZONE ELECTRIC EQUIPMENT ELECTRICITY ENERGY {Maximum} [W],ZONE ELECTRIC EQUIPMENT ELECTRICITY ENERGY {TIMESTAMP}
,January,0.400626E+09,400.95,01-JAN-08:30,0.694828E+09,455.62,01-JAN-08:30
,February,0.362456E+09,400.95,02-FEB-08:30,0.628034E+09,455.62,02-FEB-08:30
,March,0.398060E+09,400.95,02-MAR-08:30,0.692550E+09,455.62,02-MAR-08:30
,April,0.396136E+09,400.95,01-APR-08:30,0.679428E+09,455.62,01-APR-08:30
,May,0.385711E+09,400.95,01-MAY-08:30,0.682253E+09,455.62,01-MAY-08:30
,June,0.396136E+09,400.95,01-JUN-08:30,0.679428E+09,455.62,01-JUN-08:30
,July,0.412975E+09,400.95,01-JUL-08:30,0.705125E+09,455.62,01-JUL-08:30
,August,0.385711E+09,400.95,03-AUG-08:30,0.682253E+09,455.62,03-AUG-08:30
,September,0.396136E+09,400.95,01-SEP-08:30,0.679428E+09,455.62,01-SEP-08:30
,October,0.400626E+09,400.95,01-OCT-08:30,0.694828E+09,455.62,01-OCT-08:30
,November,0.381220E+09,400.95,02-NOV-08:30,0.666853E+09,455.62,02-NOV-08:30
,December,0.412975E+09,400.95,01-DEC-08:30,0.705125E+09,455.62,01-DEC-08:30
,,,,,,,
,Annual Sum or Average,0.472877E+10,,,0.819013E+10,,
,Minimum of Months,0.362456E+09,400.95,,0.628034E+09,455.62,
,Maximum of Months,0.412975E+09,400.95,,0.705125E+09,455.62,


----------------------------------------------------------------------------------------------------
REPORT:,ZoneElectricSummaryMonthly
FOR:,BLOCKS-3645_OFFICE_7_NORTH PERIMETER
Custom Monthly Report

,,ZONE LIGHTS ELECTRICITY ENERGY [J],ZONE LIGHTS ELECTRICITY ENERGY {Maximum} [W],ZONE LIGHTS ELECTRICITY ENERGY {TIMESTAMP},ZONE ELECTRIC EQUIPMENT ELECTRICITY ENERGY [J],ZONE ELECTRIC EQUIPMENT ELECTRICITY ENERGY {Maximum} [W],ZONE ELECTRIC EQUIPMENT ELECTRICITY ENERGY {TIMESTAMP}
,January,0.578682E+09,579.15,01-JAN-08:30,0.100364E+10,658.13,01-JAN-08:30
,February,0.523548E+09,579.15,02-FEB-08:30,0.907160E+09,658.13,02-FEB-08:30
,March,0.574976E+09,579.15,02-MAR-08:30,0.100035E+10,658.13,02-MAR-08:30
,April,0.572196E+09,579.15,01-APR-08:30,0.981396E+09,658.13,01-APR-08:30
,May,0.557138E+09,579.15,01-MAY-08:30,0.985476E+09,658.13,01-MAY-08:30
,June,0.572196E+09,579.15,01-JUN-08:30,0.981396E+09,658.13,01-JUN-08:30
,July,0.596520E+09,579.15,01-JUL-08:30,0.101851E+10,658.13,01-JUL-08:30
,August,0.557138E+09,579.15,03-AUG-08:30,0.985476E+09,658.13,03-AUG-08:30
,September,0.572196E+09,579.15,01-SEP-08:30,0.981396E+09,658.13,01-SEP-08:30
,October,0.578682E+09,579.15,01-OCT-08:30,0.100364E+10,658.13,01-OCT-08:30
,November,0.550652E+09,579.15,02-NOV-08:30,0.963232E+09,658.13,02-NOV-08:30
,December,0.596520E+09,579.15,01-DEC-08:30,0.101851E+10,658.13,01-DEC-08:30
,,,,,,,
,Annual Sum or Average,0.683044E+10,,,0.118302E+11,,
,Minimum of Months,0.523548E+09,579.15,,0.907160E+09,658.13,
,Maximum of Months,0.596520E+09,579.15,,0.101851E+10,658.13,


----------------------------------------------------------------------------------------------------
REPORT:,ZoneElectricSummaryMonthly
FOR:,BLOCKS-3645_OFFICE_7_SOUTH PERIMETER
Custom Monthly Report

,,ZONE LIGHTS ELECTRICITY ENERGY [J],ZONE LIGHTS ELECTRICITY ENERGY {Maximum} [W],ZONE LIGHTS ELECTRICITY ENERGY {TIMESTAMP},ZONE ELECTRIC EQUIPMENT ELECTRICITY ENERGY [J],ZONE ELECTRIC EQUIPMENT ELECTRICITY ENERGY {Maximum} [W],ZONE ELECTRIC EQUIPMENT ELECTRICITY ENERGY {TIMESTAMP}
,January,0.578682E+09,579.15,01-JAN-08:30,0.100364E+10,658.12,01-JAN-08:30
,February,0.523548E+09,579.15,02-FEB-08:30,0.907159E+09,658.12,02-FEB-08:30
,March,0.574976E+09,579.15,02-MAR-08:30,0.100035E+10,658.12,02-MAR-08:30
,April,0.572196E+09,579.15,01-APR-08:30,0.981396E+09,658.12,01-APR-08:30
,May,0.557138E+09,579.15,01-MAY-08:30,0.985476E+09,658.12,01-MAY-08:30
,June,0.572196E+09,579.15,01-JUN-08:30,0.981396E+09,658.12,01-JUN-08:30
,July,0.596520E+09,579.15,01-JUL-08:30,0.101851E+10,658.12,01-JUL-08:30
,August,0.557138E+09,579.15,03-AUG-08:30,0.985476E+09,658.12,03-AUG-08:30
,September,0.572196E+09,579.15,01-SEP-08:30,0.981396E+09,658.12,01-SEP-08:30
,October,0.578682E+09,579.15,01-OCT-08:30,0.100364E+10,658.12,01-OCT-08:30
,November,0.550652E+09,579.15,02-NOV-08:30,0.963232E+09,658.12,02-NOV-08:30
,December,0.596520E+09,579.15,01-DEC-08:30,0.101851E+10,658.12,01-DEC-08:30
,,,,,,,
,Annual Sum or Average,0.683044E+10,,,0.118302E+11,,
,Minimum of Months,0.523548E+09,579.15,,0.907159E+09,658.12,
,Maximum of Months,0.596520E+09,579.15,,0.101851E+10,658.12,


----------------------------------------------------------------------------------------------------
REPORT:,ZoneElectricSummaryMonthly
FOR:,BLOCKS-3645_OFFICE_7_WEST PERIMETER
Custom Monthly Report

,,ZONE LIGHTS ELECTRICITY ENERGY [J],ZONE LIGHTS ELECTRICITY ENERGY {Maximum} [W],ZONE LIGHTS ELECTRICITY ENERGY {TIMESTAMP},ZONE ELECTRIC EQUIPMENT ELECTRICITY ENERGY [J],ZONE ELECTRIC EQUIPMENT ELECTRICITY ENERGY {Maximum} [W],ZONE ELECTRIC EQUIPMENT ELECTRICITY ENERGY {TIMESTAMP}
,January,0.400626E+09,400.95,01-JAN-08:30,0.694828E+09,455.62,01-JAN-08:30
,February,0.362456E+09,400.95,02-FEB-08:30,0.628034E+09,455.62,02-FEB-08:30
,March,0.398060E+09,400.95,02-MAR-08:30,0.692550E+09,455.62,02-MAR-08:30
,April,0.396136E+09,400.95,01-APR-08:30,0.679428E+09,455.62,01-APR-08:30
,May,0.385711E+09,400.95,01-MAY-08:30,0.682253E+09,455.62,01-MAY-08:30
,June,0.396136E+09,400.95,01-JUN-08:30,0.679428E+09,455.62,01-JUN-08:30
,July,0.412975E+09,400.95,01-JUL-08:30,0.705125E+09,455.62,01-JUL-08:30
,August,0.385711E+09,400.95,03-AUG-08:30,0.682253E+09,455.62,03-AUG-08:30
,September,0.396136E+09,400.95,01-SEP-08:30,0.679428E+09,455.62,01-SEP-08:30
,October,0.400626E+09,400.95,01-OCT-08:30,0.694828E+09,455.62,01-OCT-08:30
,November,0.381220E+09,400.95,02-NOV-08:30,0.666853E+09,455.62,02-NOV-08:30
,December,0.412975E+09,400.95,01-DEC-08:30,0.705125E+09,455.62,01-DEC-08:30
,,,,,,,
,Annual Sum or Average,0.472877E+10,,,0.819013E+10,,
,Minimum of Months,0.362456E+09,400.95,,0.628034E+09,455.62,
,Maximum of Months,0.412975E+09,400.95,,0.705125E+09,455.62,


----------------------------------------------------------------------------------------------------
REPORT:,ZoneElectricSummaryMonthly
FOR:,BLOCKS-3645_OFFICE_8_CORE
Custom Monthly Report

,,ZONE LIGHTS ELECTRICITY ENERGY [J],ZONE LIGHTS ELECTRICITY ENERGY {Maximum} [W],ZONE LIGHTS ELECTRICITY ENERGY {TIMESTAMP},ZONE ELECTRIC EQUIPMENT ELECTRICITY ENERGY [J],ZONE ELECTRIC EQUIPMENT ELECTRICITY ENERGY {Maximum} [W],ZONE ELECTRIC EQUIPMENT ELECTRICITY ENERGY {TIMESTAMP}
,January,0.890280E+09,890.99,01-JAN-08:30,0.154406E+10,1012.50,01-JAN-08:30
,February,0.805458E+09,890.99,02-FEB-08:30,0.139563E+10,1012.50,02-FEB-08:30
,March,0.884578E+09,890.99,02-MAR-08:30,0.153900E+10,1012.50,02-MAR-08:30
,April,0.880301E+09,890.99,01-APR-08:30,0.150984E+10,1012.50,01-APR-08:30
,May,0.857136E+09,890.99,01-MAY-08:30,0.151612E+10,1012.50,01-MAY-08:30
,June,0.880301E+09,890.99,01-JUN-08:30,0.150984E+10,1012.50,01-JUN-08:30
,July,0.917723E+09,890.99,01-JUL-08:30,0.156694E+10,1012.50,01-JUL-08:30
,August,0.857136E+09,890.99,03-AUG-08:30,0.151612E+10,1012.50,03-AUG-08:30
,September,0.880301E+09,890.99,01-SEP-08:30,0.150984E+10,1012.50,01-SEP-08:30
,October,0.890280E+09,890.99,01-OCT-08:30,0.154406E+10,1012.50,01-OCT-08:30
,November,0.847156E+09,890.99,02-NOV-08:30,0.148189E+10,1012.50,02-NOV-08:30
,December,0.917723E+09,890.99,01-DEC-08:30,0.156694E+10,1012.50,01-DEC-08:30
,,,,,,,
,Annual Sum or Average,0.105084E+11,,,0.182003E+11,,
,Minimum of Months,0.805458E+09,890.99,,0.139563E+10,1012.50,
,Maximum of Months,0.917723E+09,890.99,,0.156694E+10,1012.50,


----------------------------------------------------------------------------------------------------
REPORT:,ZoneElectricSummaryMonthly
FOR:,BLOCKS-3645_OFFICE_8_EAST PERIMETER
Custom Monthly Report

,,ZONE LIGHTS ELECTRICITY ENERGY [J],ZONE LIGHTS ELECTRICITY ENERGY {Maximum} [W],ZONE LIGHTS ELECTRICITY ENERGY {TIMESTAMP},ZONE ELECTRIC EQUIPMENT ELECTRICITY ENERGY [J],ZONE ELECTRIC EQUIPMENT ELECTRICITY ENERGY {Maximum} [W],ZONE ELECTRIC EQUIPMENT ELECTRICITY ENERGY {TIMESTAMP}
,January,0.400626E+09,400.95,01-JAN-08:30,0.694828E+09,455.62,01-JAN-08:30
,February,0.362456E+09,400.95,02-FEB-08:30,0.628034E+09,455.62,02-FEB-08:30
,March,0.398060E+09,400.95,02-MAR-08:30,0.692550E+09,455.62,02-MAR-08:30
,April,0.396136E+09,400.95,01-APR-08:30,0.679428E+09,455.62,01-APR-08:30
,May,0.385711E+09,400.95,01-MAY-08:30,0.682253E+09,455.62,01-MAY-08:30
,June,0.396136E+09,400.95,01-JUN-08:30,0.679428E+09,455.62,01-JUN-08:30
,July,0.412975E+09,400.95,01-JUL-08:30,0.705125E+09,455.62,01-JUL-08:30
,August,0.385711E+09,400.95,03-AUG-08:30,0.682253E+09,455.62,03-AUG-08:30
,September,0.396136E+09,400.95,01-SEP-08:30,0.679428E+09,455.62,01-SEP-08:30
,October,0.400626E+09,400.95,01-OCT-08:30,0.694828E+09,455.62,01-OCT-08:30
,November,0.381220E+09,400.95,02-NOV-08:30,0.666853E+09,455.62,02-NOV-08:30
,December,0.412975E+09,400.95,01-DEC-08:30,0.705125E+09,455.62,01-DEC-08:30
,,,,,,,
,Annual Sum or Average,0.472877E+10,,,0.819013E+10,,
,Minimum of Months,0.362456E+09,400.95,,0.628034E+09,455.62,
,Maximum of Months,0.412975E+09,400.95,,0.705125E+09,455.62,


----------------------------------------------------------------------------------------------------
REPORT:,ZoneElectricSummaryMonthly
FOR:,BLOCKS-3645_OFFICE_8_NORTH PERIMETER
Custom Monthly Report

,,ZONE LIGHTS ELECTRICITY ENERGY [J],ZONE LIGHTS ELECTRICITY ENERGY {Maximum} [W],ZONE LIGHTS ELECTRICITY ENERGY {TIMESTAMP},ZONE ELECTRIC EQUIPMENT ELECTRICITY ENERGY [J],ZONE ELECTRIC EQUIPMENT ELECTRICITY ENERGY {Maximum} [W],ZONE ELECTRIC EQUIPMENT ELECTRICITY ENERGY {TIMESTAMP}
,January,0.578682E+09,579.15,01-JAN-08:30,0.100364E+10,658.13,01-JAN-08:30
,February,0.523548E+09,579.15,02-FEB-08:30,0.907160E+09,658.13,02-FEB-08:30
,March,0.574976E+09,579.15,02-MAR-08:30,0.100035E+10,658.13,02-MAR-08:30
,April,0.572196E+09,579.15,01-APR-08:30,0.981396E+09,658.13,01-APR-08:30
,May,0.557138E+09,579.15,01-MAY-08:30,0.985476E+09,658.13,01-MAY-08:30
,June,0.572196E+09,579.15,01-JUN-08:30,0.981396E+09,658.13,01-JUN-08:30
,July,0.596520E+09,579.15,01-JUL-08:30,0.101851E+10,658.13,01-JUL-08:30
,August,0.557138E+09,579.15,03-AUG-08:30,0.985476E+09,658.13,03-AUG-08:30
,September,0.572196E+09,579.15,01-SEP-08:30,0.981396E+09,658.13,01-SEP-08:30
,October,0.578682E+09,579.15,01-OCT-08:30,0.100364E+10,658.13,01-OCT-08:30
,November,0.550652E+09,579.15,02-NOV-08:30,0.963232E+09,658.13,02-NOV-08:30
,December,0.596520E+09,579.15,01-DEC-08:30,0.101851E+10,658.13,01-DEC-08:30
,,,,,,,
,Annual Sum or Average,0.683044E+10,,,0.118302E+11,,
,Minimum of Months,0.523548E+09,579.15,,0.907160E+09,658.13,
,Maximum of Months,0.596520E+09,579.15,,0.101851E+10,658.13,


----------------------------------------------------------------------------------------------------
REPORT:,ZoneElectricSummaryMonthly
FOR:,BLOCKS-3645_OFFICE_8_SOUTH PERIMETER
Custom Monthly Report

,,ZONE LIGHTS ELECTRICITY ENERGY [J],ZONE LIGHTS ELECTRICITY ENERGY {Maximum} [W],ZONE LIGHTS ELECTRICITY ENERGY {TIMESTAMP},ZONE ELECTRIC EQUIPMENT ELECTRICITY ENERGY [J],ZONE ELECTRIC EQUIPMENT ELECTRICITY ENERGY {Maximum} [W],ZONE ELECTRIC EQUIPMENT ELECTRICITY ENERGY {TIMESTAMP}
,January,0.578682E+09,579.15,01-JAN-08:30,0.100364E+10,658.12,01-JAN-08:30
,February,0.523548E+09,579.15,02-FEB-08:30,0.907159E+09,658.12,02-FEB-08:30
,March,0.574976E+09,579.15,02-MAR-08:30,0.100035E+10,658.12,02-MAR-08:30
,April,0.572196E+09,579.15,01-APR-08:30,0.981396E+09,658.12,01-APR-08:30
,May,0.557138E+09,579.15,01-MAY-08:30,0.985476E+09,658.12,01-MAY-08:30
,June,0.572196E+09,579.15,01-JUN-08:30,0.981396E+09,658.12,01-JUN-08:30
,July,0.596520E+09,579.15,01-JUL-08:30,0.101851E+10,658.12,01-JUL-08:30
,August,0.557138E+09,579.15,03-AUG-08:30,0.985476E+09,658.12,03-AUG-08:30
,September,0.572196E+09,579.15,01-SEP-08:30,0.981396E+09,658.12,01-SEP-08:30
,October,0.578682E+09,579.15,01-OCT-08:30,0.100364E+10,658.12,01-OCT-08:30
,November,0.550652E+09,579.15,02-NOV-08:30,0.963232E+09,658.12,02-NOV-08:30
,December,0.596520E+09,579.15,01-DEC-08:30,0.101851E+10,658.12,01-DEC-08:30
,,,,,,,
,Annual Sum or Average,0.683044E+10,,,0.118302E+11,,
,Minimum of Months,0.523548E+09,579.15,,0.907159E+09,658.12,
,Maximum of Months,0.596520E+09,579.15,,0.101851E+10,658.12,


----------------------------------------------------------------------------------------------------
REPORT:,ZoneElectricSummaryMonthly
FOR:,BLOCKS-3645_OFFICE_8_WEST PERIMETER
Custom Monthly Report

,,ZONE LIGHTS ELECTRICITY ENERGY [J],ZONE LIGHTS ELECTRICITY ENERGY {Maximum} [W],ZONE LIGHTS ELECTRICITY ENERGY {TIMESTAMP},ZONE ELECTRIC EQUIPMENT ELECTRICITY ENERGY [J],ZONE ELECTRIC EQUIPMENT ELECTRICITY ENERGY {Maximum} [W],ZONE ELECTRIC EQUIPMENT ELECTRICITY ENERGY {TIMESTAMP}
,January,0.400626E+09,400.95,01-JAN-08:30,0.694828E+09,455.62,01-JAN-08:30
,February,0.362456E+09,400.95,02-FEB-08:30,0.628034E+09,455.62,02-FEB-08:30
,March,0.398060E+09,400.95,02-MAR-08:30,0.692550E+09,455.62,02-MAR-08:30
,April,0.396136E+09,400.95,01-APR-08:30,0.679428E+09,455.62,01-APR-08:30
,May,0.385711E+09,400.95,01-MAY-08:30,0.682253E+09,455.62,01-MAY-08:30
,June,0.396136E+09,400.95,01-JUN-08:30,0.679428E+09,455.62,01-JUN-08:30
,July,0.412975E+09,400.95,01-JUL-08:30,0.705125E+09,455.62,01-JUL-08:30
,August,0.385711E+09,400.95,03-AUG-08:30,0.682253E+09,455.62,03-AUG-08:30
,September,0.396136E+09,400.95,01-SEP-08:30,0.679428E+09,455.62,01-SEP-08:30
,October,0.400626E+09,400.95,01-OCT-08:30,0.694828E+09,455.62,01-OCT-08:30
,November,0.381220E+09,400.95,02-NOV-08:30,0.666853E+09,455.62,02-NOV-08:30
,December,0.412975E+09,400.95,01-DEC-08:30,0.705125E+09,455.62,01-DEC-08:30
,,,,,,,
,Annual Sum or Average,0.472877E+10,,,0.819013E+10,,
,Minimum of Months,0.362456E+09,400.95,,0.628034E+09,455.62,
,Maximum of Months,0.412975E+09,400.95,,0.705125E+09,455.62,


----------------------------------------------------------------------------------------------------
REPORT:,ZoneElectricSummaryMonthly
FOR:,BLOCKS-3645_OFFICE_9_CORE
Custom Monthly Report

,,ZONE LIGHTS ELECTRICITY ENERGY [J],ZONE LIGHTS ELECTRICITY ENERGY {Maximum} [W],ZONE LIGHTS ELECTRICITY ENERGY {TIMESTAMP},ZONE ELECTRIC EQUIPMENT ELECTRICITY ENERGY [J],ZONE ELECTRIC EQUIPMENT ELECTRICITY ENERGY {Maximum} [W],ZONE ELECTRIC EQUIPMENT ELECTRICITY ENERGY {TIMESTAMP}
,January,0.890280E+09,890.99,01-JAN-08:30,0.154406E+10,1012.50,01-JAN-08:30
,February,0.805458E+09,890.99,02-FEB-08:30,0.139563E+10,1012.50,02-FEB-08:30
,March,0.884578E+09,890.99,02-MAR-08:30,0.153900E+10,1012.50,02-MAR-08:30
,April,0.880301E+09,890.99,01-APR-08:30,0.150984E+10,1012.50,01-APR-08:30
,May,0.857136E+09,890.99,01-MAY-08:30,0.151612E+10,1012.50,01-MAY-08:30
,June,0.880301E+09,890.99,01-JUN-08:30,0.150984E+10,1012.50,01-JUN-08:30
,July,0.917723E+09,890.99,01-JUL-08:30,0.156694E+10,1012.50,01-JUL-08:30
,August,0.857136E+09,890.99,03-AUG-08:30,0.151612E+10,1012.50,03-AUG-08:30
,September,0.880301E+09,890.99,01-SEP-08:30,0.150984E+10,1012.50,01-SEP-08:30
,October,0.890280E+09,890.99,01-OCT-08:30,0.154406E+10,1012.50,01-OCT-08:30
,November,0.847156E+09,890.99,02-NOV-08:30,0.148189E+10,1012.50,02-NOV-08:30
,December,0.917723E+09,890.99,01-DEC-08:30,0.156694E+10,1012.50,01-DEC-08:30
,,,,,,,
,Annual Sum or Average,0.105084E+11,,,0.182003E+11,,
,Minimum of Months,0.805458E+09,890.99,,0.139563E+10,1012.50,
,Maximum of Months,0.917723E+09,890.99,,0.156694E+10,1012.50,


----------------------------------------------------------------------------------------------------
REPORT:,ZoneElectricSummaryMonthly
FOR:,BLOCKS-3645_OFFICE_9_EAST PERIMETER
Custom Monthly Report

,,ZONE LIGHTS ELECTRICITY ENERGY [J],ZONE LIGHTS ELECTRICITY ENERGY {Maximum} [W],ZONE LIGHTS ELECTRICITY ENERGY {TIMESTAMP},ZONE ELECTRIC EQUIPMENT ELECTRICITY ENERGY [J],ZONE ELECTRIC EQUIPMENT ELECTRICITY ENERGY {Maximum} [W],ZONE ELECTRIC EQUIPMENT ELECTRICITY ENERGY {TIMESTAMP}
,January,0.400626E+09,400.95,01-JAN-08:30,0.694828E+09,455.62,01-JAN-08:30
,February,0.362456E+09,400.95,02-FEB-08:30,0.628034E+09,455.62,02-FEB-08:30
,March,0.398060E+09,400.95,02-MAR-08:30,0.692550E+09,455.62,02-MAR-08:30
,April,0.396136E+09,400.95,01-APR-08:30,0.679428E+09,455.62,01-APR-08:30
,May,0.385711E+09,400.95,01-MAY-08:30,0.682253E+09,455.62,01-MAY-08:30
,June,0.396136E+09,400.95,01-JUN-08:30,0.679428E+09,455.62,01-JUN-08:30
,July,0.412975E+09,400.95,01-JUL-08:30,0.705125E+09,455.62,01-JUL-08:30
,August,0.385711E+09,400.95,03-AUG-08:30,0.682253E+09,455.62,03-AUG-08:30
,September,0.396136E+09,400.95,01-SEP-08:30,0.679428E+09,455.62,01-SEP-08:30
,October,0.400626E+09,400.95,01-OCT-08:30,0.694828E+09,455.62,01-OCT-08:30
,November,0.381220E+09,400.95,02-NOV-08:30,0.666853E+09,455.62,02-NOV-08:30
,December,0.412975E+09,400.95,01-DEC-08:30,0.705125E+09,455.62,01-DEC-08:30
,,,,,,,
,Annual Sum or Average,0.472877E+10,,,0.819013E+10,,
,Minimum of Months,0.362456E+09,400.95,,0.628034E+09,455.62,
,Maximum of Months,0.412975E+09,400.95,,0.705125E+09,455.62,


----------------------------------------------------------------------------------------------------
REPORT:,ZoneElectricSummaryMonthly
FOR:,BLOCKS-3645_OFFICE_9_NORTH PERIMETER
Custom Monthly Report

,,ZONE LIGHTS ELECTRICITY ENERGY [J],ZONE LIGHTS ELECTRICITY ENERGY {Maximum} [W],ZONE LIGHTS ELECTRICITY ENERGY {TIMESTAMP},ZONE ELECTRIC EQUIPMENT ELECTRICITY ENERGY [J],ZONE ELECTRIC EQUIPMENT ELECTRICITY ENERGY {Maximum} [W],ZONE ELECTRIC EQUIPMENT ELECTRICITY ENERGY {TIMESTAMP}
,January,0.578682E+09,579.15,01-JAN-08:30,0.100364E+10,658.13,01-JAN-08:30
,February,0.523548E+09,579.15,02-FEB-08:30,0.907160E+09,658.13,02-FEB-08:30
,March,0.574976E+09,579.15,02-MAR-08:30,0.100035E+10,658.13,02-MAR-08:30
,April,0.572196E+09,579.15,01-APR-08:30,0.981396E+09,658.13,01-APR-08:30
,May,0.557138E+09,579.15,01-MAY-08:30,0.985476E+09,658.13,01-MAY-08:30
,June,0.572196E+09,579.15,01-JUN-08:30,0.981396E+09,658.13,01-JUN-08:30
,July,0.596520E+09,579.15,01-JUL-08:30,0.101851E+10,658.13,01-JUL-08:30
,August,0.557138E+09,579.15,03-AUG-08:30,0.985476E+09,658.13,03-AUG-08:30
,September,0.572196E+09,579.15,01-SEP-08:30,0.981396E+09,658.13,01-SEP-08:30
,October,0.578682E+09,579.15,01-OCT-08:30,0.100364E+10,658.13,01-OCT-08:30
,November,0.550652E+09,579.15,02-NOV-08:30,0.963232E+09,658.13,02-NOV-08:30
,December,0.596520E+09,579.15,01-DEC-08:30,0.101851E+10,658.13,01-DEC-08:30
,,,,,,,
,Annual Sum or Average,0.683044E+10,,,0.118302E+11,,
,Minimum of Months,0.523548E+09,579.15,,0.907160E+09,658.13,
,Maximum of Months,0.596520E+09,579.15,,0.101851E+10,658.13,


----------------------------------------------------------------------------------------------------
REPORT:,ZoneElectricSummaryMonthly
FOR:,BLOCKS-3645_OFFICE_9_SOUTH PERIMETER
Custom Monthly Report

,,ZONE LIGHTS ELECTRICITY ENERGY [J],ZONE LIGHTS ELECTRICITY ENERGY {Maximum} [W],ZONE LIGHTS ELECTRICITY ENERGY {TIMESTAMP},ZONE ELECTRIC EQUIPMENT ELECTRICITY ENERGY [J],ZONE ELECTRIC EQUIPMENT ELECTRICITY ENERGY {Maximum} [W],ZONE ELECTRIC EQUIPMENT ELECTRICITY ENERGY {TIMESTAMP}
,January,0.578682E+09,579.15,01-JAN-08:30,0.100364E+10,658.12,01-JAN-08:30
,February,0.523548E+09,579.15,02-FEB-08:30,0.907159E+09,658.12,02-FEB-08:30
,March,0.574976E+09,579.15,02-MAR-08:30,0.100035E+10,658.12,02-MAR-08:30
,April,0.572196E+09,579.15,01-APR-08:30,0.981396E+09,658.12,01-APR-08:30
,May,0.557138E+09,579.15,01-MAY-08:30,0.985476E+09,658.12,01-MAY-08:30
,June,0.572196E+09,579.15,01-JUN-08:30,0.981396E+09,658.12,01-JUN-08:30
,July,0.596520E+09,579.15,01-JUL-08:30,0.101851E+10,658.12,01-JUL-08:30
,August,0.557138E+09,579.15,03-AUG-08:30,0.985476E+09,658.12,03-AUG-08:30
,September,0.572196E+09,579.15,01-SEP-08:30,0.981396E+09,658.12,01-SEP-08:30
,October,0.578682E+09,579.15,01-OCT-08:30,0.100364E+10,658.12,01-OCT-08:30
,November,0.550652E+09,579.15,02-NOV-08:30,0.963232E+09,658.12,02-NOV-08:30
,December,0.596520E+09,579.15,01-DEC-08:30,0.101851E+10,658.12,01-DEC-08:30
,,,,,,,
,Annual Sum or Average,0.683044E+10,,,0.118302E+11,,
,Minimum of Months,0.523548E+09,579.15,,0.907159E+09,658.12,
,Maximum of Months,0.596520E+09,579.15,,0.101851E+10,658.12,


----------------------------------------------------------------------------------------------------
REPORT:,ZoneElectricSummaryMonthly
FOR:,BLOCKS-3645_OFFICE_9_WEST PERIMETER
Custom Monthly Report

,,ZONE LIGHTS ELECTRICITY ENERGY [J],ZONE LIGHTS ELECTRICITY ENERGY {Maximum} [W],ZONE LIGHTS ELECTRICITY ENERGY {TIMESTAMP},ZONE ELECTRIC EQUIPMENT ELECTRICITY ENERGY [J],ZONE ELECTRIC EQUIPMENT ELECTRICITY ENERGY {Maximum} [W],ZONE ELECTRIC EQUIPMENT ELECTRICITY ENERGY {TIMESTAMP}
,January,0.400626E+09,400.95,01-JAN-08:30,0.694828E+09,455.62,01-JAN-08:30
,February,0.362456E+09,400.95,02-FEB-08:30,0.628034E+09,455.62,02-FEB-08:30
,March,0.398060E+09,400.95,02-MAR-08:30,0.692550E+09,455.62,02-MAR-08:30
,April,0.396136E+09,400.95,01-APR-08:30,0.679428E+09,455.62,01-APR-08:30
,May,0.385711E+09,400.95,01-MAY-08:30,0.682253E+09,455.62,01-MAY-08:30
,June,0.396136E+09,400.95,01-JUN-08:30,0.679428E+09,455.62,01-JUN-08:30
,July,0.412975E+09,400.95,01-JUL-08:30,0.705125E+09,455.62,01-JUL-08:30
,August,0.385711E+09,400.95,03-AUG-08:30,0.682253E+09,455.62,03-AUG-08:30
,September,0.396136E+09,400.95,01-SEP-08:30,0.679428E+09,455.62,01-SEP-08:30
,October,0.400626E+09,400.95,01-OCT-08:30,0.694828E+09,455.62,01-OCT-08:30
,November,0.381220E+09,400.95,02-NOV-08:30,0.666853E+09,455.62,02-NOV-08:30
,December,0.412975E+09,400.95,01-DEC-08:30,0.705125E+09,455.62,01-DEC-08:30
,,,,,,,
,Annual Sum or Average,0.472877E+10,,,0.819013E+10,,
,Minimum of Months,0.362456E+09,400.95,,0.628034E+09,455.62,
,Maximum of Months,0.412975E+09,400.95,,0.705125E+09,455.62,


----------------------------------------------------------------------------------------------------
REPORT:,FanReportMonthly
FOR:,AIRLOOP AIR_HANDLERS-2963_FAN_103484382.9CFM
Custom Monthly Report

,,FAN ELECTRICITY ENERGY [J],FAN RISE IN AIR TEMPERATURE [deltaC],FAN ELECTRICITY RATE {Maximum} [W],FAN ELECTRICITY RATE {TIMESTAMP},FAN RISE IN AIR TEMPERATURE {AT MAX/MIN} [deltaC]
,January,0.722614E+10,0.40,10829.39,19-JAN-15:30,0.78
,February,0.681243E+10,0.41,11324.34,25-FEB-15:30,0.80
,March,0.926589E+10,0.41,20980.35,27-MAR-14:00,1.11
,April,0.128316E+11,0.46,32157.27,17-APR-14:00,1.43
,May,0.152942E+11,0.48,29776.15,28-MAY-16:45,1.36
,June,0.208050E+11,0.62,29022.60,24-JUN-15:30,1.33
,July,0.235552E+11,0.66,31401.54,01-JUL-15:45,1.40
,August,0.250383E+11,0.67,37049.33,26-AUG-15:15,1.55
,September,0.201386E+11,0.58,38458.98,02-SEP-15:15,1.59
,October,0.120633E+11,0.45,26706.49,14-OCT-15:15,1.28
,November,0.815766E+10,0.40,13084.35,09-NOV-13:45,0.85
,December,0.685998E+10,0.43,6495.24,15-DEC-11:30,0.64
,,,,,,
,Annual Sum or Average,0.168048E+12,0.50,,,
,Minimum of Months,0.681243E+10,0.40,6495.24,,0.64
,Maximum of Months,0.250383E+11,0.67,38458.98,,1.59


